"key","feature","surface","source_en","draft","suggested_alternative","max_length","severity","decision","reviewer_comment","reviewed_date"
"common.loading","common","core","Loading","Yükleniyor","","12","high","","",""
"common.errorTitle","common","core","Something went wrong","Bir sorun oluştu","","26","high","","",""
"common.errorDescription","common","core","Please try again in a moment. If the problem persists, reload the page.","Lütfen birazdan tekrar deneyin. Sorun devam ederse sayfayı yenileyin.","","","high","","",""
"common.retry","common","core","Retry","Tekrar dene","","12","high","","",""
"common.back","common","core","Back","Geri","","12","high","","",""
"common.home","common","core","Go home","Ana sayfaya git","","12","high","","",""
"common.save","common","core","Save","Kaydet","","12","high","","",""
"common.cancel","common","core","Cancel","İptal","","12","high","","",""
"common.close","common","core","Close","Kapat","","12","high","","",""
"common.confirm","common","core","Confirm","Onayla","","12","high","","",""
"common.unknownPlayer","common","core","Unknown Player","Bilinmeyen oyuncu","","19","high","","",""
"common.legalEnglishOnlyNotice","common","core","This document is provided in Japanese and English.","Bu belge Japonca ve İngilizce olarak sunulmaktadır.","","","high","","",""
"pageError.title","pageError","core","An error occurred while displaying this page","Bu sayfa görüntülenirken bir hata oluştu","","","high","","",""
"pageError.description","pageError","core","Failed to load data. If retrying doesn't fix it, reload the page.","Veriler yüklenemedi. Tekrar denemek işe yaramazsa sayfayı yenileyin.","","","high","","",""
"pageError.codeLabelPrefix","pageError","core","Code: ","Kod: ","","12","high","","",""
"pageError.iconAriaLabel","pageError","core","Error","Hata","","12","high","","",""
"notFoundPage.title","notFoundPage","core","Page not found","Sayfa bulunamadı","","19","high","","",""
"notFoundPage.description","notFoundPage","core","The page or player you're looking for doesn't exist or may have moved.","Aradığınız sayfa veya oyuncu mevcut değil ya da taşınmış olabilir.","","","high","","",""
"notFoundPage.playersLink","notFoundPage","core","Go to players list","Oyuncu listesine git","","24","high","","",""
"homePage.alphaNoticeBanner","homePage","ui","TeamAIXI v1.0 is a free, unofficial squad analysis tool for eFootball™ that works without signing in. It is not an official KONAMI or eFootball™ service. Account features are planned for a future update.","TeamAIXI v1.0, giriş yapmadan kullanılabilen ücretsiz ve resmi olmayan bir eFootball™ kadro analiz aracıdır. KONAMI'nin veya eFootball™'un resmi bir hizmeti değildir. Hesap özellikleri gelecekteki bir güncellemede planlanmaktadır.","","","medium","","",""
"homePage.alphaNoticeDetailsLinkLabel","homePage","ui","About TeamAIXI","TeamAIXI hakkında","","19","medium","","",""
"homePage.heroBadge","homePage","ui","Unofficial squad analysis tool for eFootball™","eFootball™ için resmi olmayan kadro analiz aracı","","59","medium","","",""
"homePage.quickStartHeading","homePage","ui","What you can do with TeamAIXI","TeamAIXI ile neler yapabilirsiniz","","38","medium","","",""
"homePage.quickStep1Title","homePage","ui","Find players","Oyuncu bul","","16","medium","","",""
"homePage.quickStep1Body","homePage","ui","Search by name, World ID or position.","İsim, World ID veya mevkiye göre arayın.","","","medium","","",""
"homePage.quickStep2Title","homePage","ui","Train a player","Oyuncu geliştir","","19","medium","","",""
"homePage.quickStep2Body","homePage","ui","On a player page, tap abilities or use the sliders to see final values.","Oyuncu sayfasında özelliklere dokunun veya kaydırıcıları kullanarak son değerleri görün.","","","medium","","",""
"homePage.quickStep3Title","homePage","ui","Compare players","Oyuncuları karşılaştır","","20","medium","","",""
"homePage.quickStep3Body","homePage","ui","Put up to four players side by side.","En fazla dört oyuncuyu yan yana koyun.","","","medium","","",""
"homePage.quickStep4Title","homePage","ui","Build My Team","Takımım'ı oluştur","","17","medium","","",""
"homePage.quickStep4Body","homePage","ui","Save the cards you own in this browser (no sign-in).","Sahip olduğunuz kartları bu tarayıcıya kaydedin (giriş gerekmez).","","","medium","","",""
"homePage.quickStep5Title","homePage","ui","Diagnose a squad","Kadroyu analiz et","","21","medium","","",""
"homePage.quickStep5Body","homePage","ui","Pick a formation and players to see strengths and weaknesses.","Güçlü ve zayıf yönleri görmek için bir diziliş ve oyuncular seçin.","","","medium","","",""
"homePage.quickStep6Title","homePage","ui","Share results","Sonuçları paylaş","","17","medium","","",""
"homePage.quickStep6Body","homePage","ui","Save or share a diagnosis as a link or an image.","Bir analizi bağlantı veya görsel olarak kaydedin ya da paylaşın.","","","medium","","",""
"homePage.heroTitlePrefix","homePage","ui","Research players, compare them, and build a ","Oyuncuları inceleyin, karşılaştırın ve ","","","medium","","",""
"homePage.heroTitleAccent","homePage","ui","squad","kadronuzu","","12","medium","","",""
"homePage.heroTitleSuffix","homePage","ui","."," kurun.","","12","medium","","",""
"homePage.heroDescriptionTemplate","homePage","ui","All {count} eFootball World cards. 26 abilities, skills, progression calculations, manager boosters, and Link-Up Play conditions — all in one screen. Items whose calculation rules aren't confirmed are clearly marked ""under verification.""","eFootball World kartlarının tamamı ({count} kart). 26 özellik, beceriler, gelişim hesaplamaları, teknik direktör güçlendiricileri ve Link-Up Play koşulları tek ekranda. Hesaplama kuralları doğrulanmamış öğeler açıkça ""doğrulanıyor"" olarak işaretlenir.","","","medium","","",""
"homePage.searchPlaceholder","homePage","ui","Search by player name or World ID…","Oyuncu adı veya World ID ile ara…","","45","medium","","",""
"homePage.searchAriaLabel","homePage","accessibility","Search players","Oyuncu ara","","19","high","","",""
"homePage.searchButton","homePage","ui","Search","Ara","","12","medium","","",""
"homePage.compareButton","homePage","ui","Compare Players","Oyuncuları karşılaştır","","20","medium","","",""
"homePage.createSquadButton","homePage","ui","Build a Squad","Kadro kur","","17","medium","","",""
"homePage.dataStatusHeading","homePage","ui","Data Status","Veri durumu","","15","medium","","",""
"homePage.worldCardsLabel","homePage","ui","World Cards","World kartları","","15","medium","","",""
"homePage.efhubIndexLabel","homePage","ui","eFHUB Index","eFHUB dizini","","15","medium","","",""
"homePage.managersLabel","homePage","ui","Managers","Teknik direktörler","","12","medium","","",""
"homePage.syncedAtLabel","homePage","ui","World data imported","World verileri içe aktarıldı","","25","medium","","",""
"homePage.worldUnavailableTitle","homePage","ui","World data isn't set up yet","World verileri henüz ayarlanmadı","","36","medium","","",""
"homePage.temporaryErrorNotice","homePage","ui","Some data couldn't be loaded right now. Please wait a moment and reload.","Bazı veriler şu anda yüklenemedi. Lütfen biraz bekleyip sayfayı yenileyin.","","","high","","",""
"homePage.temporaryErrorReload","homePage","ui","Reload","Yenile","","12","high","","",""
"homePage.worldUnavailableCommandPrefix","homePage","ui","Run ","Terminalde ","","12","medium","","",""
"homePage.worldUnavailableCommandSuffix","homePage","ui"," in the terminal."," komutunu çalıştırın.","","23","medium","","",""
"homePage.topOvrHeading","homePage","ui","Highest Max OVR Cards","En yüksek maksimum OVR'ye sahip kartlar","","28","medium","","",""
"homePage.recentHeading","homePage","ui","Recently Updated Cards","Son güncellenen kartlar","","29","medium","","",""
"homePage.viewAllLink","homePage","ui","View all","Tümünü gör","","12","medium","","",""
"homePage.quickLinksHeading","homePage","ui","What You Can Do","Neler yapabilirsiniz","","20","medium","","",""
"homePage.findPlayersLabel","homePage","ui","Find Players","Oyuncu bul","","16","medium","","",""
"homePage.findPlayersDescTemplate","homePage","ui","Search and filter {count} World cards","World kartlarını ara ve filtrele (toplam: {count})","","","medium","","",""
"homePage.comparePlayersLabel","homePage","ui","Compare Players","Oyuncuları karşılaştır","","20","medium","","",""
"homePage.comparePlayersDesc","homePage","ui","Line up abilities, skills, progression, and manager boosters for 2–4 players","2–4 oyuncunun özelliklerini, becerilerini, gelişimini ve teknik direktör güçlendiricilerini yan yana görün","","","medium","","",""
"homePage.buildSquadLabel","homePage","ui","Build a Squad","Kadro kur","","17","medium","","",""
"homePage.buildSquadDesc","homePage","ui","Check formation, progression, manager, and Link-Up conditions","Dizilişi, gelişimi, teknik direktörü ve Link-Up koşullarını kontrol edin","","","medium","","",""
"homePage.exploreManagersLabel","homePage","ui","Explore Managers","Teknik direktörleri keşfet","","21","medium","","",""
"homePage.exploreManagersDescTemplate","homePage","ui","{count} managers' tactical proficiencies, boosters, and Link-Up Play","Teknik direktörlerin taktik yeterliliği, güçlendiricileri ve Link-Up Play bilgileri (toplam: {count})","","","medium","","",""
"homePage.inDevelopmentHeading","homePage","ui","In Development","Geliştiriliyor","","19","medium","","",""
"homePage.inDevelopmentHint","homePage","ui","Coming soon","Yakında","","15","medium","","",""
"homePage.featureTierList","homePage","ui","Tier List","Tier listesi","","12","medium","","",""
"homePage.featurePackDiagnosis","homePage","ui","Pack (Gacha) Diagnosis","Paket (gacha) analizi","","29","medium","","",""
"homePage.featureAiCoach","homePage","ui","AI Coach Analysis","Yapay zekâ koç analizi","","23","medium","","",""
"homePage.featureCommunity","homePage","ui","Community","Topluluk","","12","medium","","",""
"homePage.designDocNote","homePage","ui","See docs/efootball-team-ai-design.md for design details. Only ingested real data is shown — no fictional user counts or ratings.","Tasarım ayrıntıları için docs/efootball-team-ai-design.md dosyasına bakın. Yalnızca içe aktarılmış gerçek veriler gösterilir; uydurma kullanıcı sayıları veya puanlar yoktur.","","","medium","","",""
"managersPage.metaTemplate","managersPage","ui","{count} managers","Teknik direktör: {count}","","21","medium","","",""
"managersPage.descriptionTemplate","managersPage","ui","Data provided by {source}. Age, nationality, team, Coaching Affinity, and formation are not included in the source.","Veri sağlayıcı: {source}. Yaş, uyruk, takım, Coaching Affinity ve diziliş kaynakta yer almaz.","","","medium","","",""
"managersPage.importedAtPrefix","managersPage","ui","Imported: ","İçe aktarma: ","","13","medium","","",""
"managersPage.dataUnavailableTitle","managersPage","ui","Manager data isn't set up yet","Teknik direktör verileri henüz ayarlanmadı","","38","medium","","",""
"managersPage.dataUnavailableDescription","managersPage","ui","Run `node scripts/sync-managers.mjs` in the terminal to load it into SQLite.","SQLite'a yüklemek için terminalde `node scripts/sync-managers.mjs` komutunu çalıştırın.","","","medium","","",""
"managersPage.failedTitle","managersPage","ui","Could not load manager data","Teknik direktör verileri yüklenemedi","","36","high","","",""
"managersPage.failedDescription","managersPage","ui","Please reload in a moment.","Lütfen birazdan yeniden yükleyin.","","","high","","",""
"managersPage.noResultsTitle","managersPage","ui","No managers match your criteria","Ölçütlerinize uyan teknik direktör yok","","41","medium","","",""
"managersPage.noResultsDescription","managersPage","ui","Try changing your search terms or filters.","Arama terimlerinizi veya filtrelerinizi değiştirmeyi deneyin.","","","medium","","",""
"managersPage.clearFiltersLink","managersPage","ui","Clear filters","Filtreleri temizle","","17","medium","","",""
"managersPage.showingCountTemplate","managersPage","ui","Showing {from}–{to} of {total}","Gösterilen: {from}–{to} / {total}","","","medium","","",""
"managersPage.prevPageLink","managersPage","ui","Previous","Önceki","","12","medium","","",""
"managersPage.nextPageLink","managersPage","ui","Next","Sonraki","","12","medium","","",""
"managersPage.pageOfTemplate","managersPage","ui","{page} / {totalPages}","{page} / {totalPages}","","28","medium","","",""
"managersPage.paginationAriaLabel","managersPage","accessibility","Pagination","Sayfalandırma","","13","high","","",""
"nav.groupMain","nav","core","Main","Ana","","12","high","","",""
"nav.groupMyData","nav","core","My Data","Verilerim","","12","high","","",""
"nav.groupAnalysis","nav","core","Analysis","Analiz","","12","high","","",""
"nav.groupCommunity","nav","core","Community","Topluluk","","12","high","","",""
"nav.home","nav","core","Home","Ana sayfa","","12","high","","",""
"nav.players","nav","core","Players","Oyuncular","","12","high","","",""
"nav.managers","nav","core","Managers","Teknik direktörler","","12","high","","",""
"nav.compare","nav","core","Compare","Karşılaştır","","12","high","","",""
"nav.squads","nav","core","Squads","Kadrolar","","12","high","","",""
"nav.favorites","nav","core","Favorites","Favoriler","","12","high","","",""
"nav.myTeam","nav","core","My Team","Takımım","","12","high","","",""
"nav.myBuilds","nav","core","My Builds","Buildlerim","","12","high","","",""
"nav.buildInventory","nav","core","Build Analysis","Build Analizi","","19","high","","",""
"nav.diagnosisHistory","nav","core","Diagnosis history","Analiz Geçmişi","","23","high","","",""
"nav.bestXi","nav","core","AI Best XI","AI Best XI","","13","high","","",""
"nav.tierLists","nav","core","Tier List","Tier listesi","","12","high","","",""
"nav.packs","nav","core","Packs","Paketler","","12","high","","",""
"nav.community","nav","core","Community","Topluluk","","12","high","","",""
"nav.comingSoon","nav","core","Coming soon","Yakında","","15","high","","",""
"nav.ariaSidebar","nav","core","Side menu","Yan menü","","12","high","","",""
"nav.ariaCollapse","nav","core","Collapse sidebar","Kenar çubuğunu daralt","","21","high","","",""
"nav.ariaExpand","nav","core","Expand sidebar","Kenar çubuğunu genişlet","","19","high","","",""
"nav.collapseLabel","nav","core","Collapse","Daralt","","12","high","","",""
"nav.ariaMobileMenuOpen","nav","core","Open menu","Menüyü aç","","12","high","","",""
"nav.ariaMobileMenuClose","nav","core","Close menu","Menüyü kapat","","13","high","","",""
"nav.ariaMobileMenu","nav","core","Menu","Menü","","12","high","","",""
"nav.ariaHome","nav","core","Home","Ana sayfa","","12","high","","",""
"nav.brand","nav","core","TeamAIXI","TeamAIXI","","12","high","","",""
"header.searchPlaceholder","header","core","Search players…","Oyuncu ara…","","20","high","","",""
"header.searchAriaLabel","header","core","Search players","Oyuncu ara","","19","high","","",""
"header.ariaHomeLink","header","core","TeamAIXI home","TeamAIXI ana sayfası","","17","high","","",""
"header.accountNavSignIn","header","core","Sign in","Giriş yap","","12","high","","",""
"header.accountNavAccount","header","core","Account","Hesap","","12","high","","",""
"language.japanese","language","core","日本語","日本語","","12","high","","",""
"language.english","language","core","English","English","","12","high","","",""
"language.ariaLabel","language","core","Select display language","Görüntüleme dilini seçin","","30","high","","",""
"language.moreLanguages","language","core","More languages (preview)","Diğer diller (önizleme)","","32","high","","",""
"language.previewListLabel","language","core","Languages in preview","Önizlemedeki diller","","26","high","","",""
"language.previewBadge","language","core","Preview","Önizleme","","12","high","","",""
"language.loadingLanguage","language","core","Loading language…","Dil yükleniyor…","","23","high","","",""
"diagnosisHistory.pageTitle","diagnosisHistory","metadata","Diagnosis history","Analiz Geçmişi","","23","medium","","",""
"diagnosisHistory.pageDescription","diagnosisHistory","metadata","Squad diagnoses you saved. They are kept only in this browser and are never sent to a server or other devices.","Kaydettiğiniz kadro analizleri. Yalnızca bu tarayıcıda saklanır; hiçbir zaman bir sunucuya veya başka cihazlara gönderilmez.","","","medium","","",""
"diagnosisHistory.limitNote","diagnosisHistory","ui","Up to 50 entries are kept; the oldest are removed first.","En fazla 50 kayıt saklanır; önce en eskiler silinir.","","","medium","","",""
"diagnosisHistory.saveButton","diagnosisHistory","ui","Save to history","Geçmişe kaydet","","20","medium","","",""
"diagnosisHistory.saved","diagnosisHistory","ui","Saved to history.","Geçmişe kaydedildi.","","23","medium","","",""
"diagnosisHistory.savedTrimmed","diagnosisHistory","ui","Saved to history ({count} oldest entries were removed to stay within the limit).","Geçmişe kaydedildi (sınırın içinde kalmak için en eski kayıtlardan silinen: {count}).","","","medium","","",""
"diagnosisHistory.duplicate","diagnosisHistory","ui","Same result as the last saved one, so nothing was added.","Son kaydedilenle aynı sonuç olduğu için hiçbir şey eklenmedi.","","","medium","","",""
"diagnosisHistory.saveFailed","diagnosisHistory","ui","Could not save to history. This browser may not allow local storage.","Geçmişe kaydedilemedi. Bu tarayıcı yerel depolamaya izin vermiyor olabilir.","","","high","","",""
"diagnosisHistory.scopePending","diagnosisHistory","ui","Checking your sign-in state. Please try again in a moment.","Oturum durumunuz kontrol ediliyor. Lütfen birazdan yeniden deneyin.","","","medium","","",""
"diagnosisHistory.openHistory","diagnosisHistory","ui","View diagnosis history","Analiz geçmişini görüntüle","","29","medium","","",""
"diagnosisHistory.loading","diagnosisHistory","ui","Loading…","Yükleniyor…","","12","medium","","",""
"diagnosisHistory.empty","diagnosisHistory","ui","No saved diagnoses yet. You can save one from the diagnosis on a squad's edit page.","Henüz kaydedilmiş analiz yok. Bir kadronun düzenleme sayfasındaki analizden kaydedebilirsiniz.","","","medium","","",""
"diagnosisHistory.unavailable","diagnosisHistory","ui","History is not available in this browser (for example private browsing or storage restrictions).","Bu tarayıcıda geçmiş kullanılamıyor (ör. gizli tarama veya depolama kısıtlamaları).","","","medium","","",""
"diagnosisHistory.corruptedNotice","diagnosisHistory","ui","{count} unreadable entries were skipped.","Okunamayan kayıtlar atlandı: {count}.","","","medium","","",""
"diagnosisHistory.savedAt","diagnosisHistory","ui","Saved","Kaydedilme","","12","medium","","",""
"diagnosisHistory.overall","diagnosisHistory","ui","Overall","Genel","","12","medium","","",""
"diagnosisHistory.notRated","diagnosisHistory","ui","Not rated","Değerlendirilmedi","","12","medium","","",""
"diagnosisHistory.openShare","diagnosisHistory","ui","Open as share link","Paylaşım bağlantısı olarak aç","","24","medium","","",""
"diagnosisHistory.deleteButton","diagnosisHistory","ui","Delete","Sil","","12","high","","",""
"diagnosisHistory.deleteConfirm","diagnosisHistory","ui","Delete this entry?","Bu kayıt silinsin mi?","","24","high","","",""
"diagnosisHistory.confirmDelete","diagnosisHistory","ui","Delete","Sil","","12","high","","",""
"diagnosisHistory.cancel","diagnosisHistory","ui","Cancel","İptal","","12","medium","","",""
"diagnosisHistory.deleted","diagnosisHistory","ui","Deleted.","Silindi.","","12","high","","",""
"diagnosisHistory.deleteFailed","diagnosisHistory","ui","Could not delete.","Silinemedi.","","23","high","","",""
"diagnosisHistory.deleteAll","diagnosisHistory","ui","Delete all","Tümünü sil","","13","high","","",""
"diagnosisHistory.deleteAllConfirm","diagnosisHistory","ui","This deletes all diagnosis history and cannot be undone.","Bu işlem tüm analiz geçmişini siler ve geri alınamaz.","","","high","","",""
"diagnosisHistory.deleteAllDone","diagnosisHistory","ui","All diagnosis history was deleted.","Tüm analiz geçmişi silindi.","","","high","","",""
"diagnosisHistory.exportButton","diagnosisHistory","ui","Save as JSON","JSON olarak kaydet","","16","medium","","",""
"diagnosisHistory.exportNote","diagnosisHistory","ui","The exported file contains no internal IDs such as squad IDs (squad names are included).","Dışa aktarılan dosya kadro kimlikleri gibi dahili kimlikler içermez (kadro adları dahildir).","","","medium","","",""
"diagnosisHistory.exportFailed","diagnosisHistory","ui","Could not save the file.","Dosya kaydedilemedi.","","32","high","","",""
"diagnosisHistory.dataManagementHeading","diagnosisHistory","ui","Diagnosis history","Analiz Geçmişi","","23","medium","","",""
"diagnosisHistory.dataManagementBody","diagnosisHistory","ui","Squad diagnosis history is kept only in this browser. You can delete entries one by one or all at once on the diagnosis history page.","Kadro analizi geçmişi yalnızca bu tarayıcıda saklanır. Analiz geçmişi sayfasında kayıtları tek tek veya tümünü birden silebilirsiniz.","","","medium","","",""
"diagnosisHistory.dataManagementLink","diagnosisHistory","ui","Open diagnosis history","Analiz geçmişini aç","","29","medium","","",""
"diagnosisPerspectives.title","diagnosisPerspectives","ui","Additional perspectives","Ek bakış açıları","","30","medium","","",""
"diagnosisPerspectives.badge","diagnosisPerspectives","ui","Provisional / for comparison","Geçici / karşılaştırma için","","","medium","","",""
"diagnosisPerspectives.note","diagnosisPerspectives","ui","Provisional values for comparing candidate formulas. They are not used in the overall rating, rankings or share images, and the perspectives are never added together.","Aday formülleri karşılaştırmak için geçici değerler. Genel değerlendirmede, sıralamalarda veya paylaşım görsellerinde kullanılmaz ve bakış açıları asla toplanmaz.","","","medium","","",""
"diagnosisPerspectives.jaOnlyNote","diagnosisPerspectives","ui","The perspective details are currently shown in Japanese only.","Bakış açısı ayrıntıları şu anda yalnızca Japonca gösteriliyor.","","","medium","","",""
"diagnosisPerspectives.formulas","diagnosisPerspectives","ui","Candidate formulas","Aday formüller","","24","medium","","",""
"diagnosisPerspectives.kindFact","diagnosisPerspectives","ui","Fact","Olgu","","12","medium","","",""
"diagnosisPerspectives.kindProvisional","diagnosisPerspectives","ui","Provisional","Geçici","","15","medium","","",""
"diagnosisPerspectives.causes","diagnosisPerspectives","ui","Players or positions involved","İlgili oyuncular veya mevkiler","","","medium","","",""
"diagnosisPerspectives.missingData","diagnosisPerspectives","ui","Missing data","Eksik veriler","","16","medium","","",""
"diagnosisPerspectives.improvements","diagnosisPerspectives","ui","If improved","İyileştirilirse","","15","medium","","",""
"diagnosisPerspectives.confidence","diagnosisPerspectives","ui","Confidence","Güven","","13","medium","","",""
"diagnosisPerspectives.confidenceHigh","diagnosisPerspectives","ui","High","Yüksek","","12","medium","","",""
"diagnosisPerspectives.confidenceMedium","diagnosisPerspectives","ui","Medium","Orta","","12","medium","","",""
"diagnosisPerspectives.confidenceLow","diagnosisPerspectives","ui","Low","Düşük","","12","medium","","",""
"diagnosisPerspectives.confidenceInsufficient","diagnosisPerspectives","ui","Insufficient","Yetersiz","","16","medium","","",""
"diagnosisPerspectives.notComputed","diagnosisPerspectives","ui","Not computed","Hesaplanmadı","","16","medium","","",""
"diagnosisPerspectives.rulesVersion","diagnosisPerspectives","ui","Rules version","Kural sürümü","","17","medium","","",""
"diagnosisCompare.selectLabel","diagnosisCompare","ui","Select to compare","Karşılaştırmak için seç","","23","medium","","",""
"diagnosisCompare.selectHint","diagnosisCompare","ui","Select two entries to compare (the older one becomes ""before"").","Karşılaştırmak için iki kayıt seçin (eski olan ""önce"" olur).","","","medium","","",""
"diagnosisCompare.compareButton","diagnosisCompare","ui","Compare before and after","Önce ve sonrayı karşılaştır","","32","medium","","",""
"diagnosisCompare.clearSelection","diagnosisCompare","ui","Clear selection","Seçimi temizle","","20","medium","","",""
"diagnosisCompare.title","diagnosisCompare","ui","Before and after","Önce ve sonra","","21","medium","","",""
"diagnosisCompare.before","diagnosisCompare","ui","Before","Önce","","12","medium","","",""
"diagnosisCompare.after","diagnosisCompare","ui","After","Sonra","","12","medium","","",""
"diagnosisCompare.overall","diagnosisCompare","ui","Overall","Genel","","12","medium","","",""
"diagnosisCompare.notRated","diagnosisCompare","ui","Not rated","Değerlendirilmedi","","12","medium","","",""
"diagnosisCompare.trendImproved","diagnosisCompare","ui","Improved","İyileşti","","12","medium","","",""
"diagnosisCompare.trendWorsened","diagnosisCompare","ui","Worse","Kötüleşti","","12","medium","","",""
"diagnosisCompare.trendUnchanged","diagnosisCompare","ui","No change","Değişmedi","","12","medium","","",""
"diagnosisCompare.trendNotComparable","diagnosisCompare","ui","Not comparable","Karşılaştırılamaz","","19","medium","","",""
"diagnosisCompare.summaryTemplate","diagnosisCompare","ui","Improved {improved} · Worse {worsened} · No change {unchanged} · Not comparable {notComparable}","İyileşti {improved} · Kötüleşti {worsened} · Değişmedi {unchanged} · Karşılaştırılamaz {notComparable}","","","medium","","",""
"diagnosisCompare.strengthHeading","diagnosisCompare","ui","Top strength","En güçlü yön","","16","medium","","",""
"diagnosisCompare.weaknessHeading","diagnosisCompare","ui","Top weakness","En zayıf yön","","16","medium","","",""
"diagnosisCompare.changed","diagnosisCompare","ui","Changed","Değişti","","12","medium","","",""
"diagnosisCompare.notChanged","diagnosisCompare","ui","Unchanged","Değişmedi","","12","medium","","",""
"diagnosisCompare.disclaimer","diagnosisCompare","ui","This only shows the difference between two results calculated with the same rules. It does not determine the cause of any change (such as player changes or training).","Bu yalnızca aynı kurallarla hesaplanan iki sonuç arasındaki farkı gösterir. Herhangi bir değişikliğin nedenini (oyuncu değişikliği veya antrenman gibi) belirlemez.","","","medium","","",""
"diagnosisCompare.rulesMismatch","diagnosisCompare","ui","These cannot be compared because the diagnosis rules versions differ.","Analiz kuralı sürümleri farklı olduğu için bunlar karşılaştırılamaz.","","","medium","","",""
"diagnosisCompare.sameEntry","diagnosisCompare","ui","An entry cannot be compared with itself. Select a different one.","Bir kayıt kendisiyle karşılaştırılamaz. Farklı bir kayıt seçin.","","","medium","","",""
"diagnosisCompare.invalid","diagnosisCompare","ui","These entries cannot be compared.","Bu kayıtlar karşılaştırılamaz.","","","medium","","",""
"diagnosisCompare.saveImage","diagnosisCompare","ui","Save image","Görseli kaydet","","13","medium","","",""
"diagnosisCompare.imageSaved","diagnosisCompare","ui","Image saved.","Görsel kaydedildi.","","16","medium","","",""
"diagnosisCompare.imageFailed","diagnosisCompare","ui","Could not save the image.","Görsel kaydedilemedi.","","","high","","",""
"diagnosisCompare.shareLabel","diagnosisCompare","ui","Comparison share link","Karşılaştırma paylaşım bağlantısı","","28","medium","","",""
"diagnosisCompare.shareNote","diagnosisCompare","ui","The link contains only the two diagnosis summaries (scores, ranks, dates, strength/weakness types) — no squad names, player names or IDs. Nothing is stored on the server. Anyone with the link can see it.","Bağlantı yalnızca iki analiz özetini (puanlar, dereceler, tarihler, güçlü/zayıf yön türleri) içerir; kadro adları, oyuncu adları veya ID'ler yoktur. Sunucuda hiçbir şey saklanmaz. Bağlantıya sahip olan herkes görebilir.","","","medium","","",""
"diagnosisCompare.copy","diagnosisCompare","ui","Copy","Kopyala","","12","medium","","",""
"diagnosisCompare.copied","diagnosisCompare","ui","Copied.","Kopyalandı.","","12","medium","","",""
"diagnosisCompare.copyFailed","diagnosisCompare","ui","Could not copy. Select the link and copy it manually.","Kopyalanamadı. Bağlantıyı seçip elle kopyalayın.","","","high","","",""
"diagnosisCompare.pageTitle","diagnosisCompare","metadata","Shared before-and-after comparison","Paylaşılan önce-sonra karşılaştırması","","45","medium","","",""
"diagnosisCompare.viewerNote","diagnosisCompare","ui","This was calculated on the sharer's device. This page only checks the format and consistency; it cannot guarantee the content.","Bu, paylaşan kişinin cihazında hesaplandı. Bu sayfa yalnızca formatı ve tutarlılığı kontrol eder; içeriği garanti edemez.","","","medium","","",""
"diagnosisCompare.invalidTitle","diagnosisCompare","ui","This share link cannot be opened","Bu paylaşım bağlantısı açılamıyor","","42","medium","","",""
"diagnosisCompare.invalidBody","diagnosisCompare","ui","The link is incomplete or its contents are invalid.","Bağlantı eksik veya içeriği geçersiz.","","","medium","","",""
"diagnosisCompare.unsupportedBody","diagnosisCompare","ui","This site does not support this share link format.","Bu site bu paylaşım bağlantısı formatını desteklemiyor.","","","medium","","",""
"diagnosisCompare.emptyBody","diagnosisCompare","ui","The link contains no shared data.","Bağlantıda paylaşılan veri yok.","","","medium","","",""
"diagnosisCompare.openSite","diagnosisCompare","ui","Open TeamAIXI","TeamAIXI'yi aç","","17","medium","","",""
"diagnosisCompare.loading","diagnosisCompare","ui","Loading…","Yükleniyor…","","12","medium","","",""
"diagnosisShare.createButton","diagnosisShare","share","Create share link","Paylaşım bağlantısı oluştur","","23","high","","",""
"diagnosisShare.previewTitle","diagnosisShare","share","Share link preview","Paylaşım bağlantısı önizlemesi","","24","high","","",""
"diagnosisShare.previewIncludes","diagnosisShare","share","What this link contains","Bu bağlantının içeriği","","30","high","","",""
"diagnosisShare.includeDate","diagnosisShare","share","Diagnosis date (no time of day)","Analiz tarihi (saat bilgisi yok)","","","high","","",""
"diagnosisShare.includeOverall","diagnosisShare","share","Overall score and rank","Genel puan ve derece","","29","high","","",""
"diagnosisShare.includeCategories","diagnosisShare","share","Scores and ranks of the 8 categories","8 kategorinin puanları ve dereceleri","","","high","","",""
"diagnosisShare.includeFindings","diagnosisShare","share","Type of the top strength and weakness (no player names)","En büyük güçlü ve zayıf yönün türü (oyuncu adları yok)","","","high","","",""
"diagnosisShare.includeRules","diagnosisShare","share","Diagnosis rules version","Analiz kuralları sürümü","","30","high","","",""
"diagnosisShare.includeFormation","diagnosisShare","share","Formation","Diziliş","","12","high","","",""
"diagnosisShare.notIncluded","diagnosisShare","share","Squad names, player names, card IDs, saved builds, squad IDs, account details and email addresses are never included.","Kadro adları, oyuncu adları, kart kimlikleri, kayıtlı buildler, kadro kimlikleri, hesap bilgileri ve e-posta adresleri asla dahil edilmez.","","","high","","",""
"diagnosisShare.visibilityNote","diagnosisShare","share","Anyone with the link can see its contents. Nothing is stored on the server.","Bağlantıya sahip herkes içeriği görebilir. Sunucuda hiçbir şey saklanmaz.","","","high","","",""
"diagnosisShare.notSecretNote","diagnosisShare","share","It is hidden from search engines, but it is not meant for sharing secrets.","Arama motorlarından gizlenir, ancak gizli bilgi paylaşmak için tasarlanmamıştır.","","","high","","",""
"diagnosisShare.urlLabel","diagnosisShare","share","Share link","Paylaşım bağlantısı","","13","high","","",""
"diagnosisShare.copyButton","diagnosisShare","share","Copy","Kopyala","","12","high","","",""
"diagnosisShare.copied","diagnosisShare","share","Copied.","Kopyalandı.","","12","high","","",""
"diagnosisShare.copyFailed","diagnosisShare","share","Could not copy. Select the link and copy it manually.","Kopyalanamadı. Bağlantıyı seçip elle kopyalayın.","","","high","","",""
"diagnosisShare.shareButton","diagnosisShare","share","Share…","Paylaş…","","12","high","","",""
"diagnosisShare.shareFailed","diagnosisShare","share","Sharing did not complete.","Paylaşım tamamlanmadı.","","","high","","",""
"diagnosisShare.closeButton","diagnosisShare","share","Close","Kapat","","12","high","","",""
"diagnosisShare.createFailed","diagnosisShare","share","Could not create the share link.","Paylaşım bağlantısı oluşturulamadı.","","","high","","",""
"diagnosisShare.pageTitle","diagnosisShare","share","Shared squad diagnosis","Paylaşılan kadro analizi","","29","high","","",""
"diagnosisShare.readOnlyBadge","diagnosisShare","share","Read-only","Salt okunur","","12","high","","",""
"diagnosisShare.sharedNote","diagnosisShare","share","This result was calculated on the sharer's device. This page only checks the format and consistency; it cannot guarantee the content.","Bu sonuç, paylaşan kişinin cihazında hesaplandı. Bu sayfa yalnızca biçimi ve tutarlılığı kontrol eder; içeriği garanti edemez.","","","high","","",""
"diagnosisShare.diagnosedOn","diagnosisShare","share","Diagnosed on","Analiz tarihi","","16","high","","",""
"diagnosisShare.formation","diagnosisShare","share","Formation","Diziliş","","12","high","","",""
"diagnosisShare.overall","diagnosisShare","share","Overall","Genel","","12","high","","",""
"diagnosisShare.notRated","diagnosisShare","share","Not rated","Değerlendirilmedi","","12","high","","",""
"diagnosisShare.categoriesHeading","diagnosisShare","share","By category","Kategoriye göre","","15","high","","",""
"diagnosisShare.strength","diagnosisShare","share","Strength","Güçlü yön","","12","high","","",""
"diagnosisShare.weakness","diagnosisShare","share","Weakness","Zayıf yön","","12","high","","",""
"diagnosisShare.none","diagnosisShare","share","None","Yok","","12","high","","",""
"diagnosisShare.findingAbilityHigh","diagnosisShare","share","{category} is rated high","Yüksek değerlendirilen: {category}","","32","high","","",""
"diagnosisShare.findingAbilityLow","diagnosisShare","share","{category} is rated low","Düşük değerlendirilen: {category}","","30","high","","",""
"diagnosisShare.findingCompatibility","diagnosisShare","share","Some players may be out of position","Bazı oyuncular mevkileri dışında olabilir","","","high","","",""
"diagnosisShare.findingReferenceError","diagnosisShare","share","Some saved-build references need checking","Bazı kayıtlı build referanslarının kontrol edilmesi gerekiyor","","","high","","",""
"diagnosisShare.findingConfig","diagnosisShare","share","Squad placement can be improved","Kadro yerleşimi iyileştirilebilir","","","high","","",""
"diagnosisShare.olderRules","diagnosisShare","share","This diagnosis was made with different rules ({version}); scores may not be comparable.","Bu analiz farklı kurallarla yapıldı ({version}); puanlar karşılaştırılabilir olmayabilir.","","","high","","",""
"diagnosisShare.disclaimer","diagnosisShare","share","A composition rating based on registered data. It does not guarantee match results, rankings or win rates.","Kayıtlı verilere dayalı bir kadro yapısı değerlendirmesidir. Maç sonuçlarını, sıralamaları veya galibiyet oranlarını garanti etmez.","","","high","","",""
"diagnosisShare.invalidTitle","diagnosisShare","share","This share link cannot be opened","Bu paylaşım bağlantısı açılamıyor","","42","high","","",""
"diagnosisShare.invalidBody","diagnosisShare","share","The link is incomplete or its contents are invalid. Ask the sender for the link again.","Bağlantı eksik veya içeriği geçersiz. Gönderen kişiden bağlantıyı yeniden isteyin.","","","high","","",""
"diagnosisShare.unsupportedBody","diagnosisShare","share","This site does not support this share link format.","Bu site bu paylaşım bağlantısı biçimini desteklemiyor.","","","high","","",""
"diagnosisShare.emptyBody","diagnosisShare","share","The link contains no shared data.","Bağlantı paylaşılan veri içermiyor.","","","high","","",""
"diagnosisShare.openSite","diagnosisShare","share","Open TeamAIXI","TeamAIXI sitesini aç","","17","high","","",""
"diagnosisShare.loading","diagnosisShare","share","Loading…","Yükleniyor…","","12","high","","",""
"diagnosis.heading","diagnosis","ui","Squad Diagnosis (Squad Build Evaluation)","Kadro Analizi (Kadro Yapısı Değerlendirmesi)","","","medium","","",""
"diagnosis.unavailableTitle","diagnosis","ui","Squad Diagnosis","Kadro Analizi","","20","medium","","",""
"diagnosis.unavailableMessage","diagnosis","ui","Squad data could not be loaded, so no diagnosis is available.","Kadro verileri yüklenemediği için analiz yapılamıyor.","","","medium","","",""
"diagnosis.mainDisclaimer","diagnosis","ui","This evaluation is a squad build assessment based on registered player abilities, progression, and placement. It does not guarantee match results, player skill, national rankings, or win rates.","Bu değerlendirme, kayıtlı oyuncu özelliklerine, gelişime ve yerleşime dayalı bir kadro yapısı değerlendirmesidir. Maç sonuçlarını, oyuncu becerisini, ulusal sıralamaları veya galibiyet oranlarını garanti etmez.","","","medium","","",""
"diagnosis.overallScore","diagnosis","ui","Overall Rating","Genel Değerlendirme","","19","medium","","",""
"diagnosis.tierBadgePrefix","diagnosis","ui","Grade","Not","","12","medium","","",""
"diagnosis.notRated","diagnosis","ui","Not rated","Değerlendirilmedi","","12","medium","","",""
"diagnosis.ratedItems","diagnosis","ui","Rated Items","Değerlendirilen Öğeler","","15","medium","","",""
"diagnosis.placementCoverage","diagnosis","ui","Placement Coverage","Yerleşim Kapsamı","","24","medium","","",""
"diagnosis.savedBuildMissingStat","diagnosis","ui","Saved Build Missing","Kayıtlı Build Eksik","","25","medium","","",""
"diagnosis.savedBuildMissingUnitSuffix","diagnosis","ui"," starters"," ilk 11 oyuncusu","","12","medium","","",""
"diagnosis.coverageMetricsNote","diagnosis","ui","""Rated Items"" and ""Placement Coverage"" only reflect player placement and card resolution — they are separate from saved build status. These values do not change even if some players have no saved build reflecting their progression and boosters.","""Değerlendirilen Öğeler"" ve ""Yerleşim Kapsamı"" yalnızca oyuncu yerleşimini ve kart çözümlemesini yansıtır — kayıtlı build durumundan ayrıdır. Bazı oyuncuların gelişimini ve güçlendiricilerini yansıtan kayıtlı buildi olmasa bile bu değerler değişmez.","","","medium","","",""
"diagnosis.commentModeNormal","diagnosis","ui","Normal","Normal","","12","medium","","",""
"diagnosis.commentModeHarsh","diagnosis","ui","Harsh","Açık sözlü","","12","medium","","",""
"diagnosis.commentModeDisplayingSuffix","diagnosis","ui"," (shown)"," (gösteriliyor)","","12","medium","","",""
"diagnosis.commentModeHarshBadge","diagnosis","ui","Harsh mode","Açık sözlü mod","","13","medium","","",""
"diagnosis.improvementPrioritiesHeading","diagnosis","ui","Improvement Priorities (up to 3, suggestions only — not applied automatically)","İyileştirme Öncelikleri (en fazla 3, yalnızca öneri — otomatik uygulanmaz)","","102","medium","","",""
"diagnosis.keepStrengthPrefix","diagnosis","ui","Strength to keep","Korunacak güçlü yön","","21","medium","","",""
"diagnosis.commentSectionHeading","diagnosis","ui","Comment","Yorum","","12","medium","","",""
"diagnosis.categoriesHeadingSuffix","diagnosis","ui"," items"," öğe","","12","medium","","",""
"diagnosis.detailsToggle","diagnosis","ui","View detailed evidence by category","Kategoriye göre ayrıntılı kanıtları gör","","","medium","","",""
"diagnosis.evidenceToggle","diagnosis","ui","View evidence","Kanıtları gör","","17","medium","","",""
"diagnosis.strengthsHeading","diagnosis","ui","Top Strengths (up to 3)","En Güçlü Yönler (en fazla 3)","","30","medium","","",""
"diagnosis.strengthsEmpty","diagnosis","ui","No clear strengths were detected.","Belirgin bir güçlü yön tespit edilmedi.","","","medium","","",""
"diagnosis.weaknessesHeading","diagnosis","ui","Top Weaknesses (up to 3)","En Zayıf Yönler (en fazla 3)","","32","medium","","",""
"diagnosis.weaknessesEmpty","diagnosis","ui","No clear weaknesses were detected.","Belirgin bir zayıf yön tespit edilmedi.","","","medium","","",""
"diagnosis.suggestionsHeading","diagnosis","ui","Improvement Suggestions (up to 3, suggestions only — not applied automatically)","İyileştirme Önerileri (en fazla 3, yalnızca öneri — otomatik uygulanmaz)","","103","medium","","",""
"diagnosis.criticalWarningsHeading","diagnosis","ui","Items that need attention","Dikkat gerektiren öğeler","","33","high","","",""
"diagnosis.findingBadgeReferenceError","diagnosis","ui","Reference error","Referans hatası","","20","high","","",""
"diagnosis.findingBadgeCompatibility","diagnosis","ui","Placement fit","Yerleşim uygunluğu","","17","medium","","",""
"diagnosis.findingBadgeConfig","diagnosis","ui","Insufficient data / setup","Yetersiz veri / ayar","","","medium","","",""
"diagnosis.pngSaveButton","diagnosis","ui","Save diagnosis as image","Analizi görsel olarak kaydet","","30","medium","","",""
"diagnosis.pngSaveButtonAriaLabel","diagnosis","accessibility","Save squad diagnosis result as a PNG image","Kadro analizi sonucunu PNG görseli olarak kaydet","","55","high","","",""
"diagnosis.pngSaveGenerating","diagnosis","ui","Generating image…","Görsel oluşturuluyor…","","23","medium","","",""
"diagnosis.pngSaveSuccess","diagnosis","ui","Image saved.","Görsel kaydedildi.","","16","medium","","",""
"diagnosis.pngSaveError","diagnosis","ui","Failed to save the image. Please try again in a moment.","Görsel kaydedilemedi. Lütfen birazdan yeniden deneyin.","","","high","","",""
"diagnosis.dataQualityStarters","diagnosis","ui","Starters placed","Yerleştirilen ilk 11","","20","medium","","",""
"diagnosis.dataQualityBench","diagnosis","ui","Bench count","Yedek sayısı","","15","medium","","",""
"diagnosis.dataQualityMissingBuild","diagnosis","ui","Saved build missing","Kayıtlı build eksik","","25","medium","","",""
"diagnosis.dataQualityBrokenRef","diagnosis","ui","Saved build reference errors","Kayıtlı build referans hataları","","","medium","","",""
"diagnosis.dataQualityUnresolvedCard","diagnosis","ui","Unresolved cards","Çözümlenemeyen kartlar","","21","medium","","",""
"diagnosis.dataQualityManagerUnresolved","diagnosis","ui","Manager unresolved","Teknik direktör çözümlenemedi","","24","medium","","",""
"diagnosis.dataQualityYes","diagnosis","ui","Yes","Evet","","12","medium","","",""
"diagnosis.dataQualityNo","diagnosis","ui","No","Hayır","","12","medium","","",""
"diagnosis.unratedCategoriesPrefix","diagnosis","ui","Categories that could not be rated","Değerlendirilemeyen kategoriler","","","medium","","",""
"diagnosis.footerNote","diagnosis","ui","This diagnosis is read-only. It does not change your squad, saved builds, My Team, or card favorites. It is recomputed from the current saved data every time it is displayed (nothing is saved automatically).","Bu analiz salt okunurdur. Kadronuzu, kayıtlı buildlerinizi, Takımım'ı veya kart favorilerini değiştirmez. Her gösterildiğinde mevcut kayıtlı verilerden yeniden hesaplanır (hiçbir şey otomatik olarak kaydedilmez).","","","medium","","",""
"category.attack","category","core","Attack","Hücum","","12","high","","",""
"category.defense","category","core","Defense","Savunma","","12","high","","",""
"category.aerial","category","core","Aerial","Hava hakimiyeti","","12","high","","",""
"category.speed","category","core","Speed","Hız","","12","high","","",""
"category.passBuildUp","category","core","Pass & Build-up","Pas ve oyun kurma","","20","high","","",""
"category.dribblePossession","category","core","Dribbling & Possession","Top sürme ve top hakimiyeti","","29","high","","",""
"category.pressResistance","category","core","Press Resistance","Pres direnci","","21","high","","",""
"category.counterAttack","category","core","Counter-attack","Kontra atak","","19","high","","",""
"category.squadCompleteness","category","core","Squad Placement Completeness","Kadro yerleşim bütünlüğü","","","high","","",""
"tactical.sectionHeading","tactical","ui","Placement Structure & Tactical Review","Yerleşim yapısı ve taktik inceleme","","49","medium","","",""
"tactical.scopeDescription","tactical","ui","This is a structural analysis based on the current placement positions, formation coordinates, and already-confirmed diagnosis categories. It does not assess whether playing styles actually activate, player-specific AI, or actual in-match behavior.","Bu, mevcut yerleşim konumlarına, diziliş koordinatlarına ve zaten doğrulanmış analiz kategorilerine dayalı yapısal bir analizdir. Oyun tarzlarının gerçekten etkinleşip etkinleşmediğini, oyuncuya özel yapay zekâyı veya maç içindeki gerçek davranışı değerlendirmez.","","","medium","","",""
"tactical.placementCountLabel","tactical","ui","Placed","Yerleştirilen","","12","medium","","",""
"tactical.severityHigh","tactical","ui","Severity: High","Önem: Yüksek","","19","medium","","",""
"tactical.severityMedium","tactical","ui","Severity: Medium","Önem: Orta","","21","medium","","",""
"tactical.severityLow","tactical","ui","Severity: Low","Önem: Düşük","","17","medium","","",""
"tactical.severityInfo","tactical","ui","Reference info","Referans bilgisi","","19","medium","","",""
"tactical.confidenceHigh","tactical","ui","Confidence: High","Güven: Yüksek","","21","medium","","",""
"tactical.confidenceMedium","tactical","ui","Confidence: Medium","Güven: Orta","","24","medium","","",""
"tactical.confidenceLow","tactical","ui","Confidence: Low","Güven: Düşük","","20","medium","","",""
"tactical.confidenceInsufficient","tactical","ui","Confidence: Insufficient data","Güven: Yetersiz veri","","","medium","","",""
"tactical.coverageInsufficient","tactical","ui","Placement insufficient","Yerleşim yetersiz","","29","medium","","",""
"tactical.coverageLimited","tactical","ui","Placement partial","Yerleşim kısmi","","23","medium","","",""
"tactical.coveragePartial","tactical","ui","Placement mostly complete","Yerleşim büyük ölçüde tamam","","","medium","","",""
"tactical.coverageFull","tactical","ui","Placement complete","Yerleşim tamam","","24","medium","","",""
"tactical.potentialRiskPrefix","tactical","ui","Potential risk","Olası risk","","19","medium","","",""
"tactical.limitationsPrefix","tactical","ui","Analysis limitations","Analiz sınırlamaları","","26","medium","","",""
"managerPicker.sortName","managerPicker","ui","By name","Ada göre","","12","medium","","",""
"managerPicker.sortReleasedDesc","managerPicker","ui","Newest release first","En yeni çıkan önce","","26","medium","","",""
"managerPicker.sortReleasedAsc","managerPicker","ui","Oldest release first","En eski çıkan önce","","26","medium","","",""
"managerPicker.sortPossessionDesc","managerPicker","ui","Possession Game proficiency (high to low)","Topa sahip olma yeterliliği (yüksekten düşüğe)","","","medium","","",""
"managerPicker.sortQuickCounterDesc","managerPicker","ui","Quick Counter proficiency (high to low)","Hızlı kontra yeterliliği (yüksekten düşüğe)","","","medium","","",""
"managerPicker.sortLongBallCounterDesc","managerPicker","ui","Long Ball Counter proficiency (high to low)","Uzun top kontra yeterliliği (yüksekten düşüğe)","","","medium","","",""
"managerPicker.sortOutWideDesc","managerPicker","ui","Out Wide proficiency (high to low)","Kanat oyunu yeterliliği (yüksekten düşüğe)","","","medium","","",""
"managerPicker.sortLongBallDesc","managerPicker","ui","Long Ball proficiency (high to low)","Uzun top yeterliliği (yüksekten düşüğe)","","","medium","","",""
"managerPicker.sortOverloadDesc","managerPicker","ui","Overload proficiency (high to low)","Sayısal üstünlük yeterliliği (yüksekten düşüğe)","","","medium","","",""
"managerPicker.defaultTitle","managerPicker","ui","Select Manager","Teknik direktör seç","","19","medium","","",""
"managerPicker.currentPrefix","managerPicker","ui","Current: ","Mevcut: ","","12","medium","","",""
"managerPicker.currentIdPrefix","managerPicker","ui","ID ","ID ","","12","medium","","",""
"managerPicker.currentNone","managerPicker","ui","No manager","Teknik direktör yok","","13","medium","","",""
"managerPicker.setNoManager","managerPicker","ui","Set no manager","Teknik direktörsüz ayarla","","19","medium","","",""
"managerPicker.searchLabel","managerPicker","ui","Search (filter the list)","Ara (listeyi filtrele)","","32","medium","","",""
"managerPicker.searchPlaceholder","managerPicker","ui","Manager name / team","Teknik direktör adı / takım","","25","medium","","",""
"managerPicker.tacticFilterAria","managerPicker","accessibility","Filter by best tactic","En iyi taktiğe göre filtrele","","28","high","","",""
"managerPicker.tacticFilterAll","managerPicker","ui","Best tactic: All","En iyi taktik: Tümü","","21","medium","","",""
"managerPicker.boosterFilterAria","managerPicker","accessibility","Filter by booster","Güçlendiriciye göre filtrele","","23","high","","",""
"managerPicker.boosterFilterAll","managerPicker","ui","Booster: All","Güçlendirici: Tümü","","16","medium","","",""
"managerPicker.boosterFilterHas","managerPicker","ui","Has booster","Güçlendiricili","","15","medium","","",""
"managerPicker.boosterFilterNone","managerPicker","ui","No booster","Güçlendiricisiz","","13","medium","","",""
"managerPicker.linkUpFilterAria","managerPicker","accessibility","Filter by Link-Up Play","Link-Up Play'e göre filtrele","","29","high","","",""
"managerPicker.linkUpFilterAll","managerPicker","ui","Link-Up: All","Link-Up: Tümü","","16","medium","","",""
"managerPicker.linkUpFilterHas","managerPicker","ui","Has Link-Up","Link-Up var","","15","medium","","",""
"managerPicker.linkUpFilterNone","managerPicker","ui","No Link-Up","Link-Up yok","","13","medium","","",""
"managerPicker.yearFilterAria","managerPicker","accessibility","Filter by release year","Çıkış yılına göre filtrele","","29","high","","",""
"managerPicker.yearFilterAll","managerPicker","ui","Release year: All","Çıkış yılı: Tümü","","23","medium","","",""
"managerPicker.sortAria","managerPicker","accessibility","Sort","Sırala","","12","high","","",""
"managerPicker.loadError","managerPicker","ui","Could not load the manager list.","Teknik direktör listesi yüklenemedi.","","","high","","",""
"managerPicker.detailError","managerPicker","ui","Could not load manager details.","Teknik direktör detayları yüklenemedi.","","","high","","",""
"managerPicker.chooseError","managerPicker","ui","Could not select this manager.","Bu teknik direktör seçilemedi.","","","high","","",""
"managerPicker.noResultsTitle","managerPicker","ui","No managers match your criteria","Ölçütlerinize uyan teknik direktör yok","","41","medium","","",""
"managerPicker.noResultsDescription","managerPicker","ui","Try changing your search term or filters.","Arama teriminizi veya filtreleri değiştirmeyi deneyin.","","","medium","","",""
"managerPicker.selectedBadge","managerPicker","ui","Selected","Seçili","","12","medium","","",""
"managerPicker.releasedPrefix","managerPicker","ui","Released ","Çıkış: ","","12","medium","","",""
"managerPicker.unknownReleased","managerPicker","ui","Unknown","Bilinmiyor","","12","medium","","",""
"managerPicker.noBoosterBadge","managerPicker","ui","No booster","Güçlendirici yok","","13","medium","","",""
"managerPicker.viewDetail","managerPicker","ui","View details","Detayları gör","","16","medium","","",""
"managerPicker.chooseThis","managerPicker","ui","Select this manager","Bu teknik direktörü seç","","25","medium","","",""
"managerPicker.backToList","managerPicker","ui","Back to list","Listeye dön","","16","medium","","",""
"managerPicker.idPrefix","managerPicker","ui","ID ","ID ","","12","medium","","",""
"managerPicker.bestTacticPrefix","managerPicker","ui","Best tactic: ","En iyi taktik: ","","17","medium","","",""
"managerPicker.proficienciesHeading","managerPicker","ui","Tactical Proficiencies","Taktik yeterlilikleri","","29","medium","","",""
"managerPicker.boostersHeading","managerPicker","ui","Manager Boosters","Teknik direktör güçlendiricileri","","21","medium","","",""
"managerPicker.noBoosterMessage","managerPicker","ui","This manager has no ability boosters.","Bu teknik direktörün özellik güçlendiricisi yok.","","","medium","","",""
"managerPicker.boosterApplicationNote","managerPicker","ui","Only confirmed boosters are applied to abilities. The application order (before/after progression) is unconfirmed.","Özelliklere yalnızca doğrulanmış güçlendiriciler uygulanır. Uygulama sırası (gelişimden önce/sonra) doğrulanmadı.","","","medium","","",""
"managerPicker.linkUpHeading","managerPicker","ui","Link-Up Play","Link-Up Play","","16","medium","","",""
"managerPicker.centerPiecePrefix","managerPicker","ui","Center Piece: ","Center Piece: ","","19","medium","","",""
"managerPicker.keyManPrefix","managerPicker","ui","Key Man: ","Key Man: ","","12","medium","","",""
"managerPicker.linkUpNote","managerPicker","ui","Activation condition matching only. In-game effects are still being verified.","Yalnızca etkinleşme koşulu eşleştirmesi. Oyun içi etkiler hâlâ doğrulanıyor.","","","medium","","",""
"managerPicker.chooseThisSelected","managerPicker","ui","Currently selected (close without changes)","Şu anda seçili (değişiklik yapmadan kapat)","","","medium","","",""
"managerCard.bestTacticLabel","managerCard","ui","Best tactic","En iyi taktik","","15","medium","","",""
"managerControls.sortNameLabel","managerControls","ui","By name","Ada göre","","12","medium","","",""
"managerControls.sortReleasedDesc","managerControls","ui","Newest release first","En yeni çıkış önce","","26","medium","","",""
"managerControls.sortReleasedAsc","managerControls","ui","Oldest release first","En eski çıkış önce","","26","medium","","",""
"managerControls.sortPossessionDesc","managerControls","ui","Highest possession proficiency first","En yüksek topa sahip olma yetkinliği önce","","","medium","","",""
"managerControls.sortQuickCounterDesc","managerControls","ui","Highest quick counter proficiency first","En yüksek hızlı kontra yetkinliği önce","","","medium","","",""
"managerControls.searchPlaceholder","managerControls","ui","Search by manager name or team","Teknik direktör adı veya takıma göre ara","","39","medium","","",""
"managerControls.searchAriaLabel","managerControls","accessibility","Search managers","Teknik direktör ara","","20","high","","",""
"managerControls.sortAriaLabel","managerControls","accessibility","Sort","Sırala","","12","high","","",""
"managerControls.boosterFilterAriaLabel","managerControls","accessibility","Booster","Güçlendirici","","12","high","","",""
"managerControls.boosterFilterAllOption","managerControls","ui","Booster: all","Güçlendirici: tümü","","16","medium","","",""
"managerControls.boosterFilterHasOption","managerControls","ui","Has booster","Güçlendirici var","","15","medium","","",""
"managerControls.boosterFilterNoneOption","managerControls","ui","No booster","Güçlendirici yok","","13","medium","","",""
"managerControls.linkUpFilterAriaLabel","managerControls","accessibility","Link-Up Play","Link-Up Play","","16","high","","",""
"managerControls.linkUpFilterAllOption","managerControls","ui","Link-Up Play: all","Link-Up Play: tümü","","23","medium","","",""
"managerControls.linkUpFilterHasOption","managerControls","ui","Has Link-Up Play","Link-Up Play var","","21","medium","","",""
"managerControls.linkUpFilterNoneOption","managerControls","ui","No Link-Up Play","Link-Up Play yok","","20","medium","","",""
"manager.squadWideHeading","manager","ui","Manager (Whole Squad)","Teknik Direktör (Tüm Kadro)","","28","medium","","",""
"manager.confirmedBoostersAppliedPrefix","manager","ui","Confirmed booster applied to ","Doğrulanmış güçlendirici uygulanan: ","","","high","","",""
"manager.confirmedBoostersAppliedSuffix","manager","ui"," player(s)"," oyuncu","","13","high","","",""
"manager.selectManagerTitle","manager","ui","Select Squad Manager","Kadro Teknik Direktörünü Seç","","26","medium","","",""
"manager.none","manager","ui","No manager selected (managerBoosterDelta = 0)","Teknik direktör seçilmedi (managerBoosterDelta = 0)","","","medium","","",""
"manager.noneDescription","manager","ui","Selecting a manager applies confirmed boosters to the affected abilities.","Bir teknik direktör seçildiğinde, doğrulanmış güçlendiriciler ilgili özelliklere uygulanır.","","","medium","","",""
"manager.selectFromList","manager","ui","Choose from manager list","Teknik direktör listesinden seç","","32","medium","","",""
"manager.change","manager","ui","Change","Değiştir","","12","medium","","",""
"manager.clear","manager","ui","Clear","Temizle","","12","medium","","",""
"manager.confirmedBoosterActive","manager","ui","Confirmed booster is applied","Doğrulanmış güçlendirici uygulandı","","","high","","",""
"manager.unconfirmedBoosterNotice","manager","ui","This manager's booster effect is unconfirmed and is not applied (display only).","Bu teknik direktörün güçlendirici etkisi doğrulanmadı ve uygulanmaz (yalnızca gösterim).","","","high","","",""
"manager.linkUpPlayAvailable","manager","ui","Link-Up Play available (matching only — effect still being verified)","Link-Up Play mevcut (yalnızca eşleştirme — etkisi hâlâ doğrulanıyor)","","","medium","","",""
"manager.applicationOrderUnconfirmed","manager","ui","The application order (before/after progression) is unconfirmed.","Uygulama sırası (gelişimden önce/sonra) doğrulanmadı.","","","high","","",""
"manager.viewManagerDetail","manager","ui","View manager details","Teknik direktör detaylarını gör","","26","medium","","",""
"manager.bestAt","manager","ui","Best at","En iyi olduğu","","12","medium","","",""
"compareCategory.attack","compareCategory","ui","Attack","Hücum","","12","medium","","",""
"compareCategory.dribble","compareCategory","ui","Dribbling","Top sürme","","12","medium","","",""
"compareCategory.pass","compareCategory","ui","Passing","Pas","","12","medium","","",""
"compareCategory.defense","compareCategory","ui","Defense","Savunma","","12","medium","","",""
"compareCategory.physical","compareCategory","ui","Physical","Fizik","","12","medium","","",""
"compareCategory.speed","compareCategory","ui","Speed","Hız","","12","medium","","",""
"compareCategory.gk","compareCategory","ui","GK","GK","","12","medium","","",""
"teamSummary.heading","teamSummary","ui","Team Summary","Takım Özeti","","16","medium","","",""
"teamSummary.calcNote","teamSummary","ui","Averages and totals are simple calculations. They differ from eFootball's official Team Power / category weighting (provisional, unofficial).","Ortalamalar ve toplamlar basit hesaplamalardır. eFootball'un resmi Takım Gücü / kategori ağırlıklandırmasından farklıdır (geçici, resmi olmayan).","","","medium","","",""
"teamSummary.boosterModeNote","teamSummary","ui","Booster mode: Standard. Only boosters cross-checked against two external sources for the card's built-in effect, plus manager corrections, are reflected in these totals (not confirmed by KONAMI). Includes effects assumed to be fixed-type and Power of Many (applied provisionally since there is no concrete evidence either way). Excludes gold variable boosters (whose effect scales with same-league player count in a Game Plan and cannot be auto-evaluated for the current squad), user-specified values, effects still under verification, and unresolved bundled boosters or manual estimates.","Güçlendirici modu: Standart. Bu toplamlara yalnızca kartın yerleşik etkisi için iki harici kaynakla çapraz kontrol edilmiş güçlendiriciler ve teknik direktör düzeltmeleri yansıtılır (KONAMI tarafından doğrulanmamıştır). Sabit tür olduğu varsayılan etkileri ve Power of Many'yi içerir (her iki yönde de somut kanıt olmadığı için geçici olarak uygulanır). Altın değişken güçlendiriciler (etkisi bir Game Plan'daki aynı lig oyuncu sayısıyla ölçeklenir ve mevcut kadro için otomatik değerlendirilemez), kullanıcının belirlediği değerler, hâlâ doğrulanmakta olan etkiler ve çözümlenmemiş paket güçlendiriciler ya da manuel tahminler hariçtir.","","","medium","","",""
"teamSummary.startingBenchLabel","teamSummary","ui","Starters / Bench","İlk 11 / Yedekler","","21","medium","","",""
"teamSummary.avgBaseOvrLabel","teamSummary","ui","Avg. Base OVR","Ort. Temel OVR","","17","medium","","",""
"teamSummary.avgDisplayedOvrLabel","teamSummary","ui","Avg. Displayed OVR (unverified)","Ort. Gösterilen OVR (doğrulanmadı)","","41","medium","","",""
"teamSummary.sharedSkillCountLabel","teamSummary","ui","Shared skill count","Ortak beceri sayısı","","24","medium","","",""
"teamSummary.managerBoostedLabel","teamSummary","ui","Manager booster applied","Teknik direktör güçlendiricisi uygulandı","","30","medium","","",""
"teamSummary.unresolvedCompatibilityLabel","teamSummary","ui","Fit unconfirmed","Uygunluk belirsiz","","20","medium","","",""
"teamSummary.possibleMismatchLabel","teamSummary","ui","Possible mismatch","Uyumsuz olabilir","","23","medium","","",""
"teamSummary.warningsLabel","teamSummary","ui","Warnings","Uyarılar","","12","high","","",""
"teamSummary.positionBreakdownHeading","teamSummary","ui","Position Breakdown","Mevki Dağılımı","","24","medium","","",""
"teamSummary.categoryAveragesHeading","teamSummary","ui","Category Averages (simple average, unofficial)","Kategori Ortalamaları (basit ortalama, resmi olmayan)","","60","medium","","",""
"teamSummary.sharedSkillsHeading","teamSummary","ui","Skills shared by all starters","Tüm ilk 11 oyuncularının ortak becerileri","","38","medium","","",""
"teamSummary.conditionalToggleLabel","teamSummary","ui","Conditional estimate summary (manually specified estimate)","Koşullu tahmin özeti (elle belirtilen tahmin)","","76","medium","","",""
"teamSummary.conditionalNote","teamSummary","ui","Some players have a manually specified application stage for gold/variable boosters. This estimate is based on stages the user specified after checking their own Game Plan — it is not a value the app auto-verified against squad composition. It is not included in the regular team summary above.","Bazı oyuncular için altın/değişken güçlendiricilerin uygulama aşaması elle belirtilmiş. Bu tahmin, kullanıcının kendi Game Plan'ını kontrol ettikten sonra belirttiği aşamalara dayanır — uygulamanın kadro yapısına göre otomatik doğruladığı bir değer değildir. Yukarıdaki normal takım özetine dahil değildir.","","","medium","","",""
"teamSummary.conditionalAvgDisplayedOvrLabel","teamSummary","ui","Avg. Displayed OVR (after condition, estimate)","Ort. Gösterilen OVR (koşul sonrası, tahmin)","","60","medium","","",""
"teamSummary.conditionalCategoryLabelSuffix","teamSummary","ui"," (after condition)"," (koşul sonrası)","","24","medium","","",""
"teamSummary.conditionalValueTemplate","teamSummary","ui","{value} (standard {std})","{value} (standart {std})","","32","medium","","",""
"buildUsage.heading","buildUsage","ui","Build Usage Status","Build kullanım durumu","","24","medium","","",""
"buildUsage.viewDetail","buildUsage","ui","View details","Detayları gör","","16","medium","","",""
"buildUsage.setCountLabel","buildUsage","ui","Set","Ayarlı","","12","medium","","",""
"buildUsage.unsetCountLabel","buildUsage","ui","Not set","Ayarlanmadı","","12","medium","","",""
"buildUsage.missingCountLabel","buildUsage","ui","Deleted reference","Silinmiş başvuru","","23","medium","","",""
"buildUsage.footerTemplate","buildUsage","ui","Starters {starter} / Bench {bench}. Squad builds are separate from the selected/favorite build in My Team.","İlk 11 {starter} / Yedek {bench}. Kadro buildleri Takımım'daki seçili/favori builddan ayrıdır.","","","medium","","",""
"buildUsage.modalTitle","buildUsage","ui","Build Usage Status (this squad)","Build kullanım durumu (bu kadro)","","41","medium","","",""
"buildUsage.modalIntro","buildUsage","ui","Shows the squad-build (savedBuildId) status for each slot in the current squad. This only lets you check status and jump to each slot's ""Choose saved build"" panel. It does not bulk-apply, bulk-clear, or auto-complete anything. Just viewing this does not save the squad.","Mevcut kadrodaki her slot için kadro buildi (savedBuildId) durumunu gösterir. Burada yalnızca durumu kontrol edebilir ve her slotun ""Kayıtlı build seç"" paneline geçebilirsiniz. Toplu uygulama, toplu temizleme veya otomatik tamamlama yapılmaz. Yalnızca görüntülemek kadroyu kaydetmez.","","","medium","","",""
"buildUsage.statTotal","buildUsage","ui","Total registered","Toplam kayıtlı","","21","medium","","",""
"buildUsage.statStarter","buildUsage","ui","Starters","İlk 11","","12","medium","","",""
"buildUsage.statBench","buildUsage","ui","Bench","Yedek","","12","medium","","",""
"buildUsage.statSet","buildUsage","ui","Build set","Build ayarlı","","12","medium","","",""
"buildUsage.statUnset","buildUsage","ui","Not set","Ayarlanmadı","","12","medium","","",""
"buildUsage.statMissing","buildUsage","ui","Deleted reference","Silinmiş başvuru","","23","medium","","",""
"buildUsage.statCurrentRules","buildUsage","ui","Current-rule builds","Mevcut kurallı buildler","","25","medium","","",""
"buildUsage.statLegacyRules","buildUsage","ui","Outdated-rule builds","Eski kurallı buildler","","26","medium","","",""
"buildUsage.statUnknownRules","buildUsage","ui","Unknown-rule builds","Kuralı bilinmeyen buildler","","25","medium","","",""
"buildUsage.statPom","buildUsage","ui","Has Power of Many selection","Power of Many seçimi var","","","medium","","",""
"buildUsage.statExperimental","buildUsage","ui","Has experimental estimate","Deneysel tahmin var","","","medium","","",""
"buildUsage.filterAll","buildUsage","ui","All","Tümü","","12","medium","","",""
"buildUsage.filterSet","buildUsage","ui","Set","Ayarlı","","12","medium","","",""
"buildUsage.filterUnset","buildUsage","ui","Not set","Ayarlanmadı","","12","medium","","",""
"buildUsage.filterMissing","buildUsage","ui","Deleted reference","Silinmiş başvuru","","23","medium","","",""
"buildUsage.filterStarter","buildUsage","ui","Starters","İlk 11","","12","medium","","",""
"buildUsage.filterBench","buildUsage","ui","Bench","Yedek","","12","medium","","",""
"buildUsage.searchPlaceholder","buildUsage","ui","Search by player or build name","Oyuncu veya build adına göre ara","","39","medium","","",""
"buildUsage.searchAriaLabel","buildUsage","accessibility","Search build usage","Build kullanımında ara","","24","high","","",""
"buildUsage.emptyList","buildUsage","ui","No slots match your criteria.","Ölçütlerinize uyan slot yok.","","","medium","","",""
"buildUsage.areaStarter","buildUsage","ui","Starter","İlk 11","","12","medium","","",""
"buildUsage.areaBench","buildUsage","ui","Bench","Yedek","","12","medium","","",""
"buildUsage.buildUnset","buildUsage","ui","Squad build: Not set","Kadro buildi: Ayarlanmadı","","26","medium","","",""
"buildUsage.buildMissingTemplate","buildUsage","ui","Squad build: Not found (deleted · buildId {id})","Kadro buildi: Bulunamadı (silindi · buildId {id})","","","medium","","",""
"buildUsage.buildSetPrefix","buildUsage","ui","Squad build: ","Kadro buildi: ","","17","medium","","",""
"buildUsage.pomSuffix","buildUsage","ui"," · Has Power of Many selection"," · Power of Many seçimi var","","","medium","","",""
"buildUsage.experimentalSuffix","buildUsage","ui"," · Has experimental estimate"," · Deneysel tahmin var","","","medium","","",""
"buildUsage.chooseBuildButton","buildUsage","ui","Choose saved build","Kayıtlı build seç","","24","medium","","",""
"buildUsage.manageInMyBuilds","buildUsage","ui","Manage in My Builds","Buildlerim'de yönet","","25","medium","","",""
"buildUsage.closeButton","buildUsage","ui","Close","Kapat","","12","medium","","",""
"buildUsage.ruleCurrentLabel","buildUsage","ui","Current rules","Mevcut kurallar","","17","medium","","",""
"buildUsage.ruleLegacyLabel","buildUsage","ui","Outdated rules","Eski kurallar","","19","medium","","",""
"buildUsage.ruleUnknownLabel","buildUsage","ui","Unknown rules","Bilinmeyen kurallar","","17","medium","","",""
"linkUp.notice","linkUp","ui","Only activation-condition matching is supported. In-game effects are still being verified.","Yalnızca etkinleşme koşulu eşleştirmesi desteklenir. Oyun içi etkiler hâlâ doğrulanıyor.","","","medium","","",""
"linkUp.noManagerNote","linkUp","ui","Select a manager to check Link-Up Play conditions.","Link-Up Play koşullarını kontrol etmek için bir teknik direktör seçin.","","","medium","","",""
"linkUp.noDataNote","linkUp","ui","This manager has no Link-Up Play data.","Bu teknik direktörün Link-Up Play verisi yok.","","","medium","","",""
"linkUp.statusMet","linkUp","ui","Condition met","Koşul sağlandı","","17","medium","","",""
"linkUp.statusPartial","linkUp","ui","Partially met","Kısmen sağlandı","","17","medium","","",""
"linkUp.statusUnmet","linkUp","ui","Not met","Sağlanmadı","","12","medium","","",""
"linkUp.statusIndeterminate","linkUp","ui","Indeterminate","Belirsiz","","17","medium","","",""
"linkUp.noStyleSpecified","linkUp","ui","(No playing style specified)","(Oyun tarzı belirtilmedi)","","","medium","","",""
"linkUp.noConditionData","linkUp","ui","No condition data","Koşul verisi yok","","23","medium","","",""
"linkUp.matchingStartersLabel","linkUp","ui","Matching starters: ","Eşleşen ilk 11 oyuncuları: ","","25","medium","","",""
"linkUp.noneLabel","linkUp","ui","None","Yok","","12","medium","","",""
"linkUp.selectAriaTemplate","linkUp","accessibility","Select {role} for {name}","{role} seç: {name}","","32","high","","",""
"linkUp.noManualSelection","linkUp","ui","(No manual selection)","(Elle seçim yok)","","28","medium","","",""
"linkUp.selectedPrefix","linkUp","ui","Selected: ","Seçili: ","","13","medium","","",""
"linkUp.satisfiesYes","linkUp","ui","Meets the condition","Koşulu sağlıyor","","25","medium","","",""
"linkUp.satisfiesNo","linkUp","ui","Does not meet the condition","Koşulu sağlamıyor","","","medium","","",""
"squadBuildPanel.modalTitle","squadBuildPanel","ui","Choose Saved Build (Squad)","Kayıtlı Build Seç (Kadro)","","34","medium","","",""
"squadBuildPanel.intro","squadBuildPanel","ui","Check and change the saved build (squad build) used for this squad slot. This is a separate setting from the selected/favorite build in My Team. Only this slot's setting is changed — other slots, placement, coordinates, captain, set pieces, manager, and other squads are not affected.","Bu kadro slotunda kullanılan kayıtlı buildi (kadro buildi) kontrol edin ve değiştirin. Bu ayar, Takımım'daki seçili/favori builden ayrıdır. Yalnızca bu slotun ayarı değişir; diğer slotlar, yerleşim, koordinatlar, kaptan, duran toplar, teknik direktör ve diğer kadrolar etkilenmez.","","","medium","","",""
"squadBuildPanel.scopeLoadingNotice","squadBuildPanel","ui","Checking your account… (the saved build list is hidden until this finishes)","Hesabınız kontrol ediliyor… (bu işlem bitene kadar kayıtlı build listesi gizlidir)","","","medium","","",""
"squadBuildPanel.targetHeading","squadBuildPanel","ui","Target","Hedef","","12","medium","","",""
"squadBuildPanel.targetSquadLabel","squadBuildPanel","ui","Squad: ","Kadro: ","","12","medium","","",""
"squadBuildPanel.targetSlotLabel","squadBuildPanel","ui","Slot: ","Slot: ","","12","medium","","",""
"squadBuildPanel.cardDetailAriaTemplate","squadBuildPanel","accessibility","Player detail for {name}","Oyuncu detayı: {name}","","32","high","","",""
"squadBuildPanel.cardImageAltTemplate","squadBuildPanel","ui","Card image for {name}","Kart görseli: {name}","","28","medium","","",""
"squadBuildPanel.cardImageAltGeneric","squadBuildPanel","ui","Card image","Kart görseli","","13","medium","","",""
"squadBuildPanel.cardTypeUnknown","squadBuildPanel","ui","Unknown card type","Bilinmeyen kart türü","","23","medium","","",""
"squadBuildPanel.registeredPositionUnknown","squadBuildPanel","ui","Unknown registered position","Bilinmeyen kayıtlı mevki","","","medium","","",""
"squadBuildPanel.currentBuildLabel","squadBuildPanel","ui","Current squad build: ","Mevcut kadro buildi: ","","28","medium","","",""
"squadBuildPanel.noneLabel","squadBuildPanel","ui","None","Yok","","12","medium","","",""
"squadBuildPanel.missingBuildTemplate","squadBuildPanel","ui","Not found (deleted · buildId {id})","Bulunamadı (silindi · buildId {id})","","","medium","","",""
"squadBuildPanel.buildIdSuffixTemplate","squadBuildPanel","ui"," (buildId {id})"," (buildId {id})","","20","medium","","",""
"squadBuildPanel.clearSelectionButton","squadBuildPanel","ui","Clear squad selection","Kadro seçimini temizle","","28","medium","","",""
"squadBuildPanel.savedBuildCountTemplate","squadBuildPanel","ui","{count} saved build(s)","Kayıtlı build: {count}","","29","medium","","",""
"squadBuildPanel.storageUnavailable","squadBuildPanel","ui","Cannot save in this browser (localStorage unavailable). Setting/clearing is disabled.","Bu tarayıcıda kaydedilemiyor (localStorage kullanılamıyor). Ayarlama/temizleme devre dışı.","","","medium","","",""
"squadBuildPanel.staleNotice","squadBuildPanel","ui","The squad or saved builds were updated in another tab.","Kadro veya kayıtlı buildler başka bir sekmede güncellendi.","","","medium","","",""
"squadBuildPanel.reloadButton","squadBuildPanel","ui","Reload","Yeniden yükle","","12","medium","","",""
"squadBuildPanel.confirmDialogAria","squadBuildPanel","accessibility","Confirm change","Değişikliği onayla","","19","high","","",""
"squadBuildPanel.confirmClearTextTemplate","squadBuildPanel","ui","This clears the squad build selection for {area} ""{slot}"" ({name} · World ID {worldCardId}) (resets savedBuildId to unset).","Bu işlem {area} ""{slot}"" ({name} · World ID {worldCardId}) için kadro build seçimini temizler (savedBuildId ayarlanmamış duruma döner).","","","high","","",""
"squadBuildPanel.clearChangedItemsLabel","squadBuildPanel","ui","Changed: only this slot's savedBuildId and the squad's updated timestamp","Değişen: yalnızca bu slotun savedBuildId değeri ve kadronun güncellenme zamanı","","94","medium","","",""
"squadBuildPanel.clearUnchangedItemsLabel","squadBuildPanel","ui","Not changed: other slots, player cards, placement, coordinates, captain, set pieces, manager, squad name, templates, other squads, My Team's selected/favorite build, or the card's own favorite/compare status","Değişmeyen: diğer slotlar, oyuncu kartları, yerleşim, koordinatlar, kaptan, duran toplar, teknik direktör, kadro adı, şablonlar, diğer kadrolar, Takımım'daki seçili/favori build ve kartın kendi favori/karşılaştırma durumu","","270","medium","","",""
"squadBuildPanel.confirmSetIntro","squadBuildPanel","ui","This changes the saved build used for this squad slot.","Bu işlem bu kadro slotunda kullanılan kayıtlı buildi değiştirir.","","","high","","",""
"squadBuildPanel.currentPrefixLabel","squadBuildPanel","ui","Current: ","Mevcut: ","","12","medium","","",""
"squadBuildPanel.deletedTemplate","squadBuildPanel","ui","Deleted (buildId {id})","Silindi (buildId {id})","","29","high","","",""
"squadBuildPanel.afterChangeLabel","squadBuildPanel","ui","After change: ","Değişiklikten sonra: ","","19","medium","","",""
"squadBuildPanel.ruleVersionTemplate","squadBuildPanel","ui","rulesVersion {version} ({label})","rulesVersion {version} ({label})","","","medium","","",""
"squadBuildPanel.allocationLabel","squadBuildPanel","ui"," · Allocation: "," · Dağılım: ","","20","medium","","",""
"squadBuildPanel.noAllocation","squadBuildPanel","ui","No allocation","Dağılım yok","","17","medium","","",""
"squadBuildPanel.pomLabel","squadBuildPanel","ui"," · Power of Many: "," · Power of Many: ","","24","medium","","",""
"squadBuildPanel.pomUnspecified","squadBuildPanel","ui","Not specified","Belirtilmedi","","17","medium","","",""
"squadBuildPanel.setChangedItemsLabel","squadBuildPanel","ui","Changed: only this slot's savedBuildId and the squad's updated timestamp","Değişen: yalnızca bu slotun savedBuildId değeri ve kadronun güncellenme zamanı","","94","medium","","",""
"squadBuildPanel.setUnchangedItemsLabel","squadBuildPanel","ui","Not changed: other slots, player cards, placement, coordinates, captain, set pieces, manager, other squads, My Team's selected/favorite build, the saved build itself, or the card's own favorite","Değişmeyen: diğer slotlar, oyuncu kartları, yerleşim, koordinatlar, kaptan, duran toplar, teknik direktör, diğer kadrolar, Takımım'daki seçili/favori build, kayıtlı buildin kendisi ve kartın kendi favori durumu","","251","medium","","",""
"squadBuildPanel.setFooterNote","squadBuildPanel","ui","My Team's selected build and favorite build are not changed.","Takımım'daki seçili build ve favori build değişmez.","","","medium","","",""
"squadBuildPanel.confirmSetButton","squadBuildPanel","ui","Change","Değiştir","","12","high","","",""
"squadBuildPanel.confirmClearButton","squadBuildPanel","ui","Clear","Temizle","","12","high","","",""
"squadBuildPanel.cancelButton","squadBuildPanel","ui","Cancel","İptal","","12","medium","","",""
"squadBuildPanel.emptyBuildsHeading","squadBuildPanel","ui","No saved builds","Kayıtlı build yok","","20","medium","","",""
"squadBuildPanel.emptyBuildsBody","squadBuildPanel","ui","Adjust progression for this card in player detail or player compare, then add one via ""Save this build"".","Bu kartın gelişimini oyuncu detayında veya oyuncu karşılaştırmasında ayarlayın, ardından ""Bu buildi kaydet"" ile ekleyin.","","","medium","","",""
"squadBuildPanel.playerDetailLink","squadBuildPanel","ui","Player detail","Oyuncu detayı","","17","medium","","",""
"squadBuildPanel.progressionTabLink","squadBuildPanel","ui","Progression tab","Gelişim sekmesi","","20","medium","","",""
"squadBuildPanel.myBuildsLink","squadBuildPanel","ui","My Builds","Buildlerim","","12","medium","","",""
"squadBuildPanel.searchLabel","squadBuildPanel","ui","Search saved builds (build name / buildId)","Kayıtlı buildlerde ara (build adı / buildId)","","55","medium","","",""
"squadBuildPanel.searchPlaceholder","squadBuildPanel","ui","Finisher / b_xxxx","Bitirici / b_xxxx","","23","medium","","",""
"squadBuildPanel.searchAriaLabel","squadBuildPanel","accessibility","Search saved builds","Kayıtlı buildlerde ara","","25","high","","",""
"squadBuildPanel.noSearchResults","squadBuildPanel","ui","No saved builds match your criteria.","Ölçütlerinize uyan kayıtlı build yok.","","","medium","","",""
"squadBuildPanel.manageInMyBuilds","squadBuildPanel","ui","Manage in My Builds","Buildlerim'de yönet","","25","medium","","",""
"squadBuildPanel.createBuildInProgression","squadBuildPanel","ui","Create a build in Progression","Gelişim'de build oluştur","","","medium","","",""
"squadBuildPanel.closeButton","squadBuildPanel","ui","Close","Kapat","","12","medium","","",""
"squadBuildPanel.footerNote","squadBuildPanel","ui","This only sets or clears the squad build for this slot. The existing ""Apply saved build..."" select still works. Renaming, duplicating, deleting, or creating builds is done in My Builds / player detail.","Bu panel yalnızca bu slotun kadro buildini ayarlar veya temizler. Mevcut ""Kayıtlı buildi uygula..."" seçimi çalışmaya devam eder. Buildleri yeniden adlandırma, çoğaltma, silme veya oluşturma Buildlerim / oyuncu detayında yapılır.","","","medium","","",""
"squadBuildPanel.alreadyUsingNotice","squadBuildPanel","ui","This slot is already using this saved build.","Bu slot zaten bu kayıtlı buildi kullanıyor.","","","medium","","",""
"squadBuildPanel.setSuccessTemplate","squadBuildPanel","ui","Set the saved build used by the squad for {area} ""{slot}"" to ""{buildName}"". My Team's selected build and favorite build were not changed.","{area} ""{slot}"" için kadronun kullandığı kayıtlı build ""{buildName}"" olarak ayarlandı. Takımım'daki seçili build ve favori build değiştirilmedi.","","","medium","","",""
"squadBuildPanel.alreadyUnsetNotice","squadBuildPanel","ui","This slot has no squad build set.","Bu slot için kadro buildi ayarlanmamış.","","","medium","","",""
"squadBuildPanel.clearSuccessTemplate","squadBuildPanel","ui","Cleared the squad build selection for {area} ""{slot}"". Player card, placement, coordinates, My Team, and the card's own favorite were not changed.","{area} ""{slot}"" için kadro build seçimi temizlendi. Oyuncu kartı, yerleşim, koordinatlar, Takımım ve kartın kendi favorisi değiştirilmedi.","","","medium","","",""
"squadBuildPanel.errorStorage","squadBuildPanel","ui","Cannot save in this browser (localStorage unavailable)","Bu tarayıcıda kaydedilemiyor (localStorage kullanılamıyor)","","","high","","",""
"squadBuildPanel.errorCardId","squadBuildPanel","ui","Invalid card ID","Geçersiz kart kimliği","","20","high","","",""
"squadBuildPanel.errorSlotMissing","squadBuildPanel","ui","The target slot could not be found (it may have changed in another tab). Please reload.","Hedef slot bulunamadı (başka bir sekmede değişmiş olabilir). Lütfen yeniden yükleyin.","","","high","","",""
"squadBuildPanel.errorCardMismatch","squadBuildPanel","ui","The card in this slot changed in another tab. Please reopen the panel.","Bu slottaki kart başka bir sekmede değişti. Lütfen paneli yeniden açın.","","","high","","",""
"squadBuildPanel.errorBuildId","squadBuildPanel","ui","Invalid build ID","Geçersiz build kimliği","","21","high","","",""
"squadBuildPanel.errorBuildMissing","squadBuildPanel","ui","The target saved build could not be found (it may have been deleted). Please reload.","Hedef kayıtlı build bulunamadı (silinmiş olabilir). Lütfen yeniden yükleyin.","","","high","","",""
"squadBuildPanel.inUseBadge","squadBuildPanel","ui","In use for this slot","Bu slotta kullanılıyor","","26","medium","","",""
"squadBuildPanel.allocationRowLabel","squadBuildPanel","ui","Progression allocation: ","Gelişim dağılımı: ","","32","medium","","",""
"squadBuildPanel.noAllocationBase","squadBuildPanel","ui","No allocation (base abilities)","Dağılım yok (temel özellikler)","","","medium","","",""
"squadBuildPanel.allAllocationSummary","squadBuildPanel","ui","All allocations (10 categories)","Tüm dağılımlar (10 kategori)","","","medium","","",""
"squadBuildPanel.pointsUsedNoTotalTemplate","squadBuildPanel","ui","Used {used} pt / Total —","Kullanılan {used} pt / Toplam —","","32","medium","","",""
"squadBuildPanel.pointsUsedTotalTemplate","squadBuildPanel","ui","Used {used} / Total {total} pt","Kullanılan {used} / Toplam {total} pt","","","medium","","",""
"squadBuildPanel.remainingUnknown","squadBuildPanel","ui","Remaining —","Kalan —","","15","medium","","",""
"squadBuildPanel.remainingTemplate","squadBuildPanel","ui","Remaining {remaining} pt","Kalan {remaining} pt","","32","medium","","",""
"squadBuildPanel.overAllocated","squadBuildPanel","ui","Over-allocated","Fazla dağıtılmış","","19","medium","","",""
"squadBuildPanel.pomRowLabel","squadBuildPanel","ui","Power of Many (user-specified): ","Power of Many (kullanıcı belirledi): ","","42","medium","","",""
"squadBuildPanel.experimentalLabel","squadBuildPanel","ui"," / Experimental estimate: "," / Deneysel tahmin: ","","34","medium","","",""
"squadBuildPanel.yes","squadBuildPanel","ui","Yes","Evet","","12","medium","","",""
"squadBuildPanel.no","squadBuildPanel","ui","No","Hayır","","12","medium","","",""
"squadBuildPanel.estimatedOvrLabel","squadBuildPanel","ui","Estimated OVR at save time: ","Kayıt anındaki tahmini OVR: ","","37","medium","","",""
"squadBuildPanel.calcModeConfirmed","squadBuildPanel","ui","Base value only","Yalnızca temel değer","","20","high","","",""
"squadBuildPanel.calcModeUnsupported","squadBuildPanel","ui","Cannot calculate","Hesaplanamıyor","","21","medium","","",""
"squadBuildPanel.calcModeProvisional","squadBuildPanel","ui","Provisional rule","Geçici kural","","21","medium","","",""
"squadBuildPanel.totalOvrPlaceholder","squadBuildPanel","ui","Overall (position-specific OVR): — (calculation rule under review)","Genel (mevkiye özel OVR): — (hesaplama kuralı inceleniyor)","","86","medium","","",""
"squadBuildPanel.createdUpdatedTemplate","squadBuildPanel","ui","Created {created} / Updated {updated}","Oluşturma {created} / Güncelleme {updated}","","","medium","","",""
"squadBuildPanel.useThisBuild","squadBuildPanel","ui","Use this build for the squad","Bu buildi kadroda kullan","","","medium","","",""
"squadBuildPanel.cardFallbackNameTemplate","squadBuildPanel","ui","Card {id}","Kart {id}","","12","medium","","",""
"squadEditor.assignErrorInvalidCard","squadEditor","ui","Invalid card ID.","Geçersiz kart kimliği.","","21","high","","",""
"squadEditor.assignErrorInvalidSlot","squadEditor","ui","Invalid target slot.","Geçersiz hedef slot.","","26","high","","",""
"squadEditor.assignErrorSlotNotFound","squadEditor","ui","Target slot not found.","Hedef slot bulunamadı.","","29","high","","",""
"squadEditor.assignErrorDuplicate","squadEditor","ui","This exact card is already in this squad (a different card of the same player can be added).","Bu kartın aynısı zaten bu kadroda (aynı oyuncunun farklı bir kartı eklenebilir).","","","high","","",""
"squadEditor.assignErrorSlotOccupied","squadEditor","ui","This slot already has a player. Remove them first.","Bu slotta zaten bir oyuncu var. Önce onu çıkarın.","","","high","","",""
"squadEditor.assignErrorBenchFullTemplate","squadEditor","ui","The bench holds a maximum of {max} players.","Yedek kulübesine en fazla {max} oyuncu alınabilir.","","","high","","",""
"squadEditor.moveErrorInvalidSquad","squadEditor","ui","The squad state is invalid.","Kadro durumu geçersiz.","","","high","","",""
"squadEditor.moveErrorInvalidSource","squadEditor","ui","Invalid move source.","Geçersiz taşıma kaynağı.","","26","high","","",""
"squadEditor.moveErrorInvalidTarget","squadEditor","ui","Invalid move target.","Geçersiz taşıma hedefi.","","26","high","","",""
"squadEditor.moveErrorSourceEmpty","squadEditor","ui","There is no player at the move source.","Taşıma kaynağında oyuncu yok.","","","high","","",""
"squadEditor.moveErrorTargetNotFound","squadEditor","ui","Move target not found.","Taşıma hedefi bulunamadı.","","29","high","","",""
"squadEditor.managerFetchFailed","squadEditor","ui","Failed to fetch the manager.","Teknik direktör alınamadı.","","","high","","",""
"squadEditor.storageUnavailableShort","squadEditor","ui","Cannot save the squad in this environment (localStorage unavailable).","Bu ortamda kadro kaydedilemiyor (localStorage kullanılamıyor).","","","medium","","",""
"squadEditor.slotNotFoundReopen","squadEditor","ui","The target slot could not be found. Please reopen the panel.","Hedef slot bulunamadı. Lütfen paneli yeniden açın.","","","medium","","",""
"squadEditor.slotCardChangedReopen","squadEditor","ui","The card in this slot has changed. Please reopen the panel.","Bu slottaki kart değişti. Lütfen paneli yeniden açın.","","","medium","","",""
"squadEditor.buildNotFoundDeleted","squadEditor","ui","The target saved build could not be found (it may have been deleted).","Hedef kayıtlı build bulunamadı (silinmiş olabilir).","","","high","","",""
"squadEditor.reloadedFromStorage","squadEditor","ui","Updated the squad to the latest saved content.","Kadro en son kaydedilen içerikle güncellendi.","","","medium","","",""
"squadEditor.undoLabelMovedSnap","squadEditor","ui","Changed player position (snapped)","Oyuncu konumu değiştirildi (hizalandı)","","","medium","","",""
"squadEditor.undoLabelMoved","squadEditor","ui","Changed player position","Oyuncu konumu değiştirildi","","30","medium","","",""
"squadEditor.snapTypeHorizontal","squadEditor","ui","Same line","Aynı hat","","12","medium","","",""
"squadEditor.snapTypeCenter","squadEditor","ui","Center","Orta","","12","medium","","",""
"squadEditor.snapTypeSymmetry","squadEditor","ui","Left-right symmetry","Sağ-sol simetri","","25","medium","","",""
"squadEditor.placementRoleToastPrefix","squadEditor","ui","Placement role: ","Yerleşim rolü: ","","21","medium","","",""
"squadEditor.placementRoleManualSuffix","squadEditor","ui"," (manually set)"," (elle ayarlandı)","","20","medium","","",""
"squadEditor.roleManualOverrideTemplate","squadEditor","ui","Manually set placement role to {role}","Yerleşim rolü elle ayarlandı: {role}","","","medium","","",""
"squadEditor.roleAutoRestored","squadEditor","ui","Reverted placement role to automatic","Yerleşim rolü otomatiğe döndürüldü","","","medium","","",""
"squadEditor.undoLabelResetToFormation","squadEditor","ui","Reset to formation starting positions","Dizilişin başlangıç konumlarına sıfırlandı","","","medium","","",""
"squadEditor.freePositionReset","squadEditor","ui","Reset free player placement to the starting positions.","Serbest oyuncu yerleşimi başlangıç konumlarına sıfırlandı.","","","medium","","",""
"squadEditor.mirrorApplied","squadEditor","ui","Mirrored the starting lineup left-right.","İlk 11 sağ-sol aynalandı.","","","medium","","",""
"squadEditor.undoDoneTemplate","squadEditor","ui","Reverted ({label})","Geri alındı ({label})","","24","medium","","",""
"squadEditor.movedToBenchTemplate","squadEditor","ui","Moved {count} player(s) to the bench.","Yedek kulübesine taşınan oyuncu: {count}.","","","medium","","",""
"squadEditor.droppedBenchFullTemplate","squadEditor","ui","Removed {count} player(s) because the bench was full.","Yedek kulübesi dolu olduğu için çıkarılan oyuncu: {count}.","","","medium","","",""
"squadEditor.pendingPlacedNotice","squadEditor","ui","Placed the pending player into this slot.","Bekleyen oyuncu bu slota yerleştirildi.","","","medium","","",""
"squadEditor.templateSavedNotice","squadEditor","ui","Saved as a template.","Şablon olarak kaydedildi.","","26","medium","","",""
"squadEditor.noStorageTitle","squadEditor","ui","This environment cannot save squads","Bu ortamda kadro kaydedilemiyor","","46","medium","","",""
"squadEditor.noStorageDescription","squadEditor","ui","Squad features are unavailable because this browser's localStorage cannot be used (e.g. private browsing mode).","Bu tarayıcının localStorage'ı kullanılamadığı için kadro özellikleri kullanılamıyor (ör. gizli tarama modu).","","","medium","","",""
"squadEditor.notFoundTitle","squadEditor","ui","Squad not found","Kadro bulunamadı","","20","medium","","",""
"squadEditor.notFoundDescription","squadEditor","ui","The specified squad does not exist or has been deleted.","Belirtilen kadro mevcut değil veya silinmiş.","","","medium","","",""
"squadEditor.backToSquadList","squadEditor","ui","Back to squad list","Kadro listesine dön","","24","medium","","",""
"squadEditor.squadNameAriaLabel","squadEditor","accessibility","Squad name","Kadro adı","","13","high","","",""
"squadEditor.savedButtonLabel","squadEditor","ui","Saved","Kaydedildi","","12","medium","","",""
"squadEditor.saveButtonLabel","squadEditor","ui","Save","Kaydet","","12","medium","","",""
"squadEditor.saveStateSaving","squadEditor","ui","Saving…","Kaydediliyor…","","12","medium","","",""
"squadEditor.saveStateSaved","squadEditor","ui","Saved","Kaydedildi","","12","medium","","",""
"squadEditor.saveStateError","squadEditor","ui","Save failed","Kaydedilemedi","","15","high","","",""
"squadEditor.saveStateIdle","squadEditor","ui","Changes are saved automatically","Değişiklikler otomatik kaydedilir","","","medium","","",""
"squadEditor.retrySaveButton","squadEditor","ui","Retry save","Yeniden kaydet","","13","medium","","",""
"squadEditor.duplicateButton","squadEditor","ui","Duplicate","Çoğalt","","12","medium","","",""
"squadEditor.templateNamePromptLabel","squadEditor","ui","Template name","Şablon adı","","17","medium","","",""
"squadEditor.templateNamePromptSuffix","squadEditor","ui"," Template"," Şablonu","","12","medium","","",""
"squadEditor.saveAsTemplateButton","squadEditor","ui","Save as template","Şablon olarak kaydet","","21","medium","","",""
"squadEditor.templateListLink","squadEditor","ui","Template list","Şablon listesi","","17","medium","","",""
"squadEditor.compareWithAnotherLink","squadEditor","ui","Compare with another squad","Başka bir kadroyla karşılaştır","","","medium","","",""
"squadEditor.compareWithAnotherTitle","squadEditor","ui","Compare this squad (as A) with another squad (does not change your edits)","Bu kadroyu (A olarak) başka bir kadroyla karşılaştır (düzenlemelerinizi değiştirmez)","","95","medium","","",""
"squadEditor.renamePromptLabel","squadEditor","ui","New squad name","Yeni kadro adı","","19","medium","","",""
"squadEditor.renameButton","squadEditor","ui","Rename","Yeniden adlandır","","12","medium","","",""
"squadEditor.resetButton","squadEditor","ui","Reset","Sıfırla","","12","medium","","",""
"squadEditor.rulesOutdatedNotice","squadEditor","ui","This squad was saved under an older rules version. It is shown recalculated under the current rules (saving will overwrite it with the current rules).","Bu kadro eski bir kural sürümüyle kaydedildi. Güncel kurallarla yeniden hesaplanmış hâli gösteriliyor (kaydetmek, güncel kurallarla üzerine yazar).","","","medium","","",""
"squadEditor.loadingPlacedCardsTemplate","squadEditor","ui","Loading data for placed players… ({count})","Yerleştirilen oyuncuların verileri yükleniyor… ({count})","","","medium","","",""
"squadEditor.failedPlacedCardsTemplate","squadEditor","ui","Could not fetch information for placed players ({count}). The slot and player ID are kept.","Yerleştirilen oyuncuların bilgileri alınamadı ({count}). Slot ve oyuncu kimliği korunur.","","","high","","",""
"squadEditor.retryWithIdTemplate","squadEditor","ui","Retry (ID {id})","Yeniden dene (ID {id})","","20","medium","","",""
"squadEditor.confirmResetTemplate","squadEditor","ui","This resets all starters, bench, and manager for squad ""{name}"". Are you sure?","Bu işlem ""{name}"" kadrosundaki tüm ilk 11 oyuncularını, yedekleri ve teknik direktörü sıfırlar. Emin misiniz?","","","high","","",""
"squadEditor.confirmResetButton","squadEditor","ui","Reset","Sıfırla","","12","high","","",""
"squadEditor.cancelActionButton","squadEditor","ui","Cancel","İptal","","12","medium","","",""
"squadEditor.mobileTabPitch","squadEditor","ui","Pitch","Saha","","12","medium","","",""
"squadEditor.mobileTabBench","squadEditor","ui","Bench","Yedekler","","12","medium","","",""
"squadEditor.mobileTabManager","squadEditor","ui","Manager","Teknik direktör","","12","medium","","",""
"squadEditor.mobileTabSummary","squadEditor","ui","Summary","Özet","","12","medium","","",""
"squadEditor.mobileTabLinkUp","squadEditor","ui","Link-Up","Link-Up","","12","medium","","",""
"squadEditor.moveBannerTemplate","squadEditor","ui","Moving {name}. Select an empty slot to move, an occupied slot to swap, or the bench to move to the bench (Esc to cancel).","Taşınan oyuncu: {name}. Taşımak için boş bir slot, yer değiştirmek için dolu bir slot veya yedeklere almak için yedek kulübesini seçin (iptal için Esc).","","","medium","","",""
"squadEditor.moveBannerFallbackName","squadEditor","ui","Player","Oyuncu","","12","medium","","",""
"squadEditor.moveBannerCancel","squadEditor","ui","Cancel","İptal","","12","medium","","",""
"squadEditor.undoBannerTemplate","squadEditor","ui","Last action: {label}","Son işlem: {label}","","26","medium","","",""
"squadEditor.undoButton","squadEditor","ui","Undo","Geri al","","12","medium","","",""
"squadEditor.pendingAlreadyPlacedTemplate","squadEditor","ui","{name} is already in this squad.","Bu oyuncu zaten bu kadroda: {name}","","","medium","","",""
"squadEditor.pendingOkButton","squadEditor","ui","OK","Tamam","","12","medium","","",""
"squadEditor.pendingChooseTargetTemplate","squadEditor","ui","Choose where to add {name} (tap an open pitch slot, or add to the bench).","Eklenecek oyuncu: {name}. Nereye ekleneceğini seçin (sahada boş bir slota dokunun veya yedeklere ekleyin).","","","medium","","",""
"squadEditor.pendingBuildNameTemplate","squadEditor","ui","Build to use: {buildName}","Kullanılacak build: {buildName}","","","medium","","",""
"squadEditor.pendingAddToBenchButton","squadEditor","ui","Add to bench","Yedeklere ekle","","16","medium","","",""
"squadEditor.pendingCancelButton","squadEditor","ui","Cancel","İptal","","12","medium","","",""
"squadEditor.pendingBuildNotFoundText","squadEditor","ui","The selected saved build could not be found.","Seçilen kayıtlı build bulunamadı.","","","medium","","",""
"squadEditor.pendingGoToMyTeamLink","squadEditor","ui","Back to My Team","Takımım'a dön","","20","medium","","",""
"squadEditor.placementAidLabel","squadEditor","ui","Placement aids:","Yerleşim yardımları:","","20","medium","","",""
"squadEditor.snapToggleTemplate","squadEditor","ui","Snap {state}","Hizalama {state}","","16","medium","","",""
"squadEditor.guidesToggleTemplate","squadEditor","ui","Guides {state}","Kılavuzlar {state}","","19","medium","","",""
"squadEditor.gridToggleTemplate","squadEditor","ui","Grid {state}","Izgara {state}","","16","medium","","",""
"squadEditor.mirrorPlacementButton","squadEditor","ui","Mirror placement","Yerleşimi aynala","","21","medium","","",""
"squadEditor.toastWarningsParenTemplate","squadEditor","ui"," ({warnings})"," ({warnings})","","17","high","","",""
"squadEditor.copyPlacementButton","squadEditor","ui","Copy placement","Yerleşimi kopyala","","19","medium","","",""
"squadEditor.pastePlacementButton","squadEditor","ui","Paste placement","Yerleşimi yapıştır","","20","medium","","",""
"squadEditor.placementCopiedTemplate","squadEditor","ui","Placement copied (paste it into any squad with the same formation, {formationId}).","Yerleşim kopyalandı (aynı dizilişteki herhangi bir kadroya yapıştırabilirsiniz: {formationId}).","","","medium","","",""
"squadEditor.placementPasted","squadEditor","ui","Pasted the placement (players, builds, captain and other settings are unchanged).","Yerleşim yapıştırıldı (oyuncular, buildler, kaptan ve diğer ayarlar değişmedi).","","","medium","","",""
"squadEditor.placementPasteMismatchTemplate","squadEditor","ui","The copied placement is for {formationId}. It can only be pasted into a squad with the same formation.","Kopyalanan yerleşimin dizilişi: {formationId}. Yalnızca aynı dizilişteki bir kadroya yapıştırılabilir.","","","medium","","",""
"squadEditor.placementCopyFailed","squadEditor","ui","Placement cannot be copied in this environment (browser storage is unavailable).","Bu ortamda yerleşim kopyalanamıyor (tarayıcı depolaması kullanılamıyor).","","","high","","",""
"squadEditor.multiSelectToggleTemplate","squadEditor","ui","Multi-select {state}","Çoklu seçim {state}","","26","medium","","",""
"squadEditor.multiSelectHint","squadEditor","ui","Tap players on the pitch to select them (tap again to deselect). You can align, space evenly or mirror only the selected players.","Seçmek için sahadaki oyunculara dokunun (seçimi kaldırmak için yeniden dokunun). Yalnızca seçilen oyuncuları hizalayabilir, eşit aralıklandırabilir veya aynalayabilirsiniz.","","","medium","","",""
"squadEditor.multiSelectCountTemplate","squadEditor","ui","Selected: {count}","Seçilen: {count}","","23","medium","","",""
"squadEditor.alignRowButton","squadEditor","ui","Align in a row","Yatay hizala","","19","medium","","",""
"squadEditor.alignColumnButton","squadEditor","ui","Align in a column","Dikey hizala","","23","medium","","",""
"squadEditor.distributeXButton","squadEditor","ui","Space evenly left-right","Sağ-sol eşit aralık","","30","medium","","",""
"squadEditor.distributeYButton","squadEditor","ui","Space evenly top-bottom","Üst-alt eşit aralık","","30","medium","","",""
"squadEditor.mirrorSelectedButton","squadEditor","ui","Mirror selection","Seçimi aynala","","21","medium","","",""
"squadEditor.clearSelectionButton","squadEditor","ui","Clear selection","Seçimi temizle","","20","medium","","",""
"squadEditor.placementAssistAppliedTemplate","squadEditor","ui","{action} ({count} players)","{action} (oyuncu: {count})","","","medium","","",""
"squadEditor.placementAssistNoChange","squadEditor","ui","Already in that arrangement.","Zaten bu düzende.","","","medium","","",""
"squadEditor.placementAssistMinTemplate","squadEditor","ui","Select at least {min} players for “{action}”.","“{action}” için en az {min} oyuncu seçin.","","","medium","","",""
"squadEditor.resetToFormationButton","squadEditor","ui","Reset to formation positions","Diziliş konumlarına sıfırla","","37","medium","","",""
"squadEditor.pitchCaptionMain","squadEditor","ui","Tap a slot to add or change a player. Player cards can be dragged to any position on the pitch, and the placement role is inferred automatically from the position. When Snap is ON, positions weakly snap to nearby lines, the center, or symmetric positions (hold Alt while dragging to disable temporarily).","Oyuncu eklemek veya değiştirmek için bir slota dokunun. Oyuncu kartları sahada istenen konuma sürüklenebilir; yerleşim rolü konumdan otomatik olarak çıkarılır. Hizalama AÇIK olduğunda konumlar yakındaki hatlara, ortaya veya simetrik konumlara hafifçe yapışır (geçici olarak kapatmak için sürüklerken Alt tuşunu basılı tutun).","","","medium","","",""
"squadEditor.pitchLegendMatch","squadEditor","ui","Match / ","Uygun / ","","12","medium","","",""
"squadEditor.pitchLegendUnresolved","squadEditor","ui","Fit unconfirmed / ","Uygunluk belirsiz / ","","24","medium","","",""
"squadEditor.pitchLegendMismatch","squadEditor","ui","Possible mismatch","Uyumsuz olabilir","","23","medium","","",""
"squadEditor.confirmMirrorText","squadEditor","ui","This mirrors the starting lineup's placement left-right (x → 100−x). Players, progression builds, booster settings, captain, set-piece roles, and bench are kept.","Bu işlem ilk 11 yerleşimini sağ-sol aynalar (x → 100−x). Oyuncular, gelişim buildleri, güçlendirici ayarları, kaptan, duran top rolleri ve yedekler korunur.","","","high","","",""
"squadEditor.confirmMirrorButton","squadEditor","ui","Mirror","Aynala","","12","high","","",""
"squadEditor.confirmResetPosTemplate","squadEditor","ui","This resets free player placement to the current formation's ({formationId}) starting positions. Players, bench, progression builds, booster settings, captain, and set-piece roles are not removed.","Bu işlem serbest oyuncu yerleşimini mevcut dizilişin başlangıç konumlarına sıfırlar ({formationId}). Oyuncular, yedekler, gelişim buildleri, güçlendirici ayarları, kaptan ve duran top rolleri kaldırılmaz.","","","high","","",""
"squadEditor.confirmResetPosButton","squadEditor","ui","Reset to starting positions","Başlangıç konumlarına sıfırla","","36","high","","",""
"squadEditor.posAdjustBanner","squadEditor","ui","Position adjust mode: tap the pitch, or use arrow keys (hold Shift for larger steps) to move. Press Enter or the button again to confirm, Esc to exit.","Konum ayarlama modu: taşımak için sahaya dokunun veya ok tuşlarını kullanın (daha büyük adımlar için Shift'i basılı tutun). Onaylamak için Enter'a ya da düğmeye yeniden basın, çıkmak için Esc.","","","medium","","",""
"squadEditor.posAdjustEndButton","squadEditor","ui","Exit","Çık","","12","medium","","",""
"squadEditor.addPlayerToSlotTitleTemplate","squadEditor","ui","Add player to {position}","Oyuncu ekle: {position}","","32","medium","","",""
"squadEditor.addPlayerToBenchTitle","squadEditor","ui","Add player to bench","Yedeklere oyuncu ekle","","25","medium","","",""
"squadEditor.addToSlotLabelTemplate","squadEditor","ui","Add to {position}","Ekle: {position}","","23","medium","","",""
"squadEditor.addToBenchLabel","squadEditor","ui","Add to bench","Yedeklere ekle","","16","medium","","",""
"squadEditor.emptySlotHeadingSuffix","squadEditor","ui"," slot"," slotu","","12","medium","","",""
"squadEditor.slotCardFetchFailedTemplate","squadEditor","ui","Could not fetch player information (card ID: {id}). The slot and player ID are kept.","Oyuncu bilgileri alınamadı (kart ID: {id}). Slot ve oyuncu kimliği korunur.","","","high","","",""
"squadEditor.retryButton","squadEditor","ui","Retry","Yeniden dene","","12","medium","","",""
"squadEditor.removeFromSlotButton","squadEditor","ui","Remove from slot","Slottan çıkar","","21","medium","","",""
"squadEditor.slotCardLoadingTemplate","squadEditor","ui","Loading player data… (card ID: {id})","Oyuncu verileri yükleniyor… (kart ID: {id})","","","medium","","",""
"squadEditor.selectSlotHint","squadEditor","ui","Select a slot to edit that player's progression build, fit, and manager corrections.","O oyuncunun gelişim buildini, uygunluğunu ve teknik direktör düzeltmelerini düzenlemek için bir slot seçin.","","","medium","","",""
"squadEditor.compareHeading","squadEditor","ui","Compare (up to 4 players)","Karşılaştır (en fazla 4 oyuncu)","","33","medium","","",""
"squadEditor.compareSelectedCountTemplate","squadEditor","ui","Selected: {count}","Seçilen: {count}","","23","medium","","",""
"squadEditor.compareSelectedHint","squadEditor","ui","(Select via ""Add to compare"" on each player panel)","(Her oyuncu panelindeki ""Karşılaştırmaya ekle"" ile seçin)","","","medium","","",""
"squadEditor.compareGoLink","squadEditor","ui","Go to compare (carries over progression and manager)","Karşılaştırmaya git (gelişim ve teknik direktör aktarılır)","","","medium","","",""
"squadEditor.compareClearButton","squadEditor","ui","Clear selection","Seçimi temizle","","20","medium","","",""
"squadEditor.roleSettingsHeading","squadEditor","ui","Role Settings","Rol Ayarları","","17","medium","","",""
"squadEditor.captainLabel","squadEditor","ui","Captain","Kaptan","","12","medium","","",""
"squadEditor.roleUnsetOption","squadEditor","ui","Not set","Ayarlanmadı","","12","medium","","",""
"squadEditor.freeKickLabel","squadEditor","ui","Free kicks","Serbest vuruşlar","","13","medium","","",""
"squadEditor.cornerLabel","squadEditor","ui","Corners","Kornerler","","12","medium","","",""
"squadEditor.penaltyLabel","squadEditor","ui","Penalties","Penaltılar","","12","medium","","",""
"squadEditor.roleAutoClearNote","squadEditor","ui","This is cleared automatically if the assigned player leaves the starting lineup (not transferred to another player).","Atanan oyuncu ilk 11'den çıkarsa bu ayar otomatik olarak temizlenir (başka bir oyuncuya aktarılmaz).","","","medium","","",""
"squadEditor.warningsHeadingTemplate","squadEditor","ui","Warnings / Notes ({count})","Uyarılar / Notlar ({count})","","","high","","",""
"squadEditor.skeletonLoading","squadEditor","ui","Loading squad…","Kadro yükleniyor…","","19","medium","","",""
"squadEditor.starterFallbackLabel","squadEditor","ui","Starter","İlk 11","","12","medium","","",""
"squadEditor.starterSlotFallbackLabel","squadEditor","ui","Starter slot","İlk 11 slotu","","16","medium","","",""
"squadEditor.benchAreaFallbackLabel","squadEditor","ui","Bench","Yedekler","","12","medium","","",""
"squadList.pageTitle","squadList","metadata","Squads","Kadrolar","","12","medium","","",""
"squadList.pageDescriptionTemplate","squadList","ui","Build a squad with 11 starters and a bench, and check formation, progression builds, manager boosters, and Link-Up Play conditions. Supported formations: {formations}.","11 kişilik ilk 11 ve yedeklerle bir kadro kurun; dizilişi, gelişim buildlerini, teknik direktör güçlendiricilerini ve Link-Up Play koşullarını kontrol edin. Desteklenen dizilişler: {formations}.","","","medium","","",""
"squadList.goToCompareLink","squadList","ui","Go to player compare","Oyuncu karşılaştırmaya git","","26","medium","","",""
"squadList.pendingCardBannerBoldTemplate","squadList","ui","My Team's card ""{name}""","Takımım kartı ""{name}""","","30","medium","","",""
"squadList.pendingCardBannerNameLoading","squadList","ui","Loading…","Yükleniyor…","","12","medium","","",""
"squadList.pendingCardBannerSuffix","squadList","ui"," — choose a squad to add it to (use ""Add this card"" on each squad). After opening a squad, tap an empty slot to add it there."," — eklenecek kadroyu seçin (her kadrodaki ""Bu kartı ekle"" seçeneğini kullanın). Bir kadroyu açtıktan sonra eklemek için boş bir slota dokunun.","","","medium","","",""
"squadList.pendingCardDetailLink","squadList","ui","This player's detail","Bu oyuncunun detayı","","26","medium","","",""
"squadList.scopeLoadingMessage","squadList","ui","Checking your account…","Hesabınız kontrol ediliyor…","","29","medium","","",""
"squadList.noStorageTitle","squadList","ui","This environment cannot save squads","Bu ortamda kadrolar kaydedilemez","","46","medium","","",""
"squadList.noStorageDescription","squadList","ui","This browser's localStorage cannot be used (e.g. private browsing mode). Squads are saved only in this device's browser.","Bu tarayıcının localStorage alanı kullanılamıyor (ör. gizli tarama modu). Kadrolar yalnızca bu cihazın tarayıcısında kaydedilir.","","","medium","","",""
"squadList.templateNamePrompt","squadList","ui","Template name","Şablon adı","","17","medium","","",""
"squadList.templateNamePromptSuffix","squadList","ui"," Template"," Şablon","","12","medium","","",""
"squadList.defaultNewSquadName","squadList","ui","New Squad","Yeni kadro","","12","medium","","",""
"squadList.createFormHeading","squadList","ui","Create a New Squad","Yeni kadro oluştur","","24","medium","","",""
"squadList.squadNameLabel","squadList","ui","Squad name","Kadro adı","","13","medium","","",""
"squadList.squadNameAriaLabel","squadList","accessibility","New squad name","Yeni kadro adı","","19","high","","",""
"squadList.squadNamePlaceholder","squadList","ui","e.g. Main Squad (1-50 characters)","ör. Ana kadro (1-50 karakter)","","43","medium","","",""
"squadList.formationLabel","squadList","ui","Formation","Diziliş","","12","medium","","",""
"squadList.createAndEditButton","squadList","ui","Create and edit","Oluştur ve düzenle","","20","medium","","",""
"squadList.heroHeading","squadList","ui","Build a squad with 11 starters + bench","İlk 11 + yedeklerle bir kadro kurun","","50","medium","","",""
"squadList.heroDescription","squadList","ui","Choose a formation and place players from all World cards. Check progression builds, manager corrections, and Link-Up Play conditions on one screen. Calculations reuse the existing progression and manager engines (rules are still being verified). Squads are saved only in this device's browser (localStorage).","Bir diziliş seçin ve tüm World kartlarından oyuncu yerleştirin. Gelişim buildlerini, teknik direktör düzeltmelerini ve Link-Up Play koşullarını tek ekranda kontrol edin. Hesaplamalar mevcut gelişim ve teknik direktör motorlarını kullanır (kurallar hâlâ doğrulanıyor). Kadrolar yalnızca bu cihazın tarayıcısında (localStorage) kaydedilir.","","","medium","","",""
"squadList.createFirstSquadButton","squadList","ui","Create your first squad","İlk kadronuzu oluşturun","","30","medium","","",""
"squadList.createNewSquadButton","squadList","ui","Create a new squad","Yeni kadro oluştur","","24","medium","","",""
"squadList.goToCompareButton","squadList","ui","Go to player compare","Oyuncu karşılaştırmaya git","","26","medium","","",""
"squadList.savedSquadsHeadingTemplate","squadList","ui","Saved Squads{counts}","Kayıtlı kadrolar{counts}","","26","medium","","",""
"squadList.compareSquadsLink","squadList","ui","Compare squads","Kadroları karşılaştır","","19","medium","","",""
"squadList.templateListLink","squadList","ui","Template list","Şablon listesi","","17","medium","","",""
"squadList.searchByNamePlaceholder","squadList","ui","Search by squad name","Kadro adına göre ara","","26","medium","","",""
"squadList.searchByNameAriaLabel","squadList","accessibility","Search by squad name","Kadro adına göre ara","","26","high","","",""
"squadList.searchByPlayerPlaceholder","squadList","ui","Player World ID","Oyuncu World ID","","20","medium","","",""
"squadList.searchByPlayerAriaLabel","squadList","accessibility","Filter by player World ID","Oyuncu World ID'sine göre filtrele","","33","high","","",""
"squadList.formationFilterAriaLabel","squadList","accessibility","Filter by formation","Dizilişe göre filtrele","","25","high","","",""
"squadList.formationFilterAll","squadList","ui","All formations","Tüm dizilişler","","19","medium","","",""
"squadList.customFilterAriaLabel","squadList","accessibility","Filter by custom placement","Özel yerleşime göre filtrele","","34","high","","",""
"squadList.customFilterAll","squadList","ui","Placement: All","Yerleşim: Tümü","","19","medium","","",""
"squadList.customFilterYes","squadList","ui","Has custom placement","Özel yerleşimli","","26","medium","","",""
"squadList.customFilterNo","squadList","ui","Preset placement","Hazır yerleşim","","21","medium","","",""
"squadList.sortAriaLabel","squadList","accessibility","Sort","Sırala","","12","high","","",""
"squadList.sortUpdatedDesc","squadList","ui","Recently updated","En son güncellenen","","21","medium","","",""
"squadList.sortCreatedDesc","squadList","ui","Recently created","En son oluşturulan","","21","medium","","",""
"squadList.sortName","squadList","ui","By name","Ada göre","","12","medium","","",""
"squadList.sortFormation","squadList","ui","By formation","Dizilişe göre","","16","medium","","",""
"squadList.loading","squadList","ui","Loading…","Yükleniyor…","","12","medium","","",""
"squadList.emptyTitle","squadList","ui","No saved squads","Kayıtlı kadro yok","","20","medium","","",""
"squadList.emptyDescription","squadList","ui","Use the form above to create your first squad.","İlk kadronuzu oluşturmak için yukarıdaki formu kullanın.","","","medium","","",""
"squadList.noResultsMatchFilter","squadList","ui","No squads match your criteria.","Ölçütlerinize uyan kadro yok.","","","medium","","",""
"squadList.customPositioningBadge","squadList","ui","Custom placement","Özel yerleşim","","21","medium","","",""
"squadList.startingCountTemplate","squadList","ui","Starters {count}/11","İlk 11 {count}/11","","25","medium","","",""
"squadList.benchCountTemplate","squadList","ui","Bench {count}","Yedek {count}","","17","medium","","",""
"squadList.hasManagerLabel","squadList","ui","Has manager","Teknik direktörlü","","15","medium","","",""
"squadList.noManagerLabel","squadList","ui","No manager","Teknik direktörsüz","","13","medium","","",""
"squadList.updatedAtTemplate","squadList","ui","Updated {date}","Güncelleme: {date}","","19","medium","","",""
"squadList.outdatedRulesBadge","squadList","ui","Saved under outdated rules","Eski kurallarla kaydedildi","","34","medium","","",""
"squadList.addThisCardLink","squadList","ui","Add this card","Bu kartı ekle","","17","medium","","",""
"squadList.openLink","squadList","ui","Open","Aç","","12","medium","","",""
"squadList.compareLink","squadList","ui","Compare","Karşılaştır","","12","medium","","",""
"squadList.compareLinkTitle","squadList","ui","Go to the compare screen with this squad as A","Bu kadroyu A olarak karşılaştırma ekranına git","","59","medium","","",""
"squadList.duplicateButton","squadList","ui","Duplicate","Çoğalt","","12","medium","","",""
"squadList.saveAsTemplateButton","squadList","ui","Save as template","Şablon olarak kaydet","","21","medium","","",""
"squadList.renameButton","squadList","ui","Rename","Yeniden adlandır","","12","medium","","",""
"squadList.deleteButton","squadList","ui","Delete","Sil","","12","high","","",""
"squadList.renamePrompt","squadList","ui","New squad name","Yeni kadro adı","","19","medium","","",""
"squadList.deleteConfirmTemplate","squadList","ui","This deletes squad ""{name}"". Are you sure? (Local browser data on this device only.)","""{name}"" adlı kadro silinecek. Emin misiniz? (Yalnızca bu cihazdaki yerel tarayıcı verileri.)","","","high","","",""
"squadList.deleteConfirmButton","squadList","ui","Delete","Sil","","12","high","","",""
"squadList.deleteCancelButton","squadList","ui","Cancel","İptal","","12","high","","",""
"squadList.deleteFailedFallback","squadList","ui","Failed to delete.","Silinemedi.","","23","high","","",""
"myTeamBuildPanel.modalTitle","myTeamBuildPanel","ui","Choose Saved Build","Kayıtlı Build Seç","","24","medium","","",""
"myTeamBuildPanel.intro","myTeamBuildPanel","ui","Check and change the selected build and favorite build for this card. The selected build and favorite build are independent of each other. Only the My Team setting is changed — this is not automatically applied to saved squads or the card's own favorite.","Bu kartın seçili buildini ve favori buildini kontrol edin ve değiştirin. Seçili build ve favori build birbirinden bağımsızdır. Yalnızca Takımım ayarı değişir; kayıtlı kadrolara veya kartın kendi favorisine otomatik olarak uygulanmaz.","","","medium","","",""
"myTeamBuildPanel.cardDetailAriaTemplate","myTeamBuildPanel","accessibility","Player detail for {name}","Oyuncu detayı: {name}","","32","high","","",""
"myTeamBuildPanel.cardImageAltTemplate","myTeamBuildPanel","ui","Card image for {name}","Kart görseli: {name}","","28","medium","","",""
"myTeamBuildPanel.cardImageAltGeneric","myTeamBuildPanel","ui","Card image","Kart görseli","","13","medium","","",""
"myTeamBuildPanel.cardTypeUnknown","myTeamBuildPanel","ui","Unknown card type","Bilinmeyen kart türü","","23","medium","","",""
"myTeamBuildPanel.registeredPositionUnknown","myTeamBuildPanel","ui","Unknown registered position","Bilinmeyen kayıtlı mevki","","","medium","","",""
"myTeamBuildPanel.currentSettingsHeading","myTeamBuildPanel","ui","Current Settings","Mevcut Ayarlar","","21","medium","","",""
"myTeamBuildPanel.selectedBuildLabel","myTeamBuildPanel","ui","Selected build: ","Seçili build: ","","21","medium","","",""
"myTeamBuildPanel.favoriteBuildLabel","myTeamBuildPanel","ui","Favorite build: ","Favori build: ","","21","medium","","",""
"myTeamBuildPanel.noneLabel","myTeamBuildPanel","ui","None","Yok","","12","medium","","",""
"myTeamBuildPanel.selectedMissingTemplate","myTeamBuildPanel","ui","Selected build not found (deleted · buildId {id})","Seçili build bulunamadı (silindi · buildId {id})","","","medium","","",""
"myTeamBuildPanel.favoriteMissingTemplate","myTeamBuildPanel","ui","Favorite build not found (deleted · buildId {id})","Favori build bulunamadı (silindi · buildId {id})","","","medium","","",""
"myTeamBuildPanel.buildIdSuffixTemplate","myTeamBuildPanel","ui"," (buildId {id})"," (buildId {id})","","20","medium","","",""
"myTeamBuildPanel.clearSelectedButton","myTeamBuildPanel","ui","Clear selection","Seçimi temizle","","20","medium","","",""
"myTeamBuildPanel.clearFavoriteButton","myTeamBuildPanel","ui","Clear favorite","Favoriyi temizle","","19","medium","","",""
"myTeamBuildPanel.ownershipUsageTemplate","myTeamBuildPanel","ui","Ownership: {ownership} / Usage: {usage}","Sahiplik: {ownership} / Kullanım: {usage}","","","medium","","",""
"myTeamBuildPanel.unknownValuePlaceholder","myTeamBuildPanel","ui","—","—","","12","medium","","",""
"myTeamBuildPanel.savedBuildCountTemplate","myTeamBuildPanel","ui","{count} saved build(s)","Kayıtlı build: {count}","","29","medium","","",""
"myTeamBuildPanel.storageUnavailable","myTeamBuildPanel","ui","Cannot save in this browser (localStorage unavailable). Setting/clearing is disabled.","Bu tarayıcıda kaydedilemiyor (localStorage kullanılamıyor). Ayarlama/temizleme devre dışı.","","","medium","","",""
"myTeamBuildPanel.staleNotice","myTeamBuildPanel","ui","Data was changed in another tab.","Veriler başka bir sekmede değiştirildi.","","","medium","","",""
"myTeamBuildPanel.reloadButton","myTeamBuildPanel","ui","Reload","Yeniden yükle","","12","medium","","",""
"myTeamBuildPanel.confirmClearAria","myTeamBuildPanel","accessibility","Confirm clear","Temizlemeyi onayla","","17","high","","",""
"myTeamBuildPanel.confirmClearTextTemplate","myTeamBuildPanel","ui","This clears the {field} ""{name}"" (resets {fieldKey} to unset).","Bu işlem şunu temizler: {field} ""{name}"" ({fieldKey} ayarlanmamış duruma döner).","","","high","","",""
"myTeamBuildPanel.confirmClearUnchangedTemplate","myTeamBuildPanel","ui","{otherField}, ownership status, usage status, tags, note, registration date, the saved build itself, squads, and the card's own favorite are not changed.","Değişmeyenler: {otherField}, sahiplik durumu, kullanım durumu, etiketler, not, kayıt tarihi, kayıtlı buildin kendisi, kadrolar ve kartın kendi favorisi.","","","high","","",""
"myTeamBuildPanel.confirmClearButton","myTeamBuildPanel","ui","Clear","Temizle","","12","high","","",""
"myTeamBuildPanel.cancelButton","myTeamBuildPanel","ui","Cancel","İptal","","12","medium","","",""
"myTeamBuildPanel.emptyBuildsHeading","myTeamBuildPanel","ui","No saved builds","Kayıtlı build yok","","20","medium","","",""
"myTeamBuildPanel.emptyBuildsBody","myTeamBuildPanel","ui","Adjust progression in player detail or player compare, then add one via ""Save this build"".","Gelişimi oyuncu detayında veya oyuncu karşılaştırmasında ayarlayın, ardından ""Bu buildi kaydet"" ile ekleyin.","","","medium","","",""
"myTeamBuildPanel.playerDetailLink","myTeamBuildPanel","ui","This card's player detail","Bu kartın oyuncu detayı","","","medium","","",""
"myTeamBuildPanel.progressionTabLink","myTeamBuildPanel","ui","Open Progression tab","Gelişim sekmesini aç","","26","medium","","",""
"myTeamBuildPanel.compareLink","myTeamBuildPanel","ui","Open player compare","Oyuncu karşılaştırmasını aç","","25","medium","","",""
"myTeamBuildPanel.myBuildsLink","myTeamBuildPanel","ui","Open My Builds","Buildlerim'i aç","","19","medium","","",""
"myTeamBuildPanel.searchLabel","myTeamBuildPanel","ui","Search saved builds (build name / buildId)","Kayıtlı buildlerde ara (build adı / buildId)","","55","medium","","",""
"myTeamBuildPanel.searchPlaceholder","myTeamBuildPanel","ui","Finisher / b_xxxx","Bitirici / b_xxxx","","23","medium","","",""
"myTeamBuildPanel.searchAriaLabel","myTeamBuildPanel","accessibility","Search saved builds","Kayıtlı buildlerde ara","","25","high","","",""
"myTeamBuildPanel.noSearchResults","myTeamBuildPanel","ui","No saved builds match your criteria.","Ölçütlerinize uyan kayıtlı build yok.","","","medium","","",""
"myTeamBuildPanel.manageInMyBuilds","myTeamBuildPanel","ui","Manage in My Builds","Buildlerim'de yönet","","25","medium","","",""
"myTeamBuildPanel.createBuildInProgression","myTeamBuildPanel","ui","Create a build in Progression","Gelişim'de build oluştur","","","medium","","",""
"myTeamBuildPanel.closeButton","myTeamBuildPanel","ui","Close","Kapat","","12","medium","","",""
"myTeamBuildPanel.footerNote","myTeamBuildPanel","ui","Renaming, duplicating, deleting, creating, and editing allocations is done in My Builds / player detail. This panel only sets or clears the selected build and favorite build.","Yeniden adlandırma, çoğaltma, silme, oluşturma ve dağılım düzenleme Buildlerim / oyuncu detayında yapılır. Bu panel yalnızca seçili buildi ve favori buildi ayarlar veya temizler.","","","medium","","",""
"myTeamBuildPanel.alreadySelectedNotice","myTeamBuildPanel","ui","This is already the selected build.","Bu zaten seçili build.","","","medium","","",""
"myTeamBuildPanel.alreadyFavoriteNotice","myTeamBuildPanel","ui","This is already the favorite build.","Bu zaten favori build.","","","medium","","",""
"myTeamBuildPanel.setFailedTemplate","myTeamBuildPanel","ui","Could not set: {error}","Ayarlanamadı: {error}","","29","high","","",""
"myTeamBuildPanel.unknownError","myTeamBuildPanel","ui","Unknown error","Bilinmeyen hata","","17","high","","",""
"myTeamBuildPanel.setSelectedSuccessTemplate","myTeamBuildPanel","ui","Set ""{name}"" as the selected build. The favorite build was not changed.","""{name}"" seçili build olarak ayarlandı. Favori build değiştirilmedi.","","","medium","","",""
"myTeamBuildPanel.setFavoriteSuccessTemplate","myTeamBuildPanel","ui","Set ""{name}"" as the favorite build. The selected build was not changed.","""{name}"" favori build olarak ayarlandı. Seçili build değiştirilmedi.","","","medium","","",""
"myTeamBuildPanel.clearFailedTemplate","myTeamBuildPanel","ui","Could not clear: {error}","Temizlenemedi: {error}","","32","high","","",""
"myTeamBuildPanel.clearSelectedSuccess","myTeamBuildPanel","ui","Cleared the selected build. Favorite build, ownership status, usage status, tags, and note were not changed.","Seçili build temizlendi. Favori build, sahiplik durumu, kullanım durumu, etiketler ve not değiştirilmedi.","","","medium","","",""
"myTeamBuildPanel.clearFavoriteSuccess","myTeamBuildPanel","ui","Cleared the favorite build. Selected build, ownership status, usage status, tags, and note were not changed.","Favori build temizlendi. Seçili build, sahiplik durumu, kullanım durumu, etiketler ve not değiştirilmedi.","","","medium","","",""
"myTeamBuildPanel.deletedBuildFallback","myTeamBuildPanel","ui","(deleted build)","(silinmiş build)","","20","high","","",""
"myTeamBuildPanel.selectedBadge","myTeamBuildPanel","ui","Selected","Seçili","","12","medium","","",""
"myTeamBuildPanel.favoriteBadge","myTeamBuildPanel","ui","Favorite","Favori","","12","medium","","",""
"myTeamBuildPanel.selectedBuildNoun","myTeamBuildPanel","ui","selected build","seçili build","","19","medium","","",""
"myTeamBuildPanel.favoriteBuildNoun","myTeamBuildPanel","ui","favorite build","favori build","","19","medium","","",""
"myTeamBuildPanel.allocationRowLabel","myTeamBuildPanel","ui","Progression allocation: ","Gelişim dağılımı: ","","32","medium","","",""
"myTeamBuildPanel.noAllocationBase","myTeamBuildPanel","ui","No allocation (base abilities)","Dağılım yok (temel özellikler)","","","medium","","",""
"myTeamBuildPanel.allAllocationSummary","myTeamBuildPanel","ui","All allocations (10 categories)","Tüm dağılımlar (10 kategori)","","","medium","","",""
"myTeamBuildPanel.pointsUsedNoTotalTemplate","myTeamBuildPanel","ui","Used {used} pt / Total —","Kullanılan {used} pt / Toplam —","","32","medium","","",""
"myTeamBuildPanel.pointsUsedTotalTemplate","myTeamBuildPanel","ui","Used {used} / Total {total} pt","Kullanılan {used} / Toplam {total} pt","","","medium","","",""
"myTeamBuildPanel.remainingUnknown","myTeamBuildPanel","ui","Remaining —","Kalan —","","15","medium","","",""
"myTeamBuildPanel.remainingTemplate","myTeamBuildPanel","ui","Remaining {remaining} pt","Kalan {remaining} pt","","32","medium","","",""
"myTeamBuildPanel.overAllocated","myTeamBuildPanel","ui","Over-allocated","Fazla dağıtılmış","","19","medium","","",""
"myTeamBuildPanel.pomRowLabel","myTeamBuildPanel","ui","Power of Many (user-specified): ","Power of Many (kullanıcı belirledi): ","","42","medium","","",""
"myTeamBuildPanel.pomUnspecified","myTeamBuildPanel","ui","Not specified","Belirtilmedi","","17","medium","","",""
"myTeamBuildPanel.experimentalLabel","myTeamBuildPanel","ui"," / Experimental estimate: "," / Deneysel tahmin: ","","34","medium","","",""
"myTeamBuildPanel.yes","myTeamBuildPanel","ui","Yes","Evet","","12","medium","","",""
"myTeamBuildPanel.no","myTeamBuildPanel","ui","No","Hayır","","12","medium","","",""
"myTeamBuildPanel.estimatedOvrLabel","myTeamBuildPanel","ui","Estimated OVR at save time: ","Kayıt anındaki tahmini OVR: ","","37","medium","","",""
"myTeamBuildPanel.calcModeConfirmed","myTeamBuildPanel","ui","Base value only","Yalnızca temel değer","","20","high","","",""
"myTeamBuildPanel.calcModeUnsupported","myTeamBuildPanel","ui","Cannot calculate","Hesaplanamıyor","","21","medium","","",""
"myTeamBuildPanel.calcModeProvisional","myTeamBuildPanel","ui","Provisional rule","Geçici kural","","21","medium","","",""
"myTeamBuildPanel.totalOvrPlaceholder","myTeamBuildPanel","ui","Overall (position-specific OVR): — (calculation rule under review)","Genel (mevkiye özel OVR): — (hesaplama kuralı inceleniyor)","","86","medium","","",""
"myTeamBuildPanel.createdUpdatedTemplate","myTeamBuildPanel","ui","Created {created} / Updated {updated}","Oluşturma {created} / Güncelleme {updated}","","","medium","","",""
"myTeamBuildPanel.setSelectedButton","myTeamBuildPanel","ui","Set as selected build","Seçili build yap","","28","medium","","",""
"myTeamBuildPanel.setFavoriteButton","myTeamBuildPanel","ui","Set as favorite build","Favori build yap","","28","medium","","",""
"radarAxis.attack","radarAxis","ui","Shooting","Şut","","12","medium","","",""
"radarAxis.pass","radarAxis","ui","Passing","Pas","","12","medium","","",""
"radarAxis.dribble","radarAxis","ui","Dribbling","Top sürme","","12","medium","","",""
"radarAxis.defense","radarAxis","ui","Defense","Savunma","","12","medium","","",""
"radarAxis.physical","radarAxis","ui","Physical","Fizik","","12","medium","","",""
"radarAxis.speed","radarAxis","ui","Speed","Hız","","12","medium","","",""
"radarAxis.gk","radarAxis","ui","GK","GK","","12","medium","","",""
"radarMode.base","radarMode","ui","Base","Temel","","12","medium","","",""
"radarMode.progressed","radarMode","ui","Progressed","Gelişmiş","","13","medium","","",""
"radarMode.standard","radarMode","ui","Standard","Standart","","12","medium","","",""
"radarMode.conditional","radarMode","ui","Post-condition","Koşul sonrası","","19","medium","","",""
"radarMode.experimental","radarMode","ui","Experimental","Deneysel","","16","medium","","",""
"myBuildCard.selectPlayerDetailAriaTemplate","myBuildCard","accessibility","Player detail for {name}","Oyuncu detayı: {name}","","32","high","","",""
"myBuildCard.cardImageAltResolving","myBuildCard","ui","Card image (resolving)","Kart görseli (alınıyor)","","29","medium","","",""
"myBuildCard.maxBaseOvrTemplate","myBuildCard","ui","Max {max} / Base {base}","Maks. {max} / Temel {base}","","30","medium","","",""
"myBuildCard.fetchFailedNote","myBuildCard","ui","Could not fetch card information. Please reload in a moment (the build is kept).","Kart bilgileri alınamadı. Lütfen biraz sonra yeniden yükleyin (build korunur).","","","high","","",""
"myBuildCard.allocationHeading","myBuildCard","ui","Progression Allocation","Gelişim dağılımı","","29","medium","","",""
"myBuildCard.viewAllAllocationsSummary","myBuildCard","ui","View all allocations (10 categories)","Tüm dağılımları gör (10 kategori)","","","medium","","",""
"myBuildCard.legacyBuildWarningTemplate","myBuildCard","ui","Outdated-rule build (rulesVersion: {version}). No automatic conversion to current rules has been performed.","Eski kurallı build (rulesVersion: {version}). Mevcut kurallara otomatik dönüştürme yapılmadı.","","","high","","",""
"myBuildCard.playerBoosterEstimateTemplate","myBuildCard","ui","Has a player booster estimate (ID {id} · not a confirmed in-game spec)","Oyuncu güçlendiricisi tahmini var (ID {id} · doğrulanmış oyun içi özellik değil)","","","medium","","",""
"myBuildCard.estimatedOvrTemplate","myBuildCard","ui","Estimated OVR at save time: {ovr} ({mode})","Kayıt anındaki tahmini OVR: {ovr} ({mode})","","","medium","","",""
"myBuildCard.usageHeading","myBuildCard","ui","Usage","Kullanım","","12","medium","","",""
"myBuildCard.squadUsingSuffixTemplate","myBuildCard","ui"," ({areas}) — in use"," ({areas}) — kullanımda","","25","medium","","",""
"myBuildCard.squadUsingLinkTemplate","myBuildCard","ui","Squad ""{name}""","Kadro ""{name}""","","19","medium","","",""
"myBuildCard.noUsageLabel","myBuildCard","ui","Not referenced","Başvuru yok","","19","medium","","",""
"myBuildCard.playerDetailLink","myBuildCard","ui","Player detail","Oyuncu detayı","","17","medium","","",""
"myBuildCard.openProgressionLink","myBuildCard","ui","Open in Progression","Gelişimde aç","","25","medium","","",""
"myBuildCard.addToCompareButton","myBuildCard","ui","Add to compare","Karşılaştırmaya ekle","","19","medium","","",""
"myBuildCard.useInSquadLink","myBuildCard","ui","Use in squad","Kadroda kullan","","16","medium","","",""
"myBuildCard.myTeamIntegrationHeading","myBuildCard","ui","My Team Integration","Takımım entegrasyonu","","25","medium","","",""
"myBuildCard.notInMyTeamLabel","myBuildCard","ui","Not in My Team (this card is not in My Team)","Takımım'da değil (bu kart Takımım'da yok)","","58","medium","","",""
"myBuildCard.registerToMyTeamButton","myBuildCard","ui","Register to My Team","Takımım'a kaydet","","25","medium","","",""
"myBuildCard.openMyTeamLink","myBuildCard","ui","Open My Team","Takımım'ı aç","","16","medium","","",""
"myBuildCard.registerHintNote","myBuildCard","ui","When registering, you can choose ownership status, usage status, and whether to make this the selected or favorite build. Existing squads and the card's own favorite are not changed.","Kaydederken sahiplik durumunu, kullanım durumunu ve bunun seçili veya favori build olup olmayacağını seçebilirsiniz. Mevcut kadrolar ve kartın kendi favorisi değiştirilmez.","","","medium","","",""
"myBuildCard.selectedBuildLabel","myBuildCard","ui","Selected build:","Seçili build:","","20","medium","","",""
"myBuildCard.selectedInMyTeamBadge","myBuildCard","ui","Selected in My Team","Takımım'da seçili","","25","medium","","",""
"myBuildCard.clearSelectionButton","myBuildCard","ui","Clear selection","Seçimi temizle","","20","medium","","",""
"myBuildCard.useInMyTeamButton","myBuildCard","ui","Use in My Team","Takımım'da kullan","","19","medium","","",""
"myBuildCard.favoriteBuildLabel","myBuildCard","ui","Favorite build:","Favori build:","","20","medium","","",""
"myBuildCard.favoriteInMyTeamBadge","myBuildCard","ui","Favorite build in My Team","Takımım'da favori build","","33","medium","","",""
"myBuildCard.clearFavoriteButton","myBuildCard","ui","Clear favorite","Favoriyi temizle","","19","medium","","",""
"myBuildCard.setFavoriteButton","myBuildCard","ui","Set as favorite build","Favori build yap","","28","medium","","",""
"myBuildCard.favoriteHintNote","myBuildCard","ui","This is the saved build's favorite setting. The card's own favorite status and existing squads are not changed.","Bu, kayıtlı buildin favori ayarıdır. Kartın kendi favori durumu ve mevcut kadrolar değiştirilmez.","","","medium","","",""
"myBuildCard.renameButton","myBuildCard","ui","Rename","Yeniden adlandır","","12","medium","","",""
"myBuildCard.duplicateButton","myBuildCard","ui","Duplicate","Çoğalt","","12","medium","","",""
"myBuildCard.deleteButton","myBuildCard","ui","Delete","Sil","","12","high","","",""
"buildExportModal.launcherHeading","buildExportModal","ui","Export Saved Builds (Local Backup)","Kayıtlı buildleri dışa aktar (yerel yedek)","","45","medium","","",""
"buildExportModal.launcherDescription","buildExportModal","ui","Bundle your saved builds into a JSON file in this browser and save it to your device. You can export all builds or only the ones you select. Nothing is sent to a server or external service, and exporting does not change your saved builds. Supported browsers will show a save-location picker (we recommend choosing your ""Documents"" folder on Windows). Unsupported browsers will save to the usual download location.","Kayıtlı buildlerinizi bu tarayıcıda bir JSON dosyasında toplayıp cihazınıza kaydedin. Tüm buildleri veya yalnızca seçtiklerinizi dışa aktarabilirsiniz. Hiçbir şey sunucuya veya harici bir hizmete gönderilmez ve dışa aktarma kayıtlı buildlerinizi değiştirmez. Destekleyen tarayıcılar bir kayıt konumu seçicisi gösterir (Windows'ta ""Belgeler"" klasörünü seçmenizi öneririz). Desteklemeyen tarayıcılar normal indirme konumuna kaydeder.","","","medium","","",""
"buildExportModal.launcherButton","buildExportModal","ui","Export saved builds","Kayıtlı buildleri dışa aktar","","25","medium","","",""
"buildExportModal.noBuildsNote","buildExportModal","ui","You have no saved builds. Add one from ""Save this progression"" on the player detail or compare screen to export it.","Kayıtlı buildiniz yok. Dışa aktarmak için oyuncu ayrıntısı veya karşılaştırma ekranındaki ""Bu gelişimi kaydet"" ile bir build ekleyin.","","","medium","","",""
"buildExportModal.unavailableNote","buildExportModal","ui","This browser doesn't support localStorage, so exporting isn't available.","Bu tarayıcı localStorage desteklemediğinden dışa aktarma kullanılamıyor.","","","medium","","",""
"buildExportModal.safetyLine1","buildExportModal","ui","Processed entirely inside this browser — nothing is sent to a server or external service (no uploads).","Tamamen bu tarayıcıda işlenir; hiçbir şey sunucuya veya harici bir hizmete gönderilmez (yükleme yok).","","","medium","","",""
"buildExportModal.safetyLine2","buildExportModal","ui","Exporting does not change your saved builds, My Team, squads, or card favorites.","Dışa aktarma; kayıtlı buildlerinizi, Takımım'ı, kadroları veya kart favorilerini değiştirmez.","","","medium","","",""
"buildExportModal.safetyLine3","buildExportModal","ui","Only the saved builds' progression data (allocation, rules version, estimated value at save time, etc.) is included.","Yalnızca kayıtlı buildlerin gelişim verileri (dağılım, kural sürümü, kayıt anındaki tahmini değer vb.) dahil edilir.","","","medium","","",""
"buildExportModal.safetyLine4","buildExportModal","ui","My Team notes, tags, ownership/usage status, selected/favorite builds, squads, credentials, and environment information are not included.","Takımım notları, etiketler, sahiplik/kullanım durumu, seçili/favori buildler, kadrolar, kimlik bilgileri ve ortam bilgileri dahil edilmez.","","","medium","","",""
"buildExportModal.staleNoticeText","buildExportModal","ui","Saved builds were updated in another tab. Please reload to check the current content.","Kayıtlı buildler başka bir sekmede güncellendi. Güncel içeriği kontrol etmek için lütfen yeniden yükleyin.","","","medium","","",""
"buildExportModal.reloadButton","buildExportModal","ui","Reload","Yeniden yükle","","12","medium","","",""
"buildExportModal.droppedNoticeTemplate","buildExportModal","ui","{count} of your selected saved builds were deleted, so they were removed from the selection.","Seçtiğiniz kayıtlı buildlerden {count} tanesi silindiği için seçimden çıkarıldı.","","","medium","","",""
"buildExportModal.errorSelectBuilds","buildExportModal","ui","Please select the saved builds to export.","Lütfen dışa aktarılacak kayıtlı buildleri seçin.","","","high","","",""
"buildExportModal.errorSelectionChanged","buildExportModal","ui","The state of the selected saved builds has changed. Please reload.","Seçili kayıtlı buildlerin durumu değişti. Lütfen yeniden yükleyin.","","","high","","",""
"buildExportModal.conflictListChangedTemplate","buildExportModal","ui","The list of saved builds has changed ({added} added / {removed} deleted). Please reload to check the current content.","Kayıtlı build listesi değişti (eklenen {added} / silinen {removed}). Güncel içeriği kontrol etmek için lütfen yeniden yükleyin.","","","medium","","",""
"buildExportModal.conflictSelectionNotFound","buildExportModal","ui","The selected saved builds could not be found. Please reload.","Seçili kayıtlı buildler bulunamadı. Lütfen yeniden yükleyin.","","","medium","","",""
"buildExportModal.conflictSelectionChangedTemplate","buildExportModal","ui","The selected saved builds were changed in another tab ({removed} deleted / {changed} changed). Please reload to check the current content.","Seçili kayıtlı buildler başka bir sekmede değiştirildi (silinen {removed} / değişen {changed}). Güncel içeriği kontrol etmek için lütfen yeniden yükleyin.","","","medium","","",""
"buildExportModal.saveFailedNote","buildExportModal","ui","The file could not be saved in this environment. Your saved builds have not been changed.","Dosya bu ortamda kaydedilemedi. Kayıtlı buildleriniz değiştirilmedi.","","","high","","",""
"buildExportModal.jsonFileTypeDescription","buildExportModal","ui","JSON file","JSON dosyası","","12","medium","","",""
"buildExportModal.titleChoose","buildExportModal","ui","Export saved builds","Kayıtlı buildleri dışa aktar","","25","medium","","",""
"buildExportModal.titleConfirm","buildExportModal","ui","Confirm export content","Dışa aktarma içeriğini onayla","","29","high","","",""
"buildExportModal.titleDone","buildExportModal","ui","Export complete","Dışa aktarma tamamlandı","","20","medium","","",""
"buildExportModal.doneMessagePickerTemplate","buildExportModal","ui","Saved {count} saved build(s) as ""{filename}"" to the chosen location. Your saved builds have not been changed.","{count} kayıtlı build, seçilen konuma şu adla kaydedildi: ""{filename}"". Kayıtlı buildleriniz değiştirilmedi.","","","medium","","",""
"buildExportModal.doneMessageDownloadTemplate","buildExportModal","ui","Downloaded {count} saved build(s) as ""{filename}"". Your saved builds have not been changed.","{count} kayıtlı build şu adla indirildi: ""{filename}"". Kayıtlı buildleriniz değiştirilmedi.","","","medium","","",""
"buildExportModal.downloadFallbackNote","buildExportModal","ui","This browser doesn't support choosing a save location, so the file was saved to the usual download location.","Bu tarayıcı kayıt konumu seçmeyi desteklemediğinden dosya normal indirme konumuna kaydedildi.","","","medium","","",""
"buildExportModal.utcNotePrefix","buildExportModal","ui","The date and time in the filename and ","Dosya adındaki tarih/saat ve ","","","medium","","",""
"buildExportModal.utcNoteSuffix","buildExportModal","ui"," are both in UTC (Coordinated Universal Time)."," değerinin ikisi de UTC (Eşgüdümlü Evrensel Zaman) cinsindendir.","","","medium","","",""
"buildExportModal.backButton","buildExportModal","ui","Back","Geri","","12","medium","","",""
"buildExportModal.closeButton","buildExportModal","ui","Close","Kapat","","12","medium","","",""
"buildExportModal.cancelButton","buildExportModal","ui","Cancel","İptal","","12","medium","","",""
"buildExportModal.nextButton","buildExportModal","ui","Next (confirm content)","İleri (içeriği onayla)","","29","medium","","",""
"buildExportModal.choosePickerLocationButton","buildExportModal","ui","Choose save location","Kayıt konumu seç","","26","medium","","",""
"buildExportModal.downloadJsonButton","buildExportModal","ui","Download JSON","JSON indir","","17","medium","","",""
"buildExportModal.exportMethodLegend","buildExportModal","ui","Export method","Dışa aktarma yöntemi","","17","medium","","",""
"buildExportModal.exportAllOptionTemplate","buildExportModal","ui","Export all saved builds ({count})","Tüm kayıtlı buildleri dışa aktar ({count})","","","medium","","",""
"buildExportModal.exportSelectionOption","buildExportModal","ui","Export only selected saved builds","Yalnızca seçili kayıtlı buildleri dışa aktar","","","medium","","",""
"buildExportModal.exportSelectionHint","buildExportModal","ui","This selection is local to this dialog (independent of the search/filters in the My Builds list).","Bu seçim yalnızca bu pencereye özeldir (Buildlerim listesindeki arama/filtrelerden bağımsızdır).","","","medium","","",""
"buildExportModal.searchTargetLabel","buildExportModal","ui","Search targets (build name, player name, World ID, buildId)","Arama hedefleri (build adı, oyuncu adı, World ID, buildId)","","77","medium","","",""
"buildExportModal.searchAriaLabel","buildExportModal","accessibility","Search saved builds to export","Dışa aktarılacak kayıtlı buildleri ara","","38","high","","",""
"buildExportModal.selectAllVisibleTemplate","buildExportModal","ui","Select all visible ({count})","Görünenlerin tümünü seç ({count})","","","medium","","",""
"buildExportModal.clearVisibleSelectionButton","buildExportModal","ui","Clear visible selection","Görünen seçimi temizle","","30","medium","","",""
"buildExportModal.selectedCountTemplate","buildExportModal","ui","{count} selected","Seçili: {count}","","21","medium","","",""
"buildExportModal.noSavedBuildsLabel","buildExportModal","ui","You have no saved builds.","Kayıtlı buildiniz yok.","","33","medium","","",""
"buildExportModal.noMatchingBuildsLabel","buildExportModal","ui","No saved builds match your search.","Aramanızla eşleşen kayıtlı build yok.","","45","medium","","",""
"buildExportModal.includeInExportAriaTemplate","buildExportModal","accessibility","Include {buildName} ({name}) in the export","Dışa aktarmaya dahil et: {buildName} ({name})","","","high","","",""
"buildExportModal.usedBadge","buildExportModal","ui","In use","Kullanımda","","12","medium","","",""
"buildExportModal.unusedBadge","buildExportModal","ui","Unused","Kullanılmıyor","","12","medium","","",""
"buildExportModal.updatedTemplate","buildExportModal","ui","Updated {date}","Güncelleme: {date}","","19","medium","","",""
"buildExportModal.exportContentHeading","buildExportModal","ui","Content to export","Dışa aktarılacak içerik","","23","medium","","",""
"buildExportModal.allBuildsLabel","buildExportModal","ui","All saved builds","Tüm kayıtlı buildler","","21","medium","","",""
"buildExportModal.selectedBuildsLabel","buildExportModal","ui","Selected saved builds","Seçili kayıtlı buildler","","28","medium","","",""
"buildExportModal.targetPrefixTemplate","buildExportModal","ui","Target: {target} (","Hedef: {target} (","","24","medium","","",""
"buildExportModal.targetCountSuffix","buildExportModal","ui",")",")","","12","medium","","",""
"buildExportModal.formatLabelPrefix","buildExportModal","ui","Format: ","Format: ","","12","medium","","",""
"buildExportModal.formatVersionLabelPrefix","buildExportModal","ui"," / formatVersion "," / formatVersion ","","23","medium","","",""
"buildExportModal.formatVersionNote","buildExportModal","ui"," (this is the export file's format version — separate from the saved build's rulesVersion/schemaVersion)"," (bu, dışa aktarma dosyasının format sürümüdür; kayıtlı buildin rulesVersion/schemaVersion değerinden ayrıdır)","","","medium","","",""
"buildExportModal.singleJsonFileNote","buildExportModal","ui","A single UTF-8 JSON file. No ZIP, CSV, encryption, or compression.","Tek bir UTF-8 JSON dosyası. ZIP, CSV, şifreleme veya sıkıştırma yok.","","","medium","","",""
"buildExportModal.exportedAtNoteSuffix","buildExportModal","ui"," and the filename's timestamp are both fixed at save time in UTC (Coordinated Universal Time)."," ve dosya adındaki zaman damgası, kayıt anında UTC (Eşgüdümlü Evrensel Zaman) olarak sabitlenir.","","","medium","","",""
"buildExportModal.itemCountNoteMiddle","buildExportModal","ui"," matches the number of items in "," değeri, ","","","medium","","",""
"buildExportModal.itemCountNoteSuffix","buildExportModal","ui",". The order is deterministic (newest updated first, then by buildId)."," içindeki öğe sayısıyla eşleşir. Sıralama deterministiktir (önce en son güncellenen, ardından buildId sırası).","","","medium","","",""
"buildExportModal.aboutSaveLocationHeading","buildExportModal","ui","About the save location","Kayıt konumu hakkında","","30","medium","","",""
"buildExportModal.pickerInstructionPrefix","buildExportModal","ui","Pressing ""Choose save location"" opens a save-location picker. ","""Kayıt konumu seç"" düğmesine basınca bir kayıt konumu seçicisi açılır. ","","","medium","","",""
"buildExportModal.pickerInstructionBold","buildExportModal","ui","Please choose your ""Documents"" folder on Windows.","Lütfen Windows'ta ""Belgeler"" klasörünüzü seçin.","","","medium","","",""
"buildExportModal.pickerNote1Prefix","buildExportModal","ui","The save location is ","Kayıt konumunu ","","28","medium","","",""
"buildExportModal.pickerNote1Bold","buildExportModal","ui","chosen by you","siz seçersiniz","","17","medium","","",""
"buildExportModal.pickerNote1Suffix","buildExportModal","ui",". The app never silently fixes a save destination.",". Uygulama kayıt hedefini asla sessizce sabitlemez.","","","medium","","",""
"buildExportModal.pickerNote2","buildExportModal","ui","The file is not sent to any external service.","Dosya hiçbir harici hizmete gönderilmez.","","","medium","","",""
"buildExportModal.pickerNote3","buildExportModal","ui","The original saved-build data is not changed.","Orijinal kayıtlı build verileri değiştirilmez.","","","medium","","",""
"buildExportModal.pickerNote4Prefix","buildExportModal","ui","If you ","Kayıt konumu seçicisini ","","12","medium","","",""
"buildExportModal.pickerNote4Bold","buildExportModal","ui","cancel the save-location picker, nothing is saved","iptal ederseniz hiçbir şey kaydedilmez","","","medium","","",""
"buildExportModal.pickerNote4Suffix","buildExportModal","ui",".",".","","12","medium","","",""
"buildExportModal.pickerNote5","buildExportModal","ui","If your browser doesn't support the save-location picker, the file is saved to the usual download location.","Tarayıcınız kayıt konumu seçicisini desteklemiyorsa dosya normal indirme konumuna kaydedilir.","","","medium","","",""
"buildExportModal.noPickerNote","buildExportModal","ui","This browser doesn't support the save-location picker, so the file will be saved to the usual download location (as configured in your browser). After downloading, move the file to your ""Documents"" folder if needed. Nothing is sent to an external service, and the original saved-build data is not changed.","Bu tarayıcı kayıt konumu seçicisini desteklemediğinden dosya normal indirme konumuna (tarayıcınızın ayarlarına göre) kaydedilecek. İndirdikten sonra gerekirse dosyayı ""Belgeler"" klasörünüze taşıyın. Hiçbir şey harici bir hizmete gönderilmez ve orijinal kayıtlı build verileri değiştirilmez.","","","medium","","",""
"buildExportModal.pickerNextNoteTemplate","buildExportModal","ui","Pressing ""Choose save location"" fetches your saved builds once more and verifies the target, worldCardId, update time, and format before saving. If there are discrepancies or invalid data, nothing is saved and you'll be asked to reload.","""Kayıt konumu seç"" düğmesine bastığınızda kayıtlı buildleriniz bir kez daha alınır ve kaydetmeden önce hedef, worldCardId, güncelleme zamanı ve format doğrulanır. Tutarsızlık veya geçersiz veri varsa hiçbir şey kaydedilmez ve yeniden yüklemeniz istenir.","","","medium","","",""
"buildExportModal.downloadNextNoteTemplate","buildExportModal","ui","Pressing ""Download JSON"" fetches your saved builds once more and verifies the target, worldCardId, update time, and format before saving. If there are discrepancies or invalid data, nothing is saved and you'll be asked to reload.","""JSON indir"" düğmesine bastığınızda kayıtlı buildleriniz bir kez daha alınır ve kaydetmeden önce hedef, worldCardId, güncelleme zamanı ve format doğrulanır. Tutarsızlık veya geçersiz veri varsa hiçbir şey kaydedilmez ve yeniden yüklemeniz istenir.","","","medium","","",""
"buildExportModal.cancelledNoticeTemplate","buildExportModal","ui","The save-location selection was cancelled. Your saved builds have not been changed. Press ""Choose save location"" again to retry.","Kayıt konumu seçimi iptal edildi. Kayıtlı buildleriniz değiştirilmedi. Yeniden denemek için ""Kayıt konumu seç"" düğmesine tekrar basın.","","","medium","","",""
"buildExportModal.exportTargetLineTemplate","buildExportModal","ui","Export target: {target} — {count} build(s)","Dışa aktarma hedefi: {target} — build sayısı: {count}","","","medium","","",""
"buildExportModal.exportFailureEmpty","buildExportModal","ui","There are no saved builds that can be exported.","Dışa aktarılabilecek kayıtlı build yok.","","","medium","","",""
"buildExportModal.exportFailureInvalidTemplate","buildExportModal","ui","{invalid} saved build(s) are invalid (only {valid} can be exported). The export was cancelled for safety. Please check the targets in My Builds.","Geçersiz kayıtlı build sayısı: {invalid} (yalnızca {valid} tanesi dışa aktarılabilir). Güvenlik için dışa aktarma iptal edildi. Lütfen Buildlerim'deki hedefleri kontrol edin.","","","medium","","",""
"buildImportModal.safetyLine1","buildImportModal","ui","Only local JSON files created previously by this app's ""Export saved builds"" are supported.","Yalnızca bu uygulamanın ""Kayıtlı buildleri dışa aktar"" özelliğiyle daha önce oluşturulmuş yerel JSON dosyaları desteklenir.","","","medium","","",""
"buildImportModal.safetyLine2","buildImportModal","ui","The file is processed entirely inside this browser — nothing is sent to a server or external service (no uploads).","Dosya tamamen bu tarayıcıda işlenir; hiçbir şey sunucuya veya harici bir hizmete gönderilmez (yükleme yok).","","","medium","","",""
"buildImportModal.safetyLine3","buildImportModal","ui","Just selecting a file or opening the preview does not save anything. Saving happens only when you press the final confirmation.","Yalnızca dosya seçmek veya önizlemeyi açmak hiçbir şeyi kaydetmez. Kayıt yalnızca son onaya bastığınızda yapılır.","","","medium","","",""
"buildImportModal.safetyLine4","buildImportModal","ui","Existing saved builds are never overwritten or deleted. If a buildId collides with an existing one, it's added with a new buildId.","Mevcut kayıtlı buildlerin üzerine asla yazılmaz ve asla silinmez. Bir buildId mevcut biriyle çakışırsa yeni bir buildId ile eklenir.","","","medium","","",""
"buildImportModal.safetyLine5","buildImportModal","ui","Imported builds are not automatically applied to My Team, squads, or card favorites (no references are created either).","İçe aktarılan buildler Takımım'a, kadrolara veya kart favorilerine otomatik olarak uygulanmaz (hiçbir referans da oluşturulmaz).","","","medium","","",""
"buildImportModal.safetyLine6","buildImportModal","ui","Files with an unsupported formatVersion are rejected without conversion.","Desteklenmeyen formatVersion değerine sahip dosyalar dönüştürülmeden reddedilir.","","","medium","","",""
"buildImportModal.safetyLine7","buildImportModal","ui","After importing, manage builds individually in My Builds (they are not automatically set as the selected or favorite build).","İçe aktardıktan sonra buildleri Buildlerim'de tek tek yönetin (otomatik olarak seçili veya favori build yapılmazlar).","","","medium","","",""
"buildImportModal.launcherHeading","buildImportModal","ui","Import Saved Builds (Local JSON Import)","Kayıtlı buildleri içe aktar (yerel JSON içe aktarma)","","51","medium","","",""
"buildImportModal.launcherDescriptionPrefix","buildImportModal","ui","Choose a local JSON file previously exported from this app, and its content will be validated and previewed, then ","Bu uygulamadan daha önce dışa aktarılmış yerel bir JSON dosyası seçin; içeriği doğrulanıp önizlenir, ardından son onaydan sonra kayıtlı build olarak ","","","medium","","",""
"buildImportModal.addBoldLabel","buildImportModal","ui","added","eklenir","","12","medium","","",""
"buildImportModal.launcherDescriptionSuffix","buildImportModal","ui"," as saved builds after final confirmation. This is a separate operation from exporting.",". Bu, dışa aktarmadan ayrı bir işlemdir.","","","medium","","",""
"buildImportModal.launcherButton","buildImportModal","ui","Import saved builds","Kayıtlı buildleri içe aktar","","25","medium","","",""
"buildImportModal.unavailableNote","buildImportModal","ui","This browser doesn't support localStorage, so importing isn't available.","Bu tarayıcı localStorage desteklemediğinden içe aktarma kullanılamıyor.","","","medium","","",""
"buildImportModal.validateErrorTemplate","buildImportModal","ui","{invalid} saved build(s) in the file are invalid (valid: {valid}). For safety, this file cannot be imported.","Dosyadaki geçersiz kayıtlı build sayısı: {invalid} (geçerli: {valid}). Güvenlik nedeniyle bu dosya içe aktarılamaz.","","","high","","",""
"buildImportModal.duplicateErrorTemplate","buildImportModal","ui","The file has duplicate buildId values ({count}). This cannot happen in a proper export file, so this file cannot be imported.","Dosyada yinelenen buildId değerleri var ({count}). Düzgün bir dışa aktarma dosyasında bu olamayacağından bu dosya içe aktarılamaz.","","","high","","",""
"buildImportModal.parseErrorEmpty","buildImportModal","ui","The file is empty.","Dosya boş.","","24","high","","",""
"buildImportModal.parseErrorTooLarge","buildImportModal","ui","The file or the number of builds is too large.","Dosya veya build sayısı çok büyük.","","","high","","",""
"buildImportModal.parseErrorNotJson","buildImportModal","ui","This could not be read as JSON.","Bu, JSON olarak okunamadı.","","","high","","",""
"buildImportModal.parseErrorNotObject","buildImportModal","ui","This is not the structure of an export file.","Bu, bir dışa aktarma dosyasının yapısı değil.","","","high","","",""
"buildImportModal.parseErrorUnsafeKeys","buildImportModal","ui","This cannot be imported because it contains unknown or unsafe fields.","Bilinmeyen veya güvenli olmayan alanlar içerdiği için içe aktarılamaz.","","","high","","",""
"buildImportModal.parseErrorFormatMismatch","buildImportModal","ui","This is not a saved-build export file from this app.","Bu, bu uygulamanın kayıtlı build dışa aktarma dosyası değil.","","","high","","",""
"buildImportModal.parseErrorUnsupportedVersion","buildImportModal","ui","This formatVersion is not supported. An app update is required.","Bu formatVersion desteklenmiyor. Uygulama güncellemesi gerekiyor.","","","high","","",""
"buildImportModal.parseErrorExportedAt","buildImportModal","ui","The exportedAt timestamp is invalid.","exportedAt zaman damgası geçersiz.","","","high","","",""
"buildImportModal.parseErrorItemCount","buildImportModal","ui","itemCount is invalid.","itemCount geçersiz.","","28","high","","",""
"buildImportModal.parseErrorItemCountMismatch","buildImportModal","ui","itemCount does not match the actual number of items.","itemCount gerçek öğe sayısıyla eşleşmiyor.","","","high","","",""
"buildImportModal.parseErrorGeneric","buildImportModal","ui","This file cannot be imported.","Bu dosya içe aktarılamaz.","","","high","","",""
"buildImportModal.tooLargeTemplate","buildImportModal","ui","The file is too large (limit: {max}MB).","Dosya çok büyük (sınır: {max}MB).","","","medium","","",""
"buildImportModal.noFileApiError","buildImportModal","ui","This browser cannot read files.","Bu tarayıcı dosya okuyamıyor.","","","high","","",""
"buildImportModal.readFailedError","buildImportModal","ui","The file could not be read.","Dosya okunamadı.","","","high","","",""
"buildImportModal.importConflictTemplate","buildImportModal","ui","Saved builds were updated in another tab. Please reload the existing data and check the import content again. (existing added: {added} / deleted: {removed} / changed: {changed})","Kayıtlı buildler başka bir sekmede güncellendi. Lütfen mevcut verileri yeniden yükleyip içe aktarma içeriğini tekrar kontrol edin. (mevcut veriler: eklenen {added} / silinen {removed} / değişen {changed})","","","medium","","",""
"buildImportModal.saveConflictNote","buildImportModal","ui","Saved builds were updated in another tab. Please reload and check again.","Kayıtlı buildler başka bir sekmede güncellendi. Lütfen yeniden yükleyip tekrar kontrol edin.","","","medium","","",""
"buildImportModal.quotaError","buildImportModal","ui","Could not save — storage capacity may be insufficient. Existing saved builds have not been changed.","Kaydedilemedi; depolama alanı yetersiz olabilir. Mevcut kayıtlı buildler değiştirilmedi.","","","high","","",""
"buildImportModal.storageError","buildImportModal","ui","This browser could not save. Existing saved builds have not been changed.","Bu tarayıcı kaydedemedi. Mevcut kayıtlı buildler değiştirilmedi.","","","high","","",""
"buildImportModal.genericSaveError","buildImportModal","ui","Saving failed. Existing saved builds have not been changed.","Kayıt başarısız oldu. Mevcut kayıtlı buildler değiştirilmedi.","","","high","","",""
"buildImportModal.reverifyFailedNote","buildImportModal","ui","Re-verification of the save result failed. Please reload the My Builds list to check.","Kayıt sonucunun yeniden doğrulanması başarısız oldu. Kontrol etmek için lütfen Buildlerim listesini yeniden yükleyin.","","","high","","",""
"buildImportModal.titleSelect","buildImportModal","ui","Import saved builds","Kayıtlı buildleri içe aktar","","25","medium","","",""
"buildImportModal.titleError","buildImportModal","ui","Could not read the file","Dosya okunamadı","","30","high","","",""
"buildImportModal.titlePreview","buildImportModal","ui","Confirm import content","İçe aktarma içeriğini onayla","","29","medium","","",""
"buildImportModal.titleConfirm","buildImportModal","ui","Final import confirmation","İçe aktarma için son onay","","","high","","",""
"buildImportModal.titleSaving","buildImportModal","ui","Importing","İçe aktarılıyor","","12","medium","","",""
"buildImportModal.titleDone","buildImportModal","ui","Import complete","İçe aktarma tamamlandı","","20","medium","","",""
"buildImportModal.titleSaveFail","buildImportModal","ui","Import failed","İçe aktarma başarısız oldu","","17","medium","","",""
"buildImportModal.staleBlockedText","buildImportModal","ui","Saved builds were updated in another tab. Please reload the existing data and check the import content again.","Kayıtlı buildler başka bir sekmede güncellendi. Lütfen mevcut verileri yeniden yükleyip içe aktarma içeriğini tekrar kontrol edin.","","","medium","","",""
"buildImportModal.reloadExistingButton","buildImportModal","ui","Reload existing data","Mevcut verileri yeniden yükle","","26","medium","","",""
"buildImportModal.savingText","buildImportModal","ui","Importing…","İçe aktarılıyor…","","13","medium","","",""
"buildImportModal.doneMessageTemplate","buildImportModal","ui","Imported {count} saved build(s). Existing builds have not been changed.","{count} kayıtlı build içe aktarıldı. Mevcut buildler değiştirilmedi.","","","medium","","",""
"buildImportModal.doneNewIdsTemplate","buildImportModal","ui","{count} of them were added with a new buildId to avoid colliding with an existing buildId.","Bunlardan {count} tanesi, mevcut bir buildId ile çakışmaması için yeni bir buildId ile eklendi.","","","medium","","",""
"buildImportModal.doneManageNote","buildImportModal","ui","Imported builds can be managed individually in My Builds. They have not been automatically set as the selected build, favorite build, or in any squad.","İçe aktarılan buildler Buildlerim'de tek tek yönetilebilir. Otomatik olarak seçili build, favori build yapılmadı veya herhangi bir kadroya eklenmedi.","","","medium","","",""
"buildImportModal.saveFailFallback","buildImportModal","ui","Import failed.","İçe aktarma başarısız oldu.","","19","medium","","",""
"buildImportModal.cancelButton","buildImportModal","ui","Cancel","İptal","","12","medium","","",""
"buildImportModal.pickAnotherFileButton","buildImportModal","ui","Choose another file","Başka dosya seç","","25","medium","","",""
"buildImportModal.importButtonTemplate","buildImportModal","ui","Import ({count})","İçe aktar ({count})","","21","medium","","",""
"buildImportModal.closeButton","buildImportModal","ui","Close","Kapat","","12","medium","","",""
"buildImportModal.supportedFilesHeading","buildImportModal","ui","Supported files","Desteklenen dosyalar","","20","medium","","",""
"buildImportModal.supportedFile1Prefix","buildImportModal","ui","A JSON file previously created by this app's ""Export saved builds"" (","Bu uygulamanın ""Kayıtlı buildleri dışa aktar"" özelliğiyle daha önce oluşturulmuş bir JSON dosyası (","","","medium","","",""
"buildImportModal.supportedFile1Middle","buildImportModal","ui"," / formatVersion "," / formatVersion ","","23","medium","","",""
"buildImportModal.supportedFile1Suffix","buildImportModal","ui",")",")","","12","medium","","",""
"buildImportModal.supportedFile2","buildImportModal","ui","The file extension alone is not used to decide. The content is parsed as JSON, and the format, item count, and each build are validated.","Karar yalnızca dosya uzantısına göre verilmez. İçerik JSON olarak ayrıştırılır; format, öğe sayısı ve her build doğrulanır.","","","medium","","",""
"buildImportModal.supportedFile3Template","buildImportModal","ui","File size limit: {maxSize}MB / item count limit: {maxCount}.","Dosya boyutu sınırı: {maxSize}MB / öğe sayısı sınırı: {maxCount}.","","","medium","","",""
"buildImportModal.supportedFile4","buildImportModal","ui","Not supported: a standalone SavedBuild JSON / the entire localStorage / My Team / squads / card favorites / CSV / ZIP / TXT / JavaScript / HTML / an unsupported formatVersion.","Desteklenmeyenler: tek başına SavedBuild JSON / localStorage'ın tamamı / Takımım / kadrolar / kart favorileri / CSV / ZIP / TXT / JavaScript / HTML / desteklenmeyen bir formatVersion.","","","medium","","",""
"buildImportModal.selectFileLabel","buildImportModal","ui","Select a JSON file to import","İçe aktarılacak JSON dosyasını seçin","","37","medium","","",""
"buildImportModal.selectFileHint","buildImportModal","ui","Just selecting a file does not save anything. Review the content and it will only be saved when you press the final confirmation.","Yalnızca dosya seçmek hiçbir şeyi kaydetmez. İçeriği inceleyin; yalnızca son onaya bastığınızda kaydedilir.","","","medium","","",""
"buildImportModal.validatingText","buildImportModal","ui","Validating the file…","Dosya doğrulanıyor…","","26","medium","","",""
"buildImportModal.selectedFileTemplate","buildImportModal","ui","Selected: {name}","Seçili: {name}","","21","medium","","",""
"buildImportModal.selectedFileSizeTemplate","buildImportModal","ui"," ({size})"," ({size})","","12","medium","","",""
"buildImportModal.validateInfoTemplate","buildImportModal","ui","Invalid: {invalid} / valid: {valid}. Partial imports are not performed.","Geçersiz: {invalid} / geçerli: {valid}. Kısmi içe aktarma yapılmaz.","","","medium","","",""
"buildImportModal.duplicateIdsTemplate","buildImportModal","ui","Duplicate buildId: {ids}","Yinelenen buildId: {ids}","","32","medium","","",""
"buildImportModal.fileHeading","buildImportModal","ui","File","Dosya","","12","medium","","",""
"buildImportModal.fileNameLabel","buildImportModal","ui","File name","Dosya adı","","12","medium","","",""
"buildImportModal.fileSizeLabel","buildImportModal","ui","Size","Boyut","","12","medium","","",""
"buildImportModal.validationHeading","buildImportModal","ui","Validation result","Doğrulama sonucu","","23","medium","","",""
"buildImportModal.validCountLabel","buildImportModal","ui","Valid count","Geçerli sayısı","","15","medium","","",""
"buildImportModal.plannedSaveCountLabel","buildImportModal","ui","Planned save count","Kaydedilecek sayı","","24","medium","","",""
"buildImportModal.collisionCountLabel","buildImportModal","ui","buildId collisions (new IDs issued)","buildId çakışmaları (yeni ID verilir)","","46","medium","","",""
"buildImportModal.saveCountNoteTemplate","buildImportModal","ui","{count} will be added as new saved builds. Existing builds are not changed.","{count} yeni kayıtlı build olarak eklenecek. Mevcut buildler değiştirilmez.","","","medium","","",""
"buildImportModal.targetBuildsSummaryTemplate","buildImportModal","ui","Target builds ({count})","Hedef buildler ({count})","","30","medium","","",""
"buildImportModal.newBuildIdBadge","buildImportModal","ui","New buildId","Yeni buildId","","15","medium","","",""
"buildImportModal.pomBadge","buildImportModal","ui","Power of Many specified","Power of Many belirtildi","","30","medium","","",""
"buildImportModal.experimentalBadge","buildImportModal","ui","Experimental estimate","Deneysel tahmin","","28","medium","","",""
"buildImportModal.worldIdOriginalTemplate","buildImportModal","ui","World ID {worldId} / original buildId {originalId}","World ID {worldId} / orijinal buildId {originalId}","","","medium","","",""
"buildImportModal.finalBuildIdTemplate","buildImportModal","ui"," → buildId after import {finalId}"," → içe aktarma sonrası buildId {finalId}","","","medium","","",""
"buildImportModal.noChangeLabel","buildImportModal","ui"," (unchanged)"," (değişmedi)","","16","medium","","",""
"buildImportModal.rulesVersionTemplate","buildImportModal","ui","rulesVersion {version}","rulesVersion {version}","","29","medium","","",""
"buildImportModal.allocationLabelTemplate","buildImportModal","ui","Allocation: {allocation}","Dağılım: {allocation}","","32","medium","","",""
"buildImportModal.createdUpdatedNoteTemplate","buildImportModal","ui","Created {created} / Updated {updated} (timestamps are preserved)","Oluşturma {created} / Güncelleme {updated} (zaman damgaları korunur)","","","medium","","",""
"buildImportModal.unaffectedHeading","buildImportModal","ui","What this import does not change","Bu içe aktarmanın değiştirmedikleri","","42","medium","","",""
"buildImportModal.unaffected1","buildImportModal","ui","Existing saved builds (never overwritten or deleted)","Mevcut kayıtlı buildler (asla üzerine yazılmaz veya silinmez)","","","medium","","",""
"buildImportModal.unaffected2","buildImportModal","ui","My Team (selected build, favorite build, ownership/usage status, tags, notes)","Takımım (seçili build, favori build, sahiplik/kullanım durumu, etiketler, notlar)","","","medium","","",""
"buildImportModal.unaffected3","buildImportModal","ui","Saved squads (placement, savedBuildId references)","Kayıtlı kadrolar (yerleşim, savedBuildId referansları)","","","medium","","",""
"buildImportModal.unaffected4","buildImportModal","ui","The card's own favorite status","Kartın kendi favori durumu","","","medium","","",""
"buildImportModal.unaffected5","buildImportModal","ui","Nothing is sent to an external service","Hiçbir şey harici bir hizmete gönderilmez","","","medium","","",""
"buildImportModal.unaffectedFootnote","buildImportModal","ui","Imported builds are not automatically set as selectedBuildId / favoriteBuildId / a squad's savedBuildId. They appear as ""Not referenced"" in the My Builds usage status.","İçe aktarılan buildler otomatik olarak selectedBuildId / favoriteBuildId / bir kadronun savedBuildId değeri yapılmaz. Buildlerim kullanım durumunda ""Referans yok"" olarak görünürler.","","","medium","","",""
"buildImportModal.confirmTitleTemplate","buildImportModal","ui","Add {count} saved build(s)","{count} kayıtlı build ekle","","","high","","",""
"buildImportModal.confirmNote1","buildImportModal","ui","Existing saved builds are never overwritten or deleted.","Mevcut kayıtlı buildlerin üzerine asla yazılmaz ve asla silinmez.","","","high","","",""
"buildImportModal.confirmCollisionTemplate","buildImportModal","ui","{count} of them will be added with a new buildId to avoid colliding with an existing buildId.","Bunlardan {count} tanesi, mevcut bir buildId ile çakışmaması için yeni bir buildId ile eklenecek.","","","high","","",""
"buildImportModal.confirmNoCollision","buildImportModal","ui","There are no buildId collisions.","buildId çakışması yok.","","","high","","",""
"buildImportModal.confirmNote2","buildImportModal","ui","My Team, squads, and card favorites are not changed.","Takımım, kadrolar ve kart favorileri değiştirilmez.","","","high","","",""
"buildImportModal.confirmNote3","buildImportModal","ui","Immediately before saving, the existing data is fetched once more to check for conflicts.","Kaydetmeden hemen önce, çakışmaları kontrol etmek için mevcut veriler bir kez daha alınır.","","","high","","",""
"buildImportModal.confirmButton","buildImportModal","ui","Confirm and import","Onayla ve içe aktar","","24","high","","",""
"duplicateReviewTeaser.bodyPrefix","duplicateReviewTeaser","ui","You can safely review ","JSON içe aktarma veya çoğaltma ile birikmiş olabilecek kayıtlı buildlerin ","","29","medium","","",""
"duplicateReviewTeaser.duplicateCandidatesLabel","duplicateReviewTeaser","ui","duplicate candidates","yinelenen adaylarını","","26","medium","","",""
"duplicateReviewTeaser.bodySuffix","duplicateReviewTeaser","ui"," for saved builds that may have accumulated from JSON imports or duplication, in Build Inventory. This screen does not delete, merge, or overwrite anything."," Build Analizi'nde güvenle inceleyebilirsiniz. Bu ekran hiçbir şeyi silmez, birleştirmez veya üzerine yazmaz.","","","medium","","",""
"duplicateReviewTeaser.openInventoryLink","duplicateReviewTeaser","ui","Review duplicate candidates in Build Inventory","Yinelenen adayları Build Analizi'nde incele","","","medium","","",""
"myBuildsView.pageTitle","myBuildsView","metadata","My Builds","Buildlerim","","12","medium","","",""
"myBuildsView.pageDescription","myBuildsView","metadata","View, search, rename, duplicate, and delete progression builds saved from the player detail, player compare, My Team, and squad editor screens. The save format is unchanged (saved only in this browser).","Oyuncu detayı, oyuncu karşılaştırma, Takımım ve kadro düzenleyici ekranlarından kaydedilen gelişim buildlerini görüntüleyin, arayın, yeniden adlandırın, çoğaltın ve silin. Kayıt biçimi değişmedi (yalnızca bu tarayıcıda kaydedilir).","","","medium","","",""
"myBuildsView.scopeLoadingMessage","myBuildsView","ui","Checking your account…","Hesabınız kontrol ediliyor…","","29","medium","","",""
"myBuildsView.sortUpdatedDesc","myBuildsView","ui","Recently updated","En son güncellenen","","21","medium","","",""
"myBuildsView.sortUpdatedAsc","myBuildsView","ui","Oldest updated","En eski güncellenen","","19","medium","","",""
"myBuildsView.sortCreatedDesc","myBuildsView","ui","Recently created","En son oluşturulan","","21","medium","","",""
"myBuildsView.sortCreatedAsc","myBuildsView","ui","Oldest created","En eski oluşturulan","","19","medium","","",""
"myBuildsView.sortNameAsc","myBuildsView","ui","By build name","Build adına göre","","17","medium","","",""
"myBuildsView.sortPlayerAsc","myBuildsView","ui","By player name","Oyuncu adına göre","","19","medium","","",""
"myBuildsView.renameTargetMissing","myBuildsView","ui","The target build could not be found","Hedef build bulunamadı","","","medium","","",""
"myBuildsView.renamedNoticeTemplate","myBuildsView","ui","Renamed the build to ""{name}"".","Build adı ""{name}"" olarak değiştirildi.","","","medium","","",""
"myBuildsView.duplicateNameSuffix","myBuildsView","ui"," copy"," kopya","","12","medium","","",""
"myBuildsView.duplicateFailedTemplate","myBuildsView","ui","Could not duplicate: {error}","Çoğaltılamadı: {error}","","","high","","",""
"myBuildsView.duplicatedNoticeTemplate","myBuildsView","ui","Duplicated as ""{name}"".","""{name}"" adıyla çoğaltıldı.","","30","medium","","",""
"myBuildsView.deleteFailedTemplate","myBuildsView","ui","Could not delete: {error}","Silinemedi: {error}","","","high","","",""
"myBuildsView.deletedNotice","myBuildsView","ui","Deleted the saved build. My Team and squads were not changed.","Kayıtlı build silindi. Takımım ve kadrolar değiştirilmedi.","","","high","","",""
"myBuildsView.alreadyRegisteredNotice","myBuildsView","ui","This card is already registered in My Team. Please reload.","Bu kart zaten Takımım'a kayıtlı. Lütfen sayfayı yeniden yükleyin.","","","medium","","",""
"myBuildsView.registerFailedTemplate","myBuildsView","ui","Could not register to My Team: {error}","Takımım'a kaydedilemedi: {error}","","","high","","",""
"myBuildsView.favoriteAlsoSetTemplate","myBuildsView","ui","Also set ""{name}"" as the favorite build.","""{name}"" ayrıca favori build olarak ayarlandı.","","","medium","","",""
"myBuildsView.favoriteSetFailedNote","myBuildsView","ui","However, setting the favorite build failed. You can set it again from My Builds (the registration itself succeeded).","Ancak favori build ayarlanamadı. Buildlerim'den yeniden ayarlayabilirsiniz (kaydın kendisi başarılı oldu).","","","high","","",""
"myBuildsView.selectedAlsoSetTemplate","myBuildsView","ui","Set ""{name}"" as the selected build.","""{name}"" seçili build olarak ayarlandı.","","","medium","","",""
"myBuildsView.registeredNoticeTemplate","myBuildsView","ui","Registered {name} to My Team. {selNote}{favoriteNote}","Takımım'a eklendi: {name}. {selNote}{favoriteNote}","","","medium","","",""
"myBuildsView.alreadySelectedNotice","myBuildsView","ui","This build is already the selected build in My Team.","Bu build zaten Takımım'daki seçili build.","","","medium","","",""
"myBuildsView.assignFailedTemplate","myBuildsView","ui","Could not set in My Team: {error}","Takımım'da ayarlanamadı: {error}","","","high","","",""
"myBuildsView.assignedNoticeTemplate","myBuildsView","ui","Set ""{name}"" as the selected build in My Team (nothing else was changed).","""{name}"" Takımım'da seçili build olarak ayarlandı (başka hiçbir şey değiştirilmedi).","","","medium","","",""
"myBuildsView.selectionChangedError","myBuildsView","ui","The selection has changed. Please reload.","Seçim değişti. Lütfen sayfayı yeniden yükleyin.","","","high","","",""
"myBuildsView.clearSelectionFailedTemplate","myBuildsView","ui","Could not clear: {error}","Temizlenemedi: {error}","","32","high","","",""
"myBuildsView.clearedSelectionNotice","myBuildsView","ui","Cleared the selected build in My Team (favorite build and other info were not changed).","Takımım'daki seçili build temizlendi (favori build ve diğer bilgiler değiştirilmedi).","","","medium","","",""
"myBuildsView.alreadyFavoriteNotice","myBuildsView","ui","This build is already the favorite build in My Team.","Bu build zaten Takımım'daki favori build.","","","medium","","",""
"myBuildsView.setFavoriteFailedTemplate","myBuildsView","ui","Could not set as favorite build: {error}","Favori build olarak ayarlanamadı: {error}","","","high","","",""
"myBuildsView.setFavoriteNoticeTemplate","myBuildsView","ui","Set ""{name}"" as the favorite build in My Team. The selected build was not changed.","""{name}"" Takımım'da favori build olarak ayarlandı. Seçili build değiştirilmedi.","","","medium","","",""
"myBuildsView.clearFavoriteFailedTemplate","myBuildsView","ui","Could not clear favorite: {error}","Favori temizlenemedi: {error}","","","high","","",""
"myBuildsView.clearedFavoriteNoticeTemplate","myBuildsView","ui","Cleared ""{name}"" from the favorite build in My Team. The selected build was not changed.","""{name}"" Takımım'daki favori builddan kaldırıldı. Seçili build değiştirilmedi.","","","medium","","",""
"myBuildsView.unknownError","myBuildsView","ui","Unknown error","Bilinmeyen hata","","17","high","","",""
"myBuildsView.emptyTitle","myBuildsView","ui","No saved builds","Kayıtlı build yok","","20","medium","","",""
"myBuildsView.emptyDescription","myBuildsView","ui","Adjust progression in player detail or player compare, then add one via ""Save this build"".","Oyuncu detayında veya oyuncu karşılaştırmada gelişimi ayarlayın, ardından ""Bu buildi kaydet"" ile ekleyin.","","","medium","","",""
"myBuildsView.findPlayersLink","myBuildsView","ui","Find players","Oyuncu bul","","16","medium","","",""
"myBuildsView.openComparelink","myBuildsView","ui","Open player compare","Oyuncu karşılaştırmayı aç","","25","medium","","",""
"myBuildsView.openMyTeamLink","myBuildsView","ui","Open My Team","Takımım'ı aç","","16","medium","","",""
"myBuildsView.openSquadsLink","myBuildsView","ui","Open squads","Kadroları aç","","15","medium","","",""
"myBuildsView.storageUnavailableNotice","myBuildsView","ui","Saved builds cannot be shown or changed because this browser cannot use localStorage.","Bu tarayıcı localStorage kullanamadığı için kayıtlı buildler gösterilemiyor veya değiştirilemiyor.","","","medium","","",""
"myBuildsView.staleBuildsNotice","myBuildsView","ui","Saved builds were updated in another tab.","Kayıtlı buildler başka bir sekmede güncellendi.","","","medium","","",""
"myBuildsView.staleMyTeamNotice","myBuildsView","ui","My Team was updated in another tab.","Takımım başka bir sekmede güncellendi.","","","medium","","",""
"myBuildsView.reloadButton","myBuildsView","ui","Reload","Yeniden yükle","","12","medium","","",""
"myBuildsView.statTotalLabel","myBuildsView","ui","Saved builds","Kayıtlı buildler","","16","medium","","",""
"myBuildsView.statVisibleLabel","myBuildsView","ui","Showing","Gösterilen","","12","medium","","",""
"myBuildsView.statUsedLabel","myBuildsView","ui","In use","Kullanımda","","12","medium","","",""
"myBuildsView.statUnusedLabel","myBuildsView","ui","Unused","Kullanılmayan","","12","medium","","",""
"myBuildsView.usedExplanationNote","myBuildsView","ui","""In use"" counts builds referenced as My Team's selected/favorite build, or referenced by a squad's saved build.","""Kullanımda"", Takımım'da seçili/favori build olarak veya bir kadronun kayıtlı buildi olarak başvurulan buildleri sayar.","","","medium","","",""
"myBuildsView.filterSectionHeading","myBuildsView","ui","Search, Filter & Sort","Ara, Filtrele ve Sırala","","28","medium","","",""
"myBuildsView.filterActiveBadge","myBuildsView","ui","Active","Etkin","","12","medium","","",""
"myBuildsView.searchLabel","myBuildsView","ui","Search (build name, player name, World ID, buildId)","Ara (build adı, oyuncu adı, World ID, buildId)","","67","medium","","",""
"myBuildsView.searchPlaceholder","myBuildsView","ui","Messi / RWF / 89138556575063 / Finisher","Messi / RWF / 89138556575063 / Finisher","","51","medium","","",""
"myBuildsView.searchAriaLabel","myBuildsView","accessibility","Search saved builds","Kayıtlı buildlerde ara","","25","high","","",""
"myBuildsView.cardTypeLabel","myBuildsView","ui","Card type","Kart türü","","12","medium","","",""
"myBuildsView.cardTypeAriaLabel","myBuildsView","accessibility","Filter by card type","Kart türüne göre filtrele","","25","high","","",""
"myBuildsView.filterAllOption","myBuildsView","ui","All","Tümü","","12","medium","","",""
"myBuildsView.positionLabel","myBuildsView","ui","Registered position","Kayıtlı mevki","","25","medium","","",""
"myBuildsView.positionAriaLabel","myBuildsView","accessibility","Filter by registered position","Kayıtlı mevkiye göre filtrele","","38","high","","",""
"myBuildsView.rulesLabel","myBuildsView","ui","Rules","Kurallar","","12","medium","","",""
"myBuildsView.rulesAriaLabel","myBuildsView","accessibility","Filter by rules version","Kural sürümüne göre filtrele","","30","high","","",""
"myBuildsView.pomLabel","myBuildsView","ui","Power of Many","Power of Many","","17","medium","","",""
"myBuildsView.pomAriaLabel","myBuildsView","accessibility","Filter by Power of Many selection","Power of Many seçimine göre filtrele","","43","high","","",""
"myBuildsView.pomWithOption","myBuildsView","ui","Has selection","Seçim var","","17","medium","","",""
"myBuildsView.experimentalLabel","myBuildsView","ui","Experimental estimate","Deneysel tahmin","","28","medium","","",""
"myBuildsView.experimentalAriaLabel","myBuildsView","accessibility","Filter by experimental estimate","Deneysel tahmine göre filtrele","","41","high","","",""
"myBuildsView.experimentalWithOption","myBuildsView","ui","Has estimate","Tahmin var","","16","medium","","",""
"myBuildsView.usageLabel","myBuildsView","ui","Usage","Kullanım","","12","medium","","",""
"myBuildsView.usageAriaLabel","myBuildsView","accessibility","Filter by usage","Kullanıma göre filtrele","","20","high","","",""
"myBuildsView.usageUsedOption","myBuildsView","ui","In use","Kullanımda","","12","medium","","",""
"myBuildsView.usageUnusedOption","myBuildsView","ui","Unused","Kullanılmayan","","12","medium","","",""
"myBuildsView.sortLabel","myBuildsView","ui","Sort","Sırala","","12","medium","","",""
"myBuildsView.sortAriaLabel","myBuildsView","accessibility","Sort","Sırala","","12","high","","",""
"myBuildsView.clearFiltersButton","myBuildsView","ui","Clear filters","Filtreleri temizle","","17","medium","","",""
"myBuildsView.noResultsTitle","myBuildsView","ui","No saved builds match your criteria","Ölçütlerinize uyan kayıtlı build yok","","46","medium","","",""
"myBuildsView.deleteConfirmTitle","myBuildsView","ui","Delete this saved build?","Bu kayıtlı build silinsin mi?","","32","high","","",""
"myBuildsView.deleteConfirmButton","myBuildsView","ui","Delete","Sil","","12","high","","",""
"myBuildsView.clearSelectionConfirmTitle","myBuildsView","ui","Clear the selected build in My Team?","Takımım'daki seçili build temizlensin mi?","","47","high","","",""
"myBuildsView.clearSelectionConfirmButton","myBuildsView","ui","Clear","Temizle","","12","high","","",""
"myBuildsView.clearSelectionBodyTemplate","myBuildsView","ui","This removes {name} from My Team's selected build (resets selectedBuildId to unselected).","Bu işlem şu buildi Takımım'ın seçili buildinden kaldırır: {name} (selectedBuildId seçilmemiş olarak sıfırlanır).","","","medium","","",""
"myBuildsView.idLineTemplate","myBuildsView","ui","World ID {worldCardId} / buildId {buildId}","World ID {worldCardId} / buildId {buildId}","","","medium","","",""
"myBuildsView.clearSelectionUnchangedNote","myBuildsView","ui","The saved build itself, favorite build, ownership status, usage status, tags, note, squads, and favorite are not changed.","Kayıtlı buildin kendisi, favori build, sahiplik durumu, kullanım durumu, etiketler, not, kadrolar ve favori değiştirilmez.","","","medium","","",""
"myBuildsView.clearFavoriteConfirmTitle","myBuildsView","ui","Clear the favorite build in My Team?","Takımım'daki favori build temizlensin mi?","","47","high","","",""
"myBuildsView.clearFavoriteConfirmButton","myBuildsView","ui","Clear favorite","Favoriyi temizle","","19","high","","",""
"myBuildsView.clearFavoriteBodyTemplate","myBuildsView","ui","This clears {name} from My Team's favorite build (resets favoriteBuildId to unset).","Bu işlem şu buildi Takımım'ın favori buildinden kaldırır: {name} (favoriteBuildId ayarlanmamış olarak sıfırlanır).","","","medium","","",""
"myBuildsView.clearFavoriteChangedItem","myBuildsView","ui","Changed: only favoriteBuildId and the updated timestamp","Değişen: yalnızca favoriteBuildId ve güncelleme zamanı","","","medium","","",""
"myBuildsView.clearFavoriteUnchangedItemTemplate","myBuildsView","ui","Not changed: selected build (selectedBuildId), ownership status, usage status, tags, note, registration date, other cards' My Team records, the saved build itself, squads, the card's own favorite, and compare state","Değişmeyen: seçili build (selectedBuildId), sahiplik durumu, kullanım durumu, etiketler, not, kayıt tarihi, diğer kartların Takımım kayıtları, kayıtlı buildin kendisi, kadrolar, kartın kendi favorisi ve karşılaştırma durumu","","","medium","","",""
"myBuildsView.registerModalTitle","myBuildsView","ui","Register to My Team","Takımım'a kaydet","","25","medium","","",""
"myBuildsView.cardImageAltTemplate","myBuildsView","ui","Card image for {name}","Kart görseli: {name}","","28","medium","","",""
"myBuildsView.cardImageAltGeneric","myBuildsView","ui","Card image","Kart görseli","","13","medium","","",""
"myBuildsView.cardTypeUnknown","myBuildsView","ui","Unknown card type","Bilinmeyen kart türü","","23","medium","","",""
"myBuildsView.registeredPositionUnknown","myBuildsView","ui","Unknown registered position","Bilinmeyen kayıtlı mevki","","","medium","","",""
"myBuildsView.alreadyInMyTeamNotice","myBuildsView","ui","This card is already registered in My Team. Please reload.","Bu kart zaten Takımım'a kayıtlı. Lütfen sayfayı yeniden yükleyin.","","","medium","","",""
"myBuildsView.buildToUseLabel","myBuildsView","ui","Build to use: ","Kullanılacak build: ","","19","medium","","",""
"myBuildsView.buildIdSuffixTemplate","myBuildsView","ui"," (buildId {id})"," (buildId {id})","","20","medium","","",""
"myBuildsView.allocationLabel","myBuildsView","ui","Progression allocation: ","Gelişim dağılımı: ","","32","medium","","",""
"myBuildsView.noAllocationBase","myBuildsView","ui","No allocation (base abilities)","Dağılım yok (temel özellikler)","","","medium","","",""
"myBuildsView.usedPointsLabel","myBuildsView","ui","Points used: {value}","Kullanılan puan: {value}","","26","medium","","",""
"myBuildsView.totalUnknownSuffix","myBuildsView","ui"," pt (total unknown)"," pt (toplam bilinmiyor)","","25","medium","","",""
"myBuildsView.totalPointsSuffixTemplate","myBuildsView","ui"," / {value} pt"," / {value} pt","","17","medium","","",""
"myBuildsView.pomRowLabel","myBuildsView","ui","Power of Many (user-specified): ","Power of Many (kullanıcı belirledi): ","","42","medium","","",""
"myBuildsView.pomUnspecified","myBuildsView","ui","Not specified","Belirtilmedi","","17","medium","","",""
"myBuildsView.experimentalRowLabel","myBuildsView","ui","Experimental estimate: ","Deneysel tahmin: ","","30","medium","","",""
"myBuildsView.yes","myBuildsView","ui","Yes","Evet","","12","medium","","",""
"myBuildsView.no","myBuildsView","ui","No","Hayır","","12","medium","","",""
"myBuildsView.estimatedOvrLabel","myBuildsView","ui","Estimated OVR at save time: ","Kayıt anındaki tahmini OVR: ","","37","medium","","",""
"myBuildsView.calcModeConfirmed","myBuildsView","ui","Base value only","Yalnızca temel değer","","20","high","","",""
"myBuildsView.calcModeUnsupported","myBuildsView","ui","Cannot calculate","Hesaplanamıyor","","21","medium","","",""
"myBuildsView.calcModeProvisional","myBuildsView","ui","Provisional rule","Geçici kural","","21","medium","","",""
"myBuildsView.totalOvrPlaceholder","myBuildsView","ui","Overall (position-specific OVR): — (calculation rule under review)","Genel (mevkiye özel OVR): — (hesaplama kuralı inceleniyor)","","86","medium","","",""
"myBuildsView.ownershipLabel","myBuildsView","ui","Ownership status","Sahiplik durumu","","21","medium","","",""
"myBuildsView.ownershipHint","myBuildsView","ui","My Team manages cards you actually own. You can change this later from the My Team screen.","Takımım gerçekten sahip olduğunuz kartları yönetir. Bunu daha sonra Takımım ekranından değiştirebilirsiniz.","","","medium","","",""
"myBuildsView.usageStatusLabel","myBuildsView","ui","Usage status","Kullanım durumu","","16","medium","","",""
"myBuildsView.usageStatusHint","myBuildsView","ui","Separate from actual squad placement. Choosing here does not automatically place it in a squad.","Kadrodaki gerçek yerleşimden ayrıdır. Burada seçmek kartı otomatik olarak bir kadroya yerleştirmez.","","","medium","","",""
"myBuildsView.associationLegend","myBuildsView","ui","Saved build associations (each is an independent setting)","Kayıtlı build ilişkileri (her biri bağımsız bir ayardır)","","","medium","","",""
"myBuildsView.setSelectedOptionPrefix","myBuildsView","ui","Set this build as the ","Bu buildi ","","29","medium","","",""
"myBuildsView.setSelectedOptionSuffix","myBuildsView","ui"," (selectedBuildId)"," olarak ayarla (selectedBuildId)","","24","medium","","",""
"myBuildsView.setSelectedHint","myBuildsView","ui","This is the build shown first when you open this card in My Team.","Bu kartı Takımım'da açtığınızda ilk gösterilen build budur.","","","medium","","",""
"myBuildsView.setFavoriteOptionPrefix","myBuildsView","ui","Set this build as the ","Bu buildi ","","29","medium","","",""
"myBuildsView.setFavoriteOptionSuffix","myBuildsView","ui"," (favoriteBuildId)"," olarak ayarla (favoriteBuildId)","","24","medium","","",""
"myBuildsView.setFavoriteHint","myBuildsView","ui","A separate slot from the selected build. Also separate from the card's own favorite status.","Seçili builddan ayrı bir alandır. Kartın kendi favori durumundan da ayrıdır.","","","medium","","",""
"myBuildsView.previewHeading","myBuildsView","ui","My Team Record That Will Be Created","Oluşturulacak Takımım kaydı","","46","medium","","",""
"myBuildsView.previewOwnershipTemplate","myBuildsView","ui","Ownership: {value}","Sahiplik: {value}","","24","medium","","",""
"myBuildsView.previewUsageTemplate","myBuildsView","ui","Usage: {value}","Kullanım: {value}","","19","medium","","",""
"myBuildsView.previewSelectedTemplate","myBuildsView","ui","Selected build: {value}","Seçili build: {value}","","30","medium","","",""
"myBuildsView.previewFavoriteTemplate","myBuildsView","ui","Favorite build: {value}","Favori build: {value}","","30","medium","","",""
"myBuildsView.previewTagsNone","myBuildsView","ui","Tags: None","Etiketler: Yok","","13","medium","","",""
"myBuildsView.previewNotesNone","myBuildsView","ui","Note: None","Not: Yok","","13","medium","","",""
"myBuildsView.previewSquadNoChange","myBuildsView","ui","Squads: No change (not auto-placed or auto-applied)","Kadrolar: Değişiklik yok (otomatik yerleştirilmez veya uygulanmaz)","","","medium","","",""
"myBuildsView.previewFavoriteFlagNoChange","myBuildsView","ui","Card's own favorite: No change","Kartın kendi favorisi: Değişiklik yok","","","medium","","",""
"myBuildsView.previewNoneValue","myBuildsView","ui","None","Yok","","12","medium","","",""
"myBuildsView.twoStageNote","myBuildsView","ui","The favorite build is saved with one more step after registration. Even if only that step fails, the registration itself remains valid (you can set it later from My Builds).","Favori build, kayıttan sonra ek bir adımla kaydedilir. Yalnızca bu adım başarısız olsa bile kaydın kendisi geçerli kalır (daha sonra Buildlerim'den ayarlayabilirsiniz).","","","medium","","",""
"myBuildsView.unchangedListItem1","myBuildsView","ui","Other cards' My Team records, the saved build itself, and saved squads are not changed.","Diğer kartların Takımım kayıtları, kayıtlı buildin kendisi ve kayıtlı kadrolar değiştirilmez.","","","medium","","",""
"myBuildsView.unchangedListItem2","myBuildsView","ui","The card's own favorite status, compare state, and URL are not changed.","Kartın kendi favori durumu, karşılaştırma durumu ve URL değiştirilmez.","","","medium","","",""
"myBuildsView.confirmStatement","myBuildsView","ui","This registers this card to My Team.","Bu işlem bu kartı Takımım'a kaydeder.","","","high","","",""
"myBuildsView.cancelButton","myBuildsView","ui","Cancel","İptal","","12","medium","","",""
"myBuildsView.registerButton","myBuildsView","ui","Register to My Team","Takımım'a kaydet","","25","medium","","",""
"myBuildsView.changeFavoriteModalTitle","myBuildsView","ui","Change My Team Favorite Build","Takımım favori buildini değiştir","","38","medium","","",""
"myBuildsView.notInMyTeamNotice","myBuildsView","ui","This card is not registered in My Team. Please register it in My Team first.","Bu kart Takımım'a kayıtlı değil. Lütfen önce Takımım'a kaydedin.","","","medium","","",""
"myBuildsView.settingBuildLabel","myBuildsView","ui","Build to set: ","Ayarlanacak build: ","","19","medium","","",""
"myBuildsView.currentFavoriteLabel","myBuildsView","ui","Current favorite build: ","Mevcut favori build: ","","32","medium","","",""
"myBuildsView.noneLabel","myBuildsView","ui","None","Yok","","12","medium","","",""
"myBuildsView.currentFavoriteMissingTemplate","myBuildsView","ui","The current favorite build could not be found (buildId {id})","Mevcut favori build bulunamadı (buildId {id})","","","medium","","",""
"myBuildsView.currentSelectedUnchangedLabel","myBuildsView","ui","Current selected build (not changed): ","Mevcut seçili build (değiştirilmez): ","","50","medium","","",""
"myBuildsView.missingBuildFallback","myBuildsView","ui"," (not found)"," (bulunamadı)","","16","medium","","",""
"myBuildsView.alreadyFavoriteNoChangeNote","myBuildsView","ui","This build is already the favorite. No change will be made.","Bu build zaten favori. Değişiklik yapılmayacak.","","","medium","","",""
"myBuildsView.confirmFavoriteChangeTemplate","myBuildsView","ui","This changes My Team's favorite build to ""{name}"".","Bu işlem Takımım'ın favori buildini ""{name}"" olarak değiştirir.","","","high","","",""
"myBuildsView.favoriteChangedItem","myBuildsView","ui","Changed: only the My Team record's favoriteBuildId and updated timestamp","Değişen: yalnızca Takımım kaydının favoriteBuildId alanı ve güncelleme zamanı","","","medium","","",""
"myBuildsView.favoriteUnchangedItemTemplate","myBuildsView","ui","Not changed: selected build (selectedBuildId), ownership status, usage status, tags, note, registration date, other cards' My Team records, the saved build itself, squads, the card's own favorite, and compare state","Değişmeyen: seçili build (selectedBuildId), sahiplik durumu, kullanım durumu, etiketler, not, kayıt tarihi, diğer kartların Takımım kayıtları, kayıtlı buildin kendisi, kadrolar, kartın kendi favorisi ve karşılaştırma durumu","","","medium","","",""
"myBuildsView.favoriteNoAutoApplyNote","myBuildsView","ui","This is not automatically applied to the selected build or existing squads.","Bu, seçili builde veya mevcut kadrolara otomatik olarak uygulanmaz.","","","medium","","",""
"myBuildsView.makeFavoriteButton","myBuildsView","ui","Set as favorite build","Favori build yap","","28","medium","","",""
"myBuildsView.changeSelectedModalTitle","myBuildsView","ui","Change My Team Selected Build","Takımım seçili buildini değiştir","","38","medium","","",""
"myBuildsView.currentSelectedLabel","myBuildsView","ui","Current selected build: ","Mevcut seçili build: ","","32","medium","","",""
"myBuildsView.currentSelectedMissingTemplate","myBuildsView","ui","The current selected build could not be found (buildId {id})","Mevcut seçili build bulunamadı (buildId {id})","","","medium","","",""
"myBuildsView.alreadySelectedNoChangeNote","myBuildsView","ui","This build is already selected. No change will be made.","Bu build zaten seçili. Değişiklik yapılmayacak.","","","medium","","",""
"myBuildsView.confirmSelectedChangeTemplate","myBuildsView","ui","This changes My Team's selected build to ""{name}"".","Bu işlem Takımım'ın seçili buildini ""{name}"" olarak değiştirir.","","","high","","",""
"myBuildsView.selectedChangedItem","myBuildsView","ui","Changed: only the My Team record's selected build (selectedBuildId) and updated timestamp","Değişen: yalnızca Takımım kaydının seçili buildi (selectedBuildId) ve güncelleme zamanı","","","medium","","",""
"myBuildsView.selectedUnchangedItemTemplate","myBuildsView","ui","Not changed: favorite build, ownership status, usage status, tags, note, registration date, other cards' My Team records, the saved build itself, squads, favorite, and compare state","Değişmeyen: favori build, sahiplik durumu, kullanım durumu, etiketler, not, kayıt tarihi, diğer kartların Takımım kayıtları, kayıtlı buildin kendisi, kadrolar, favori ve karşılaştırma durumu","","","medium","","",""
"myBuildsView.selectedNoAutoApplyNote","myBuildsView","ui","This is not automatically applied to existing squads (each squad's saved build is an independent setting).","Bu, mevcut kadrolara otomatik olarak uygulanmaz (her kadronun kayıtlı buildi bağımsız bir ayardır).","","","medium","","",""
"myBuildsView.makeSelectedButton","myBuildsView","ui","Set as My Team's selected build","Takımım'ın seçili buildi yap","","41","medium","","",""
"myBuildsView.renameModalTitle","myBuildsView","ui","Rename Build","Buildi yeniden adlandır","","16","medium","","",""
"myBuildsView.renameDescription","myBuildsView","ui","Only the build name and updated timestamp change. buildId, allocation, rules version, created date, and Power of Many selection are kept.","Yalnızca build adı ve güncelleme zamanı değişir. buildId, dağılım, kural sürümü, oluşturma tarihi ve Power of Many seçimi korunur.","","","medium","","",""
"myBuildsView.newNameLabel","myBuildsView","ui","New build name (1-60 characters)","Yeni build adı (1-60 karakter)","","42","medium","","",""
"myBuildsView.newNameAriaLabel","myBuildsView","accessibility","New build name","Yeni build adı","","19","high","","",""
"myBuildsView.changeButton","myBuildsView","ui","Change","Değiştir","","12","medium","","",""
"myBuildsView.deleteBodyTemplate","myBuildsView","ui","This deletes {name}{playerSuffix}.","Silinecek: {name}{playerSuffix}.","","","high","","",""
"myBuildsView.referencedFromLabel","myBuildsView","ui","This build is referenced from the following:","Bu builde şu yerlerden başvuruluyor:","","58","medium","","",""
"myBuildsView.myTeamSelectedItem","myBuildsView","ui","Selected in My Team","Takımım'da seçili","","25","medium","","",""
"myBuildsView.myTeamFavoriteItem","myBuildsView","ui","Favorite build in My Team","Takımım'da favori build","","","medium","","",""
"myBuildsView.squadReferenceTemplate","myBuildsView","ui","Squad ""{name}"" ({areas})","Kadro ""{name}"" ({areas})","","32","medium","","",""
"myBuildsView.deleteSafeNote","myBuildsView","ui","Deleting does not change My Team, the squad itself, card placement, or favorites. The reference will show as ""deleted"" and you will need to choose another build.","Silmek Takımım'ı, kadronun kendisini, kart yerleşimini veya favorileri değiştirmez. Başvuru ""silindi"" olarak görünür ve başka bir build seçmeniz gerekir.","","","high","","",""
"myBuildsView.noReferenceNote","myBuildsView","ui","This build is not referenced anywhere.","Bu builde hiçbir yerden başvurulmuyor.","","","medium","","",""
"myBuildsView.deleteIrreversibleNote","myBuildsView","ui","This action cannot be undone.","Bu işlem geri alınamaz.","","","high","","",""
"compareAddButton.fullMessageTemplate","compareAddButton","ui","Compare supports a maximum of {max} players","Karşılaştırma en fazla {max} oyuncuyu destekler","","","medium","","",""
"compareAddButton.removeFromCompareAria","compareAddButton","accessibility","Remove from compare","Karşılaştırmadan çıkar","","25","high","","",""
"compareAddButton.addToCompareAria","compareAddButton","accessibility","Add to compare","Karşılaştırmaya ekle","","19","high","","",""
"compareAddButton.inCompareLabel","compareAddButton","ui","In compare","Karşılaştırmada","","13","medium","","",""
"compareAddButton.compareFullLabel","compareAddButton","ui","Compare full","Karşılaştırma dolu","","16","medium","","",""
"compareAddButton.addToCompareLabel","compareAddButton","ui","Add to compare","Karşılaştırmaya ekle","","19","medium","","",""
"compareAddButton.inCompareCheckedLabel","compareAddButton","ui","In compare ✓","Karşılaştırmada ✓","","16","medium","","",""
"compareAddButton.viewCompareTemplate","compareAddButton","ui","View compare ({count})","Karşılaştırmayı gör ({count})","","29","medium","","",""
"duplicateReviewSection.sortUpdatedDesc","duplicateReviewSection","ui","Newest updated first","En son güncellenen önce","","26","medium","","",""
"duplicateReviewSection.sortCreatedDesc","duplicateReviewSection","ui","Newest created first","En son oluşturulan önce","","26","medium","","",""
"duplicateReviewSection.sortSizeDesc","duplicateReviewSection","ui","Largest group first","En büyük grup önce","","25","medium","","",""
"duplicateReviewSection.sortRefsDesc","duplicateReviewSection","ui","Most total references first","En çok toplam başvuru önce","","","medium","","",""
"duplicateReviewSection.sortUnusedFirst","duplicateReviewSection","ui","Unused candidates first","Kullanılmayan adaylar önce","","30","medium","","",""
"duplicateReviewSection.sortUsedFirst","duplicateReviewSection","ui","In-use candidates first","Kullanımdaki adaylar önce","","30","medium","","",""
"duplicateReviewSection.sortPlayerAsc","duplicateReviewSection","ui","By player name","Oyuncu adına göre","","19","medium","","",""
"duplicateReviewSection.sortNameAsc","duplicateReviewSection","ui","By build name","Build adına göre","","17","medium","","",""
"duplicateReviewSection.sortIdStable","duplicateReviewSection","ui","By buildId (stable)","buildId'ye göre (sabit)","","25","medium","","",""
"duplicateReviewSection.headingTemplate","duplicateReviewSection","ui","Saved Build Duplicate Candidates ({count} group(s))","Kayıtlı build yinelenen adayları ({count} grup)","","","medium","","",""
"duplicateReviewSection.intro1","duplicateReviewSection","ui","A read-only list for safely reviewing duplicate candidates among saved builds that may have accumulated from JSON imports or duplication. This screen never deletes, merges, overwrites, bulk-processes, or reassigns saved builds. My Team and squad references are not changed either. Please review and organize individually in My Builds.","JSON içe aktarma veya çoğaltma sonucunda birikmiş olabilecek kayıtlı buildler arasındaki yinelenen adayları güvenle incelemek için yalnızca okunur bir liste. Bu ekran kayıtlı buildleri asla silmez, birleştirmez, üzerine yazmaz, toplu işlemez veya yeniden atamaz. Takımım ve kadro başvuruları da değiştirilmez. Lütfen Buildlerim'de tek tek inceleyip düzenleyin.","","","medium","","",""
"duplicateReviewSection.intro2","duplicateReviewSection","ui","An exact-match candidate is a saved build where the World ID (worldCardId), rulesVersion, progression allocation, player booster estimate, and Power of Many specification all match (even if the build name, buildId, created time, or updated time differ, it's still treated as a match).","Tam eşleşme adayı; World ID (worldCardId), rulesVersion, gelişim dağılımı, oyuncu güçlendiricisi tahmini ve Power of Many belirtiminin tamamı eşleşen kayıtlı builddir (build adı, buildId, oluşturma veya güncelleme zamanı farklı olsa bile eşleşme sayılır).","","","medium","","",""
"duplicateReviewSection.intro3","duplicateReviewSection","ui","Similar candidates are limited in scope to avoid false positives. Only cases where ""only one allocation category differs"" or ""only the player booster estimate/Power of Many specification differs"" are safely detected — other differences are not treated as candidates.","Yanlış pozitifleri önlemek için benzer adayların kapsamı sınırlıdır. Yalnızca ""tek bir dağılım kategorisi farklı"" veya ""yalnızca oyuncu güçlendiricisi tahmini/Power of Many belirtimi farklı"" durumları güvenle algılanır — diğer farklar aday sayılmaz.","","","medium","","",""
"duplicateReviewSection.staleNoticeTemplate","duplicateReviewSection","ui","The data used for duplicate detection ({targets}) was updated in another tab.","Yinelenen algılamasında kullanılan veriler ({targets}) başka bir sekmede güncellendi.","","","medium","","",""
"duplicateReviewSection.staleBuildLabel","duplicateReviewSection","ui","saved builds","kayıtlı buildler","","16","medium","","",""
"duplicateReviewSection.staleMyTeamLabel","duplicateReviewSection","ui","My Team","Takımım","","12","medium","","",""
"duplicateReviewSection.staleSquadLabel","duplicateReviewSection","ui","squads","kadrolar","","12","medium","","",""
"duplicateReviewSection.totalBuildsLabel","duplicateReviewSection","ui","Total saved builds","Toplam kayıtlı build","","24","medium","","",""
"duplicateReviewSection.exactGroupCountLabel","duplicateReviewSection","ui","Exact-match candidate groups","Tam eşleşme aday grupları","","37","medium","","",""
"duplicateReviewSection.exactBuildCountLabel","duplicateReviewSection","ui","Exact-match candidate builds","Tam eşleşme aday buildleri","","37","medium","","",""
"duplicateReviewSection.similarGroupCountLabel","duplicateReviewSection","ui","Similar candidate groups","Benzer aday grupları","","32","medium","","",""
"duplicateReviewSection.similarBuildCountLabel","duplicateReviewSection","ui","Similar candidate builds","Benzer aday buildleri","","32","medium","","",""
"duplicateReviewSection.noCandidateLabel","duplicateReviewSection","ui","No duplicate candidate","Yinelenen adayı yok","","29","medium","","",""
"duplicateReviewSection.unresolvedLabel","duplicateReviewSection","ui","Undetermined","Belirlenemedi","","16","medium","","",""
"duplicateReviewSection.usedCandidateLabel","duplicateReviewSection","ui","In-use candidates","Kullanımdaki adaylar","","23","medium","","",""
"duplicateReviewSection.unusedCandidateLabel","duplicateReviewSection","ui","Unused candidates","Kullanılmayan adaylar","","23","medium","","",""
"duplicateReviewSection.myTeamRefCandidateLabel","duplicateReviewSection","ui","Candidates referenced in My Team","Takımım'da başvurulan adaylar","","42","medium","","",""
"duplicateReviewSection.squadRefCandidateLabel","duplicateReviewSection","ui","Candidates referenced in squads","Kadrolarda başvurulan adaylar","","41","medium","","",""
"duplicateReviewSection.unitBuildSuffix","duplicateReviewSection","ui","build(s)","build","","12","medium","","",""
"duplicateReviewSection.unitGroupSuffix","duplicateReviewSection","ui","group(s)","grup","","12","medium","","",""
"duplicateReviewSection.footnote","duplicateReviewSection","ui","Units: ""build(s)"" = per saved build, ""group(s)"" = per duplicate-candidate grouping (a similar-candidate group is a pair of 2).","Birimler: ""build"" = kayıtlı build başına, ""grup"" = yinelenen aday gruplaması başına (benzer aday grubu 2'li bir çifttir).","","","medium","","",""
"duplicateReviewSection.statusLabel","duplicateReviewSection","ui","Status: ","Durum: ","","12","medium","","",""
"duplicateReviewSection.statusWarning","duplicateReviewSection","ui","Attention (duplicate candidates present)","Dikkat (yinelenen adaylar var)","","","high","","",""
"duplicateReviewSection.statusNormal","duplicateReviewSection","ui","Normal","Normal","","12","medium","","",""
"duplicateReviewSection.unresolvedSuffix","duplicateReviewSection","ui"," / Undetermined builds present"," / Belirlenemeyen buildler var","","","medium","","",""
"duplicateReviewSection.unresolvedSummaryTemplate","duplicateReviewSection","ui","Undetermined builds ({count} — not included in ""no duplicate candidate"")","Belirlenemeyen buildler ({count} — ""yinelenen adayı yok"" içinde sayılmaz)","","","medium","","",""
"duplicateReviewSection.worldIdTemplate","duplicateReviewSection","ui","World ID {id}","World ID {id}","","17","medium","","",""
"duplicateReviewSection.worldIdUnknown","duplicateReviewSection","ui","World ID unknown","World ID bilinmiyor","","21","medium","","",""
"duplicateReviewSection.buildIdTemplate","duplicateReviewSection","ui","buildId {id}","buildId {id}","","16","medium","","",""
"duplicateReviewSection.buildIdUnknown","duplicateReviewSection","ui","buildId unknown","buildId bilinmiyor","","20","medium","","",""
"duplicateReviewSection.unresolvedFootnote","duplicateReviewSection","ui","No auto-repair or auto-deletion is performed. Please check individually in My Builds or this page's list.","Otomatik onarım veya otomatik silme yapılmaz. Lütfen Buildlerim'de veya bu sayfanın listesinde tek tek kontrol edin.","","","medium","","",""
"duplicateReviewSection.similarUnsupportedNote","duplicateReviewSection","ui","Automatic detection of similar candidates is currently not performed, to avoid false positives.","Yanlış pozitifleri önlemek için benzer adayların otomatik algılanması şu anda yapılmıyor.","","","medium","","",""
"duplicateReviewSection.noBuildsLabel","duplicateReviewSection","ui","You have no saved builds.","Kayıtlı buildiniz yok.","","33","medium","","",""
"duplicateReviewSection.noExactMatchLabel","duplicateReviewSection","ui","There are no exact-match saved-build candidates.","Tam eşleşen kayıtlı build adayı yok.","","63","medium","","",""
"duplicateReviewSection.noMatchingCandidatesLabel","duplicateReviewSection","ui","No duplicate candidates match your criteria.","Ölçütlerinize uyan yinelenen adayı yok.","","58","medium","","",""
"duplicateReviewSection.searchFilterSortHeading","duplicateReviewSection","ui","Search, Filter & Sort","Ara, Filtrele ve Sırala","","28","medium","","",""
"duplicateReviewSection.filterActiveLabel","duplicateReviewSection","ui","Active","Etkin","","12","medium","","",""
"duplicateReviewSection.searchLabel","duplicateReviewSection","ui","Search (player name, build name, World ID, buildId, rulesVersion, squad name)","Ara (oyuncu adı, build adı, World ID, buildId, rulesVersion, kadro adı)","","101","medium","","",""
"duplicateReviewSection.searchAriaLabel","duplicateReviewSection","accessibility","Search duplicate candidates","Yinelenen adaylarda ara","","36","high","","",""
"duplicateReviewSection.kindFilterLabel","duplicateReviewSection","ui","Kind","Tür","","12","medium","","",""
"duplicateReviewSection.allOption","duplicateReviewSection","ui","All","Tümü","","12","medium","","",""
"duplicateReviewSection.exactOption","duplicateReviewSection","ui","Exact-match candidates","Tam eşleşme adayları","","29","medium","","",""
"duplicateReviewSection.similarOption","duplicateReviewSection","ui","Similar candidates","Benzer adaylar","","24","medium","","",""
"duplicateReviewSection.usageFilterLabel","duplicateReviewSection","ui","Usage status","Kullanım durumu","","16","medium","","",""
"duplicateReviewSection.usedOption","duplicateReviewSection","ui","In use","Kullanımda","","12","medium","","",""
"duplicateReviewSection.unusedOption","duplicateReviewSection","ui","Unused","Kullanılmayan","","12","medium","","",""
"duplicateReviewSection.rulesFilterLabel","duplicateReviewSection","ui","Rules","Kurallar","","12","medium","","",""
"duplicateReviewSection.currentRulesOption","duplicateReviewSection","ui","Current rules","Mevcut kurallar","","17","medium","","",""
"duplicateReviewSection.legacyRulesOption","duplicateReviewSection","ui","Outdated rules","Eski kurallar","","19","medium","","",""
"duplicateReviewSection.cardTypeFilterLabel","duplicateReviewSection","ui","Card type","Kart türü","","12","medium","","",""
"duplicateReviewSection.registeredPositionFilterLabel","duplicateReviewSection","ui","Registered position","Kayıtlı mevki","","25","medium","","",""
"duplicateReviewSection.myTeamRefCheckLabel","duplicateReviewSection","ui","Has My Team reference","Takımım başvurusu var","","28","medium","","",""
"duplicateReviewSection.squadRefCheckLabel","duplicateReviewSection","ui","Has squad reference","Kadro başvurusu var","","25","medium","","",""
"duplicateReviewSection.multiUseCheckLabel","duplicateReviewSection","ui","Used in multiple places","Birden çok yerde kullanılıyor","","30","medium","","",""
"duplicateReviewSection.pomCheckLabel","duplicateReviewSection","ui","Has Power of Many specified","Power of Many belirtilmiş","","36","medium","","",""
"duplicateReviewSection.experimentalCheckLabel","duplicateReviewSection","ui","Has experimental estimate","Deneysel tahmin var","","33","medium","","",""
"duplicateReviewSection.sortLabel","duplicateReviewSection","ui","Sort","Sırala","","12","medium","","",""
"duplicateReviewSection.clearSearchButton","duplicateReviewSection","ui","Clear search criteria","Arama ölçütlerini temizle","","28","medium","","",""
"duplicateReviewSection.exactBadge","duplicateReviewSection","ui","Exact-match candidate","Tam eşleşme adayı","","28","medium","","",""
"duplicateReviewSection.similarBadge","duplicateReviewSection","ui","Similar candidate","Benzer aday","","23","medium","","",""
"duplicateReviewSection.anyUsedBadge","duplicateReviewSection","ui","Includes in-use","Kullanımdaki var","","20","medium","","",""
"duplicateReviewSection.allUnusedBadge","duplicateReviewSection","ui","All unused","Tümü kullanılmıyor","","13","medium","","",""
"duplicateReviewSection.matchingFieldsHeading","duplicateReviewSection","ui","Matching fields","Eşleşen alanlar","","20","medium","","",""
"duplicateReviewSection.differingFieldsHeading","duplicateReviewSection","ui","Differing fields","Farklı alanlar","","21","medium","","",""
"duplicateReviewSection.similarReasonTemplate","duplicateReviewSection","ui","Reason for similarity: {reason}","Benzerlik nedeni: {reason}","","","medium","","",""
"duplicateReviewSection.usedRefTemplate","duplicateReviewSection","ui","In use — {count} reference(s)","Kullanımda — başvuru sayısı: {count}","","","medium","","",""
"duplicateReviewSection.unusedBadge","duplicateReviewSection","ui","Unused","Kullanılmayan","","12","medium","","",""
"duplicateReviewSection.multiUseBadge","duplicateReviewSection","ui","Multiple places","Birden çok yer","","20","medium","","",""
"duplicateReviewSection.pomBadge","duplicateReviewSection","ui","Power of Many specified","Power of Many belirtilmiş","","30","medium","","",""
"duplicateReviewSection.experimentalBadge","duplicateReviewSection","ui","Experimental estimate","Deneysel tahmin","","28","medium","","",""
"duplicateReviewSection.selectedBoosterLabel","duplicateReviewSection","ui","selectedPlayerBooster: ","selectedPlayerBooster: ","","30","medium","","",""
"duplicateReviewSection.pomFieldLabel","duplicateReviewSection","ui"," / Power of Many: "," / Power of Many: ","","24","medium","","",""
"duplicateReviewSection.estimatedOvrLabel","duplicateReviewSection","ui","Estimated OVR at save time: ","Kayıt anındaki tahmini OVR: ","","37","medium","","",""
"duplicateReviewSection.myTeamSelectedInline","duplicateReviewSection","ui","My Team selected / ","Takımım seçili / ","","25","medium","","",""
"duplicateReviewSection.myTeamFavoriteInline","duplicateReviewSection","ui","My Team favorite / ","Takımım favori / ","","25","medium","","",""
"duplicateReviewSection.noReferenceLabel","duplicateReviewSection","ui","Not referenced","Başvuru yok","","19","medium","","",""
"duplicateReviewSection.openMyTeamLink","duplicateReviewSection","ui","Open My Team","Takımım'ı aç","","16","medium","","",""
"duplicateReviewSection.openSquadTemplate","duplicateReviewSection","ui","Open ""{name}""","Aç: ""{name}""","","17","medium","","",""
"buildInventoryView.pageTitle","buildInventoryView","metadata","Build Analysis","Build Analizi","","19","medium","","",""
"buildInventoryView.pageDescription","buildInventoryView","metadata","Review saved-build usage status, duplicate candidates, outdated rules, and reference issues. Training allocation, My Team, and squads are not changed. A training intent is added to the matching saved build only when you explicitly save it from Build Analysis.","Kayıtlı buildlerin kullanım durumunu, yinelenen adayları, eski kuralları ve referans sorunlarını inceleyin. Gelişim dağılımı, Takımım ve kadrolar değiştirilmez. Bir gelişim amacı, yalnızca Build Analizi'nden açıkça kaydettiğinizde ilgili kayıtlı builde eklenir.","","","medium","","",""
"buildInventoryView.scopeLoadingMessage","buildInventoryView","ui","Checking your account…","Hesabınız kontrol ediliyor…","","29","medium","","",""
"buildInventoryView.sortUpdatedDesc","buildInventoryView","ui","Newest updated first","En son güncellenen önce","","26","medium","","",""
"buildInventoryView.sortUpdatedAsc","buildInventoryView","ui","Oldest updated first","En eski güncellenen önce","","26","medium","","",""
"buildInventoryView.sortCreatedDesc","buildInventoryView","ui","Newest created first","En son oluşturulan önce","","26","medium","","",""
"buildInventoryView.sortPlayerAsc","buildInventoryView","ui","By player name","Oyuncu adına göre","","19","medium","","",""
"buildInventoryView.sortNameAsc","buildInventoryView","ui","By build name","Build adına göre","","17","medium","","",""
"buildInventoryView.sortRefsDesc","buildInventoryView","ui","Most references first","En çok referans önce","","28","medium","","",""
"buildInventoryView.sortRefsAsc","buildInventoryView","ui","Fewest references first","En az referans önce","","30","medium","","",""
"buildInventoryView.sortProblemFirst","buildInventoryView","ui","Problem builds first","Sorunlu buildler önce","","26","medium","","",""
"buildInventoryView.sortUnusedFirst","buildInventoryView","ui","Unused builds first","Kullanılmayan buildler önce","","25","medium","","",""
"buildInventoryView.issueMissing","buildInventoryView","ui","Deleted reference","Silinmiş referans","","23","medium","","",""
"buildInventoryView.issueMismatch","buildInventoryView","ui","worldCardId mismatch","worldCardId uyuşmazlığı","","26","medium","","",""
"buildInventoryView.issueInvalidBuildId","buildInventoryView","ui","Invalid buildId","Geçersiz buildId","","20","medium","","",""
"buildInventoryView.issueUnknown","buildInventoryView","ui","Unknown reference","Bilinmeyen referans","","23","medium","","",""
"buildInventoryView.emptyTitle","buildInventoryView","ui","You have no saved builds","Kayıtlı buildiniz yok","","32","medium","","",""
"buildInventoryView.emptyDescription","buildInventoryView","ui","Adjust progression on the player detail or compare screen, then add it with ""Save this progression.""","Gelişimi oyuncu detayında veya karşılaştırma ekranında ayarlayın, ardından ""Bu gelişimi kaydet"" ile ekleyin.","","","medium","","",""
"buildInventoryView.openCompareLink","buildInventoryView","ui","Open player compare","Oyuncu karşılaştırmasını aç","","25","medium","","",""
"buildInventoryView.openMyBuildsLink","buildInventoryView","ui","Open My Builds","Buildlerim'i aç","","19","medium","","",""
"buildInventoryView.openMyTeamLink","buildInventoryView","ui","Open My Team","Takımım'ı aç","","16","medium","","",""
"buildInventoryView.openSquadsLink","buildInventoryView","ui","Open squads","Kadroları aç","","15","medium","","",""
"buildInventoryView.storageWarningTemplate","buildInventoryView","ui","This browser cannot read {missing} saved data (localStorage unavailable). Analysis results are incomplete to that extent.","Bu tarayıcı şu kayıtlı verileri okuyamıyor: {missing} (localStorage kullanılamıyor). Analiz sonuçları bu ölçüde eksiktir.","","","high","","",""
"buildInventoryView.missingBuildsLabel","buildInventoryView","ui","saved builds","kayıtlı buildler","","16","medium","","",""
"buildInventoryView.missingMyTeamLabel","buildInventoryView","ui","My Team","Takımım","","12","medium","","",""
"buildInventoryView.missingSquadLabel","buildInventoryView","ui","squad","kadro","","12","medium","","",""
"buildInventoryView.cardsErrorSuffix","buildInventoryView","ui"," (analysis targets are still shown — only card names/images are missing.)"," (analiz hedefleri yine gösterilir — yalnızca kart adları/görselleri eksiktir.)","","","high","","",""
"buildInventoryView.staleNoticeTemplate","buildInventoryView","ui","{targets} were updated in another tab.","Başka bir sekmede güncellenenler: {targets}.","","","medium","","",""
"buildInventoryView.staleBuildLabel","buildInventoryView","ui","Saved builds","Kayıtlı buildler","","16","medium","","",""
"buildInventoryView.staleMyTeamLabel","buildInventoryView","ui","My Team","Takımım","","12","medium","","",""
"buildInventoryView.staleSquadLabel","buildInventoryView","ui","Squads","Kadrolar","","12","medium","","",""
"buildInventoryView.summaryHeading","buildInventoryView","ui","Overall Summary","Genel Özet","","20","medium","","",""
"buildInventoryView.statusPrefix","buildInventoryView","ui","— Status: ","— Durum: ","","13","medium","","",""
"buildInventoryView.statusWarning","buildInventoryView","ui","Attention (problem references present)","Dikkat (sorunlu referanslar var)","","","high","","",""
"buildInventoryView.statusNormal","buildInventoryView","ui","Normal","Normal","","12","medium","","",""
"buildInventoryView.totalBuildsLabel","buildInventoryView","ui","Total saved builds","Toplam kayıtlı build","","24","medium","","",""
"buildInventoryView.usedLabel","buildInventoryView","ui","In use","Kullanımda","","12","medium","","",""
"buildInventoryView.unusedLabel","buildInventoryView","ui","Unused","Kullanılmıyor","","12","medium","","",""
"buildInventoryView.multiUseLabel","buildInventoryView","ui","Used in multiple places","Birden fazla yerde kullanılıyor","","30","medium","","",""
"buildInventoryView.myTeamSelectedLabel","buildInventoryView","ui","Selected in My Team","Takımım'da seçili","","25","medium","","",""
"buildInventoryView.myTeamFavoriteLabel","buildInventoryView","ui","Favorite in My Team","Takımım'da favori","","25","medium","","",""
"buildInventoryView.squadUsedLabel","buildInventoryView","ui","Used in squads","Kadrolarda kullanılıyor","","19","medium","","",""
"buildInventoryView.currentRulesLabel","buildInventoryView","ui","Current rules","Güncel kurallar","","17","medium","","",""
"buildInventoryView.legacyRulesLabel","buildInventoryView","ui","Outdated rules","Eski kurallar","","19","medium","","",""
"buildInventoryView.unknownRulesLabel","buildInventoryView","ui","Rules unknown","Kurallar bilinmiyor","","17","medium","","",""
"buildInventoryView.pomBuildsLabel","buildInventoryView","ui","Has Power of Many specified","Power of Many belirtilmiş","","36","medium","","",""
"buildInventoryView.experimentalBuildsLabel","buildInventoryView","ui","Has experimental estimate","Deneysel tahmin var","","33","medium","","",""
"buildInventoryView.missingMyTeamRefsLabel","buildInventoryView","ui","Deleted My Team references","Silinmiş Takımım referansları","","34","medium","","",""
"buildInventoryView.missingSquadRefsLabel","buildInventoryView","ui","Deleted squad references","Silinmiş kadro referansları","","32","medium","","",""
"buildInventoryView.mismatchRefsLabel","buildInventoryView","ui","worldCardId mismatches","worldCardId uyuşmazlıkları","","29","medium","","",""
"buildInventoryView.invalidBuildIdRefsLabel","buildInventoryView","ui","Invalid buildIds","Geçersiz buildId'ler","","21","medium","","",""
"buildInventoryView.unknownRefsLabel","buildInventoryView","ui","Unknown references","Bilinmeyen referanslar","","24","medium","","",""
"buildInventoryView.unitBuildSuffix","buildInventoryView","ui","build(s)","build","","12","medium","","",""
"buildInventoryView.unitSlotSuffix","buildInventoryView","ui","slot(s)","slot","","12","medium","","",""
"buildInventoryView.summaryFootnote","buildInventoryView","ui","Units: ""build(s)"" = per saved build, ""count"" = number of normal/problem references, ""slot(s)"" = squad slots. Deleted or worldCardId-mismatched references are not counted as ""in use.""","Birimler: ""build"" = kayıtlı build başına, ""adet"" = normal/sorunlu referans sayısı, ""slot"" = kadro slotları. Silinmiş veya worldCardId'si uyuşmayan referanslar ""kullanımda"" sayılmaz.","","","medium","","",""
"buildInventoryView.legacyGuideHeadingTemplate","buildInventoryView","ui","Outdated-Rule Build Review Guide ({count} build(s))","Eski Kurallı Build İnceleme Kılavuzu (build: {count})","","","medium","","",""
"buildInventoryView.legacyGuideIntro","buildInventoryView","ui","A read-only guide for reviewing builds saved under outdated rules (an old rulesVersion) and, if needed, re-adjusting them to current rules yourself, individually. This screen never auto-converts, bulk-converts, overwrites, deletes, unlinks, or reassigns outdated-rule builds. Existing outdated-rule builds are kept as-is. This is not an ""automatic migration feature.""","Eski kurallarla (eski bir rulesVersion) kaydedilmiş buildleri incelemek ve gerekirse bunları güncel kurallara göre tek tek kendiniz yeniden ayarlamak için salt okunur bir kılavuz. Bu ekran eski kurallı buildleri asla otomatik dönüştürmez, toplu dönüştürmez, üzerine yazmaz, silmez, bağlantısını kaldırmaz veya yeniden atamaz. Mevcut eski kurallı buildler olduğu gibi korunur. Bu bir ""otomatik taşıma özelliği"" değildir.","","","medium","","",""
"buildInventoryView.legacyGuideCaution","buildInventoryView","ui","Caution (this screen is read-only)","Dikkat (bu ekran salt okunurdur)","","","medium","","",""
"buildInventoryView.legacyGuideCautionNotes","buildInventoryView","ui","Outdated-rule builds have not been automatically converted to current rules. The allocation interpretation may differ from current rules.｜This screen never bulk-converts, overwrites, deletes, unlinks, or reassigns outdated-rule builds.｜Points are shown using the outdated rulesVersion's ruleset as saved (not recalculated under current rules).","Eski kurallı buildler güncel kurallara otomatik olarak dönüştürülmedi. Dağılımın yorumlanması güncel kurallardan farklı olabilir.｜Bu ekran eski kurallı buildleri asla toplu dönüştürmez, üzerine yazmaz, silmez, bağlantısını kaldırmaz veya yeniden atamaz.｜Puanlar, kaydedildiği hâliyle eski rulesVersion'ın kural setiyle gösterilir (güncel kurallarla yeniden hesaplanmaz).","","","medium","","",""
"buildInventoryView.legacyStepsHeading","buildInventoryView","ui","Steps to re-verify under current rules (per build)","Güncel kurallarla yeniden doğrulama adımları (build başına)","","65","medium","","",""
"buildInventoryView.legacyStep1","buildInventoryView","ui","Check the outdated-rule build's allocation, rulesVersion, and usage status in the list below.","Aşağıdaki listede eski kurallı buildin dağılımını, rulesVersion değerini ve kullanım durumunu kontrol edin.","","","medium","","",""
"buildInventoryView.legacyStep2","buildInventoryView","ui","Open the target player's Progression tab via each build's ""Open in Progression"" (the outdated-rule build's allocation is not loaded automatically).","Her buildin ""Gelişim'de aç"" bağlantısıyla hedef oyuncunun Gelişim sekmesini açın (eski kurallı buildin dağılımı otomatik olarak yüklenmez).","","","medium","","",""
"buildInventoryView.legacyStep3","buildInventoryView","ui","Review and adjust the allocation under current rules.","Dağılımı güncel kurallara göre gözden geçirip ayarlayın.","","","medium","","",""
"buildInventoryView.legacyStep4","buildInventoryView","ui","Without overwriting the existing outdated-rule build, save it under a new build name (""Save this progression"").","Mevcut eski kurallı buildin üzerine yazmadan yeni bir build adıyla kaydedin (""Bu gelişimi kaydet"").","","","medium","","",""
"buildInventoryView.legacyStep5","buildInventoryView","ui","Re-select the newly saved build individually in My Team or a squad (the ""Choose a saved build"" panel in My Team / the squad editor).","Yeni kaydedilen buildi Takımım'da veya bir kadroda tek tek yeniden seçin (Takımım / kadro düzenleyicideki ""Kayıtlı build seç"" paneli).","","","medium","","",""
"buildInventoryView.legacyStep6","buildInventoryView","ui","Decide individually in My Builds whether the outdated-rule build is still needed, after confirming references have been removed.","Referansların kaldırıldığını doğruladıktan sonra, eski kurallı builde hâlâ ihtiyaç olup olmadığına Buildlerim'de tek tek karar verin.","","","medium","","",""
"buildInventoryView.legacyNote1","buildInventoryView","ui","Even after saving a new build, the existing outdated-rule build remains as-is.","Yeni bir build kaydettikten sonra bile mevcut eski kurallı build olduğu gibi kalır.","","","medium","","",""
"buildInventoryView.legacyNote2","buildInventoryView","ui","References in My Team and squads do not switch automatically. Please re-select them manually.","Takımım ve kadrolardaki referanslar otomatik olarak değişmez. Lütfen bunları elle yeniden seçin.","","","medium","","",""
"buildInventoryView.legacyNote3","buildInventoryView","ui","After reviewing, you can manage it individually (rename, duplicate, delete) from My Builds.","İnceledikten sonra Buildlerim'den tek tek yönetebilirsiniz (yeniden adlandırma, çoğaltma, silme).","","","medium","","",""
"buildInventoryView.legacyUnitFootnote","buildInventoryView","ui","Units: ""build(s)"" = per saved build, ""count"" = reference count, ""slot(s)"" = squad slots.","Birimler: ""build"" = kayıtlı build başına, ""adet"" = referans sayısı, ""slot"" = kadro slotları.","","","medium","","",""
"buildInventoryView.showLegacyOnlyButton","buildInventoryView","ui","Show only outdated-rule builds","Yalnızca eski kurallı buildleri göster","","39","medium","","",""
"buildInventoryView.clearFilterButton","buildInventoryView","ui","Clear filter","Filtreyi temizle","","16","medium","","",""
"buildInventoryView.manageInMyBuildsLink","buildInventoryView","ui","Manage in My Builds","Buildlerim'de yönet","","25","medium","","",""
"buildInventoryView.perRowGuideNote","buildInventoryView","ui","Each outdated-rule build row below has its own links: ""Player detail / Open in Progression / Manage in My Builds / My Team / squads in use.""","Aşağıdaki her eski kurallı build satırının kendi bağlantıları vardır: ""Oyuncu detayı / Gelişim'de aç / Buildlerim'de yönet / Takımım / kullanıldığı kadrolar.""","","","medium","","",""
"buildInventoryView.noLegacyTitle","buildInventoryView","ui","No outdated-rule builds","Eski kurallı build yok","","30","medium","","",""
"buildInventoryView.noLegacyDescription","buildInventoryView","ui","Your saved builds are all under current rules, unknown rules, or there are no saved builds. There are several possible reasons no outdated-rule builds exist, so this does not confirm an explicit migration took place.","Kayıtlı buildlerinizin tümü güncel kurallarla veya bilinmeyen kurallarla kaydedilmiş ya da hiç kayıtlı build yok. Eski kurallı build bulunmamasının birkaç olası nedeni vardır; bu, açık bir taşıma yapıldığını doğrulamaz.","","","medium","","",""
"buildInventoryView.issuesSummaryTemplate","buildInventoryView","ui","Deleted or invalid saved-build references ({count})","Silinmiş veya geçersiz kayıtlı build referansları ({count})","","","medium","","",""
"buildInventoryView.noIssuesLabel","buildInventoryView","ui","There are no deleted or invalid saved-build references.","Silinmiş veya geçersiz kayıtlı build referansı yok.","","72","medium","","",""
"buildInventoryView.allFilterLabel","buildInventoryView","ui","All","Tümü","","12","medium","","",""
"buildInventoryView.searchIssuesPlaceholder","buildInventoryView","ui","Squad name, buildId, World ID","Kadro adı, buildId, World ID","","38","medium","","",""
"buildInventoryView.searchIssuesAriaLabel","buildInventoryView","accessibility","Search problem references","Sorunlu referanslarda ara","","33","high","","",""
"buildInventoryView.noMatchingIssuesLabel","buildInventoryView","ui","No problem references match your criteria.","Ölçütlerinize uyan sorunlu referans yok.","","55","medium","","",""
"buildInventoryView.issuesFootnote","buildInventoryView","ui","This list is for review only. It does not unlink, reassign, or auto-repair references. Please check and fix them individually in My Team / the target squad / My Builds.","Bu liste yalnızca inceleme içindir. Referansların bağlantısını kaldırmaz, yeniden atamaz veya otomatik onarmaz. Lütfen bunları Takımım / ilgili kadro / Buildlerim'de tek tek kontrol edip düzeltin.","","","medium","","",""
"buildInventoryView.searchFilterSortHeading","buildInventoryView","ui","Search, Filter & Sort","Arama, Filtre ve Sıralama","","28","medium","","",""
"buildInventoryView.filterActiveLabel","buildInventoryView","ui","Active","Etkin","","12","medium","","",""
"buildInventoryView.searchLabel","buildInventoryView","ui","Search (build name, player name, World ID, buildId, squad name)","Ara (build adı, oyuncu adı, World ID, buildId, kadro adı)","","82","medium","","",""
"buildInventoryView.searchPlaceholderExample","buildInventoryView","ui","Messi / Finisher / 89138556575063 / Main","Messi / Bitirici / 89138556575063 / Ana","","","medium","","",""
"buildInventoryView.searchAriaLabel","buildInventoryView","accessibility","Search saved builds","Kayıtlı buildlerde ara","","25","high","","",""
"buildInventoryView.usageFilterLabel","buildInventoryView","ui","Usage status","Kullanım durumu","","16","medium","","",""
"buildInventoryView.allOption","buildInventoryView","ui","All","Tümü","","12","medium","","",""
"buildInventoryView.usedOption","buildInventoryView","ui","In use","Kullanımda","","12","medium","","",""
"buildInventoryView.unusedOption","buildInventoryView","ui","Unused","Kullanılmıyor","","12","medium","","",""
"buildInventoryView.rulesFilterLabel","buildInventoryView","ui","Rules","Kurallar","","12","medium","","",""
"buildInventoryView.currentRulesOption","buildInventoryView","ui","Current rules","Güncel kurallar","","17","medium","","",""
"buildInventoryView.legacyRulesOption","buildInventoryView","ui","Outdated rules","Eski kurallar","","19","medium","","",""
"buildInventoryView.unknownRulesOption","buildInventoryView","ui","Rules unknown","Kurallar bilinmiyor","","17","medium","","",""
"buildInventoryView.cardTypeFilterLabel","buildInventoryView","ui","Card type","Kart türü","","12","medium","","",""
"buildInventoryView.registeredPositionFilterLabel","buildInventoryView","ui","Registered position","Kayıtlı mevki","","25","medium","","",""
"buildInventoryView.myTeamSelectedCheckLabel","buildInventoryView","ui","Selected in My Team","Takımım'da seçili","","25","medium","","",""
"buildInventoryView.myTeamFavoriteCheckLabel","buildInventoryView","ui","Favorite in My Team","Takımım'da favori","","25","medium","","",""
"buildInventoryView.squadUsedCheckLabel","buildInventoryView","ui","Used in a squad","Bir kadroda kullanılıyor","","20","medium","","",""
"buildInventoryView.multiUseCheckLabel","buildInventoryView","ui","Used in multiple places","Birden fazla yerde kullanılıyor","","30","medium","","",""
"buildInventoryView.pomCheckLabel","buildInventoryView","ui","Has Power of Many specified","Power of Many belirtilmiş","","36","medium","","",""
"buildInventoryView.experimentalCheckLabel","buildInventoryView","ui","Has experimental estimate","Deneysel tahmin var","","33","medium","","",""
"buildInventoryView.problemRefCheckLabel","buildInventoryView","ui","Has a problem reference","Sorunlu referans var","","30","medium","","",""
"buildInventoryView.sortAriaLabel","buildInventoryView","accessibility","Sort","Sırala","","12","high","","",""
"buildInventoryView.clearSearchButton","buildInventoryView","ui","Clear search criteria","Arama ölçütlerini temizle","","28","medium","","",""
"buildInventoryView.showingCountPrefix","buildInventoryView","ui","Showing ","Gösterilen: ","","12","medium","","",""
"buildInventoryView.showingCountMiddle","buildInventoryView","ui"," of "," / ","","12","medium","","",""
"buildInventoryView.showingCountSuffix","buildInventoryView","ui"," build(s)"," build","","12","medium","","",""
"buildInventoryView.noResultsTitle","buildInventoryView","ui","No saved builds match your criteria","Ölçütlerinize uyan kayıtlı build yok","","46","medium","","",""
"buildInventoryView.noResultsDescription","buildInventoryView","ui","Try changing your search terms or filters.","Arama terimlerinizi veya filtrelerinizi değiştirmeyi deneyin.","","","medium","","",""
"buildInventoryView.usageHeadingTemplate","buildInventoryView","ui","Usage (total {count} reference(s))","Kullanım (toplam referans: {count})","","","medium","","",""
"buildInventoryView.myTeamSelectedCountTemplate","buildInventoryView","ui","Selected in My Team ({count})","Takımım'da seçili ({count})","","","medium","","",""
"buildInventoryView.myTeamFavoriteCountTemplate","buildInventoryView","ui","Favorite build in My Team ({count})","Takımım'da favori build ({count})","","","medium","","",""
"buildInventoryView.squadAreaSuffixTemplate","buildInventoryView","ui"," ({areas} · squadId {squadId})"," ({areas} · squadId {squadId})","","","medium","","",""
"buildInventoryView.starterSlotsTemplate","buildInventoryView","ui","{count} starter slot(s)","İlk 11 slotu: {count}","","30","medium","","",""
"buildInventoryView.benchSlotsTemplate","buildInventoryView","ui","{count} bench slot(s)","Yedek slotu: {count}","","28","medium","","",""
"buildInventoryView.notUsedLabel","buildInventoryView","ui","Not referenced anywhere (unused).","Hiçbir yerde referans verilmiyor (kullanılmıyor).","","43","medium","","",""
"buildInventoryView.myTeamLinkLabel","buildInventoryView","ui","My Team","Takımım","","12","medium","","",""
"buildInventoryView.usedRefTemplate","buildInventoryView","ui","In use — {count} reference(s)","Kullanımda — referans: {count}","","","medium","","",""
"buildInventoryView.multiUseBadge","buildInventoryView","ui","Multiple places","Birden fazla yer","","20","medium","","",""
"buildInventoryView.mismatchRefTemplate","buildInventoryView","ui","worldCardId mismatch x{count}","worldCardId uyuşmazlığı x{count}","","","medium","","",""
"buildInventoryView.starterAreaLabel","buildInventoryView","ui","Starter","İlk 11","","12","medium","","",""
"buildInventoryView.benchAreaLabel","buildInventoryView","ui","Bench","Yedekler","","12","medium","","",""
"buildInventoryView.squadSourceTemplate","buildInventoryView","ui","{area} · {squadName} ({squadId}) · {slot}","{area} · {squadName} ({squadId}) · {slot}","","","medium","","",""
"buildInventoryView.myTeamSelectedSourceTemplate","buildInventoryView","ui","My Team selected (teamCardId {teamCardId})","Takımım seçili (teamCardId {teamCardId})","","","medium","","",""
"buildInventoryView.myTeamFavoriteSourceTemplate","buildInventoryView","ui","My Team favorite (teamCardId {teamCardId})","Takımım favori (teamCardId {teamCardId})","","","medium","","",""
"buildInventoryView.openSquadLink","buildInventoryView","ui","Open target squad","İlgili kadroyu aç","","23","medium","","",""
"buildInventoryView.experimentalSuffixTemplate","buildInventoryView","ui"," / Experimental estimate: {value}"," / Deneysel tahmin: {value}","","","medium","","",""
"buildInventoryView.experimentalYesLabel","buildInventoryView","ui","Yes","Evet","","12","medium","","",""
"buildInventoryView.experimentalNoLabel","buildInventoryView","ui","No","Hayır","","12","medium","","",""
"buildAnalysis.analyzeButtonLabel","buildAnalysis","ui","Analyze This Build","Bu buildi analiz et","","24","medium","","",""
"buildAnalysis.analyzingStatusLabel","buildAnalysis","ui","Analyzing","Analiz ediliyor","","12","medium","","",""
"buildAnalysis.panelHeadingTemplate","buildAnalysis","ui","Individual analysis for {name}","Bireysel analiz: {name}","","","medium","","",""
"buildAnalysis.closePanelAriaTemplate","buildAnalysis","accessibility","Close analysis for {name}","Analizi kapat: {name}","","","high","","",""
"buildAnalysis.normalModeLabel","buildAnalysis","ui","Normal","Normal","","12","medium","","",""
"buildAnalysis.harshModeLabel","buildAnalysis","ui","Harsh","Açık sözlü","","12","medium","","",""
"buildAnalysis.modeToggleGroupAriaLabel","buildAnalysis","accessibility","Switch review mode","Değerlendirme modunu değiştir","","24","high","","",""
"buildAnalysis.pointsHeading","buildAnalysis","ui","Progression Points","Gelişim puanları","","24","medium","","",""
"buildAnalysis.trainingFocusHeading","buildAnalysis","ui","Training Focus","Gelişim odağı","","19","medium","","",""
"buildAnalysis.strongestGrowthHeading","buildAnalysis","ui","Strongest Growth Areas","En çok gelişen alanlar","","29","medium","","",""
"buildAnalysis.underinvestedHeading","buildAnalysis","ui","Relatively Underinvested Areas","Görece az yatırım yapılan alanlar","","39","medium","","",""
"buildAnalysis.strengthsHeading","buildAnalysis","ui","Strengths","Güçlü yönler","","12","medium","","",""
"buildAnalysis.concernsHeading","buildAnalysis","ui","Concerns","Dikkat edilecek noktalar","","12","medium","","",""
"buildAnalysis.normalReviewHeading","buildAnalysis","ui","Normal Review","Normal değerlendirme","","17","medium","","",""
"buildAnalysis.harshReviewHeading","buildAnalysis","ui","Harsh Review","Açık sözlü değerlendirme","","16","medium","","",""
"buildAnalysis.improvementHeading","buildAnalysis","ui","Improvement Suggestions","İyileştirme önerileri","","30","medium","","",""
"buildAnalysis.comparisonHeading","buildAnalysis","ui","Comparison with Other Builds (Same Card)","Diğer buildlerle karşılaştırma (aynı kart)","","52","medium","","",""
"buildAnalysis.limitationsHeading","buildAnalysis","ui","Analysis Limitations","Analizin sınırları","","26","medium","","",""
"buildAnalysis.confidenceLabel","buildAnalysis","ui","Analysis Confidence","Analiz güvenilirliği","","25","medium","","",""
"buildAnalysis.confidenceHigh","buildAnalysis","ui","High","Yüksek","","12","medium","","",""
"buildAnalysis.confidenceMedium","buildAnalysis","ui","Medium","Orta","","12","medium","","",""
"buildAnalysis.confidenceLimited","buildAnalysis","ui","Limited","Sınırlı","","12","medium","","",""
"buildAnalysis.confidenceUnavailable","buildAnalysis","ui","Unavailable","Yok","","15","medium","","",""
"buildAnalysis.noStrengthsText","buildAnalysis","ui","No clear strengths can be confirmed at this time.","Şu anda belirgin bir güçlü yön doğrulanamıyor.","","","medium","","",""
"buildAnalysis.noConcernsText","buildAnalysis","ui","No clear concerns can be confirmed at this time.","Şu anda belirgin bir sorun doğrulanamıyor.","","","medium","","",""
"buildAnalysis.noSuggestionsText","buildAnalysis","ui","There are no improvement suggestions to show at this time.","Şu anda gösterilecek iyileştirme önerisi yok.","","","medium","","",""
"buildAnalysis.noComparisonText","buildAnalysis","ui","There are no other saved builds for this card.","Bu kart için kayıtlı başka build yok.","","","medium","","",""
"buildAnalysis.noLimitationsText","buildAnalysis","ui","No notable limitations.","Kayda değer bir sınırlama yok.","","30","medium","","",""
"buildAnalysis.priorityLabelTemplate","buildAnalysis","ui","Priority {priority}","Öncelik {priority}","","25","medium","","",""
"buildAnalysis.suggestionTargetTemplate","buildAnalysis","ui","Target area: {category}","Hedef alan: {category}","","30","medium","","",""
"buildAnalysis.suggestionReasonLabel","buildAnalysis","ui","Reason: ","Neden: ","","12","medium","","",""
"buildAnalysis.suggestionRecheckLabel","buildAnalysis","ui","Recheck: ","Tekrar kontrol: ","","12","medium","","",""
"buildAnalysis.suggestionPreserveLabel","buildAnalysis","ui","Preserve: ","Korunacak: ","","13","medium","","",""
"buildAnalysis.suggestionPreserveNoneText","buildAnalysis","ui","None in particular","Özellikle yok","","24","medium","","",""
"buildAnalysis.improvementSourceIntentLabel","buildAnalysis","ui","Improvement candidate based on your selected training intent","Seçtiğiniz gelişim amacına dayalı iyileştirme adayı","","78","medium","","",""
"buildAnalysis.generalSuggestionsToggleLabel","buildAnalysis","ui","See general-perspective improvement candidates too","Genel bakış açısından iyileştirme adaylarını da gör","","65","medium","","",""
"buildAnalysis.comparisonUsedPointsMoreTemplate","buildAnalysis","ui","The current build uses {diff}pt more than ""{other}"".","Mevcut build, ""{other}"" ile karşılaştırıldığında {diff}pt daha fazla puan kullanıyor.","","","medium","","",""
"buildAnalysis.comparisonUsedPointsLessTemplate","buildAnalysis","ui","The current build uses {diff}pt less than ""{other}"".","Mevcut build, ""{other}"" ile karşılaştırıldığında {diff}pt daha az puan kullanıyor.","","","medium","","",""
"buildAnalysis.comparisonUsedPointsSameText","buildAnalysis","ui","The current build and ""{other}"" use the same amount of points.","Mevcut build ile ""{other}"" aynı miktarda puan kullanıyor.","","","medium","","",""
"buildAnalysis.comparisonRemainingPointsDiffUnknownText","buildAnalysis","ui","Remaining points diff: unknown","Kalan puan farkı: bilinmiyor","","","medium","","",""
"buildAnalysis.comparisonRemainingPointsMoreTemplate","buildAnalysis","ui","The current build has {diff}pt more remaining points than ""{other}"".","Mevcut buildin kalan puanı, ""{other}"" ile karşılaştırıldığında {diff}pt daha fazla.","","","medium","","",""
"buildAnalysis.comparisonRemainingPointsLessTemplate","buildAnalysis","ui","The current build has {diff}pt fewer remaining points than ""{other}"".","Mevcut buildin kalan puanı, ""{other}"" ile karşılaştırıldığında {diff}pt daha az.","","","medium","","",""
"buildAnalysis.comparisonRemainingPointsSameText","buildAnalysis","ui","The current build and ""{other}"" have the same remaining points.","Mevcut build ile ""{other}"" aynı miktarda kalan puana sahip.","","","medium","","",""
"buildAnalysis.comparisonOvrMoreTemplate","buildAnalysis","ui","The current build's saved estimated OVR is {diff} higher than ""{other}"".","Mevcut buildin kayıtlı tahmini OVR değeri, ""{other}"" ile karşılaştırıldığında {diff} daha yüksek.","","","medium","","",""
"buildAnalysis.comparisonOvrLessTemplate","buildAnalysis","ui","The current build's saved estimated OVR is {diff} lower than ""{other}"".","Mevcut buildin kayıtlı tahmini OVR değeri, ""{other}"" ile karşılaştırıldığında {diff} daha düşük.","","","medium","","",""
"buildAnalysis.comparisonOvrSameText","buildAnalysis","ui","The current build and ""{other}"" have the same saved estimated OVR.","Mevcut build ile ""{other}"" aynı kayıtlı tahmini OVR değerine sahip.","","","medium","","",""
"buildAnalysis.comparisonOvrDiffUnknownText","buildAnalysis","ui","Saved estimated OVR diff: unknown","Kayıtlı tahmini OVR farkı: bilinmiyor","","","medium","","",""
"buildAnalysis.comparisonFocusDifferentTemplate","buildAnalysis","ui","Training focus differs: this build centers on {current}, the other on {other}.","Gelişim odağı farklı: bu build {current} odaklı, diğeri {other} odaklı.","","","medium","","",""
"buildAnalysis.comparisonFocusSameText","buildAnalysis","ui","This build's training focus may be similar to the other one.","Bu buildin gelişim odağı diğeriyle benzer olabilir.","","","medium","","",""
"buildAnalysis.comparisonUsedStatusUsed","buildAnalysis","ui","In use","Kullanımda","","12","medium","","",""
"buildAnalysis.comparisonUsedStatusUnused","buildAnalysis","ui","Not in use","Kullanımda değil","","13","medium","","",""
"buildAnalysis.comparisonUpdatedAtTemplate","buildAnalysis","ui","Updated: {updatedAt}","Güncelleme: {updatedAt}","","26","medium","","",""
"buildAnalysis.trainingFocusNoneText","buildAnalysis","ui","No progression points have been allocated yet.","Henüz gelişim puanı dağıtılmadı.","","","medium","","",""
"buildAnalysis.trainingFocusSingleTemplate","buildAnalysis","ui","Focused on {category} (Lv.{level}).","Odak: {category} (Lv.{level}).","","","medium","","",""
"buildAnalysis.trainingFocusDominantTemplate","buildAnalysis","ui","Centered on {category} (Lv.{level}), with some allocation to {secondary} as well.","Ağırlık {category} alanında (Lv.{level}); {secondary} alanına da bir miktar dağıtım var.","","","medium","","",""
"buildAnalysis.trainingFocusDominantNoSecondaryTemplate","buildAnalysis","ui","Centered on {category} (Lv.{level}).","Ağırlık {category} alanında (Lv.{level}).","","","medium","","",""
"buildAnalysis.trainingFocusBalancedTemplate","buildAnalysis","ui","Allocated evenly across multiple areas rather than concentrating on one.","Puanlar tek bir alanda yoğunlaşmak yerine birden fazla alana dengeli dağıtılmış.","","","medium","","",""
"buildAnalysis.strongestGrowthNoneText","buildAnalysis","ui","No area has been meaningfully strengthened yet.","Henüz anlamlı ölçüde güçlendirilmiş bir alan yok.","","","medium","","",""
"buildAnalysis.underinvestedNoneText","buildAnalysis","ui","No area is notably underinvested.","Belirgin şekilde az yatırım yapılan bir alan yok.","","","medium","","",""
"buildAnalysis.completionLabel","buildAnalysis","ui","Completion State","Tamamlanma durumu","","21","medium","","",""
"buildAnalysis.completionUnallocated","buildAnalysis","ui","Not started (no allocation)","Başlanmadı (dağıtım yok)","","","medium","","",""
"buildAnalysis.completionInProgress","buildAnalysis","ui","In progress","Devam ediyor","","15","medium","","",""
"buildAnalysis.completionNearComplete","buildAnalysis","ui","Nearly complete","Neredeyse tamam","","20","medium","","",""
"buildAnalysis.completionComplete","buildAnalysis","ui","Allocation complete","Dağıtım tamamlandı","","25","medium","","",""
"buildAnalysis.completionUnknown","buildAnalysis","ui","Unknown (missing maximum level data)","Bilinmiyor (maksimum seviye verisi eksik)","","","medium","","",""
"buildAnalysis.findingNoAllocationNormal","buildAnalysis","ui","No progression points have been allocated yet.","Henüz gelişim puanı dağıtılmadı.","","","medium","","",""
"buildAnalysis.findingNoAllocationHarsh","buildAnalysis","ui","No progression points have been allocated at all — this saved build hasn't shown its intent yet.","Hiç gelişim puanı dağıtılmamış; bu kayıtlı build henüz amacını ortaya koymuyor.","","","medium","","",""
"buildAnalysis.findingFocusedPrimaryCategoryNormal","buildAnalysis","ui","A clear training direction: focused on strengthening {category} (Lv.{level}).","Gelişim yönü net: {category} alanını güçlendirmeye odaklanılmış (Lv.{level}).","","","medium","","",""
"buildAnalysis.findingFocusedPrimaryCategoryHarsh","buildAnalysis","ui","Heavily concentrated on {category} (Lv.{level}) alone, leaving other areas largely untouched. Worth rechecking whether that matches the intended use.","Dağıtım büyük ölçüde yalnızca {category} alanında toplanmış (Lv.{level}), diğer alanlara neredeyse dokunulmamış. Bunun kullanım amacına uyup uymadığını tekrar kontrol etmeye değer.","","","medium","","",""
"buildAnalysis.findingBalancedAllocationNormal","buildAnalysis","ui","Allocated evenly across {count} areas.","Puanlar {count} alana dengeli dağıtılmış.","","","medium","","",""
"buildAnalysis.findingBalancedAllocationHarsh","buildAnalysis","ui","Allocation is spread across {count} areas. Without a stated priority area or primary goal, this distribution alone cannot be judged as fitting or not fitting any particular use.","Dağıtım {count} alana yayılmış. Belirtilmiş bir öncelikli alan veya ana hedef olmadan, yalnızca bu dağılıma bakarak belirli bir kullanıma uygun olup olmadığı değerlendirilemez.","","","medium","","",""
"buildAnalysis.findingNearFullyAllocated","buildAnalysis","ui","Few points remain, so this allocation is nearly complete.","Az puan kaldı; bu dağıtım neredeyse tamamlandı.","","","medium","","",""
"buildAnalysis.findingManyRemainingPointsNormal","buildAnalysis","ui","{remaining}pt remain unused, so there's still room to allocate.","Kullanılmayan {remaining}pt var; dağıtım için hâlâ yer var.","","","medium","","",""
"buildAnalysis.findingManyRemainingPointsHarsh","buildAnalysis","ui","{remaining}pt are still sitting unused — it's too early to treat this allocation as finished.","Hâlâ kullanılmayan {remaining}pt duruyor; bu dağıtımı tamamlanmış saymak için erken.","","","medium","","",""
"buildAnalysis.findingUnderinvestedAreaPresentNormal","buildAnalysis","ui","Allocation to {category} is relatively low, though that doesn't necessarily mean the stats themselves are low.","{category} alanına yapılan dağıtım görece düşük; ancak bu, özelliklerin kendisinin düşük olduğu anlamına gelmez.","","","medium","","",""
"buildAnalysis.findingUnderinvestedAreaPresentHarsh","buildAnalysis","ui","There's currently no allocation to {category}. Worth rechecking whether that's really unnecessary for the intended use.","Şu anda {category} alanına hiç dağıtım yok. Bunun kullanım amacı için gerçekten gereksiz olup olmadığını tekrar kontrol etmeye değer.","","","medium","","",""
"buildAnalysis.findingLegacyOrUnknownRulesNormal","buildAnalysis","ui","This build was saved under legacy or unknown rules. Rechecking it under the current rules is recommended.","Bu build eski veya bilinmeyen kurallarla kaydedilmiş. Mevcut kurallarla tekrar kontrol etmeniz önerilir.","","","medium","","",""
"buildAnalysis.findingLegacyOrUnknownRulesHarsh","buildAnalysis","ui","Still saved under legacy rules, without a recheck under the current rules.","Hâlâ eski kurallarla kayıtlı; mevcut kurallarla tekrar kontrol edilmemiş.","","","medium","","",""
"buildAnalysis.findingReferenceAnomalyNormal","buildAnalysis","ui","A data mismatch was found where this saved build is referenced. See the inventory results for details.","Bu kayıtlı buildin referans verildiği yerde bir veri uyuşmazlığı bulundu. Ayrıntılar için envanter sonuçlarına bakın.","","","medium","","",""
"buildAnalysis.findingReferenceAnomalyHarsh","buildAnalysis","ui","There's a reference anomaly on this saved build. Fixing the reference should take priority over a detailed training analysis.","Bu kayıtlı buildde bir referans sorunu var. Ayrıntılı gelişim analizinden önce referansın düzeltilmesi gerekir.","","","medium","","",""
"buildAnalysis.findingExperimentalTrialIncluded","buildAnalysis","ui","Includes an experimental player booster trial.","Deneysel bir oyuncu güçlendiricisi denemesi içerir.","","","medium","","",""
"buildAnalysis.findingPowerOfManyIncluded","buildAnalysis","ui","The Power of Many selection is a user-entered trial value, not one automatically verified in-game.","Power of Many seçimi, kullanıcının girdiği bir deneme değeridir; oyun içinde otomatik olarak doğrulanmamıştır.","","","medium","","",""
"buildAnalysis.findingUniqueVsSiblings","buildAnalysis","ui","A training direction not shared by the other saved builds for this card.","Bu kart için kayıtlı diğer buildlerde olmayan bir gelişim yönü.","","","medium","","",""
"buildAnalysis.findingOverlapsWithSiblingNormal","buildAnalysis","ui","Training focus looks close to ""{siblingName}"". It may help to confirm how you're using each one.","Gelişim odağı ""{siblingName}"" ile yakın görünüyor. Her birini nasıl kullandığınızı kontrol etmek faydalı olabilir.","","","medium","","",""
"buildAnalysis.findingOverlapsWithSiblingHarsh","buildAnalysis","ui","Training focus is close to ""{siblingName}"" — the reason for keeping them as separate saves is weak.","Gelişim odağı ""{siblingName}"" ile yakın; bunları ayrı kayıtlar olarak tutmanın gerekçesi zayıf.","","","medium","","",""
"buildAnalysis.findingOverlapsWithSiblingAbilityConfirmedHarsh","buildAnalysis","ui","Both the training focus and the main 26-ability composition are close to ""{siblingName}"" — based on what can currently be confirmed, there isn't a clear reason to keep these saved separately for different uses.","Hem gelişim odağı hem de 26 ana özelliğin dağılımı ""{siblingName}"" ile yakın. Şu anda doğrulanabilenlere göre, bunları farklı kullanımlar için ayrı kaydetmenin net bir nedeni yok.","","","high","","",""
"buildAnalysis.findingInsufficientData","buildAnalysis","ui","Some analysis isn't possible because card information is missing.","Kart bilgileri eksik olduğu için analizin bir kısmı yapılamıyor.","","","medium","","",""
"buildAnalysis.findingOverAllocatedPoints","buildAnalysis","ui","Used points exceed total points ({used} / {total}).","Kullanılan puan toplam puanı aşıyor ({used} / {total}).","","","medium","","",""
"buildAnalysis.suggestionTitleReferenceAnomaly","buildAnalysis","ui","Fix the saved build reference anomaly","Kayıtlı build referans sorununu düzelt","","","medium","","",""
"buildAnalysis.suggestionTitleStartAllocation","buildAnalysis","ui","Set a progression allocation","Gelişim dağıtımı yap","","","medium","","",""
"buildAnalysis.suggestionTitleUseRemainingPoints","buildAnalysis","ui","Consider how to use the remaining points","Kalan puanların kullanımını değerlendir","","","medium","","",""
"buildAnalysis.suggestionTitleConsiderUnderinvestedArea","buildAnalysis","ui","Consider allocating to {category}","Dağıtım için değerlendir: {category}","","","medium","","",""
"buildAnalysis.suggestionTitleRecheckUnderCurrentRules","buildAnalysis","ui","Recheck under the current rules","Mevcut kurallarla tekrar kontrol et","","","medium","","",""
"buildAnalysis.suggestionTitleDifferentiateFromSibling","buildAnalysis","ui","Reconsider the role split with ""{siblingName}""","""{siblingName}"" ile rol ayrımını yeniden düşün","","","medium","","",""
"buildAnalysis.suggestionReasonReferenceAnomaly","buildAnalysis","ui","A deleted or mismatched reference was found for this saved build.","Bu kayıtlı build için silinmiş veya uyuşmayan bir referans bulundu.","","","medium","","",""
"buildAnalysis.suggestionReasonNoAllocation","buildAnalysis","ui","No progression points have been allocated yet.","Henüz gelişim puanı dağıtılmadı.","","","medium","","",""
"buildAnalysis.suggestionReasonManyRemainingPoints","buildAnalysis","ui","{remaining}pt remain unused.","Kullanılmayan {remaining}pt var.","","","medium","","",""
"buildAnalysis.suggestionReasonUnderinvestedArea","buildAnalysis","ui","There is currently no allocation to {category}.","Şu anda {category} alanına hiç dağıtım yok.","","","medium","","",""
"buildAnalysis.suggestionReasonLegacyRules","buildAnalysis","ui","Saved under legacy or unknown rules.","Eski veya bilinmeyen kurallarla kaydedilmiş.","","","medium","","",""
"buildAnalysis.suggestionReasonOverlapsWithSibling","buildAnalysis","ui","Training focus is close to ""{siblingName}"".","Gelişim odağı ""{siblingName}"" ile yakın.","","","medium","","",""
"buildAnalysis.suggestionRecheckReferenceAnomaly","buildAnalysis","ui","Check the Build Analysis inventory results to confirm how the reference and this saved build should line up.","Referansın bu kayıtlı buildle nasıl eşleşmesi gerektiğini görmek için Build Analizi envanter sonuçlarını kontrol edin.","","","medium","","",""
"buildAnalysis.suggestionRecheckNoAllocation","buildAnalysis","ui","Check this card's registered position and current stats to consider a training direction.","Bir gelişim yönü belirlemek için bu kartın kayıtlı mevkiini ve mevcut özelliklerini kontrol edin.","","","medium","","",""
"buildAnalysis.suggestionRecheckManyRemainingPoints","buildAnalysis","ui","Whether to use the remaining points depends on the current intended use (starter / bench / trial, etc.).","Kalan puanların kullanılıp kullanılmayacağı mevcut kullanım amacına bağlıdır (ilk 11 / yedek / deneme vb.).","","","medium","","",""
"buildAnalysis.suggestionRecheckUnderinvestedArea","buildAnalysis","ui","Check whether this area is actually needed for the current intended use.","Bu alanın mevcut kullanım amacı için gerçekten gerekli olup olmadığını kontrol edin.","","","medium","","",""
"buildAnalysis.suggestionRecheckLegacyRules","buildAnalysis","ui","Allocation and point costs can differ from legacy rules under the current rules, so recheck this build.","Mevcut kurallarda dağıtım ve puan maliyetleri eski kurallardan farklı olabilir; bu buildi tekrar kontrol edin.","","","medium","","",""
"buildAnalysis.suggestionRecheckOverlapsWithSibling","buildAnalysis","ui","Check whether both builds are still needed given the difference in intended use.","Kullanım amacındaki farka göre iki builde de hâlâ ihtiyaç olup olmadığını kontrol edin.","","","medium","","",""
"buildAnalysis.findingAbilityGainReflectsFocus","buildAnalysis","ui","The allocation to {category} has actually shown up as a meaningful ability gain (total +{delta}).","{category} alanına yapılan dağıtım, özelliklerde anlamlı bir artış olarak gerçekten yansımış (toplam +{delta}).","","","medium","","",""
"buildAnalysis.findingAbilityGainHighlight","buildAnalysis","ui","The most improved ability is {ability}, up +{delta} from before training.","En çok gelişen özellik: {ability} (gelişim öncesine göre +{delta}).","","","medium","","",""
"buildAnalysis.findingOverinvestmentCandidateNormal","buildAnalysis","ui","{category} was already high before training (avg. around {baseAverage}) and received heavy allocation. Whether this area truly deserved top priority is worth rechecking.","{category} alanı gelişimden önce zaten yüksekti (ort. yaklaşık {baseAverage}) ve yoğun dağıtım aldı. Bu alanın gerçekten en yüksek önceliği hak edip etmediğini tekrar kontrol etmeye değer.","","","medium","","",""
"buildAnalysis.findingOverinvestmentCandidateHarsh","buildAnalysis","ui","{category} was already high before training (avg. around {baseAverage}), yet received the heaviest allocation — whether that was really the top priority is worth rechecking.","{category} alanı gelişimden önce zaten yüksekti (ort. yaklaşık {baseAverage}), yine de en yoğun dağıtımı aldı. Bunun gerçekten en yüksek öncelik olup olmadığını tekrar kontrol etmeye değer.","","","medium","","",""
"buildAnalysis.findingUnderinvestedButHighFinal","buildAnalysis","ui","Allocation to {category} is relatively low, but the current final ability value is already around {finalAverage} on average — the stats themselves aren't necessarily low.","{category} alanına yapılan dağıtım görece düşük; ancak mevcut son değer ortalaması zaten yaklaşık {finalAverage}. Yani özellikler kendi başına düşük sayılmaz.","","","medium","","",""
"buildAnalysis.findingUnderinvestedAndLowFinal","buildAnalysis","ui","Allocation to {category} is low, and the current final ability value is also around {finalAverage} on average — relatively low within this build. Whether this area is actually needed for the current use still needs separate confirmation.","{category} alanına yapılan dağıtım düşük ve mevcut son değer ortalaması da yaklaşık {finalAverage}; bu build içinde görece düşük. Bu alanın mevcut kullanım için gerçekten gerekli olup olmadığının ayrıca doğrulanması gerekir.","","","medium","","",""
"buildAnalysis.findingUnderinvestedContextUnknown","buildAnalysis","ui","Allocation to {category} is low, but there isn't enough ability data to judge the situation in detail.","{category} alanına yapılan dağıtım düşük; ancak durumu ayrıntılı değerlendirmek için yeterli özellik verisi yok.","","","medium","","",""
"buildAnalysis.findingAbilityDataUnavailable","buildAnalysis","ui","Ability data could not be retrieved, so this analysis does not include ability-based findings.","Özellik verileri alınamadı; bu nedenle bu analiz özelliklere dayalı bulgular içermiyor.","","","medium","","",""
"buildAnalysis.findingAbilityComparisonPracticallySame","buildAnalysis","ui","The main 26-ability composition is also practically close to ""{siblingName}"".","26 ana özelliğin dağılımı da pratikte ""{siblingName}"" ile yakın.","","","medium","","",""
"buildAnalysis.findingAbilityComparisonDifferentFocus","buildAnalysis","ui","The main ability composition is clearly different from ""{siblingName}"".","Ana özellik dağılımı ""{siblingName}"" ile açıkça farklı.","","","medium","","",""
"buildAnalysis.suggestionTitleOverinvestmentCandidate","buildAnalysis","ui","Recheck the allocation to {category}","Dağıtımı tekrar kontrol et: {category}","","","medium","","",""
"buildAnalysis.suggestionReasonOverinvestmentCandidate","buildAnalysis","ui","It was already high before training (avg. around {baseAverage}) and received heavy allocation.","Gelişimden önce zaten yüksekti (ort. yaklaşık {baseAverage}) ve yoğun dağıtım aldı.","","","medium","","",""
"buildAnalysis.suggestionRecheckOverinvestmentCandidate","buildAnalysis","ui","Recheck whether this additional investment was really the top priority for the current use.","Bu ek yatırımın mevcut kullanım için gerçekten en yüksek öncelik olup olmadığını tekrar kontrol edin.","","","medium","","",""
"buildAnalysis.abilityMainEffectsHeading","buildAnalysis","ui","Main Ability Effects","Özelliklere ana etkiler","","26","medium","","",""
"buildAnalysis.abilityLargestGainsLabel","buildAnalysis","ui","Most Improved Abilities","En çok gelişen özellikler","","30","medium","","",""
"buildAnalysis.abilityHighestFinalLabel","buildAnalysis","ui","Highest Final Abilities","En yüksek son değerli özellikler","","30","medium","","",""
"buildAnalysis.abilityNoGainsText","buildAnalysis","ui","No training-driven gains can be confirmed yet.","Henüz gelişimden kaynaklanan bir artış doğrulanamıyor.","","","medium","","",""
"buildAnalysis.abilityNoDataText","buildAnalysis","ui","Ability data could not be retrieved.","Özellik verileri alınamadı.","","","medium","","",""
"buildAnalysis.abilityLoadingText","buildAnalysis","ui","Loading ability data…","Özellik verileri yükleniyor…","","28","medium","","",""
"buildAnalysis.abilityBeforeLabel","buildAnalysis","ui","Before","Önce","","12","medium","","",""
"buildAnalysis.abilityTrainedLabel","buildAnalysis","ui","After Training (allocation only)","Gelişim sonrası (yalnızca dağıtım)","","42","medium","","",""
"buildAnalysis.abilityFinalLabel","buildAnalysis","ui","Final (as saved)","Son (kayıtlı haliyle)","","21","medium","","",""
"buildAnalysis.abilityGainValueTemplate","buildAnalysis","ui","+{value}","+{value}","","12","medium","","",""
"buildAnalysis.abilityDetailToggleLabel","buildAnalysis","ui","View 26-ability detail","26 özelliğin ayrıntısını gör","","29","medium","","",""
"buildAnalysis.abilityDetailRowTemplate","buildAnalysis","ui","{ability}: {before} → {trained} (trained) / {final} (final)  gain {delta}","{ability}: {before} → {trained} (gelişim) / {final} (son)  artış {delta}","","","medium","","",""
"buildAnalysis.abilityComparisonDiffHeading","buildAnalysis","ui","Main Ability Differences vs Other Build","Diğer builde göre ana özellik farkları","","51","medium","","",""
"buildAnalysis.abilityComparisonNoDataText","buildAnalysis","ui","No ability comparison data is available.","Özellik karşılaştırma verisi yok.","","","medium","","",""
"buildAnalysis.abilityComparisonConditionLegacyText","buildAnalysis","ui","Includes a build saved under legacy or unknown rules, so a simple comparison isn't possible.","Eski veya bilinmeyen kurallarla kaydedilmiş bir build içerdiği için basit bir karşılaştırma yapılamıyor.","","","medium","","",""
"buildAnalysis.abilityComparisonConditionUnallocatedText","buildAnalysis","ui","One build has no allocation, so a simple comparison isn't possible.","Buildlerden birinde dağıtım olmadığı için basit bir karşılaştırma yapılamıyor.","","","medium","","",""
"buildAnalysis.abilityComparisonDiffRowTemplate","buildAnalysis","ui","{ability}: current {currentValue} / other {otherValue} (diff {diff})","{ability}: mevcut {currentValue} / diğer {otherValue} (fark {diff})","","","medium","","",""
"buildAnalysis.intentSectionHeading","buildAnalysis","ui","Analysis Intent","Analiz amacı","","20","medium","","",""
"buildAnalysis.intentUnsavedNote","buildAnalysis","ui","This input is not saved (it is not written to the saved build or localStorage, and is cleared when you leave this screen).","Bu giriş kaydedilmez (kayıtlı builde veya localStorage'a yazılmaz ve bu ekrandan ayrıldığınızda silinir).","","","medium","","",""
"buildAnalysis.intentPositionLabel","buildAnalysis","ui","Intended Position","Hedef mevki","","23","medium","","",""
"buildAnalysis.intentPositionNoneOption","buildAnalysis","ui","Unspecified","Belirtilmedi","","15","medium","","",""
"buildAnalysis.intentPrimaryGoalLabel","buildAnalysis","ui","Primary Goal","Ana hedef","","16","medium","","",""
"buildAnalysis.intentGroupPrioritiesHeading","buildAnalysis","ui","Priority by Ability Area","Özellik alanına göre öncelik","","32","medium","","",""
"buildAnalysis.intentFieldPlayersHeading","buildAnalysis","ui","Field Player Ability Areas","Saha oyuncusu özellik alanları","","34","medium","","",""
"buildAnalysis.intentGoalkeepingHeading","buildAnalysis","ui","Goalkeeper Ability Areas","Kaleci özellik alanları","","32","medium","","",""
"buildAnalysis.intentStatePriority","buildAnalysis","ui","Priority","Öncelikli","","12","medium","","",""
"buildAnalysis.intentStateNormal","buildAnalysis","ui","Normal","Normal","","12","medium","","",""
"buildAnalysis.intentStateLow","buildAnalysis","ui","Low Priority","Düşük öncelik","","16","medium","","",""
"buildAnalysis.buildIntentFreeTextLabel","buildAnalysis","ui","Build Intent","Build amacı","","16","medium","","",""
"buildAnalysis.buildIntentFreeTextDescription","buildAnalysis","ui","Describe what you want from this build in your own words. Use ""Read Build Intent"" to analyze it, then review and confirm before it affects the evaluation (nothing changes until you confirm).","Bu buildden ne beklediğinizi kendi cümlelerinizle yazın. Analiz etmek için ""Build amacını oku""yu kullanın, ardından değerlendirmeye yansımadan önce gözden geçirip onaylayın (onaylayana kadar hiçbir şey değişmez).","","","medium","","",""
"buildAnalysis.buildIntentFreeTextPlaceholder","buildAnalysis","ui","e.g. I want to play as RWF. I want to prioritize dribbling and quickness, and beat a defender one-on-one on the wing. Speed is already high, so it doesn't need to go much higher. Keep shooting at a minimum, and I don't care much about aerial ability or defending. I want to lean more toward breakthrough dribbling than Build 2.","ör. RWF olarak oynatmak istiyorum. Top sürme ve beceriye öncelik verip kanatta bire birde rakibi geçmek istiyorum. Hız zaten yüksek, çok daha artmasına gerek yok. Şutu minimumda tutun; hava hakimiyeti ve savunma pek umurumda değil. Build 2'ye göre daha çok adam eksilten top sürmeye yönelmek istiyorum.","","426","medium","","",""
"buildAnalysis.buildIntentExampleToggleLabel","buildAnalysis","ui","See an example","Örnek gör","","19","medium","","",""
"buildAnalysis.buildIntentExampleText","buildAnalysis","ui","I want to play as RWF. I want to prioritize dribbling and quickness, and beat a defender one-on-one on the wing. Speed is already high, so it doesn't need to go much higher. Keep shooting at a minimum, and I don't care much about aerial ability or defending. I want to lean more toward breakthrough dribbling than Build 2.","RWF olarak oynatmak istiyorum. Top sürme ve beceriye öncelik verip kanatta bire birde rakibi geçmek istiyorum. Hız zaten yüksek, çok daha artmasına gerek yok. Şutu minimumda tutun; hava hakimiyeti ve savunma pek umurumda değil. Build 2'ye göre daha çok adam eksilten top sürmeye yönelmek istiyorum.","","","medium","","",""
"buildAnalysis.buildIntentAnalyzeButtonLabel","buildAnalysis","ui","Read Build Intent","Build amacını oku","","23","medium","","",""
"buildAnalysis.buildIntentAnalyzingLabel","buildAnalysis","ui","Analyzing…","Analiz ediliyor…","","13","medium","","",""
"buildAnalysis.buildIntentCancelLabel","buildAnalysis","ui","Cancel","İptal","","12","medium","","",""
"buildAnalysis.buildIntentRetryLabel","buildAnalysis","ui","Read Again","Tekrar oku","","13","medium","","",""
"buildAnalysis.buildIntentDiscardLabel","buildAnalysis","ui","Discard Interpretation","Yorumu at","","29","medium","","",""
"buildAnalysis.buildIntentConfirmButtonLabel","buildAnalysis","ui","Use This for Analysis","Analizde bunu kullan","","28","high","","",""
"buildAnalysis.buildIntentInterpretationHeading","buildAnalysis","ui","Build Intent Read From Your Input","Girişinizden okunan build amacı","","43","medium","","",""
"buildAnalysis.buildIntentStaleNotice","buildAnalysis","ui","Your build intent has changed. Read it again to get an up-to-date interpretation.","Build amacınız değişti. Güncel bir yorum için tekrar okuyun.","","","medium","","",""
"buildAnalysis.buildIntentNotConfiguredNotice","buildAnalysis","ui","Automatic build intent analysis isn't available right now. You can still analyze by specifying the detailed settings manually.","Otomatik build amacı analizi şu anda kullanılamıyor. Ayrıntılı ayarları elle belirterek yine de analiz yapabilirsiniz.","","","medium","","",""
"buildAnalysis.buildIntentFailedNotice","buildAnalysis","ui","We couldn't read your build intent. Try again, or specify the detailed settings manually.","Build amacınız okunamadı. Tekrar deneyin veya ayrıntılı ayarları elle belirtin.","","","high","","",""
"buildAnalysis.buildIntentConfirmedNotice","buildAnalysis","ui","This evaluation uses your confirmed build intent.","Bu değerlendirme, onayladığınız build amacını kullanıyor.","","","high","","",""
"buildAnalysis.buildIntentManualDetailsToggleLabel","buildAnalysis","ui","Adjust the Reading in Detailed Settings","Okunanı ayrıntılı ayarlarda düzenle","","51","medium","","",""
"buildAnalysis.buildIntentAvoidOverinvestmentLabel","buildAnalysis","ui","Avoid Overinvestment","Aşırı yatırımdan kaçın","","26","medium","","",""
"buildAnalysis.buildIntentIntentionallyIgnoreLabel","buildAnalysis","ui","Excluded","Hariç tutuldu","","12","medium","","",""
"buildAnalysis.buildIntentComparisonTargetLabel","buildAnalysis","ui","Comparison Target Build","Karşılaştırılacak build","","30","medium","","",""
"buildAnalysis.buildIntentComparisonTargetNoneOption","buildAnalysis","ui","Unspecified","Belirtilmedi","","15","medium","","",""
"buildAnalysis.buildIntentStrengthsToPreserveLabel","buildAnalysis","ui","Strengths to Preserve","Korunacak güçlü yönler","","28","medium","","",""
"buildAnalysis.buildIntentAmbiguitiesHeading","buildAnalysis","ui","Needs Confirmation","Onay gerekiyor","","24","medium","","",""
"buildAnalysis.buildIntentAmbiguitiesNoneText","buildAnalysis","ui","None","Yok","","12","medium","","",""
"buildAnalysis.buildIntentConfidenceLabel","buildAnalysis","ui","Interpretation Confidence","Yorum güvenilirliği","","33","medium","","",""
"buildAnalysis.buildIntentConfidenceHigh","buildAnalysis","ui","High","Yüksek","","12","medium","","",""
"buildAnalysis.buildIntentConfidenceMedium","buildAnalysis","ui","Medium","Orta","","12","medium","","",""
"buildAnalysis.buildIntentConfidenceLow","buildAnalysis","ui","Low","Düşük","","12","medium","","",""
"buildAnalysis.buildIntentInterpPositionLabel","buildAnalysis","ui","Intended Position","Hedef mevki","","23","medium","","",""
"buildAnalysis.buildIntentInterpGoalLabel","buildAnalysis","ui","Primary Goal","Ana hedef","","16","medium","","",""
"buildAnalysis.buildIntentInterpPriorityLabel","buildAnalysis","ui","Top Priority","En yüksek öncelik","","16","medium","","",""
"buildAnalysis.buildIntentInterpSecondaryLabel","buildAnalysis","ui","Secondary Priority","İkincil öncelik","","24","medium","","",""
"buildAnalysis.buildIntentInterpAvoidOverinvestmentLabel","buildAnalysis","ui","Avoid Overinvesting In","Aşırı yatırım yapılmayacak alanlar","","29","medium","","",""
"buildAnalysis.buildIntentInterpIgnoredLabel","buildAnalysis","ui","Excluded From This Evaluation","Bu değerlendirmeden hariç","","38","medium","","",""
"buildAnalysis.buildIntentInterpComparisonTargetLabel","buildAnalysis","ui","Build to Compare","Karşılaştırılacak build","","21","medium","","",""
"buildAnalysis.buildIntentInterpComparisonFocusLabel","buildAnalysis","ui","Comparison Focus","Karşılaştırma odağı","","21","medium","","",""
"buildAnalysis.buildIntentInterpPreserveLabel","buildAnalysis","ui","Strengths to Preserve","Korunacak güçlü yönler","","28","medium","","",""
"buildAnalysis.buildIntentInterpNoneValue","buildAnalysis","ui","Unspecified","Belirtilmedi","","15","medium","","",""
"buildAnalysis.buildIntentReadHeading","buildAnalysis","ui","What We Read","Okunanlar","","16","medium","","",""
"buildAnalysis.buildIntentUnspecifiedCollapsedLabel","buildAnalysis","ui","Other items are unspecified","Diğer öğeler belirtilmedi","","36","medium","","",""
"buildAnalysis.buildIntentClarificationHeading","buildAnalysis","ui","Please Confirm","Lütfen onaylayın","","19","medium","","",""
"buildAnalysis.clarificationNoneOptionLabel","buildAnalysis","ui","None of these","Hiçbiri","","17","medium","","",""
"buildAnalysis.clarificationNoneOptionDescription","buildAnalysis","ui","Don't select any of these options. Use the detailed settings below to specify this manually if needed.","Bu seçeneklerden hiçbirini seçme. Gerekirse aşağıdaki ayrıntılı ayarlardan elle belirtin.","","","medium","","",""
"buildAnalysis.buildIntentClarificationPendingNotice","buildAnalysis","ui","Answer everything above to enable ""Use This for Analysis"".","""Analizde bunu kullan"" düğmesini etkinleştirmek için yukarıdaki tüm soruları yanıtlayın.","","","medium","","",""
"buildAnalysis.clarificationCrossRoleQuestion","buildAnalysis","ui","""Cross""-related wording can mean more than one thing. Which is closer to what you mean?","""Orta"" ile ilgili ifadeler birden fazla anlama gelebilir. Kastettiğiniz hangisine daha yakın?","","","medium","","",""
"buildAnalysis.clarificationCrossRoleReason","buildAnalysis","ui","Cross-related phrases can mean either supplying crosses from the wing or scoring from crosses, so we need to confirm which one you mean.","Orta ile ilgili ifadeler hem kanattan orta açmak hem de ortalardan gol atmak anlamına gelebilir; bu yüzden hangisini kastettiğinizi doğrulamamız gerekiyor.","","","medium","","",""
"buildAnalysis.clarificationCrossSupplyLabel","buildAnalysis","ui","Supplying crosses from the wing","Kanattan orta açmak","","41","medium","","",""
"buildAnalysis.clarificationCrossSupplyDescription","buildAnalysis","ui","Treated as a use-case that emphasizes passing and chance creation.","Pas ve fırsat yaratmayı öne çıkaran bir kullanım olarak ele alınır.","","","medium","","",""
"buildAnalysis.clarificationCrossReceiveLabel","buildAnalysis","ui","Scoring from crosses","Ortalardan gol atmak","","26","medium","","",""
"buildAnalysis.clarificationCrossReceiveDescription","buildAnalysis","ui","Treated as a use-case that emphasizes aerial ability and shooting.","Hava hakimiyeti ve şutu öne çıkaran bir kullanım olarak ele alınır.","","","medium","","",""
"buildAnalysis.clarificationCrossWideAttackLabel","buildAnalysis","ui","Wide attacking play overall","Genel olarak kanat hücumu","","36","medium","","",""
"buildAnalysis.clarificationCrossWideAttackDescription","buildAnalysis","ui","Treated as a use-case that emphasizes passing and chance creation while contributing to wide attacks.","Kanat hücumlarına katkı verirken pas ve fırsat yaratmayı öne çıkaran bir kullanım olarak ele alınır.","","","medium","","",""
"buildAnalysis.clarificationCrossReceiveFocusQuestion","buildAnalysis","ui","When scoring from crosses, which matters more to you?","Ortalardan gol atarken sizin için hangisi daha önemli?","","","medium","","",""
"buildAnalysis.clarificationCrossReceiveFocusReason","buildAnalysis","ui","Scoring from crosses can mean emphasizing aerial ability or emphasizing shooting, so we need to confirm which one you mean.","Ortalardan gol atmak, hava hakimiyetini veya şutu öne çıkarmak anlamına gelebilir; bu yüzden hangisini kastettiğinizi doğrulamamız gerekiyor.","","","medium","","",""
"buildAnalysis.clarificationCrossReceiveAerialLabel","buildAnalysis","ui","Emphasize aerial ability","Hava hakimiyetini öne çıkar","","32","medium","","",""
"buildAnalysis.clarificationCrossReceiveAerialDescription","buildAnalysis","ui","Emphasizes aerial strength and heading.","Hava hakimiyetini ve kafa vuruşunu öne çıkarır.","","","medium","","",""
"buildAnalysis.clarificationCrossReceiveShootingLabel","buildAnalysis","ui","Emphasize shooting","Şutu öne çıkar","","24","medium","","",""
"buildAnalysis.clarificationCrossReceiveShootingDescription","buildAnalysis","ui","Emphasizes shooting and finishing.","Şutu ve bitiriciliği öne çıkarır.","","","medium","","",""
"buildAnalysis.clarificationCrossReceiveBothLabel","buildAnalysis","ui","Emphasize both","İkisini de öne çıkar","","19","medium","","",""
"buildAnalysis.clarificationCrossReceiveBothDescription","buildAnalysis","ui","Treated as a use-case that emphasizes both aerial ability and shooting.","Hem hava hakimiyetini hem de şutu öne çıkaran bir kullanım olarak ele alınır.","","","medium","","",""
"buildAnalysis.buildIntentUnanalyzedHeading","buildAnalysis","ui","What We Couldn't Read","Okunamayanlar","","28","medium","","",""
"buildAnalysis.buildIntentUnanalyzedIntro","buildAnalysis","ui","We couldn't safely interpret the following. To avoid setting anything incorrectly, we haven't assigned any ability area for it automatically.","Aşağıdakileri güvenli şekilde yorumlayamadık. Yanlış bir ayar yapmamak için bunlara otomatik olarak hiçbir özellik alanı atamadık.","","","medium","","",""
"buildAnalysis.buildIntentUnanalyzedZeroHeading","buildAnalysis","ui","We couldn't fully organize your input","Girişinizi tam olarak düzenleyemedik","","49","medium","","",""
"buildAnalysis.buildIntentUnanalyzedZeroBody","buildAnalysis","ui","We couldn't safely read a build intent from what you wrote. Try rewriting it using one of the examples below, or specify it directly in the detailed settings.","Yazdıklarınızdan güvenli şekilde bir build amacı okuyamadık. Aşağıdaki örneklerden birini kullanarak yeniden yazmayı deneyin veya doğrudan ayrıntılı ayarlarda belirtin.","","","medium","","",""
"buildAnalysis.buildIntentManualSettingsHintText","buildAnalysis","ui","You can specify the position or ability areas directly from ""Adjust the Reading in Detailed Settings"" below.","Mevkiyi veya özellik alanlarını aşağıdaki ""Okunanı ayrıntılı ayarlarda düzenle"" bölümünden doğrudan belirtebilirsiniz.","","","medium","","",""
"buildAnalysis.buildIntentAdditionalExamplesHeading","buildAnalysis","ui","More Examples to Try","Denenecek diğer örnekler","","26","medium","","",""
"buildAnalysis.buildIntentAdditionalExampleInsertLabel","buildAnalysis","ui","Add this example","Bu örneği ekle","","21","medium","","",""
"buildAnalysis.buildIntentAdditionalExampleCrossSupplyLabel","buildAnalysis","ui","Example: supplying crosses from the wing","Örnek: kanattan orta açmak","","52","medium","","",""
"buildAnalysis.buildIntentAdditionalExampleCrossSupplyText","buildAnalysis","ui","I want to play as RWF. I want to deliver crosses. Passing is my top priority.","RWF olarak oynatmak istiyorum. Orta açmak istiyorum. En yüksek önceliğim pas.","","","medium","","",""
"buildAnalysis.buildIntentAdditionalExampleCrossReceiveLabel","buildAnalysis","ui","Example: scoring from crosses","Örnek: ortalardan gol atmak","","38","medium","","",""
"buildAnalysis.buildIntentAdditionalExampleCrossReceiveText","buildAnalysis","ui","I want to play as CF. I want to score from crosses. Aerial strength and shooting are my top priority.","CF olarak oynatmak istiyorum. Ortalardan gol atmak istiyorum. En yüksek önceliğim hava hakimiyeti ve şut.","","","medium","","",""
"buildAnalysis.buildIntentAdditionalExampleCrossAmbiguousLabel","buildAnalysis","ui","Example: haven't decided on a role yet","Örnek: rol henüz belli değil","","50","medium","","",""
"buildAnalysis.buildIntentAdditionalExampleCrossAmbiguousText","buildAnalysis","ui","I want cross-focused play.","Orta ağırlıklı bir oyun istiyorum.","","","medium","","",""
"buildAnalysis.presetCategoryScoringTitle","buildAnalysis","ui","Scoring","Gol","","12","medium","","",""
"buildAnalysis.presetCategoryDribblingPossessionTitle","buildAnalysis","ui","Dribbling & Ball Retention","Top sürme ve topu koruma","","34","medium","","",""
"buildAnalysis.presetCategoryPassingCreationTitle","buildAnalysis","ui","Passing & Chance Creation","Pas ve fırsat yaratma","","33","medium","","",""
"buildAnalysis.presetCategoryWideCrossingTitle","buildAnalysis","ui","Wide Play & Crossing","Kanat oyunu ve orta","","26","medium","","",""
"buildAnalysis.presetCategorySpeedCounterTitle","buildAnalysis","ui","Speed & Counterattacking","Hız ve kontra atak","","32","medium","","",""
"buildAnalysis.presetCategoryPhysicalAerialTitle","buildAnalysis","ui","Physical & Aerial","Fizik ve hava","","23","medium","","",""
"buildAnalysis.presetCategoryDefendingTitle","buildAnalysis","ui","Defending","Savunma","","12","medium","","",""
"buildAnalysis.presetCategoryGoalkeepingTitle","buildAnalysis","ui","Goalkeeping","Kalecilik","","15","medium","","",""
"buildAnalysis.presetCategoryBalancedAdjustmentTitle","buildAnalysis","ui","Balanced & Adjustment","Denge ve ayar","","28","medium","","",""
"buildAnalysis.presetTagScoring","buildAnalysis","ui","scoring","gol","","12","medium","","",""
"buildAnalysis.presetTagShooting","buildAnalysis","ui","shooting","şut","","12","medium","","",""
"buildAnalysis.presetTagFinisher","buildAnalysis","ui","finisher","bitirici","","12","medium","","",""
"buildAnalysis.presetTagBox","buildAnalysis","ui","penalty box","ceza sahası","","15","medium","","",""
"buildAnalysis.presetTagDribbling","buildAnalysis","ui","dribbling","top sürme","","12","medium","","",""
"buildAnalysis.presetTagCross","buildAnalysis","ui","cross","orta","","12","medium","","",""
"buildAnalysis.presetTagAerial","buildAnalysis","ui","aerial","hava","","12","medium","","",""
"buildAnalysis.presetTagPossession","buildAnalysis","ui","possession","top hakimiyeti","","13","medium","","",""
"buildAnalysis.presetTagCentral","buildAnalysis","ui","central","merkez","","12","medium","","",""
"buildAnalysis.presetTagWide","buildAnalysis","ui","wide","kanat","","12","medium","","",""
"buildAnalysis.presetTagSpeed","buildAnalysis","ui","speed","hız","","12","medium","","",""
"buildAnalysis.presetTagPassing","buildAnalysis","ui","passing","pas","","12","medium","","",""
"buildAnalysis.presetTagFullback","buildAnalysis","ui","fullback","bek","","12","medium","","",""
"buildAnalysis.presetTagDefending","buildAnalysis","ui","defending","savunma","","12","medium","","",""
"buildAnalysis.presetTagCounter","buildAnalysis","ui","counter","kontra","","12","medium","","",""
"buildAnalysis.presetTagPhysical","buildAnalysis","ui","physical","fizik","","12","medium","","",""
"buildAnalysis.presetTagTarget","buildAnalysis","ui","target man","hedef santrfor","","13","medium","","",""
"buildAnalysis.presetTagGoalkeeping","buildAnalysis","ui","goalkeeper","kaleci","","13","medium","","",""
"buildAnalysis.presetTagBalance","buildAnalysis","ui","balance","denge","","12","medium","","",""
"buildAnalysis.presetScoringSpecialistTitle","buildAnalysis","ui","Scoring Specialist","Gol uzmanı","","24","medium","","",""
"buildAnalysis.presetScoringSpecialistShort","buildAnalysis","ui","Prioritizes shooting to maximize goal output.","Gol katkısını en üst düzeye çıkarmak için şuta öncelik verir.","","","medium","","",""
"buildAnalysis.presetScoringSpecialistDetail","buildAnalysis","ui","Prioritizes the shooting ability area (finishing, set piece taking, curl). Suited for improving raw finishing quality.","Şut özellik alanına (Bitiricilik, Duran top, Falso) öncelik verir. Bitiricilik kalitesini artırmak için uygundur.","","","medium","","",""
"buildAnalysis.presetBoxFinisherTitle","buildAnalysis","ui","Box Finisher","Ceza sahası bitiricisi","","16","medium","","",""
"buildAnalysis.presetBoxFinisherShort","buildAnalysis","ui","Prioritizes shooting with quickness as a secondary focus.","Şuta öncelik verir, ikincil odak beceri.","","","medium","","",""
"buildAnalysis.presetBoxFinisherDetail","buildAnalysis","ui","Assumes quick reactions inside the box. Prioritizes shooting, with quickness as a secondary focus.","Ceza sahası içinde hızlı tepkiler varsayar. Şuta öncelik verir, ikincil odak beceri.","","","medium","","",""
"buildAnalysis.presetDribbleToShotTitle","buildAnalysis","ui","Dribble to Shot","Top sürüp şut","","20","medium","","",""
"buildAnalysis.presetDribbleToShotShort","buildAnalysis","ui","Prioritizes shooting with dribbling as a secondary focus.","Şuta öncelik verir, ikincil odak top sürme.","","","medium","","",""
"buildAnalysis.presetDribbleToShotDetail","buildAnalysis","ui","Assumes creating your own shooting chance via dribbling. Prioritizes shooting, with dribbling as a secondary focus.","Top sürerek kendi şut fırsatını yaratmayı varsayar. Şuta öncelik verir, ikincil odak top sürme.","","","medium","","",""
"buildAnalysis.presetCrossReceiveScoringTitle","buildAnalysis","ui","Score From Crosses","Ortalardan gol","","24","medium","","",""
"buildAnalysis.presetCrossReceiveScoringShort","buildAnalysis","ui","Prioritizes shooting with aerial strength as a secondary focus.","Şuta öncelik verir, ikincil odak hava hakimiyeti.","","","medium","","",""
"buildAnalysis.presetCrossReceiveScoringDetail","buildAnalysis","ui","Assumes finishing crosses. Prioritizes shooting, with aerial strength as a secondary focus.","Ortaları gole çevirmeyi varsayar. Şuta öncelik verir, ikincil odak hava hakimiyeti.","","","medium","","",""
"buildAnalysis.presetAerialScoringTitle","buildAnalysis","ui","Aerial Scoring","Kafayla gol","","19","medium","","",""
"buildAnalysis.presetAerialScoringShort","buildAnalysis","ui","Prioritizes aerial strength with shooting as a secondary focus.","Hava hakimiyetine öncelik verir, ikincil odak şut.","","","medium","","",""
"buildAnalysis.presetAerialScoringDetail","buildAnalysis","ui","Centers scoring around aerial duel strength itself. Prioritizes aerial strength, with shooting as a secondary focus.","Gol üretimini doğrudan hava toplarındaki üstünlük üzerine kurar. Hava hakimiyetine öncelik verir, ikincil odak şut.","","","medium","","",""
"buildAnalysis.presetDribbleBreakthroughTitle","buildAnalysis","ui","Dribble Breakthrough","Top sürerek adam eksiltme","","26","medium","","",""
"buildAnalysis.presetDribbleBreakthroughShort","buildAnalysis","ui","Prioritizes dribbling to improve breakthrough ability.","Adam eksiltme gücünü artırmak için top sürmeye öncelik verir.","","","medium","","",""
"buildAnalysis.presetDribbleBreakthroughDetail","buildAnalysis","ui","Prioritizes the dribbling ability area (ball control, dribbling, tight possession).","Top sürme özellik alanına (Top kontrolü, Top sürme, Yakın top kontrolü) öncelik verir.","","","medium","","",""
"buildAnalysis.presetBeatOneOnWingTitle","buildAnalysis","ui","Beat a Defender on the Wing","Kanatta rakibi geçme","","36","medium","","",""
"buildAnalysis.presetBeatOneOnWingShort","buildAnalysis","ui","Prioritizes dribbling with quickness as a secondary focus.","Top sürmeye öncelik verir, ikincil odak beceri.","","","medium","","",""
"buildAnalysis.presetBeatOneOnWingDetail","buildAnalysis","ui","Assumes beating a defender one-on-one on the wing. Prioritizes dribbling, with quickness as a secondary focus.","Kanatta bire birde rakibi geçmeyi varsayar. Top sürmeye öncelik verir, ikincil odak beceri.","","","medium","","",""
"buildAnalysis.presetTightSpacePossessionTitle","buildAnalysis","ui","Hold the Ball in Tight Spaces","Dar alanda topu tutma","","38","medium","","",""
"buildAnalysis.presetTightSpacePossessionShort","buildAnalysis","ui","Aims for possession, prioritizing dribbling.","Top hakimiyetini hedefler, top sürmeye öncelik verir.","","","medium","","",""
"buildAnalysis.presetTightSpacePossessionDetail","buildAnalysis","ui","Sets possession as the primary goal and prioritizes the dribbling ability area (including tight possession).","Ana hedef olarak top hakimiyetini belirler ve top sürme özellik alanına (Yakın top kontrolü dahil) öncelik verir.","","","medium","","",""
"buildAnalysis.presetHardToDispossessTitle","buildAnalysis","ui","Avoid Losing the Ball","Topu kaptırmama","","28","medium","","",""
"buildAnalysis.presetHardToDispossessShort","buildAnalysis","ui","Aims for possession, prioritizing dribbling with lower body strength as a secondary focus.","Top hakimiyetini hedefler, top sürmeye öncelik verir, ikincil odak bacak gücü.","","","medium","","",""
"buildAnalysis.presetHardToDispossessDetail","buildAnalysis","ui","Sets possession as the primary goal, prioritizes dribbling, with the lower body strength area (including balance) as a secondary focus.","Ana hedef olarak top hakimiyetini belirler, top sürmeye öncelik verir; ikincil odak bacak gücü alanı (Denge dahil).","","","medium","","",""
"buildAnalysis.presetCarryThroughCenterTitle","buildAnalysis","ui","Carry the Ball Through the Center","Merkezden top taşıma","","43","medium","","",""
"buildAnalysis.presetCarryThroughCenterShort","buildAnalysis","ui","Prioritizes dribbling with quickness as a secondary focus.","Top sürmeye öncelik verir, ikincil odak beceri.","","","medium","","",""
"buildAnalysis.presetCarryThroughCenterDetail","buildAnalysis","ui","Assumes carrying the ball through the central midfield. Prioritizes dribbling, with quickness as a secondary focus.","Topu orta sahanın merkezinden taşımayı varsayar. Top sürmeye öncelik verir, ikincil odak beceri.","","","medium","","",""
"buildAnalysis.presetCutInsideAttackTitle","buildAnalysis","ui","Cut Inside to Attack","İçe kat edip hücum","","26","medium","","",""
"buildAnalysis.presetCutInsideAttackShort","buildAnalysis","ui","Prioritizes dribbling with shooting as a secondary focus.","Top sürmeye öncelik verir, ikincil odak şut.","","","medium","","",""
"buildAnalysis.presetCutInsideAttackDetail","buildAnalysis","ui","Assumes cutting inside from the wing. Prioritizes dribbling, with shooting as a secondary focus.","Kanattan içe kat etmeyi varsayar. Top sürmeye öncelik verir, ikincil odak şut.","","","medium","","",""
"buildAnalysis.presetReceiveAndDistributeTitle","buildAnalysis","ui","Receive and Distribute","Topu alıp dağıtma","","29","medium","","",""
"buildAnalysis.presetReceiveAndDistributeShort","buildAnalysis","ui","Aims for possession, prioritizing dribbling with passing as a secondary focus.","Top hakimiyetini hedefler, top sürmeye öncelik verir, ikincil odak pas.","","","medium","","",""
"buildAnalysis.presetReceiveAndDistributeDetail","buildAnalysis","ui","Assumes receiving at your feet before distributing. Prioritizes dribbling, with passing as a secondary focus.","Topu ayağa alıp ardından dağıtmayı varsayar. Top sürmeye öncelik verir, ikincil odak pas.","","","medium","","",""
"buildAnalysis.presetQuicknessFocusTitle","buildAnalysis","ui","Quickness Focus","Beceri odaklı","","20","medium","","",""
"buildAnalysis.presetQuicknessFocusShort","buildAnalysis","ui","Prioritizes quickness.","Beceriye öncelik verir.","","29","medium","","",""
"buildAnalysis.presetQuicknessFocusDetail","buildAnalysis","ui","Prioritizes the quickness ability area (acceleration, speed).","Beceri özellik alanına (İvmelenme, Hız) öncelik verir.","","","medium","","",""
"buildAnalysis.presetPassingSpecialistTitle","buildAnalysis","ui","Passing Specialist","Pas uzmanı","","24","medium","","",""
"buildAnalysis.presetPassingSpecialistShort","buildAnalysis","ui","Prioritizes passing to improve chance creation.","Fırsat yaratmayı artırmak için pasa öncelik verir.","","","medium","","",""
"buildAnalysis.presetPassingSpecialistDetail","buildAnalysis","ui","Prioritizes the passing ability area (low pass, lofted pass, offensive awareness).","Pas özellik alanına (Yerden pas, Havadan pas, Hücum farkındalığı) öncelik verir.","","","medium","","",""
"buildAnalysis.presetGameMakingTitle","buildAnalysis","ui","Game Making","Oyun kurma","","15","medium","","",""
"buildAnalysis.presetGameMakingShort","buildAnalysis","ui","Prioritizes passing with dribbling as a secondary focus.","Pasa öncelik verir, ikincil odak top sürme.","","","medium","","",""
"buildAnalysis.presetGameMakingDetail","buildAnalysis","ui","Assumes building attacking play. Prioritizes passing, with dribbling as a secondary focus.","Hücum oyununu kurmayı varsayar. Pasa öncelik verir, ikincil odak top sürme.","","","medium","","",""
"buildAnalysis.presetForwardServiceTitle","buildAnalysis","ui","Service to the Forward Line","Hücum hattını besleme","","36","medium","","",""
"buildAnalysis.presetForwardServiceShort","buildAnalysis","ui","Prioritizes passing.","Pasa öncelik verir.","","26","medium","","",""
"buildAnalysis.presetForwardServiceDetail","buildAnalysis","ui","Assumes distributing the ball forward from a deeper position. Prioritizes passing.","Topu daha geriden ileriye dağıtmayı varsayar. Pasa öncelik verir.","","","medium","","",""
"buildAnalysis.presetDistributeTheBallTitle","buildAnalysis","ui","Spread the Play","Oyunu yayma","","20","medium","","",""
"buildAnalysis.presetDistributeTheBallShort","buildAnalysis","ui","Prioritizes passing with quickness as a secondary focus.","Pasa öncelik verir, ikincil odak beceri.","","","medium","","",""
"buildAnalysis.presetDistributeTheBallDetail","buildAnalysis","ui","Assumes spreading play at a quick tempo. Prioritizes passing, with quickness as a secondary focus.","Oyunu hızlı tempoda yaymayı varsayar. Pasa öncelik verir, ikincil odak beceri.","","","medium","","",""
"buildAnalysis.presetPossessionAnchorTitle","buildAnalysis","ui","Possession Anchor","Top hakimiyeti merkezi","","23","medium","","",""
"buildAnalysis.presetPossessionAnchorShort","buildAnalysis","ui","Aims for possession, prioritizing passing with dribbling as a secondary focus.","Top hakimiyetini hedefler, pasa öncelik verir, ikincil odak top sürme.","","","medium","","",""
"buildAnalysis.presetPossessionAnchorDetail","buildAnalysis","ui","Assumes acting as the anchor of possession play. Prioritizes passing, with dribbling as a secondary focus.","Top hakimiyeti oyununun merkezi olmayı varsayar. Pasa öncelik verir, ikincil odak top sürme.","","","medium","","",""
"buildAnalysis.presetCrossSupplyTitle","buildAnalysis","ui","Supply Crosses","Orta açma","","19","medium","","",""
"buildAnalysis.presetCrossSupplyShort","buildAnalysis","ui","Prioritizes passing.","Pasa öncelik verir.","","26","medium","","",""
"buildAnalysis.presetCrossSupplyDetail","buildAnalysis","ui","Assumes supplying crosses from the wing. Prioritizes passing. Suggested positions include wing forward, side midfield, and full-back roles.","Kanattan orta açmayı varsayar. Pasa öncelik verir. Önerilen mevkiler arasında kanat forvet, kenar orta saha ve bek rolleri bulunur.","","","medium","","",""
"buildAnalysis.presetDribbleThenCrossTitle","buildAnalysis","ui","Beat a Man Then Cross","Adam eksiltip orta","","28","medium","","",""
"buildAnalysis.presetDribbleThenCrossShort","buildAnalysis","ui","Prioritizes passing with dribbling as a secondary focus.","Pasa öncelik verir, ikincil odak top sürme.","","","medium","","",""
"buildAnalysis.presetDribbleThenCrossDetail","buildAnalysis","ui","Assumes beating a defender down the line before crossing. Prioritizes passing, with dribbling as a secondary focus.","Çizgi boyunca rakibi geçip orta açmayı varsayar. Pasa öncelik verir, ikincil odak top sürme.","","","medium","","",""
"buildAnalysis.presetWideChanceCreationTitle","buildAnalysis","ui","Wide Chance Creation","Kanattan fırsat yaratma","","26","medium","","",""
"buildAnalysis.presetWideChanceCreationShort","buildAnalysis","ui","Prioritizes passing with quickness as a secondary focus.","Pasa öncelik verir, ikincil odak beceri.","","","medium","","",""
"buildAnalysis.presetWideChanceCreationDetail","buildAnalysis","ui","Assumes creating chances from wide areas. Prioritizes passing, with quickness as a secondary focus.","Kanat bölgelerinden fırsat yaratmayı varsayar. Pasa öncelik verir, ikincil odak beceri.","","","medium","","",""
"buildAnalysis.presetCarryDownLineTitle","buildAnalysis","ui","Carry the Ball Down the Line","Çizgi boyunca top taşıma","","37","medium","","",""
"buildAnalysis.presetCarryDownLineShort","buildAnalysis","ui","Prioritizes dribbling with quickness as a secondary focus.","Top sürmeye öncelik verir, ikincil odak beceri.","","","medium","","",""
"buildAnalysis.presetCarryDownLineDetail","buildAnalysis","ui","Assumes carrying the ball down the touchline. Prioritizes dribbling, with quickness as a secondary focus.","Topu taç çizgisi boyunca taşımayı varsayar. Top sürmeye öncelik verir, ikincil odak beceri.","","","medium","","",""
"buildAnalysis.presetCutInsideShootTitle","buildAnalysis","ui","Cut Inside and Shoot","İçe kat edip şut","","26","medium","","",""
"buildAnalysis.presetCutInsideShootShort","buildAnalysis","ui","Prioritizes shooting with dribbling as a secondary focus.","Şuta öncelik verir, ikincil odak top sürme.","","","medium","","",""
"buildAnalysis.presetCutInsideShootDetail","buildAnalysis","ui","Assumes cutting inside from the wing to shoot. Prioritizes shooting, with dribbling as a secondary focus.","Kanattan içe kat edip şut çekmeyi varsayar. Şuta öncelik verir, ikincil odak top sürme.","","","medium","","",""
"buildAnalysis.presetAttackingFullbackTitle","buildAnalysis","ui","Attacking Full-back","Hücumcu bek","","25","medium","","",""
"buildAnalysis.presetAttackingFullbackShort","buildAnalysis","ui","Prioritizes passing with quickness as a secondary focus.","Pasa öncelik verir, ikincil odak beceri.","","","medium","","",""
"buildAnalysis.presetAttackingFullbackDetail","buildAnalysis","ui","Assumes a full-back joining the attack. Prioritizes passing, with quickness as a secondary focus.","Hücuma katılan bir bek varsayar. Pasa öncelik verir, ikincil odak beceri.","","","medium","","",""
"buildAnalysis.presetDefensiveFullbackTitle","buildAnalysis","ui","Defensive Full-back","Savunmacı bek","","25","medium","","",""
"buildAnalysis.presetDefensiveFullbackShort","buildAnalysis","ui","Prioritizes defending.","Savunmaya öncelik verir.","","29","medium","","",""
"buildAnalysis.presetDefensiveFullbackDetail","buildAnalysis","ui","Assumes a defense-focused full-back. Prioritizes defending. No other ability area is auto-set based on position alone.","Savunma odaklı bir bek varsayar. Savunmaya öncelik verir. Yalnızca mevkiye bakarak başka bir özellik alanı otomatik ayarlanmaz.","","","medium","","",""
"buildAnalysis.presetSpeedBreakthroughTitle","buildAnalysis","ui","Speed Breakthrough","Hızla adam eksiltme","","24","medium","","",""
"buildAnalysis.presetSpeedBreakthroughShort","buildAnalysis","ui","Prioritizes quickness.","Beceriye öncelik verir.","","29","medium","","",""
"buildAnalysis.presetSpeedBreakthroughDetail","buildAnalysis","ui","Prioritizes the quickness ability area (acceleration, speed).","Beceri özellik alanına (İvmelenme, Hız) öncelik verir.","","","medium","","",""
"buildAnalysis.presetRunInBehindTitle","buildAnalysis","ui","Run in Behind","Savunma arkasına koşu","","17","medium","","",""
"buildAnalysis.presetRunInBehindShort","buildAnalysis","ui","Prioritizes quickness with shooting as a secondary focus.","Beceriye öncelik verir, ikincil odak şut.","","","medium","","",""
"buildAnalysis.presetRunInBehindDetail","buildAnalysis","ui","Assumes running in behind the defense. Prioritizes quickness, with shooting as a secondary focus.","Savunmanın arkasına koşmayı varsayar. Beceriye öncelik verir, ikincil odak şut.","","","medium","","",""
"buildAnalysis.presetCounterOutletTitle","buildAnalysis","ui","Counterattack Outlet","Kontra atak çıkış noktası","","26","medium","","",""
"buildAnalysis.presetCounterOutletShort","buildAnalysis","ui","Aims for counterattacking, prioritizing quickness with dribbling as a secondary focus.","Kontra atağı hedefler, beceriye öncelik verir, ikincil odak top sürme.","","","medium","","",""
"buildAnalysis.presetCounterOutletDetail","buildAnalysis","ui","Sets counterattacking as the primary goal, prioritizing quickness with dribbling as a secondary focus. Since counterattacking depends on team tactics, this is treated as reference information in single-build analysis.","Ana hedef olarak kontra atağı belirler, beceriye öncelik verir, ikincil odak top sürme. Kontra atak takım taktiğine bağlı olduğundan, tek build analizinde referans bilgi olarak ele alınır.","","","medium","","",""
"buildAnalysis.presetSprintDownWingTitle","buildAnalysis","ui","Sprint Down the Wing","Kanatta depar","","26","medium","","",""
"buildAnalysis.presetSprintDownWingShort","buildAnalysis","ui","Prioritizes quickness with passing as a secondary focus.","Beceriye öncelik verir, ikincil odak pas.","","","medium","","",""
"buildAnalysis.presetSprintDownWingDetail","buildAnalysis","ui","Assumes sprinting down the wing. Prioritizes quickness, with passing as a secondary focus.","Kanatta depar atmayı varsayar. Beceriye öncelik verir, ikincil odak pas.","","","medium","","",""
"buildAnalysis.presetAerialSpecialistTitle","buildAnalysis","ui","Aerial Specialist","Hava topu uzmanı","","23","medium","","",""
"buildAnalysis.presetAerialSpecialistShort","buildAnalysis","ui","Prioritizes aerial strength.","Hava hakimiyetine öncelik verir.","","","medium","","",""
"buildAnalysis.presetAerialSpecialistDetail","buildAnalysis","ui","Prioritizes the aerial strength ability area (heading, jumping, physical contact).","Hava hakimiyeti özellik alanına (Kafa vuruşu, Sıçrama, Fiziksel temas) öncelik verir.","","","medium","","",""
"buildAnalysis.presetTargetManTitle","buildAnalysis","ui","Target Man","Hedef santrfor","","13","medium","","",""
"buildAnalysis.presetTargetManShort","buildAnalysis","ui","Prioritizes aerial strength with lower body strength as a secondary focus.","Hava hakimiyetine öncelik verir, ikincil odak bacak gücü.","","","medium","","",""
"buildAnalysis.presetTargetManDetail","buildAnalysis","ui","Assumes being the target man up front. Prioritizes aerial strength, with lower body strength as a secondary focus.","Önde hedef santrfor olmayı varsayar. Hava hakimiyetine öncelik verir, ikincil odak bacak gücü.","","","medium","","",""
"buildAnalysis.presetPostPlayTitle","buildAnalysis","ui","Post-Up Play","Sırtı dönük oyun","","16","medium","","",""
"buildAnalysis.presetPostPlayShort","buildAnalysis","ui","Aims for possession, prioritizing lower body strength with dribbling as a secondary focus.","Top hakimiyetini hedefler, bacak gücüne öncelik verir, ikincil odak top sürme.","","","medium","","",""
"buildAnalysis.presetPostPlayDetail","buildAnalysis","ui","Assumes holding up the ball with your back to goal. Sets possession as the primary goal, prioritizes lower body strength, with dribbling as a secondary focus.","Sırtı kaleye dönük topu saklamayı varsayar. Ana hedef olarak top hakimiyetini belirler, bacak gücüne öncelik verir, ikincil odak top sürme.","","","medium","","",""
"buildAnalysis.presetResistPhysicalContactTitle","buildAnalysis","ui","Resist Physical Contact","Fiziksel temasa direnme","","30","medium","","",""
"buildAnalysis.presetResistPhysicalContactShort","buildAnalysis","ui","Prioritizes lower body strength.","Bacak gücüne öncelik verir.","","","medium","","",""
"buildAnalysis.presetResistPhysicalContactDetail","buildAnalysis","ui","Prioritizes the lower body strength ability area (kicking power, balance, stamina).","Bacak gücü özellik alanına (Şut gücü, Denge, Dayanıklılık) öncelik verir.","","","medium","","",""
"buildAnalysis.presetBallWinningSpecialistTitle","buildAnalysis","ui","Ball-Winning Specialist","Top kazanma uzmanı","","30","medium","","",""
"buildAnalysis.presetBallWinningSpecialistShort","buildAnalysis","ui","Prioritizes defending.","Savunmaya öncelik verir.","","29","medium","","",""
"buildAnalysis.presetBallWinningSpecialistDetail","buildAnalysis","ui","Prioritizes the defending ability area (defensive awareness, tackling, ball winning).","Savunma özellik alanına (Savunma farkındalığı, Top kapma, top kazanma) öncelik verir.","","","medium","","",""
"buildAnalysis.presetMidfieldDestroyerTitle","buildAnalysis","ui","Midfield Destroyer","Orta saha yıkıcısı","","24","medium","","",""
"buildAnalysis.presetMidfieldDestroyerShort","buildAnalysis","ui","Prioritizes defending with lower body strength as a secondary focus.","Savunmaya öncelik verir, ikincil odak bacak gücü.","","","medium","","",""
"buildAnalysis.presetMidfieldDestroyerDetail","buildAnalysis","ui","Assumes breaking up attacks in midfield. Prioritizes defending, with lower body strength as a secondary focus.","Orta sahada hücumları kesmeyi varsayar. Savunmaya öncelik verir, ikincil odak bacak gücü.","","","medium","","",""
"buildAnalysis.presetManMarkingFocusTitle","buildAnalysis","ui","Man-Marking Focus","Adam adama markaj","","23","medium","","",""
"buildAnalysis.presetManMarkingFocusShort","buildAnalysis","ui","Prioritizes defending with quickness as a secondary focus.","Savunmaya öncelik verir, ikincil odak beceri.","","","medium","","",""
"buildAnalysis.presetManMarkingFocusDetail","buildAnalysis","ui","Assumes strong one-on-one defending. Prioritizes defending, with quickness as a secondary focus.","Güçlü bire bir savunmayı varsayar. Savunmaya öncelik verir, ikincil odak beceri.","","","medium","","",""
"buildAnalysis.presetBacklineStabilityTitle","buildAnalysis","ui","Backline Stability","Savunma hattı istikrarı","","24","medium","","",""
"buildAnalysis.presetBacklineStabilityShort","buildAnalysis","ui","Prioritizes defending with aerial strength as a secondary focus.","Savunmaya öncelik verir, ikincil odak hava hakimiyeti.","","","medium","","",""
"buildAnalysis.presetBacklineStabilityDetail","buildAnalysis","ui","Assumes stabilizing the back line. Prioritizes defending, with aerial strength as a secondary focus.","Savunma hattını sağlamlaştırmayı varsayar. Savunmaya öncelik verir, ikincil odak hava hakimiyeti.","","","medium","","",""
"buildAnalysis.presetShotStoppingFocusTitle","buildAnalysis","ui","Shot-Stopping Focus","Şut kurtarma odaklı","","25","medium","","",""
"buildAnalysis.presetShotStoppingFocusShort","buildAnalysis","ui","Prioritizes Goalkeeping 1 (reflexes).","Kaleci 1'e (refleks) öncelik verir.","","","medium","","",""
"buildAnalysis.presetShotStoppingFocusDetail","buildAnalysis","ui","Prioritizes the Goalkeeping 1 ability area (GK awareness, GK reflexes). Since there is no dedicated GK primary goal in the existing model, the primary goal is treated as reference-only (""other"").","Kaleci 1 özellik alanına (Kaleci farkındalığı, Kaleci refleksi) öncelik verir. Mevcut modelde kaleciye özel bir ana hedef olmadığından, ana hedef yalnızca referans (""diğer"") olarak ele alınır.","","","medium","","",""
"buildAnalysis.presetHighBallFocusTitle","buildAnalysis","ui","High Ball Handling","Yüksek top hakimiyeti","","24","medium","","",""
"buildAnalysis.presetHighBallFocusShort","buildAnalysis","ui","Prioritizes Goalkeeping 3 (reach).","Kaleci 3'e (menzil) öncelik verir.","","","medium","","",""
"buildAnalysis.presetHighBallFocusDetail","buildAnalysis","ui","Prioritizes the Goalkeeping 3 ability area (reach). The primary goal is treated as reference-only (""other"").","Kaleci 3 özellik alanına (menzil) öncelik verir. Ana hedef yalnızca referans (""diğer"") olarak ele alınır.","","","medium","","",""
"buildAnalysis.presetCatchingFocusTitle","buildAnalysis","ui","Catching Focus","Top tutma odaklı","","19","medium","","",""
"buildAnalysis.presetCatchingFocusShort","buildAnalysis","ui","Prioritizes Goalkeeping 2 (catching).","Kaleci 2'ye (top tutma) öncelik verir.","","","medium","","",""
"buildAnalysis.presetCatchingFocusDetail","buildAnalysis","ui","Prioritizes the Goalkeeping 2 ability area (catching, parrying). The primary goal is treated as reference-only (""other"").","Kaleci 2 özellik alanına (top tutma, yumruklama) öncelik verir. Ana hedef yalnızca referans (""diğer"") olarak ele alınır.","","","medium","","",""
"buildAnalysis.presetSweeperKeeperTitle","buildAnalysis","ui","Sweeper Keeper","Libero kaleci","","19","medium","","",""
"buildAnalysis.presetSweeperKeeperShort","buildAnalysis","ui","Prioritizes Goalkeeping 1 with Goalkeeping 3 as a secondary focus.","Kaleci 1'e öncelik verir, ikincil odak Kaleci 3.","","","medium","","",""
"buildAnalysis.presetSweeperKeeperDetail","buildAnalysis","ui","Assumes actively coming off the line. Prioritizes Goalkeeping 1, with Goalkeeping 3 as a secondary focus. The primary goal is treated as reference-only (""other"").","Kalesinden aktif olarak çıkmayı varsayar. Kaleci 1'e öncelik verir, ikincil odak Kaleci 3. Ana hedef yalnızca referans (""diğer"") olarak ele alınır.","","","medium","","",""
"buildAnalysis.presetDistributingGkTitle","buildAnalysis","ui","Distributing Goalkeeper","Oyun kuran kaleci","","30","medium","","",""
"buildAnalysis.presetDistributingGkShort","buildAnalysis","ui","Prioritizes passing with Goalkeeping 1 as a secondary focus.","Pasa öncelik verir, ikincil odak Kaleci 1.","","","medium","","",""
"buildAnalysis.presetDistributingGkDetail","buildAnalysis","ui","Assumes also contributing to distribution. Prioritizes passing, with Goalkeeping 1 as a secondary focus.","Oyun kurmaya da katkı vermeyi varsayar. Pasa öncelik verir, ikincil odak Kaleci 1.","","","medium","","",""
"buildAnalysis.presetBalancedTypeTitle","buildAnalysis","ui","Balanced Type","Dengeli tip","","17","medium","","",""
"buildAnalysis.presetBalancedTypeShort","buildAnalysis","ui","Choose this for even, balanced allocation without focusing on a single area.","Tek bir alana odaklanmadan dengeli dağıtım için bunu seçin.","","","medium","","",""
"buildAnalysis.presetBalancedTypeDetail","buildAnalysis","ui","Does not prioritize any single ability area. Treats the primary goal as balanced.","Hiçbir özellik alanına tek başına öncelik vermez. Ana hedefi dengeli olarak ele alır.","","","medium","","",""
"buildAnalysis.presetAttackLeaningBalanceTitle","buildAnalysis","ui","Attack-Leaning Balanced Type","Hücuma yatkın dengeli tip","","37","medium","","",""
"buildAnalysis.presetAttackLeaningBalanceShort","buildAnalysis","ui","Keeps the primary goal balanced, with shooting and dribbling as secondary focuses.","Ana hedefi dengeli tutar, ikincil odak şut ve top sürme.","","","medium","","",""
"buildAnalysis.presetAttackLeaningBalanceDetail","buildAnalysis","ui","Treats the primary goal as balanced while giving secondary focus to shooting and dribbling.","Ana hedefi dengeli olarak ele alırken şut ve top sürmeye ikincil odak verir.","","","medium","","",""
"buildAnalysis.presetDefenseLeaningBalanceTitle","buildAnalysis","ui","Defense-Leaning Balanced Type","Savunmaya yatkın dengeli tip","","38","medium","","",""
"buildAnalysis.presetDefenseLeaningBalanceShort","buildAnalysis","ui","Keeps the primary goal balanced, with defending and aerial strength as secondary focuses.","Ana hedefi dengeli tutar, ikincil odak savunma ve hava hakimiyeti.","","","medium","","",""
"buildAnalysis.presetDefenseLeaningBalanceDetail","buildAnalysis","ui","Treats the primary goal as balanced while giving secondary focus to defending and aerial strength.","Ana hedefi dengeli olarak ele alırken savunma ve hava hakimiyetine ikincil odak verir.","","","medium","","",""
"buildAnalysis.presetSectionHeading","buildAnalysis","ui","Training Intent","Gelişim amacı","","20","medium","","",""
"buildAnalysis.presetSearchLabel","buildAnalysis","ui","Search training intents","Gelişim amaçlarında ara","","30","medium","","",""
"buildAnalysis.presetSearchPlaceholder","buildAnalysis","ui","e.g. cross, dribbling, defending","ör. orta, top sürme, savunma","","42","medium","","",""
"buildAnalysis.presetSearchNoResults","buildAnalysis","ui","No matching training intent was found. Choose from a category, or use the detailed settings.","Eşleşen gelişim amacı bulunamadı. Bir kategoriden seçin veya ayrıntılı ayarları kullanın.","","","medium","","",""
"buildAnalysis.presetRecommendedHeading","buildAnalysis","ui","Recommended Intents","Önerilen amaçlar","","25","medium","","",""
"buildAnalysis.presetCategoryFilterLabel","buildAnalysis","ui","Filter by category","Kategoriye göre filtrele","","24","medium","","",""
"buildAnalysis.presetCategoryAllLabel","buildAnalysis","ui","All","Tümü","","12","medium","","",""
"buildAnalysis.presetPrimaryAbilityAreasLabel","buildAnalysis","ui","Ability areas this affects","Etkilenen özellik alanları","","34","medium","","",""
"buildAnalysis.presetMainSelectLabel","buildAnalysis","ui","Select as main intent","Ana amaç olarak seç","","28","medium","","",""
"buildAnalysis.presetMainSelectedBadge","buildAnalysis","ui","Main Intent","Ana amaç","","15","medium","","",""
"buildAnalysis.presetSubSelectLabel","buildAnalysis","ui","Select as sub intent","Alt amaç olarak seç","","26","medium","","",""
"buildAnalysis.presetSubSelectedBadge","buildAnalysis","ui","Sub Intent","Alt amaç","","13","medium","","",""
"buildAnalysis.presetSubMaxReachedNotice","buildAnalysis","ui","You can select up to 2 sub intents.","En fazla 2 alt amaç seçebilirsiniz.","","","medium","","",""
"buildAnalysis.presetClearSelectionLabel","buildAnalysis","ui","Clear selection","Seçimi temizle","","20","medium","","",""
"buildAnalysis.presetPreviewHeading","buildAnalysis","ui","Settings Preview","Ayar önizlemesi","","21","medium","","",""
"buildAnalysis.presetPreviewMainLabel","buildAnalysis","ui","Selected training intent","Seçilen gelişim amacı","","32","medium","","",""
"buildAnalysis.presetPreviewSubLabel","buildAnalysis","ui","Selected sub intents","Seçilen alt amaçlar","","26","medium","","",""
"buildAnalysis.presetPreviewNoneSelectedText","buildAnalysis","ui","None selected","Seçim yok","","17","medium","","",""
"buildAnalysis.presetPreviewDerivedHeading","buildAnalysis","ui","What this sets","Ayarlananlar","","19","medium","","",""
"buildAnalysis.presetSourcePresetLabel","buildAnalysis","ui","Set by preset","Hazır ayardan","","17","medium","","",""
"buildAnalysis.presetSourceUserLabel","buildAnalysis","ui","Changed by you","Sizin değiştirdiğiniz","","19","medium","","",""
"buildAnalysis.presetSourceUnspecifiedLabel","buildAnalysis","ui","Unspecified","Belirtilmedi","","15","medium","","",""
"buildAnalysis.presetDetailSettingsToggleLabel","buildAnalysis","ui","Adjust the Settings Created From Your Intent","Amacınızdan oluşturulan ayarları düzenle","","58","medium","","",""
"buildAnalysis.presetResetToPresetDefaultsLabel","buildAnalysis","ui","Reset to Intent Defaults","Amacın varsayılanlarına sıfırla","","32","medium","","",""
"buildAnalysis.presetDiscardManualEditsLabel","buildAnalysis","ui","Discard All Manual Edits","Tüm elle yapılan düzenlemeleri at","","32","medium","","",""
"buildAnalysis.presetConflictHeading","buildAnalysis","ui","Your Selected Intent Conflicts With Detailed Settings","Seçtiğiniz amaç ayrıntılı ayarlarla çelişiyor","","69","medium","","",""
"buildAnalysis.presetConflictTargetLabel","buildAnalysis","ui","Affected area","Etkilenen alan","","17","medium","","",""
"buildAnalysis.presetConflictMainGoalLabel","buildAnalysis","ui","Selected intent","Seçilen amaç","","20","medium","","",""
"buildAnalysis.presetConflictManualSettingLabel","buildAnalysis","ui","Detailed setting","Ayrıntılı ayar","","21","medium","","",""
"buildAnalysis.presetConflictUsePresetLabel","buildAnalysis","ui","Use the Intent's Setting","Amacın ayarını kullan","","32","medium","","",""
"buildAnalysis.presetConflictUseManualLabel","buildAnalysis","ui","Use My Manual Setting","Kendi ayarımı kullan","","28","medium","","",""
"buildAnalysis.presetConflictEditManualLabel","buildAnalysis","ui","Edit in Detailed Settings","Ayrıntılı ayarlarda düzenle","","33","medium","","",""
"buildAnalysis.presetConflictBlocksConfirmNotice","buildAnalysis","ui","You cannot confirm ""Analyze with This Intent"" until the conflict is resolved.","Çelişki çözülene kadar ""Bu amaçla analiz et"" onaylanamaz.","","","high","","",""
"buildAnalysis.presetConfirmButtonLabel","buildAnalysis","ui","Analyze with This Intent","Bu amaçla analiz et","","32","high","","",""
"buildAnalysis.presetConfirmedNoticeHeading","buildAnalysis","ui","This evaluation uses your selected training intent.","Bu değerlendirme, seçtiğiniz gelişim amacını kullanıyor.","","67","high","","",""
"buildAnalysis.presetConfirmedMainLabel","buildAnalysis","ui","Selected training intent","Seçilen gelişim amacı","","32","high","","",""
"buildAnalysis.presetConfirmedSubLabel","buildAnalysis","ui","Sub intents","Alt amaçlar","","15","high","","",""
"buildAnalysis.presetConfirmedUserModifiedLabel","buildAnalysis","ui","Manual changes","Elle yapılan değişiklikler","","19","high","","",""
"buildAnalysis.presetConfirmedUserModifiedYes","buildAnalysis","ui","Yes","Var","","12","high","","",""
"buildAnalysis.presetConfirmedUserModifiedNo","buildAnalysis","ui","No","Yok","","12","high","","",""
"buildAnalysis.presetReturnToGeneralAnalysisLabel","buildAnalysis","ui","Return to General Analysis","Genel analize dön","","34","medium","","",""
"buildAnalysis.presetChangeIntentButtonLabel","buildAnalysis","ui","Change Intent","Amacı değiştir","","17","medium","","",""
"buildAnalysis.presetChangedNotConfirmedNotice","buildAnalysis","ui","Your training intent selection has changed. The current evaluation still uses the previously confirmed intent.","Gelişim amacı seçiminiz değişti. Mevcut değerlendirme hâlâ daha önce onaylanan amacı kullanıyor.","","","high","","",""
"buildAnalysis.presetChangedCurrentSelectionLabel","buildAnalysis","ui","Currently selected intent","Şu an seçili amaç","","33","medium","","",""
"buildAnalysis.presetChangedInUseLabel","buildAnalysis","ui","Intent used in the current evaluation","Mevcut değerlendirmede kullanılan amaç","","49","medium","","",""
"buildAnalysis.presetAnalyzeWithNewLabel","buildAnalysis","ui","Analyze With the New Intent","Yeni amaçla analiz et","","36","medium","","",""
"buildAnalysis.presetRevertToPreviousLabel","buildAnalysis","ui","Revert to the Previous Intent","Önceki amaca dön","","38","medium","","",""
"buildAnalysis.presetDetailChangedNotice","buildAnalysis","ui","Your detailed settings have changed. Apply the new settings to the evaluation.","Ayrıntılı ayarlarınız değişti. Yeni ayarları değerlendirmeye uygulayın.","","","medium","","",""
"buildAnalysis.presetAnalyzeWithChangedSettingsLabel","buildAnalysis","ui","Analyze With the Changed Settings","Değişen ayarlarla analiz et","","43","medium","","",""
"buildAnalysis.presetRevertDetailChangesLabel","buildAnalysis","ui","Revert the Changes","Değişiklikleri geri al","","24","medium","","",""
"buildAnalysis.presetDeselectedNotice","buildAnalysis","ui","Your training intent selection has been cleared. Update to fall back to general analysis only.","Gelişim amacı seçiminiz temizlendi. Yalnızca genel analize dönmek için güncelleyin.","","","medium","","",""
"buildAnalysis.presetKeepPreviousSelectionLabel","buildAnalysis","ui","Keep the Previous Intent","Önceki amacı koru","","32","medium","","",""
"buildAnalysis.presetReflectionHeading","buildAnalysis","ui","Settings Used in the Evaluation","Değerlendirmede kullanılan ayarlar","","41","medium","","",""
"buildAnalysis.presetReflectionSourceLabel","buildAnalysis","ui","Source","Kaynak","","12","medium","","",""
"buildAnalysis.presetReflectionSourcePresetPlusUser","buildAnalysis","ui","Preset + Manual Changes","Hazır ayar + elle değişiklikler","","30","medium","","",""
"buildAnalysis.presetReflectionSourcePresetOnly","buildAnalysis","ui","Preset Only","Yalnızca hazır ayar","","15","medium","","",""
"buildAnalysis.presetReflectionSourceManualOnly","buildAnalysis","ui","Manual Settings Only","Yalnızca elle ayarlar","","26","medium","","",""
"buildAnalysis.presetReflectionSourceNone","buildAnalysis","ui","Not Set","Ayarlanmadı","","12","medium","","",""
"buildAnalysis.presetReflectionStatusLabel","buildAnalysis","ui","Status","Durum","","12","medium","","",""
"buildAnalysis.presetReflectionStatusConfirmed","buildAnalysis","ui","Confirmed","Onaylandı","","12","high","","",""
"buildAnalysis.presetReflectionUnconfirmedNotice","buildAnalysis","ui","There are unconfirmed changes","Onaylanmamış değişiklikler var","","","high","","",""
"buildAnalysis.presetReflectionUnconfirmedMainChange","buildAnalysis","ui","Main intent","Ana amaç","","15","high","","",""
"buildAnalysis.presetReflectionUnconfirmedDetailChange","buildAnalysis","ui","Detailed settings","Ayrıntılı ayarlar","","23","high","","",""
"buildAnalysis.presetCarriedOverNotice","buildAnalysis","ui","Your training intent has carried over to another build on the same card.","Gelişim amacınız aynı karttaki başka bir builde aktarıldı.","","","medium","","",""
"buildAnalysis.buildIntentStatusNotInputText","buildAnalysis","ui","Not Entered","Girilmedi","","15","medium","","",""
"buildAnalysis.buildIntentStatusNotAnalyzedText","buildAnalysis","ui","Not Analyzed","Analiz edilmedi","","16","medium","","",""
"buildAnalysis.buildIntentStatusAnalyzingText","buildAnalysis","ui","Analyzing","Analiz ediliyor","","12","medium","","",""
"buildAnalysis.buildIntentStatusAwaitingConfirmationText","buildAnalysis","ui","Awaiting Confirmation","Onay bekliyor","","28","high","","",""
"buildAnalysis.buildIntentStatusConfirmedText","buildAnalysis","ui","Confirmed","Onaylandı","","12","high","","",""
"buildAnalysis.buildIntentStatusStaleText","buildAnalysis","ui","Outdated (Input Changed)","Güncel değil (giriş değişti)","","32","medium","","",""
"buildAnalysis.buildIntentStatusFailedText","buildAnalysis","ui","Analysis Failed","Analiz başarısız","","20","high","","",""
"buildAnalysis.buildIntentStatusNotConfiguredText","buildAnalysis","ui","Analysis Not Configured","Analiz yapılandırılmadı","","30","medium","","",""
"buildAnalysis.buildIntentStatusManualText","buildAnalysis","ui","Using Manual Settings","Elle ayarlar kullanılıyor","","28","medium","","",""
"buildAnalysis.intentUserNoteCounterTemplate","buildAnalysis","ui","{count} / {max} characters","{count} / {max} karakter","","","medium","","",""
"buildAnalysis.intentGoalUnspecified","buildAnalysis","ui","Unspecified","Belirtilmedi","","15","medium","","",""
"buildAnalysis.intentGoalScoring","buildAnalysis","ui","Scoring","Gol","","12","medium","","",""
"buildAnalysis.intentGoalDribbling","buildAnalysis","ui","Dribbling","Top sürme","","12","medium","","",""
"buildAnalysis.intentGoalPassing","buildAnalysis","ui","Passing / Chance Creation","Pas / Fırsat yaratma","","","medium","","",""
"buildAnalysis.intentGoalSpeed","buildAnalysis","ui","Speed","Hız","","12","medium","","",""
"buildAnalysis.intentGoalPossession","buildAnalysis","ui","Ball Possession","Top hakimiyeti","","20","medium","","",""
"buildAnalysis.intentGoalPhysical","buildAnalysis","ui","Physical","Fizik","","12","medium","","",""
"buildAnalysis.intentGoalAerial","buildAnalysis","ui","Aerial","Hava","","12","medium","","",""
"buildAnalysis.intentGoalDefense","buildAnalysis","ui","Defense","Savunma","","12","medium","","",""
"buildAnalysis.intentGoalPress","buildAnalysis","ui","Press","Pres","","12","medium","","",""
"buildAnalysis.intentGoalCounter","buildAnalysis","ui","Counter-Attack","Kontra atak","","19","medium","","",""
"buildAnalysis.intentGoalBalance","buildAnalysis","ui","Balance","Denge","","12","medium","","",""
"buildAnalysis.intentGoalOther","buildAnalysis","ui","Other","Diğer","","12","medium","","",""
"buildAnalysis.intentReflectionHeading","buildAnalysis","ui","How Your Input Is Reflected","Girişinizin nasıl yansıtıldığı","","36","medium","","",""
"buildAnalysis.intentReflectionUnspecifiedToggleLabel","buildAnalysis","ui","See other unspecified items","Belirtilmemiş diğer öğeleri gör","","36","medium","","",""
"buildAnalysis.intentReflectionFieldPrimaryGoal","buildAnalysis","ui","Central Analysis Goal","Analizin ana hedefi","","28","medium","","",""
"buildAnalysis.intentReflectionFieldPosition","buildAnalysis","ui","Intended Position","Hedef mevki","","23","medium","","",""
"buildAnalysis.intentReflectionFieldPriorityGroups","buildAnalysis","ui","Priority Areas","Öncelikli alanlar","","19","medium","","",""
"buildAnalysis.intentReflectionFieldLowerPriorityGroups","buildAnalysis","ui","Lower-Priority Areas","Düşük öncelikli alanlar","","26","medium","","",""
"buildAnalysis.intentReflectionFieldAvoidOverinvestmentGroups","buildAnalysis","ui","Areas to Avoid Overinvesting In","Aşırı yatırım yapılmayacak alanlar","","","medium","","",""
"buildAnalysis.intentReflectionFieldIntentionallyIgnoredGroups","buildAnalysis","ui","Excluded From This Evaluation","Bu değerlendirmeden hariç","","","medium","","",""
"buildAnalysis.intentReflectionFieldComparisonTarget","buildAnalysis","ui","Comparison Intent","Karşılaştırma amacı","","23","medium","","",""
"buildAnalysis.intentReflectionFieldFreeText","buildAnalysis","ui","Build Intent","Build amacı","","16","medium","","",""
"buildAnalysis.intentReflectionFieldStrengthsToPreserve","buildAnalysis","ui","Strengths to preserve","Korunacak güçlü yönler","","28","medium","","",""
"buildAnalysis.intentReflectionStatusUsed","buildAnalysis","ui","Used in Analysis","Analizde kullanıldı","","21","medium","","",""
"buildAnalysis.intentReflectionStatusReferenceOnly","buildAnalysis","ui","Reference Only","Yalnızca referans","","19","medium","","",""
"buildAnalysis.intentReflectionStatusDisplayOnly","buildAnalysis","ui","Displayed Only, Not Analyzed","Yalnızca gösterilir, analiz edilmez","","","medium","","",""
"buildAnalysis.intentReflectionStatusNotSpecified","buildAnalysis","ui","Not Specified","Belirtilmedi","","17","medium","","",""
"buildAnalysis.intentReflectionStatusLimitedByData","buildAnalysis","ui","Limited by Missing Data","Eksik veri nedeniyle sınırlı","","30","medium","","",""
"buildAnalysis.intentAlignmentLabel","buildAnalysis","ui","Intent Alignment","Amaca uygunluk","","21","medium","","",""
"buildAnalysis.intentAlignmentHigh","buildAnalysis","ui","High","Yüksek","","12","medium","","",""
"buildAnalysis.intentAlignmentMostlyAligned","buildAnalysis","ui","Mostly Aligned","Büyük ölçüde uyumlu","","19","medium","","",""
"buildAnalysis.intentAlignmentPartiallyAligned","buildAnalysis","ui","Partially Aligned","Kısmen uyumlu","","23","medium","","",""
"buildAnalysis.intentAlignmentPoorlyAligned","buildAnalysis","ui","Poorly Aligned","Zayıf uyum","","19","medium","","",""
"buildAnalysis.intentAlignmentInsufficientInformation","buildAnalysis","ui","Insufficient Information","Yetersiz bilgi","","32","medium","","",""
"buildAnalysis.generalEvaluationHeading","buildAnalysis","ui","General Build Evaluation","Genel build değerlendirmesi","","32","medium","","",""
"buildAnalysis.intentEvaluationHeading","buildAnalysis","ui","Evaluation Against Your Intent","Amacınıza göre değerlendirme","","39","medium","","",""
"buildAnalysis.intentEvaluationEmptyGuidance","buildAnalysis","ui","Select a primary goal or priority areas to evaluate how well this build matches your intent.","Bu buildin amacınıza ne kadar uyduğunu değerlendirmek için bir ana hedef veya öncelikli alanlar seçin.","","","medium","","",""
"buildAnalysis.intentConclusionHeading","buildAnalysis","ui","Conclusion","Sonuç","","13","medium","","",""
"buildAnalysis.intentAlignedHeading","buildAnalysis","ui","Achievements Aligned with Your Intent","Amacınızla uyumlu kazanımlar","","49","medium","","",""
"buildAnalysis.intentMisalignmentHeading","buildAnalysis","ui","Clear Mismatches With Your Intent","Amacınızla belirgin uyumsuzluklar","","43","medium","","",""
"buildAnalysis.intentOverinvestmentHeading","buildAnalysis","ui","Possible Overinvestment for This Intent","Bu amaç için olası aşırı yatırım","","51","medium","","",""
"buildAnalysis.intentAcceptableLowHeading","buildAnalysis","ui","Not a Concern for This Use Case","Bu kullanım için sorun değil","","41","medium","","",""
"buildAnalysis.intentNotAProblemHeading","buildAnalysis","ui","Areas Not Treated as a Problem for This Use Case","Bu kullanım için sorun sayılmayan alanlar","","63","medium","","",""
"buildAnalysis.intentComparisonHeading","buildAnalysis","ui","Fit vs Other Builds for This Card","Bu karttaki diğer buildlere göre uygunluk","","43","medium","","",""
"buildAnalysis.intentImprovementHeading","buildAnalysis","ui","Improvement Priorities for This Intent","Bu amaç için iyileştirme öncelikleri","","50","medium","","",""
"buildAnalysis.intentFinalHeading","buildAnalysis","ui","Final Verdict","Son değerlendirme","","17","medium","","",""
"buildAnalysis.intentNoneText","buildAnalysis","ui","None","Yok","","12","medium","","",""
"buildAnalysis.buildIntentEvidenceHeading","buildAnalysis","ui","Text That Supports This Reading","Bu yorumu destekleyen metin","","41","medium","","",""
"buildAnalysis.intentContextTemplate","buildAnalysis","ui","a build aimed at {goal}","{goal} hedefli bir build","","30","medium","","",""
"buildAnalysis.intentContextWithPositionTemplate","buildAnalysis","ui","a build aimed at {goal} as {position}","{position} mevkiinde {goal} hedefli bir build","","","medium","","",""
"buildAnalysis.intentConclusionWithIssueTemplate","buildAnalysis","ui","Conclusion: This is {context}, but {issue}","Sonuç: Bu, {context}; ancak {issue}","","","medium","","",""
"buildAnalysis.intentConclusionNoIssueTemplate","buildAnalysis","ui","Conclusion: This is {context}, and allocation to your priority areas is broadly aligned with your intent.","Sonuç: Bu, {context}; öncelikli alanlarınıza yapılan dağıtım genel olarak amacınızla uyumlu.","","","medium","","",""
"buildAnalysis.intentConclusionIssueNotReflectedTemplate","buildAnalysis","ui","allocation to {category}, which relates to your primary goal, is not reflected yet.","ana hedefinizle ilgili {category} alanına yapılan dağıtım henüz yansıtılmamış.","","","medium","","",""
"buildAnalysis.intentConclusionIssueUnderprioritizedTemplate","buildAnalysis","ui","allocation to {category}, which relates to your primary goal, is weaker than your other priority areas.","ana hedefinizle ilgili {category} alanına yapılan dağıtım, diğer öncelikli alanlarınızdan daha zayıf.","","","medium","","",""
"buildAnalysis.intentConclusionIssueAvoidOverinvestmentTemplate","buildAnalysis","ui","allocation to {category}, which you asked not to overinvest in, has become large.","aşırı yatırım yapılmamasını istediğiniz {category} alanına yapılan dağıtım büyümüş.","","","medium","","",""
"buildAnalysis.intentConclusionIssueOverinvestmentTemplate","buildAnalysis","ui","allocation to {category}, which isn't a priority, has become large.","öncelikli olmayan {category} alanına yapılan dağıtım büyümüş.","","","medium","","",""
"buildAnalysis.intentConclusionAlignmentHigh","buildAnalysis","ui","The allocation priority matches your intent well.","Dağıtım önceliği amacınızla iyi uyuşuyor.","","","medium","","",""
"buildAnalysis.intentConclusionAlignmentMostlyAligned","buildAnalysis","ui","The allocation priority is broadly aligned with your intent.","Dağıtım önceliği genel olarak amacınızla uyumlu.","","","medium","","",""
"buildAnalysis.intentConclusionAlignmentPartiallyAligned","buildAnalysis","ui","The allocation priority isn't fully aligned with your intent.","Dağıtım önceliği amacınızla tam olarak uyumlu değil.","","","medium","","",""
"buildAnalysis.intentConclusionAlignmentPoorlyAligned","buildAnalysis","ui","The allocation priority is significantly off from your intent.","Dağıtım önceliği amacınızdan belirgin şekilde sapıyor.","","","medium","","",""
"buildAnalysis.intentConclusionAlignmentInsufficientInformation","buildAnalysis","ui","With the current data, it isn't possible to fully judge whether the allocation priority matches your intent.","Mevcut verilerle dağıtım önceliğinin amacınıza uyup uymadığı tam olarak değerlendirilemiyor.","","","medium","","",""
"buildAnalysis.intentConclusionAlignmentAndImprovementTemplate","buildAnalysis","ui","{alignment} The top improvement candidate is {category}.","{alignment} En önemli iyileştirme adayı: {category}.","","","medium","","",""
"buildAnalysis.intentAlignedGroupStronglyWithAbilitiesTemplate","buildAnalysis","ui","{categories} were marked as priority areas, and related abilities — including {abilityList} — have actually improved, aligning well with your intent.","{categories} öncelikli alan olarak işaretlendi ve {abilityList} dahil ilgili özellikler gerçekten gelişti; amacınızla iyi uyuşuyor.","","","medium","","",""
"buildAnalysis.intentAlignedGroupStronglyTemplate","buildAnalysis","ui","{categories} were marked as priority areas and are being strengthened as allocated, aligning well with your intent.","{categories} öncelikli alan olarak işaretlendi ve dağıtıldığı gibi güçlendiriliyor; amacınızla iyi uyuşuyor.","","","medium","","",""
"buildAnalysis.intentAlignedGroupMostlyWithAbilitiesTemplate","buildAnalysis","ui","{categories} were marked as priority areas, and related abilities — including {abilityList} — show confirmed improvement, broadly aligning with your intent.","{categories} öncelikli alan olarak işaretlendi ve {abilityList} dahil ilgili özelliklerde gelişme doğrulandı; genel olarak amacınızla uyumlu.","","","medium","","",""
"buildAnalysis.intentAlignedGroupMostlyTemplate","buildAnalysis","ui","{categories} were marked as priority areas and broadly align with your intent.","{categories} öncelikli alan olarak işaretlendi ve genel olarak amacınızla uyumlu.","","","medium","","",""
"buildAnalysis.intentAlignedNoneText","buildAnalysis","ui","No priority area can currently be described as clearly aligned with your intent.","Şu anda amacınızla açıkça uyumlu denebilecek bir öncelikli alan yok.","","","medium","","",""
"buildAnalysis.intentMisalignmentNoneText","buildAnalysis","ui","No allocation currently stands out as significantly off from your intent.","Şu anda amacınızdan belirgin şekilde sapan bir dağıtım göze çarpmıyor.","","","medium","","",""
"buildAnalysis.intentNotAProblemNoneText","buildAnalysis","ui","No areas are marked as lower priority.","Düşük öncelikli olarak işaretlenmiş alan yok.","","","medium","","",""
"buildAnalysis.intentAbilityDeltaItemTemplate","buildAnalysis","ui","{ability}{delta}","{ability}{delta}","","21","medium","","",""
"buildAnalysis.intentAbilityListSeparator","buildAnalysis","ui",", ",", ","","12","medium","","",""
"buildAnalysis.intentFindingPriorityNotReflected","buildAnalysis","ui","You marked {category} as a priority, but there's currently no allocation to it. Check whether the priorities match your intent.","{category} alanını öncelikli olarak işaretlediniz, ancak şu anda bu alana dağıtım yok. Önceliklerin amacınızla uyuşup uyuşmadığını kontrol edin.","","","medium","","",""
"buildAnalysis.intentFindingPriorityUnderprioritized","buildAnalysis","ui","There is allocation to your priority area, {category}, but it's lower than your other priority areas, making it too weak to serve as the main focus for your intent.","Öncelikli alanınız olan {category} alanına dağıtım var, ancak diğer öncelikli alanlarınızdan düşük; bu da amacınız için ana odak olmasına yetmiyor.","","","medium","","",""
"buildAnalysis.intentFindingPriorityInsufficientData","buildAnalysis","ui","Allocation to {category} is present, but ability data is insufficient, so its fit with your intent can't be judged.","{category} alanına dağıtım var, ancak özellik verileri yetersiz olduğundan amacınıza uygunluğu değerlendirilemiyor.","","","medium","","",""
"buildAnalysis.intentFindingPrimaryGoalReflected","buildAnalysis","ui","For a balance-focused intent, the allocation isn't concentrated on a specific area.","Denge odaklı bir amaç için dağıtım belirli bir alanda yoğunlaşmamış.","","","medium","","",""
"buildAnalysis.intentFindingPrimaryGoalMismatch","buildAnalysis","ui","For a balance-focused intent, allocation to {category} stands out disproportionately.","Denge odaklı bir amaç için {category} alanına yapılan dağıtım orantısız şekilde öne çıkıyor.","","","medium","","",""
"buildAnalysis.intentFindingLowerPriorityLowAllocationGood","buildAnalysis","ui","Allocation to {category} is low, but since you marked it as lower priority for this intent, it isn't treated as a major concern.","{category} alanına yapılan dağıtım düşük; ancak bu amaç için düşük öncelikli olarak işaretlediğinizden büyük bir sorun sayılmaz.","","","medium","","",""
"buildAnalysis.intentAcceptableLowOnlyTemplate","buildAnalysis","ui","{categories} are marked as lower priority, so they aren't treated as a major concern for this use case.","{categories} düşük öncelikli olarak işaretlendi; bu nedenle bu kullanım için büyük bir sorun sayılmaz.","","","medium","","",""
"buildAnalysis.intentAcceptableExcludedOnlyTemplate","buildAnalysis","ui","{categories} are marked as excluded from this evaluation, so this low allocation isn't treated as a major concern.","{categories} bu değerlendirmeden hariç tutuldu; bu nedenle düşük dağıtım büyük bir sorun sayılmaz.","","","medium","","",""
"buildAnalysis.intentAcceptableLowAndExcludedTemplate","buildAnalysis","ui","{lowCategories} are marked as lower priority. {excludedCategories} are excluded from this evaluation, so these low allocations aren't treated as a major concern.","{lowCategories} düşük öncelikli olarak işaretlendi. {excludedCategories} bu değerlendirmeden hariç tutuldu; bu nedenle bu düşük dağıtımlar büyük bir sorun sayılmaz.","","","medium","","",""
"buildAnalysis.intentFindingNearComplete","buildAnalysis","ui","The allocation aligned with your intent is nearly complete, with few points remaining.","Amacınızla uyumlu dağıtım neredeyse tamamlandı; az puan kaldı.","","","medium","","",""
"buildAnalysis.intentFindingSpreadNotAProblem","buildAnalysis","ui","Allocation spans {count} areas, but since it is centered on your priority areas, this does not indicate an unclear purpose.","Dağıtım {count} alana yayılıyor; ancak öncelikli alanlarınız merkezde olduğundan bu, amacın belirsiz olduğunu göstermez.","","","medium","","",""
"buildAnalysis.intentFindingOverinvestmentOutsidePriorityNormal","buildAnalysis","ui","Allocation to {category} (notably {ability}), which isn't a priority, has become a large share. Whether this should take precedence over your intent is worth rechecking.","Öncelikli olmayan {category} alanına (özellikle {ability}) yapılan dağıtım büyük bir pay almış. Bunun amacınızın önüne geçip geçmemesi gerektiğini tekrar kontrol etmeye değer.","","","medium","","",""
"buildAnalysis.intentFindingOverinvestmentOutsidePriorityHarsh","buildAnalysis","ui","{category} isn't one of your priority areas, yet related abilities such as {ability} were already high before training (avg. around {baseAverage}) and received heavy additional allocation. Whether this is really necessary for your intent is worth rechecking.","{category} öncelikli alanlarınızdan biri değil; yine de {ability} gibi ilgili özellikler gelişimden önce zaten yüksekti (ort. yaklaşık {baseAverage}) ve yoğun ek dağıtım aldı. Bunun amacınız için gerçekten gerekli olup olmadığını tekrar kontrol etmeye değer.","","","medium","","",""
"buildAnalysis.intentFindingGoalAuxiliaryOnly","buildAnalysis","ui","Press and counter-attack have limited evaluable scope from a single saved build's ability values alone. Treat this analysis as supplementary reference only.","Pres ve kontra atak, tek bir kayıtlı buildin özellik değerlerinden yalnızca sınırlı ölçüde değerlendirilebilir. Bu analizi yalnızca yardımcı referans olarak kullanın.","","","medium","","",""
"buildAnalysis.intentFindingInsufficientAbilityData","buildAnalysis","ui","Ability data is insufficient, so this intent-fit assessment is limited.","Özellik verileri yetersiz olduğundan bu amaca uygunluk değerlendirmesi sınırlıdır.","","","medium","","",""
"buildAnalysis.intentFindingPriorityCountMany","buildAnalysis","ui","With {count} priority areas selected, a focused, intent-specific evaluation becomes limited.","Seçilen öncelikli alan sayısı {count} olduğundan, amaca özel odaklı bir değerlendirme sınırlı kalıyor.","","","medium","","",""
"buildAnalysis.intentFindingPriorityCountAll","buildAnalysis","ui","Every ability area is marked as a priority, so a per-intent priority ranking can't be determined.","Tüm özellik alanları öncelikli olarak işaretlendiğinden, amaca göre bir öncelik sıralaması belirlenemiyor.","","","medium","","",""
"buildAnalysis.intentFindingLowerPriorityCountMost","buildAnalysis","ui","With {count} areas marked as lower priority, there isn't enough remaining basis to judge what should be prioritized.","Düşük öncelikli olarak işaretlenen alan sayısı {count} olduğundan, neyin öncelikli olması gerektiğini değerlendirmek için yeterli dayanak kalmıyor.","","","medium","","",""
"buildAnalysis.intentComparisonCurrentCloserTemplate","buildAnalysis","ui","The current build may be closer to this intent than ""{siblingName}"".","Mevcut build bu amaca ""{siblingName}"" adlı builden daha yakın olabilir.","","","medium","","",""
"buildAnalysis.intentComparisonCurrentCloserDetailedTemplate","buildAnalysis","ui","The current build may be closer to this intent than ""{siblingName}"", with higher ability in priority areas including {abilityList}.","Mevcut build bu amaca ""{siblingName}"" adlı builden daha yakın olabilir; {abilityList} dahil öncelikli alanlardaki özellikleri daha yüksek.","","","medium","","",""
"buildAnalysis.intentComparisonOtherCloserTemplate","buildAnalysis","ui","""{siblingName}"" may be closer to this intent.","""{siblingName}"" bu amaca daha yakın olabilir.","","","medium","","",""
"buildAnalysis.intentComparisonOtherCloserDetailedTemplate","buildAnalysis","ui","""{siblingName}"" may be closer to this intent, with higher ability in priority areas including {abilityList}.","""{siblingName}"" bu amaca daha yakın olabilir; {abilityList} dahil öncelikli alanlardaki özellikleri daha yüksek.","","","medium","","",""
"buildAnalysis.intentComparisonSimilarTemplate","buildAnalysis","ui","The difference from ""{siblingName}"" is small, so it isn't clear which is closer to this intent.","""{siblingName}"" ile fark küçük; hangisinin bu amaca daha yakın olduğu net değil.","","","medium","","",""
"buildAnalysis.intentComparisonSimilarWithGroupsTemplate","buildAnalysis","ui","The final ability difference from ""{siblingName}"" in {categories} is small, so differentiation as a {goal} build is still insufficient. You'll need to decide where in your priority areas to create a clear difference.","{categories} alanlarında ""{siblingName}"" ile son özellik farkı küçük; bu nedenle {goal} buildi olarak farklılaşma hâlâ yetersiz. Öncelikli alanlarınızın hangisinde net bir fark yaratacağınıza karar vermeniz gerekecek.","","","medium","","",""
"buildAnalysis.intentComparisonConditionDiffersTemplate","buildAnalysis","ui","Comparison conditions differ from ""{siblingName}"", so a simple intent-fit comparison isn't possible.","Karşılaştırma koşulları ""{siblingName}"" ile farklı; bu nedenle basit bir amaca uygunluk karşılaştırması yapılamıyor.","","","medium","","",""
"buildAnalysis.intentComparisonInsufficientDataTemplate","buildAnalysis","ui","Ability data for ""{siblingName}"" is insufficient, so an intent-fit comparison isn't possible.","""{siblingName}"" için özellik verileri yetersiz; bu nedenle amaca uygunluk karşılaştırması yapılamıyor.","","","medium","","",""
"buildAnalysis.intentTopIssueNotReflectedTemplate","buildAnalysis","ui","The top priority is to actually allocate to {category}, which you marked as a priority.","En önemli öncelik, öncelikli olarak işaretlediğiniz {category} alanına gerçekten dağıtım yapmak.","","","medium","","",""
"buildAnalysis.intentTopIssueUnderprioritizedTemplate","buildAnalysis","ui","The top priority is to recheck allocation to {category} so it can serve as a main focus on par with your other priority areas.","En önemli öncelik, {category} alanına yapılan dağıtımı diğer öncelikli alanlarınızla eşit bir ana odak olacak şekilde tekrar kontrol etmek.","","","medium","","",""
"buildAnalysis.intentTopIssueAvoidOverinvestmentTemplate","buildAnalysis","ui","The top priority is to hold back allocation to {category}, which you asked not to overinvest in.","En önemli öncelik, aşırı yatırım yapılmamasını istediğiniz {category} alanına yapılan dağıtımı sınırlamak.","","","medium","","",""
"buildAnalysis.intentTopIssueOverinvestmentTemplate","buildAnalysis","ui","The top priority is to recheck allocation to {category}.","En önemli öncelik, {category} alanına yapılan dağıtımı tekrar kontrol etmek.","","","medium","","",""
"buildAnalysis.intentTopIssueNoneTemplate","buildAnalysis","ui","No major changes are needed for the current allocation.","Mevcut dağıtımda büyük bir değişiklik gerekmiyor.","","","medium","","",""
"buildAnalysis.intentPreserveTemplate","buildAnalysis","ui","The ability gains achieved in {category} are a strength of this build — keep them.","{category} alanında elde edilen özellik artışları bu buildin güçlü yönüdür; bunları koruyun.","","","medium","","",""
"buildAnalysis.intentPreserveNoneTemplate","buildAnalysis","ui","No standout strength to preserve is clear at this time.","Şu anda korunması gereken belirgin bir güçlü yön yok.","","","medium","","",""
"buildAnalysis.intentStateSecondary","buildAnalysis","ui","Secondary Priority","İkincil öncelik","","24","medium","","",""
"buildAnalysis.buildIntentStatusConfirmedModifiedText","buildAnalysis","ui","Using your edited version of the reading","Okunanın düzenlenmiş hali kullanılıyor","","","high","","",""
"buildAnalysis.intentReflectionFieldSecondaryPriorityGroups","buildAnalysis","ui","Secondary priority areas","İkincil öncelikli alanlar","","32","medium","","",""
"buildAnalysis.intentConclusionIssueSecondaryNotReflectedTemplate","buildAnalysis","ui","Allocation to {category}, which you marked as a secondary priority, is not reflected yet.","İkincil öncelik olarak işaretlediğiniz {category} alanına yapılan dağıtım henüz yansıtılmamış.","","","medium","","",""
"buildAnalysis.intentConclusionIssuePriorityInversionTemplate","buildAnalysis","ui","Allocation to {category}, a secondary priority, has exceeded your top priority areas.","İkincil öncelik olan {category} alanına yapılan dağıtım, en yüksek öncelikli alanlarınızı aşmış.","","","medium","","",""
"buildAnalysis.intentTopIssueSecondaryNotReflectedTemplate","buildAnalysis","ui","The next thing to consider is allocating to {category}, your secondary priority.","Sıradaki adım, ikincil önceliğiniz olan {category} alanına dağıtım yapmayı değerlendirmek.","","","medium","","",""
"buildAnalysis.intentTopIssuePriorityInversionTemplate","buildAnalysis","ui","The top priority is to recheck the balance between {category} (a secondary priority) and your top priority areas.","En önemli öncelik, {category} (ikincil öncelik) ile en yüksek öncelikli alanlarınız arasındaki dengeyi tekrar kontrol etmek.","","","medium","","",""
"buildAnalysis.intentFindingSecondaryNotReflected","buildAnalysis","ui","You marked {category} as a secondary priority, but the current allocation does not reflect it yet.","{category} alanını ikincil öncelik olarak işaretlediniz, ancak mevcut dağıtım bunu henüz yansıtmıyor.","","","medium","","",""
"buildAnalysis.intentFindingSecondaryPriorityInversion","buildAnalysis","ui","Allocation to {category} (secondary priority, {level}) exceeds your top priority allocation ({maxLevel}). Consider rechecking the priority order.","{category} alanına yapılan dağıtım (ikincil öncelik, {level}), en yüksek öncelikli dağıtımınızı ({maxLevel}) aşıyor. Öncelik sırasını tekrar kontrol etmeyi düşünün.","","","medium","","",""
"buildAnalysis.intentFindingSecondaryPriorityInversionReview","buildAnalysis","ui","Allocation to {category} (secondary priority, {level}) is slightly above your top priority allocation ({maxLevel}). Since your top priority areas still show ability gains, this isn't treated as a clear mismatch — just check whether the allocation matches your intent.","{category} alanına yapılan dağıtım (ikincil öncelik, {level}), en yüksek öncelikli dağıtımınızın ({maxLevel}) biraz üzerinde. En yüksek öncelikli alanlarınızda hâlâ özellik artışı görüldüğü için bu açık bir uyumsuzluk sayılmaz; yalnızca dağıtımın amacınıza uyup uymadığını kontrol edin.","","","medium","","",""
"buildAnalysis.intentConfirmationHeading","buildAnalysis","ui","Priority Order to Confirm","Onaylanacak öncelik sırası","","33","high","","",""
"buildAnalysis.intentSecondaryHeading","buildAnalysis","ui","Secondary priority achievements","İkincil öncelik kazanımları","","41","medium","","",""
"buildAnalysis.intentSecondaryAlignedWithAbilitiesTemplate","buildAnalysis","ui","{categories} were marked as a secondary priority, and gains in {abilityList} are confirmed. This isn't the primary goal, but it's a supporting result that matches your intent.","{categories} ikincil öncelik olarak işaretlendi ve {abilityList} gelişimi doğrulandı. Bu ana hedef değil, ancak amacınıza uyan destekleyici bir sonuç.","","","medium","","",""
"buildAnalysis.intentSecondaryAlignedTemplate","buildAnalysis","ui","{categories} are allocated as a secondary priority.","{categories} ikincil öncelik olarak dağıtıldı.","","","medium","","",""
"buildAnalysis.intentSecondaryInsufficientDataTemplate","buildAnalysis","ui","You marked {categories} as a secondary priority, but current ability data isn't enough to confirm the result.","{categories} alanlarını ikincil öncelik olarak işaretlediniz, ancak mevcut özellik verileri sonucu doğrulamak için yeterli değil.","","","medium","","",""
"buildAnalysis.intentPreserveSecondaryTemplate","buildAnalysis","ui","{category} shows a confirmed secondary strength that matches your intent.","{category} alanında amacınıza uyan, doğrulanmış ikincil bir güçlü yön var.","","","medium","","",""
"buildAnalysis.intentPreserveUnconfirmedTemplate","buildAnalysis","ui","You asked to preserve {category}, but current ability data alone isn't enough to confirm it as a clear strength.","{category} alanının korunmasını istediniz, ancak yalnızca mevcut özellik verileriyle bunu net bir güçlü yön olarak doğrulamak mümkün değil.","","","high","","",""
"buildAnalysis.buildIntentManualNotice","buildAnalysis","ui","This analysis uses the intent settings you entered manually.","Bu analiz, elle girdiğiniz amaç ayarlarını kullanıyor.","","","medium","","",""
"buildAnalysis.buildIntentConfirmedModifiedNotice","buildAnalysis","ui","This evaluation uses your edited version of the reading.","Bu değerlendirme, okunanın sizin düzenlediğiniz halini kullanıyor.","","","high","","",""
"buildAnalysis.buildIntentStaleUsingPreviousNotice","buildAnalysis","ui","This evaluation is based on the previously confirmed build intent. Your latest free text hasn't been re-analyzed yet.","Bu değerlendirme, daha önce onaylanan build amacına dayanıyor. Son serbest metniniz henüz yeniden analiz edilmedi.","","","medium","","",""
"buildAnalysis.intentReflectionSourceLabel","buildAnalysis","ui","Source used for this analysis","Bu analizde kullanılan kaynak","","38","medium","","",""
"buildAnalysis.buildIntentSourceAiConfirmedLabel","buildAnalysis","ui","Confirmed reading","Onaylanan yorum","","23","high","","",""
"buildAnalysis.buildIntentSourceAiModifiedLabel","buildAnalysis","ui","Reading, edited by you","Sizin düzenlediğiniz yorum","","29","medium","","",""
"buildAnalysis.buildIntentSourceManualLabel","buildAnalysis","ui","Fully manual settings","Tamamen elle ayarlar","","28","medium","","",""
"buildAnalysis.buildIntentSourceStaleLabel","buildAnalysis","ui","Outdated reading","Güncel olmayan yorum","","21","medium","","",""
"buildAnalysis.buildIntentSourceNotConfiguredLabel","buildAnalysis","ui","Analysis not configured","Analiz yapılandırılmadı","","30","medium","","",""
"buildAnalysis.buildIntentSourceGeneralOnlyLabel","buildAnalysis","ui","General analysis only","Yalnızca genel analiz","","28","medium","","",""
"buildAnalysis.buildIntentMethodNotice","buildAnalysis","ui","Standard Analysis (Rule-Based) — not sent to an external AI service, no additional AI fees apply.","Standart analiz (kural tabanlı): harici bir yapay zekâ hizmetine gönderilmez, ek yapay zekâ ücreti alınmaz.","","","medium","","",""
"buildAnalysis.comparisonSummaryHeading","buildAnalysis","ui","Comparison summary","Karşılaştırma özeti","","24","medium","","",""
"buildAnalysis.comparisonTargetBadgeLabel","buildAnalysis","ui","Selected comparison target","Seçilen karşılaştırma hedefi","","34","medium","","",""
"buildAnalysis.comparisonTargetNotFoundText","buildAnalysis","ui","The build you selected as a comparison target can't be found. It may have been deleted, or it may belong to a different card.","Karşılaştırma hedefi olarak seçtiğiniz build bulunamıyor. Silinmiş veya farklı bir karta ait olabilir.","","","medium","","",""
"buildAnalysis.comparisonDetailsToggleLabel","buildAnalysis","ui","View comparison details","Karşılaştırma ayrıntılarını gör","","30","medium","","",""
"buildAnalysis.comparisonPurposeClosenessLabel","buildAnalysis","ui","Purpose closeness","Amaç yakınlığı","","23","medium","","",""
"buildAnalysis.comparisonPurposeDiffLabel","buildAnalysis","ui","Purpose-area difference","Amaç alanındaki fark","","30","medium","","",""
"buildAnalysis.comparisonMajorDiffLabel","buildAnalysis","ui","Main differences","Ana farklar","","21","medium","","",""
"buildAnalysis.comparisonDifferentiationLabel","buildAnalysis","ui","Differentiation","Farklılaşma","","20","medium","","",""
"buildAnalysis.comparisonRecommendationLabel","buildAnalysis","ui","Recommendation","Öneri","","19","medium","","",""
"buildAnalysis.comparisonOverallSimilarityLabel","buildAnalysis","ui","Overall similarity","Genel benzerlik","","24","medium","","",""
"buildAnalysis.comparisonPurposeSimilaritySamePurposeText","buildAnalysis","ui","Very close","Çok yakın","","13","medium","","",""
"buildAnalysis.comparisonPurposeSimilarityClosePurposeText","buildAnalysis","ui","Mostly close","Büyük ölçüde yakın","","16","medium","","",""
"buildAnalysis.comparisonPurposeSimilarityDifferentPurposeText","buildAnalysis","ui","Clearly different","Açıkça farklı","","23","medium","","",""
"buildAnalysis.comparisonPurposeSimilarityNotSetText","buildAnalysis","ui","Not determinable (no goal set)","Belirlenemez (hedef ayarlanmadı)","","","medium","","",""
"buildAnalysis.comparisonPurposeSimilarityUnknownText","buildAnalysis","ui","Can't be determined","Belirlenemiyor","","25","medium","","",""
"buildAnalysis.comparisonPurposeDiffVerySmallText","buildAnalysis","ui","Very small","Çok küçük","","13","medium","","",""
"buildAnalysis.comparisonPurposeDiffSmallText","buildAnalysis","ui","Small","Küçük","","12","medium","","",""
"buildAnalysis.comparisonPurposeDiffSomeText","buildAnalysis","ui","Some difference","Biraz fark var","","20","medium","","",""
"buildAnalysis.comparisonPurposeDiffClearText","buildAnalysis","ui","Clear difference","Belirgin fark","","21","medium","","",""
"buildAnalysis.comparisonPurposeDiffInsufficientDataText","buildAnalysis","ui","Insufficient data","Yetersiz veri","","23","medium","","",""
"buildAnalysis.comparisonDifferentiationWellText","buildAnalysis","ui","Clearly differentiated for the goal","Hedef için açıkça farklılaşmış","","","medium","","",""
"buildAnalysis.comparisonDifferentiationPartialText","buildAnalysis","ui","Partially differentiated","Kısmen farklılaşmış","","32","medium","","",""
"buildAnalysis.comparisonDifferentiationLimitedText","buildAnalysis","ui","Differentiation is limited","Farklılaşma sınırlı","","","medium","","",""
"buildAnalysis.comparisonDifferentiationNotAssessableText","buildAnalysis","ui","Can't be assessed","Değerlendirilemiyor","","23","medium","","",""
"buildAnalysis.comparisonOverallVerySimilarText","buildAnalysis","ui","Very similar","Çok benzer","","16","medium","","",""
"buildAnalysis.comparisonOverallSimilarText","buildAnalysis","ui","Similar","Benzer","","12","medium","","",""
"buildAnalysis.comparisonOverallPartiallyDifferentText","buildAnalysis","ui","Partially different","Kısmen farklı","","25","medium","","",""
"buildAnalysis.comparisonOverallClearlyDifferentText","buildAnalysis","ui","Clearly different","Açıkça farklı","","23","medium","","",""
"buildAnalysis.comparisonOverallUnknownText","buildAnalysis","ui","Can't be confirmed","Doğrulanamıyor","","24","medium","","",""
"buildAnalysis.comparisonGeneralOnlyNoticeText","buildAnalysis","ui","No training goal is set, so this compares the overall ability composition instead.","Gelişim hedefi ayarlanmadığından bunun yerine genel özellik dağılımı karşılaştırılıyor.","","","medium","","",""
"buildAnalysis.comparisonInsufficientAbilityDataText","buildAnalysis","ui","Required ability data is missing, so this build can't be compared.","Gerekli özellik verileri eksik olduğundan bu build karşılaştırılamıyor.","","","medium","","",""
"buildAnalysis.comparisonPartiallyComparableGeneralOnlyText","buildAnalysis","ui","A detailed purpose-fit comparison isn't available for this pair. Showing a general ability comparison only.","Bu ikili için ayrıntılı amaca uygunluk karşılaştırması yok. Yalnızca genel özellik karşılaştırması gösteriliyor.","","","medium","","",""
"buildAnalysis.comparisonMajorDiffCurrentHigherTemplate","buildAnalysis","ui","{ability}: this build is +{diff} higher","{ability}: bu build +{diff} daha yüksek","","","medium","","",""
"buildAnalysis.comparisonMajorDiffOtherHigherTemplate","buildAnalysis","ui","{ability}: the comparison target is +{diff} higher","{ability}: karşılaştırma hedefi +{diff} daha yüksek","","","medium","","",""
"buildAnalysis.comparisonNoMajorDiffText","buildAnalysis","ui","Purpose-relevant abilities are nearly equal.","Amaçla ilgili özellikler neredeyse eşit.","","","medium","","",""
"buildAnalysis.comparisonRecommendationMaintainText","buildAnalysis","ui","Keeping the current role split is fine.","Mevcut rol ayrımını korumak uygun.","","","medium","","",""
"buildAnalysis.comparisonRecommendationDifferentiateTemplate","buildAnalysis","ui","Consider differentiating in {category}.","Farklılaşma için değerlendirin: {category}.","","","medium","","",""
"buildAnalysis.comparisonRecommendationSetPurposeText","buildAnalysis","ui","Check the comparison target setting to review the purpose-fit comparison for this pair.","Bu ikilinin amaca uygunluk karşılaştırmasını incelemek için karşılaştırma hedefi ayarını kontrol edin.","","","medium","","",""
"buildAnalysis.comparisonRecommendationInsufficientDataText","buildAnalysis","ui","A recommendation isn't available due to insufficient ability data.","Özellik verileri yetersiz olduğundan öneri sunulamıyor.","","","medium","","",""
"buildAnalysis.comparisonRecommendationNotComparableText","buildAnalysis","ui","A recommendation isn't available because this build can't be compared.","Bu build karşılaştırılamadığından öneri sunulamıyor.","","","medium","","",""
"buildAnalysis.comparisonRecommendationGeneralOnlyText","buildAnalysis","ui","Set a training goal to see a purpose-based comparison and recommendation.","Amaca dayalı karşılaştırma ve öneri görmek için bir gelişim hedefi ayarlayın.","","","medium","","",""
"buildAnalysis.comparisonDetailUsedPointsLabel","buildAnalysis","ui","Used points","Kullanılan puan","","15","medium","","",""
"buildAnalysis.comparisonDetailRemainingPointsLabel","buildAnalysis","ui","Remaining points","Kalan puan","","21","medium","","",""
"buildAnalysis.comparisonDetailOvrLabel","buildAnalysis","ui","Saved-time estimated OVR","Kayıt anındaki tahmini OVR","","32","medium","","",""
"buildAnalysis.comparisonDetailAllocationDiffLabel","buildAnalysis","ui","Training allocation difference","Gelişim dağıtımı farkı","","39","medium","","",""
"buildAnalysis.comparisonDetailAbilityDiffLabel","buildAnalysis","ui","Final ability difference","Son özellik farkı","","32","medium","","",""
"buildAnalysis.comparisonDetailCurrentHigherLabel","buildAnalysis","ui","Abilities higher on this build","Bu buildde daha yüksek özellikler","","39","medium","","",""
"buildAnalysis.comparisonDetailOtherHigherLabel","buildAnalysis","ui","Abilities higher on the comparison target","Karşılaştırma hedefinde daha yüksek özellikler","","54","medium","","",""
"buildAnalysis.comparisonDetailNoDiffText","buildAnalysis","ui","No differences","Fark yok","","19","medium","","",""
"buildAnalysis.comparisonDetailLimitationsLabel","buildAnalysis","ui","Comparison limitations","Karşılaştırmanın sınırları","","29","medium","","",""
"buildAnalysis.diagnosisCardHeading","buildAnalysis","ui","Diagnosis card","Analiz kartı","","19","medium","","",""
"buildAnalysis.diagnosisCardShowLabel","buildAnalysis","ui","Show card","Kartı göster","","12","medium","","",""
"buildAnalysis.diagnosisCardHideLabel","buildAnalysis","ui","Hide card","Kartı gizle","","12","medium","","",""
"buildAnalysis.diagnosisCardGuidanceNoIntentText","buildAnalysis","ui","Confirm a training goal to see the goal-based diagnosis card.","Hedefe dayalı analiz kartını görmek için bir gelişim hedefini onaylayın.","","","medium","","",""
"buildAnalysis.diagnosisCardPendingChangesNotice","buildAnalysis","ui","There are unconfirmed changes. This card reflects the last confirmed settings.","Onaylanmamış değişiklikler var. Bu kart son onaylanan ayarları yansıtıyor.","","","medium","","",""
"buildAnalysis.diagnosisCardAlignmentLabel","buildAnalysis","ui","Purpose fit","Amaca uygunluk","","15","medium","","",""
"buildAnalysis.diagnosisCardAlignmentHighText","buildAnalysis","ui","Well aligned","İyi uyumlu","","16","medium","","",""
"buildAnalysis.diagnosisCardAlignmentMostlyText","buildAnalysis","ui","Mostly aligned","Büyük ölçüde uyumlu","","19","medium","","",""
"buildAnalysis.diagnosisCardAlignmentPartiallyText","buildAnalysis","ui","Partially misaligned","Kısmen uyumsuz","","26","medium","","",""
"buildAnalysis.diagnosisCardAlignmentPoorlyText","buildAnalysis","ui","Clearly misaligned","Açıkça uyumsuz","","24","medium","","",""
"buildAnalysis.diagnosisCardAlignmentAbilityDataText","buildAnalysis","ui","Ability data insufficient","Özellik verisi yetersiz","","","medium","","",""
"buildAnalysis.diagnosisCardAlignmentNeedsConfirmationText","buildAnalysis","ui","Needs confirmation","Onay gerekiyor","","24","high","","",""
"buildAnalysis.diagnosisCardHeadlineInsufficientAbilityDataTemplate","buildAnalysis","ui","Purpose fit for the {goal} build can't be confirmed because ability data is insufficient.","Özellik verileri yetersiz olduğundan {goal} hedefli buildin amaca uygunluğu doğrulanamıyor.","","","medium","","",""
"buildAnalysis.diagnosisCardHeadlineWellAlignedNormalTemplate","buildAnalysis","ui","Your {goal} goal is reflected in the ability composition.","{goal} hedefiniz özellik dağılımına yansımış.","","","medium","","",""
"buildAnalysis.diagnosisCardHeadlineWellAlignedHarshTemplate","buildAnalysis","ui","This build's allocation matches its {goal} goal well.","Bu buildin dağıtımı {goal} hedefiyle iyi uyuşuyor.","","","medium","","",""
"buildAnalysis.diagnosisCardHeadlineWellAlignedImprovementNormalTemplate","buildAnalysis","ui","Your {goal} goal is mostly reflected, though {category} is worth a look.","{goal} hedefiniz büyük ölçüde yansımış; yine de {category} alanına bakmaya değer.","","","medium","","",""
"buildAnalysis.diagnosisCardHeadlineWellAlignedImprovementHarshTemplate","buildAnalysis","ui","This build is mostly aligned with its {goal} goal, but the {category} allocation is worth reconsidering.","Bu build {goal} hedefiyle büyük ölçüde uyumlu; ancak {category} dağıtımı yeniden düşünülmeye değer.","","","medium","","",""
"buildAnalysis.diagnosisCardHeadlineClearIssueNormalTemplate","buildAnalysis","ui","For your {goal} goal, the {category} allocation may be worth reconsidering.","{goal} hedefiniz için {category} dağıtımını yeniden düşünmek faydalı olabilir.","","","medium","","",""
"buildAnalysis.diagnosisCardHeadlineClearIssueHarshTemplate","buildAnalysis","ui","As a {goal} build, the {category} allocation should be reconsidered.","{goal} hedefli bir build olarak {category} dağıtımı yeniden düşünülmeli.","","","medium","","",""
"buildAnalysis.diagnosisCardHeadlineConfirmationNormalTemplate","buildAnalysis","ui","For your {goal} goal, please check whether the {category} allocation is intentional.","{goal} hedefiniz için {category} dağıtımının bilinçli olup olmadığını kontrol edin.","","","high","","",""
"buildAnalysis.diagnosisCardHeadlineConfirmationHarshTemplate","buildAnalysis","ui","As a {goal} build, whether the {category} allocation is intentional needs to be confirmed.","{goal} hedefli bir build olarak {category} dağıtımının bilinçli olup olmadığı doğrulanmalı.","","","high","","",""
"buildAnalysis.diagnosisCardHeadlineNeedsReviewNormalTemplate","buildAnalysis","ui","The allocation for your {goal} goal may be worth reviewing again.","{goal} hedefiniz için dağıtımı yeniden gözden geçirmek faydalı olabilir.","","","medium","","",""
"buildAnalysis.diagnosisCardHeadlineNeedsReviewHarshTemplate","buildAnalysis","ui","As a {goal} build, the overall allocation is worth reconsidering.","{goal} hedefli bir build olarak genel dağıtım yeniden düşünülmeye değer.","","","medium","","",""
"buildAnalysis.achievementsHeading","buildAnalysis","ui","Key results","Ana sonuçlar","","15","medium","","",""
"buildAnalysis.diagnosisCardNoAchievementsText","buildAnalysis","ui","No clear results matching the goal have been confirmed yet.","Hedefle uyuşan net bir sonuç henüz doğrulanmadı.","","","medium","","",""
"buildAnalysis.concernHeading","buildAnalysis","ui","Biggest concern","En büyük sorun","","20","medium","","",""
"buildAnalysis.diagnosisCardConcernInsufficientDataText","buildAnalysis","ui","Some purpose-fit checks can't be confirmed because ability data is insufficient.","Özellik verileri yetersiz olduğundan bazı amaca uygunluk kontrolleri doğrulanamıyor.","","","medium","","",""
"buildAnalysis.diagnosisCardConcernNoneText","buildAnalysis","ui","No major issues have been found for this goal.","Bu hedef için büyük bir sorun bulunmadı.","","","medium","","",""
"buildAnalysis.preserveHighlightHeading","buildAnalysis","ui","Strength to keep","Korunacak güçlü yön","","21","medium","","",""
"buildAnalysis.diagnosisCardPreserveUnconfirmedText","buildAnalysis","ui","You intended to keep this strength, but it can't yet be confirmed from the current ability values alone.","Bu güçlü yönü korumak istediniz, ancak yalnızca mevcut özellik değerleriyle henüz doğrulanamıyor.","","","high","","",""
"buildAnalysis.imageSaveButtonLabel","buildAnalysis","ui","Save as image","Görsel olarak kaydet","","17","medium","","",""
"buildAnalysis.imageSaveButtonAriaLabel","buildAnalysis","accessibility","Save the diagnosis as an image","Analizi görsel olarak kaydet","","39","high","","",""
"buildAnalysis.imagePreviewHeading","buildAnalysis","ui","Image preview","Görsel önizlemesi","","17","medium","","",""
"buildAnalysis.imageOrientationLabel","buildAnalysis","ui","Image orientation","Görsel yönü","","23","medium","","",""
"buildAnalysis.imageOrientationPortraitLabel","buildAnalysis","ui","Portrait","Dikey","","12","medium","","",""
"buildAnalysis.imageOrientationLandscapeLabel","buildAnalysis","ui","Landscape","Yatay","","12","medium","","",""
"buildAnalysis.imageModeGroupAriaLabel","buildAnalysis","accessibility","Image normal/harsh switch","Görsel için normal/açık sözlü geçişi","","33","high","","",""
"buildAnalysis.imageSaveConfirmLabel","buildAnalysis","ui","Save PNG","PNG kaydet","","12","high","","",""
"buildAnalysis.imageGeneratingText","buildAnalysis","ui","Generating image…","Görsel oluşturuluyor…","","23","medium","","",""
"buildAnalysis.imageSuccessText","buildAnalysis","ui","PNG image saved","PNG görsel kaydedildi","","20","medium","","",""
"buildAnalysis.imageFailedText","buildAnalysis","ui","Couldn't generate the image. Please try again.","Görsel oluşturulamadı. Lütfen tekrar deneyin.","","","high","","",""
"buildAnalysis.imagePendingChangesBlockedText","buildAnalysis","ui","Analyze with the updated settings before saving the image.","Görseli kaydetmeden önce güncellenen ayarlarla analiz edin.","","","medium","","",""
"buildAnalysis.imageNormalDiagnosisLabel","buildAnalysis","ui","Normal diagnosis","Normal analiz","","21","medium","","",""
"buildAnalysis.imageHarshDiagnosisLabel","buildAnalysis","ui","Harsh diagnosis","Açık sözlü analiz","","20","medium","","",""
"buildAnalysis.imageFooterText","buildAnalysis","ui","Based on confirmed analysis settings.","Onaylanan analiz ayarlarına dayanır.","","","medium","","",""
"buildAnalysis.savedIntentHeading","buildAnalysis","ui","Save status","Kayıt durumu","","15","medium","","",""
"buildAnalysis.savedIntentStatusSaved","buildAnalysis","ui","Saved","Kaydedildi","","12","medium","","",""
"buildAnalysis.savedIntentStatusUnsaved","buildAnalysis","ui","Not saved","Kaydedilmedi","","12","medium","","",""
"buildAnalysis.savedIntentSaveGroupAriaLabel","buildAnalysis","accessibility","Training intent save actions","Gelişim amacı kayıt işlemleri","","37","high","","",""
"buildAnalysis.savedIntentSavingText","buildAnalysis","ui","Saving…","Kaydediliyor…","","12","medium","","",""
"buildAnalysis.savedIntentSaveButtonLabel","buildAnalysis","ui","Save training intent","Gelişim amacını kaydet","","26","medium","","",""
"buildAnalysis.savedIntentUpdateButtonLabel","buildAnalysis","ui","Update saved intent","Kayıtlı amacı güncelle","","25","medium","","",""
"buildAnalysis.savedIntentRevertToSavedLabel","buildAnalysis","ui","Revert to saved settings","Kayıtlı ayarlara dön","","32","medium","","",""
"buildAnalysis.savedIntentDeleteConfirmText","buildAnalysis","ui","This removes the training intent saved to this build. The training allocation and the saved build itself are not deleted.","Bu işlem, bu builde kaydedilen gelişim amacını kaldırır. Gelişim dağıtımı ve kayıtlı buildin kendisi silinmez.","","","high","","",""
"buildAnalysis.savedIntentDeleteOnlyLabel","buildAnalysis","ui","Delete intent only","Yalnızca amacı sil","","24","high","","",""
"buildAnalysis.savedIntentDeleteCancelLabel","buildAnalysis","ui","Cancel","İptal","","12","high","","",""
"buildAnalysis.savedIntentDeletingText","buildAnalysis","ui","Deleting…","Siliniyor…","","12","medium","","",""
"buildAnalysis.savedIntentDeleteButtonLabel","buildAnalysis","ui","Delete saved intent","Kayıtlı amacı sil","","25","high","","",""
"buildAnalysis.savedIntentUnsavedNoticeText","buildAnalysis","ui","This training intent hasn't been saved yet.","Bu gelişim amacı henüz kaydedilmedi.","","","medium","","",""
"buildAnalysis.savedIntentNoConfirmedIntentText","buildAnalysis","ui","Confirm a training goal to be able to save it.","Kaydedebilmek için bir gelişim hedefini onaylayın.","","","high","","",""
"buildAnalysis.savedIntentUpToDateText","buildAnalysis","ui","Using the saved training intent.","Kayıtlı gelişim amacı kullanılıyor.","","","medium","","",""
"buildAnalysis.savedIntentDivergedText","buildAnalysis","ui","The current analysis settings differ from the saved training intent.","Mevcut analiz ayarları kayıtlı gelişim amacından farklı.","","","medium","","",""
"buildAnalysis.savedIntentPendingChangesText","buildAnalysis","ui","There are unconfirmed changes. Press ""Analyze with this goal"" before saving.","Onaylanmamış değişiklikler var. Kaydetmeden önce ""Bu amaçla analiz et"" düğmesine basın.","","","medium","","",""
"buildAnalysis.savedIntentSaveSuccessText","buildAnalysis","ui","Training intent saved.","Gelişim amacı kaydedildi.","","29","medium","","",""
"buildAnalysis.savedIntentSaveFailedText","buildAnalysis","ui","Couldn't save the training intent. Please try again.","Gelişim amacı kaydedilemedi. Lütfen tekrar deneyin.","","","high","","",""
"buildAnalysis.savedIntentDeleteFailedText","buildAnalysis","ui","Couldn't delete the training intent. Please try again.","Gelişim amacı silinemedi. Lütfen tekrar deneyin.","","","high","","",""
"buildAnalysis.savedIntentPresetUnresolvedText","buildAnalysis","ui","The previously saved training goal preset can't be found. Only the saved detailed settings were restored.","Daha önce kaydedilen gelişim hedefi hazır ayarı bulunamıyor. Yalnızca kayıtlı ayrıntılı ayarlar geri yüklendi.","","","medium","","",""
"buildAnalysis.savedIntentComparisonTargetMissingText","buildAnalysis","ui","The saved comparison target can't be found, so it was restored with no comparison target.","Kayıtlı karşılaştırma hedefi bulunamıyor; bu nedenle karşılaştırma hedefi olmadan geri yüklendi.","","","medium","","",""
"worldPlayerSearchCard.disabledAriaTemplate","worldPlayerSearchCard","accessibility","{name} ({identity}) {reason}","{name} ({identity}) {reason}","","","high","","",""
"worldPlayerSearchCard.enabledAriaTemplate","worldPlayerSearchCard","accessibility","{action} {name} ({identity})","{action} {name} ({identity})","","","high","","",""
"worldPlayerSearchCard.cannotAddFallback","worldPlayerSearchCard","ui","cannot be added","eklenemez","","20","medium","","",""
"worldPlayerSearchCard.ovrTooltip","worldPlayerSearchCard","ui","The card's overall OVR as saved (not position-specific)","Kartın kayıtlı genel OVR değeri (mevkiye özel değil)","","","medium","","",""
"worldPlayerSearchCard.noEnglishName","worldPlayerSearchCard","ui","(No English name)","(İngilizce ad yok)","","23","medium","","",""
"worldPlayerSearchCard.maxOvrLabel","worldPlayerSearchCard","ui","Max {value}","Maks. {value}","","15","medium","","",""
"worldPlayerSearchCard.levelCapLabel","worldPlayerSearchCard","ui","Lv cap {value}","Seviye sınırı {value}","","19","medium","","",""
"worldPlayerSearchCard.noTeamInfo","worldPlayerSearchCard","ui","No team / nationality info","Takım / uyruk bilgisi yok","","","medium","","",""
"worldPlayerSearchCard.pomTooltip","worldPlayerSearchCard","ui","Power of Many (gold, depends on Game Plan; not automatically applied to standard values in any mode)","Power of Many (altın, oyun planına bağlıdır; hiçbir modda standart değerlere otomatik uygulanmaz)","","","medium","","",""
"worldPlayerSearchCard.fixedProvisionalTooltip","worldPlayerSearchCard","ui","Fixed-type (estimated): the effect content is externally cross-verified. Applied provisionally as fixed-type to standard values since there is no concrete evidence it's Power of Many.","Sabit tip (tahmini): etki içeriği harici kaynaklarla çapraz doğrulandı. Power of Many olduğuna dair somut kanıt bulunmadığından standart değerlere geçici olarak sabit tip şeklinde uygulanır.","","","medium","","",""
"worldPlayerSearchCard.fixedTooltip","worldPlayerSearchCard","ui","Fixed-type (blue, applied to standard values under standard mode)","Sabit tip (mavi, standart modda standart değerlere uygulanır)","","","medium","","",""
"worldPlayerSearchCard.unresolvedTooltip","worldPlayerSearchCard","ui","Attached booster whose activation method and effect could not be confirmed (not added to standard values)","Etkinleşme yöntemi ve etkisi doğrulanamayan ekli güçlendirici (standart değerlere eklenmez)","","","medium","","",""
"worldPlayerSearchCard.pomChipTemplate","worldPlayerSearchCard","ui","Power of Many {nameEn} max +{level}","Power of Many {nameEn} maks. +{level}","","","medium","","",""
"worldPlayerSearchCard.fixedProvisionalChipTemplate","worldPlayerSearchCard","ui","{nameEn} +{level} (fixed-type estimate)","{nameEn} +{level} (sabit tip, tahmini)","","","medium","","",""
"worldPlayerSearchCard.fixedChipTemplate","worldPlayerSearchCard","ui","{nameEn} +{level} (fixed-type)","{nameEn} +{level} (sabit tip)","","","medium","","",""
"worldPlayerSearchCard.unresolvedChip","worldPlayerSearchCard","ui","Unresolved booster","Belirsiz güçlendirici","","24","medium","","",""
"worldPlayerSearchCard.noAttachedBoosters","worldPlayerSearchCard","ui","No attached boosters","Ekli güçlendirici yok","","26","medium","","",""
"worldPlayerSearchCard.detailLink","worldPlayerSearchCard","ui","Detail","Ayrıntı","","12","medium","","",""
"worldPlayerSearchCard.detailNewTabSuffix","worldPlayerSearchCard","ui"," (new tab)"," (yeni sekme)","","13","medium","","",""
"worldPlayerSearchCard.unknownCardType","worldPlayerSearchCard","ui","Unknown card type","Bilinmeyen kart tipi","","23","medium","","",""
"worldPlayerSearchCard.unknownPosition","worldPlayerSearchCard","ui","Unknown position","Bilinmeyen mevki","","21","medium","","",""
"worldPlayerSearchCard.maxOvrTemplate","worldPlayerSearchCard","ui","Max OVR {value}","Maks. OVR {value}","","20","medium","","",""
"worldPlayerSearchCard.noOvrInfoLabel","worldPlayerSearchCard","ui","No OVR info","OVR bilgisi yok","","15","medium","","",""
"worldPlayerSearchCard.cardImageAltTemplate","worldPlayerSearchCard","ui","{name} {cardType} card image","{name} {cardType} kart görseli","","","medium","","",""
"addPlayerSearch.selectCardHeadingTemplate","addPlayerSearch","ui","Select a card to add for {slot}","Eklenecek kartı seçin ({slot})","","","medium","","",""
"addPlayerSearch.closeButton","addPlayerSearch","ui","Close","Kapat","","12","medium","","",""
"addPlayerSearch.maxPlayersNoteTemplate","addPlayerSearch","ui","Compare supports a maximum of {max} players. Remove one before adding another.","Karşılaştırma en fazla {max} oyuncuyu destekler. Yeni eklemeden önce birini çıkarın.","","","medium","","",""
"addPlayerSearch.searchPlaceholder","addPlayerSearch","ui","Search by player name, World ID, or position...","Oyuncu adı, World ID veya mevkiye göre ara...","","62","medium","","",""
"addPlayerSearch.searchAriaLabelTemplate","addPlayerSearch","accessibility","Search for a player to add for {slot}","Eklenecek oyuncuyu ara ({slot})","","","high","","",""
"addPlayerSearch.duplicateNote","addPlayerSearch","ui","The same card (matching World ID) cannot be added twice. Different cards of the same player (different World ID) can still be compared. Order: name match → highest max OVR.","Aynı kart (aynı World ID) iki kez eklenemez. Aynı oyuncunun farklı kartları (farklı World ID) yine de karşılaştırılabilir. Sıralama: ad eşleşmesi → en yüksek maks. OVR.","","","medium","","",""
"addPlayerSearch.minLengthPromptTemplate","addPlayerSearch","ui","Enter a player name, World ID, or position ({min}+ characters).","Oyuncu adı, World ID veya mevki girin (en az {min} karakter).","","","medium","","",""
"addPlayerSearch.tooShortTemplate","addPlayerSearch","ui","Enter {remaining} more character(s) (to avoid listing all cards at once).","{remaining} karakter daha girin (tüm kartların bir kerede listelenmesini önlemek için).","","","medium","","",""
"addPlayerSearch.searchFailedError","addPlayerSearch","ui","Could not search for players.","Oyuncu aranamadı.","","","high","","",""
"addPlayerSearch.retryButton","addPlayerSearch","ui","Retry","Tekrar dene","","12","medium","","",""
"addPlayerSearch.noResults","addPlayerSearch","ui","No cards match your criteria.","Ölçütlerinize uyan kart yok.","","","medium","","",""
"addPlayerSearch.resultCountTemplate","addPlayerSearch","ui","{count} result(s)","Sonuç: {count}","","23","medium","","",""
"addPlayerSearch.addingLabel","addPlayerSearch","ui","Adding…","Ekleniyor…","","12","medium","","",""
"addPlayerSearch.addToSlotTemplate","addPlayerSearch","ui","Add for {slot}","Ekle ({slot})","","19","medium","","",""
"addPlayerSearch.alreadyAddedReason","addPlayerSearch","ui","Already added to compare","Karşılaştırmaya zaten eklendi","","32","medium","","",""
"addPlayerSearch.processingReason","addPlayerSearch","ui","Adding in progress","Ekleme sürüyor","","24","medium","","",""
"addPlayerSearch.addFailedError","addPlayerSearch","ui","Could not add this player to compare. Please try again.","Bu oyuncu karşılaştırmaya eklenemedi. Lütfen tekrar deneyin.","","","high","","",""
"playerSearchPanel.searchAriaLabel","playerSearchPanel","accessibility","Search for a player to add to the squad","Kadroya eklenecek oyuncuyu ara","","51","high","","",""
"playerSearchPanel.duplicateNotePrefix","playerSearchPanel","ui","The same card cannot be placed twice. Different cards of the same player (different World ID) can still be added.","Aynı kart iki kez yerleştirilemez. Aynı oyuncunun farklı kartları (farklı World ID) yine de eklenebilir.","","","medium","","",""
"playerSearchPanel.sortNoteWithPositionTemplate","playerSearchPanel","ui"," Order: name match → {position} match → highest OVR."," Sıra: ad eşleşmesi → mevki eşleşmesi ({position}) → en yüksek OVR.","","","medium","","",""
"playerSearchPanel.sortNoteDefault","playerSearchPanel","ui"," Order: name match → highest OVR."," Sıra: ad eşleşmesi → en yüksek OVR.","","","medium","","",""
"playerSearchPanel.placedLabel","playerSearchPanel","ui","Placed","Yerleştirildi","","12","medium","","",""
"playerSearchPanel.placedWithLocationTemplate","playerSearchPanel","ui","Placed: {where}","Yerleştirildi: {where}","","20","medium","","",""
"formationSelect.ariaLabel","formationSelect","accessibility","Select formation","Diziliş seç","","21","high","","",""
"squadTemplatesBoard.pageTitle","squadTemplatesBoard","metadata","Squad templates","Kadro şablonları","","20","medium","","",""
"squadTemplatesBoard.pageDescription","squadTemplatesBoard","metadata","Save a formation and player placement (including free-placement coordinates) as a template to use as the starting point for new squads. Templates are stored only in this device's browser (localStorage), separately from your regular squads.","Bir dizilişi ve oyuncu yerleşimini (serbest yerleşim koordinatları dahil) yeni kadrolar için başlangıç noktası olarak kullanmak üzere şablon olarak kaydedin. Şablonlar normal kadrolarınızdan ayrı olarak yalnızca bu cihazın tarayıcısında (localStorage) saklanır.","","","medium","","",""
"squadTemplatesBoard.scopeLoadingMessage","squadTemplatesBoard","ui","Checking your account…","Hesabınız kontrol ediliyor…","","29","medium","","",""
"squadTemplatesBoard.storageUnavailableHeading","squadTemplatesBoard","ui","Templates cannot be saved in this environment","Bu ortamda şablonlar kaydedilemiyor","","59","medium","","",""
"squadTemplatesBoard.storageUnavailableNote","squadTemplatesBoard","ui","This browser cannot use localStorage (e.g. private browsing mode).","Bu tarayıcı localStorage kullanamıyor (ör. gizli tarama modu).","","","medium","","",""
"squadTemplatesBoard.backToSquadListLink","squadTemplatesBoard","ui","← Back to squad list","← Kadro listesine dön","","26","medium","","",""
"squadTemplatesBoard.createEmptyHeading","squadTemplatesBoard","ui","Create an empty template (formation only)","Boş şablon oluştur (yalnızca diziliş)","","54","medium","","",""
"squadTemplatesBoard.createEmptyNote","squadTemplatesBoard","ui","A ""full template"" that includes players can be created from any squad's ""Save as template"" in the squad list (free-placement coordinates are saved too).","Oyuncuları içeren bir ""tam şablon"", kadro listesinde herhangi bir kadronun ""Şablon olarak kaydet"" seçeneğiyle oluşturulabilir (serbest yerleşim koordinatları da kaydedilir).","","","medium","","",""
"squadTemplatesBoard.templateNameLabel","squadTemplatesBoard","ui","Template name","Şablon adı","","17","medium","","",""
"squadTemplatesBoard.newTemplateNameAria","squadTemplatesBoard","accessibility","New template name","Yeni şablon adı","","23","high","","",""
"squadTemplatesBoard.formationLabel","squadTemplatesBoard","ui","Formation","Diziliş","","12","medium","","",""
"squadTemplatesBoard.createButton","squadTemplatesBoard","ui","Create","Oluştur","","12","medium","","",""
"squadTemplatesBoard.defaultEmptyTemplateName","squadTemplatesBoard","ui","Empty template","Boş şablon","","19","medium","","",""
"squadTemplatesBoard.templatesHeadingTemplate","squadTemplatesBoard","ui","Templates{countSuffix}","Şablonlar{countSuffix}","","29","medium","","",""
"squadTemplatesBoard.templatesCountSuffixTemplate","squadTemplatesBoard","ui"," ({count})"," ({count})","","13","medium","","",""
"squadTemplatesBoard.loadingText","squadTemplatesBoard","ui","Loading…","Yükleniyor…","","12","medium","","",""
"squadTemplatesBoard.noTemplatesNote","squadTemplatesBoard","ui","There are no templates yet.","Henüz şablon yok.","","","medium","","",""
"squadTemplatesBoard.emptyTypeBadge","squadTemplatesBoard","ui","Empty","Boş","","12","medium","","",""
"squadTemplatesBoard.fullTypeBadge","squadTemplatesBoard","ui","Full","Tam","","12","medium","","",""
"squadTemplatesBoard.customPlacementBadge","squadTemplatesBoard","ui","Custom placement","Özel yerleşim","","21","medium","","",""
"squadTemplatesBoard.startersTemplate","squadTemplatesBoard","ui","Starters {count}/11","İlk 11 {count}/11","","25","medium","","",""
"squadTemplatesBoard.benchTemplate","squadTemplatesBoard","ui","Bench {count}","Yedek {count}","","17","medium","","",""
"squadTemplatesBoard.hasManagerLabel","squadTemplatesBoard","ui","Has manager","Teknik direktör var","","15","medium","","",""
"squadTemplatesBoard.noManagerLabel","squadTemplatesBoard","ui","No manager","Teknik direktör yok","","13","medium","","",""
"squadTemplatesBoard.createFromTemplateButton","squadTemplatesBoard","ui","Create from this template","Bu şablondan oluştur","","33","medium","","",""
"squadTemplatesBoard.renameButton","squadTemplatesBoard","ui","Rename","Yeniden adlandır","","12","medium","","",""
"squadTemplatesBoard.deleteButton","squadTemplatesBoard","ui","Delete","Sil","","12","high","","",""
"squadTemplatesBoard.newSquadNamePrompt","squadTemplatesBoard","ui","New squad name","Yeni kadro adı","","19","medium","","",""
"squadTemplatesBoard.templateNamePrompt","squadTemplatesBoard","ui","Template name","Şablon adı","","17","medium","","",""
"squadTemplatesBoard.deleteConfirmTemplate","squadTemplatesBoard","ui","This will delete the template ""{name}"" (only this template — squads already created from it are not affected).","Şu şablon silinecek: ""{name}"" (yalnızca bu şablon; ondan daha önce oluşturulan kadrolar etkilenmez).","","","high","","",""
"squadTemplatesBoard.deleteConfirmButton","squadTemplatesBoard","ui","Delete","Sil","","12","high","","",""
"squadTemplatesBoard.cancelDeleteButton","squadTemplatesBoard","ui","Cancel","İptal","","12","high","","",""
"squadTemplatesBoard.backToSquadListButton","squadTemplatesBoard","ui","Back to squad list","Kadro listesine dön","","24","medium","","",""
"slotPlayerPanel.slotSuffix","slotPlayerPanel","ui","slot","slotu","","12","medium","","",""
"slotPlayerPanel.movingCancelButton","slotPlayerPanel","ui","Selecting move destination… Cancel","Taşıma hedefi seçiliyor… İptal","","45","medium","","",""
"slotPlayerPanel.emptySlotNote","slotPlayerPanel","ui","This slot is empty.","Bu slot boş.","","25","medium","","",""
"slotPlayerPanel.addPlayerButton","slotPlayerPanel","ui","+ Add player","+ Oyuncu ekle","","16","medium","","",""
"slotPlayerPanel.placementRoleLabel","slotPlayerPanel","ui","Placement role: ","Yerleşim rolü: ","","21","medium","","",""
"slotPlayerPanel.autoInferredTemplate","slotPlayerPanel","ui"," (auto-inferred: {role} / manually overridden)"," (otomatik çıkarım: {role} / elle değiştirildi)","","","medium","","",""
"slotPlayerPanel.suitabilityLabelTemplate","slotPlayerPanel","ui","Player suitability: {label} (registered {position})","Oyuncu uygunluğu: {label} (kayıtlı mevki: {position})","","","medium","","",""
"slotPlayerPanel.adjustPositionButton","slotPlayerPanel","ui","Adjust position","Mevkiyi ayarla","","20","medium","","",""
"slotPlayerPanel.roleLabel","slotPlayerPanel","ui","Role","Rol","","12","medium","","",""
"slotPlayerPanel.roleAriaLabelTemplate","slotPlayerPanel","accessibility","Placement role for {position}","Yerleşim rolü: {position}","","","high","","",""
"slotPlayerPanel.autoRoleOptionTemplate","slotPlayerPanel","ui","Auto ({role})","Otomatik ({role})","","17","medium","","",""
"slotPlayerPanel.baseToDisplayedOvrPrefixTemplate","slotPlayerPanel","ui","Base OVR {base} → Displayed OVR ","Temel OVR {base} → Gösterilen OVR ","","","medium","","",""
"slotPlayerPanel.estimateNote","slotPlayerPanel","ui"," (estimate, under verification)"," (tahmini, doğrulanıyor)","","","medium","","",""
"slotPlayerPanel.progressionDeltaTemplate","slotPlayerPanel","ui","Progression {delta}","Gelişim {delta}","","25","medium","","",""
"slotPlayerPanel.playerBoosterDeltaTemplate","slotPlayerPanel","ui","Player booster (standard-applied, incl. presumed-fixed) {delta}","Oyuncu güçlendiricisi (standart uygulanan, sabit olduğu varsayılanlar dahil) {delta}","","","medium","","",""
"slotPlayerPanel.managerDeltaTemplate","slotPlayerPanel","ui","Manager {delta}","Teknik direktör {delta}","","20","medium","","",""
"slotPlayerPanel.cannotProgressNote","slotPlayerPanel","ui","This card cannot be progressed (max level).","Bu kart geliştirilemez (maksimum seviye).","","","medium","","",""
"slotPlayerPanel.attachedBoosterSlotTemplate","slotPlayerPanel","ui","Attached {slot}:","Takılı {slot}:","","21","medium","","",""
"slotPlayerPanel.powerOfManyNote","slotPlayerPanel","ui","Gold, variable (Game Plan-dependent) — not reflected in team totals","Altın, değişken (Oyun Planına bağlı) — takım toplamlarına yansıtılmaz","","","medium","","",""
"slotPlayerPanel.verifiedScreenTemplate","slotPlayerPanel","ui","Measured on a reference screen{fixedNote} — reflected in team","Referans ekranda ölçüldü{fixedNote} — takıma yansıtılır","","","medium","","",""
"slotPlayerPanel.externalVerifiedTemplate","slotPlayerPanel","ui","Externally cross-verified (not KONAMI-confirmed){fixedNote} — reflected in team","Harici olarak çapraz doğrulandı (KONAMI onaylı değil){fixedNote} — takıma yansıtılır","","","medium","","",""
"slotPlayerPanel.underVerificationNote","slotPlayerPanel","ui","Effect under verification — not reflected","Etki doğrulanıyor — yansıtılmaz","","","medium","","",""
"slotPlayerPanel.fixedTypeEstimateSuffix","slotPlayerPanel","ui",", presumed fixed-type",", sabit tür olduğu varsayılıyor","","28","medium","","",""
"slotPlayerPanel.experimentalBoosterPrefix","slotPlayerPanel","ui","Experimental booster estimate (overrides attached — ","Deneysel güçlendirici tahmini (takılı olanı geçersiz kılar — ","","","medium","","",""
"slotPlayerPanel.experimentalBoosterTeamNote","slotPlayerPanel","ui","does not affect team totals","takım toplamlarını etkilemez","","","medium","","",""
"slotPlayerPanel.experimentalBoosterSuffix","slotPlayerPanel","ui",")",")","","12","medium","","",""
"slotPlayerPanel.noBoosterOption","slotPlayerPanel","ui","None","Yok","","12","medium","","",""
"slotPlayerPanel.boosterIdMismatchNote","slotPlayerPanel","ui","This card's numeric ID does not match the public booster table's numbering scheme, so it cannot be auto-detected. It is not applied to other cards.","Bu kartın sayısal kimliği herkese açık güçlendirici tablosunun numaralandırma düzeniyle eşleşmediği için otomatik algılanamıyor. Diğer kartlara uygulanmaz.","","","medium","","",""
"slotPlayerPanel.progressionPolicyLabel","slotPlayerPanel","ui","Progression policy","Gelişim politikası","","24","medium","","",""
"slotPlayerPanel.buildModeAriaTemplate","slotPlayerPanel","accessibility","Progression policy for {position}","Gelişim politikası: {position}","","","high","","",""
"slotPlayerPanel.savedBuildOptionTemplate","slotPlayerPanel","ui","Saved build: {name}","Kayıtlı build: {name}","","25","medium","","",""
"slotPlayerPanel.savedBuildAriaTemplate","slotPlayerPanel","accessibility","Apply a saved build for {position}","Kayıtlı build uygula: {position}","","","high","","",""
"slotPlayerPanel.applySavedBuildOption","slotPlayerPanel","ui","Apply a saved build...","Kayıtlı build uygula...","","29","medium","","",""
"slotPlayerPanel.legacyRuleSuffix","slotPlayerPanel","ui"," (outdated rules)"," (eski kurallar)","","23","medium","","",""
"slotPlayerPanel.squadBuildLabel","slotPlayerPanel","ui","Squad build:","Kadro buildi:","","16","medium","","",""
"slotPlayerPanel.notSetLabel","slotPlayerPanel","ui","Not set","Ayarlanmadı","","12","medium","","",""
"slotPlayerPanel.notFoundDeletedLabel","slotPlayerPanel","ui","Not found (deleted)","Bulunamadı (silindi)","","25","high","","",""
"slotPlayerPanel.chooseSavedBuildButton","slotPlayerPanel","ui","Choose a saved build","Kayıtlı build seç","","26","medium","","",""
"slotPlayerPanel.staleBuildNote","slotPlayerPanel","ui","This saved build uses outdated rules. Recalculating with current rules (allocation interpretation may change).","Bu kayıtlı build eski kuralları kullanıyor. Mevcut kurallarla yeniden hesaplanıyor (dağılımın yorumu değişebilir).","","","medium","","",""
"slotPlayerPanel.moveSwapButton","slotPlayerPanel","ui","Move / swap","Taşı / değiştir","","15","medium","","",""
"slotPlayerPanel.moveToBenchButton","slotPlayerPanel","ui","To bench","Yedeğe al","","12","medium","","",""
"slotPlayerPanel.removeFromSlotButton","slotPlayerPanel","ui","Remove from slot","Slottan çıkar","","21","medium","","",""
"slotPlayerPanel.clearCaptainButton","slotPlayerPanel","ui","Clear captain","Kaptanlığı kaldır","","17","medium","","",""
"slotPlayerPanel.setCaptainButton","slotPlayerPanel","ui","Set as captain","Kaptan yap","","19","medium","","",""
"slotPlayerPanel.compareFullLabel","slotPlayerPanel","ui","Compare supports up to 4","Karşılaştırma en fazla 4 oyuncu destekler","","32","medium","","",""
"slotPlayerPanel.playerDetailLink","slotPlayerPanel","ui","Player detail","Oyuncu detayı","","17","medium","","",""
"slotPlayerPanel.progressionLinkLabel","slotPlayerPanel","ui","Progression","Gelişim","","15","medium","","",""
"slotPlayerPanel.boosterSlotAriaTemplate","slotPlayerPanel","accessibility","Player booster for {position}","Oyuncu güçlendiricisi: {position}","","","high","","",""
"slotPlayerPanel.boosterLevelAriaTemplate","slotPlayerPanel","accessibility","Booster level for {position}","Güçlendirici seviyesi: {position}","","","high","","",""
"squadPitch.compatExactTitle","squadPitch","ui","Matches registered position","Kayıtlı mevkiyle eşleşiyor","","36","medium","","",""
"squadPitch.compatRelatedTitle","squadPitch","ui","Suitability unconfirmed (nearby position)","Uygunluk doğrulanmadı (yakın mevki)","","54","medium","","",""
"squadPitch.compatUnresolvedTitle","squadPitch","ui","Suitability unconfirmed","Uygunluk doğrulanmadı","","30","medium","","",""
"squadPitch.compatMismatchTitle","squadPitch","ui","Possible mismatch","Olası uyumsuzluk","","23","medium","","",""
"squadPitch.compatEmptyTitle","squadPitch","ui","Unplaced","Yerleştirilmedi","","12","medium","","",""
"squadPitch.snapLabelTemplate","squadPitch","ui","Snapped: {types}","Hizalandı: {types}","","21","medium","","",""
"squadPitch.freePlacementLabel","squadPitch","ui","Free placement","Serbest yerleşim","","19","medium","","",""
"squadPitch.guideHorizontalLabel","squadPitch","ui","Same line","Aynı hat","","12","medium","","",""
"squadPitch.guideCenterLabel","squadPitch","ui","Center","Orta","","12","medium","","",""
"squadPitch.guideSymmetryLabel","squadPitch","ui","Left-right symmetry","Sol-sağ simetri","","25","medium","","",""
"squadPitch.moveTargetPrefix","squadPitch","ui","Move target — ","Taşıma hedefi — ","","19","medium","","",""
"squadPitch.moveSourcePrefix","squadPitch","ui","Moving — ","Taşınıyor — ","","12","medium","","",""
"squadPitch.occupiedSlotAriaTemplate","squadPitch","accessibility","{position}: {name} ({compat})","{position}: {name} ({compat})","","","high","","",""
"squadPitch.moveTargetSwapSuffix","squadPitch","ui"," · select to swap"," · yer değiştirmek için seçin","","23","medium","","",""
"squadPitch.emptySlotAriaTemplate","squadPitch","accessibility","{position}: Empty slot. ","{position}: Boş pozisyon. ","","32","high","","",""
"squadPitch.moveTargetMoveHereLabel","squadPitch","ui","Select to move here","Buraya taşımak için seçin","","25","medium","","",""
"squadPitch.addPlayerLabel","squadPitch","ui","Add player","Oyuncu ekle","","13","medium","","",""
"compareSaveBuildDialog.defaultName","compareSaveBuildDialog","ui","Progression from Compare","Karşılaştırma'dan gelişim","","32","medium","","",""
"compareSaveBuildDialog.nameRequiredError","compareSaveBuildDialog","ui","Please enter a build name (1-60 characters).","Lütfen bir build adı girin (1-60 karakter).","","","high","","",""
"compareSaveBuildDialog.saveFailedTemplate","compareSaveBuildDialog","ui","Could not save: {error}","Kaydedilemedi: {error}","","30","high","","",""
"compareSaveBuildDialog.saveErrorGeneric","compareSaveBuildDialog","ui","An error occurred while saving (localStorage may be unavailable). The compare allocation is unchanged.","Kaydederken bir hata oluştu (localStorage kullanılamıyor olabilir). Karşılaştırmadaki dağılım değişmedi.","","","high","","",""
"compareSaveBuildDialog.modalTitleTemplate","compareSaveBuildDialog","ui","Save progression for Player {index} {name}","Gelişimi kaydet: Oyuncu {index} {name}","","","medium","","",""
"compareSaveBuildDialog.intro","compareSaveBuildDialog","ui","Saves this allocation as a saved build. Once saved, you can select it from player detail, My Team, and each squad editor. It is not automatically applied to existing squads.","Bu dağılımı kayıtlı build olarak kaydeder. Kaydedildikten sonra oyuncu detayından, Takımım'dan ve her kadro düzenleyicisinden seçebilirsiniz. Mevcut kadrolara otomatik olarak uygulanmaz.","","","medium","","",""
"compareSaveBuildDialog.allocationHeadingTemplate","compareSaveBuildDialog","ui","Progression allocation (used {used} / total {total}pt)","Gelişim dağılımı (kullanılan {used} / toplam {total}pt)","","","medium","","",""
"compareSaveBuildDialog.buildNameLabel","compareSaveBuildDialog","ui","Build name","Build adı","","13","medium","","",""
"compareSaveBuildDialog.buildNameAriaLabel","compareSaveBuildDialog","accessibility","Name of the progression build to save","Kaydedilecek gelişim buildinin adı","","49","high","","",""
"compareSaveBuildDialog.saveMethodLegend","compareSaveBuildDialog","ui","Save method","Kaydetme yöntemi","","15","medium","","",""
"compareSaveBuildDialog.saveAsNewOption","compareSaveBuildDialog","ui","Save as a new build","Yeni build olarak kaydet","","25","medium","","",""
"compareSaveBuildDialog.overwriteExistingOption","compareSaveBuildDialog","ui","Overwrite an existing saved build","Mevcut bir kayıtlı buildin üzerine yaz","","","medium","","",""
"compareSaveBuildDialog.overwriteSelectAriaLabel","compareSaveBuildDialog","accessibility","Saved build to overwrite","Üzerine yazılacak kayıtlı build","","32","high","","",""
"compareSaveBuildDialog.includePomLabel","compareSaveBuildDialog","ui","Include the user-specified Power of Many stage","Kullanıcının belirlediği Power of Many aşamasını dahil et","","60","medium","","",""
"compareSaveBuildDialog.pomCurrentTemplate","compareSaveBuildDialog","ui"," (current: {tier})"," (mevcut: {tier})","","24","medium","","",""
"compareSaveBuildDialog.pomUnspecifiedNote","compareSaveBuildDialog","ui"," (not specified for this card)"," (bu kart için belirtilmedi)","","","medium","","",""
"compareSaveBuildDialog.pomNoSpecificValue","compareSaveBuildDialog","ui","Specified","Belirtildi","","12","medium","","",""
"compareSaveBuildDialog.footnote","compareSaveBuildDialog","ui","Experimental estimates and manager settings are not included in saved builds (existing saved-build spec). Fixed boosters are resolved from card data and are not saved.","Deneysel tahminler ve teknik direktör ayarları kayıtlı buildlere dahil edilmez (mevcut kayıtlı build belirtimi). Sabit güçlendiriciler kart verilerinden çözümlenir ve kaydedilmez.","","","medium","","",""
"compareSaveBuildDialog.cancelButton","compareSaveBuildDialog","ui","Cancel","İptal","","12","medium","","",""
"compareSaveBuildDialog.overwriteWarningTemplate","compareSaveBuildDialog","ui","This overwrites ""{name}"" (cannot be automatically reverted to the original allocation).","""{name}"" üzerine yazılacak (orijinal dağılıma otomatik olarak geri döndürülemez).","","","high","","",""
"compareSaveBuildDialog.overwriteSaveButton","compareSaveBuildDialog","ui","Overwrite and save","Üzerine yaz ve kaydet","","24","medium","","",""
"compareSaveBuildDialog.confirmOverwriteButton","compareSaveBuildDialog","ui","Confirm overwrite","Üzerine yazmayı onayla","","23","high","","",""
"compareSaveBuildDialog.savingButton","compareSaveBuildDialog","ui","Saving…","Kaydediliyor…","","12","medium","","",""
"compareSaveBuildDialog.saveButton","compareSaveBuildDialog","ui","Save","Kaydet","","12","medium","","",""
"compareCategoryPreview.headingTemplate","compareCategoryPreview","ui","Abilities affected by {label} ({mode})","Etkilenen özellikler: {label} ({mode})","","","medium","","",""
"compareCategoryPreview.headingHint","compareCategoryPreview","ui","Pre-progression → Current (diff)","Gelişim öncesi → Mevcut (fark)","","","medium","","",""
"compareCategoryPreview.noInfoTemplate","compareCategoryPreview","ui","Player {index}: No info","Oyuncu {index}: Bilgi yok","","30","medium","","",""
"compareCategoryPreview.valueAriaLabelTemplate","compareCategoryPreview","accessibility","Player {index} {name} pre-progression {before} current {now} diff {diff}","Oyuncu {index} {name} gelişim öncesi {before} mevcut {now} fark {diff}","","","high","","",""
"compareCategoryPreview.personPrefixTemplate","compareCategoryPreview","ui","Player {index}: ","Oyuncu {index}: ","","21","medium","","",""
"compareCategoryPreview.diffLabelTemplate","compareCategoryPreview","ui","Player 1 − Player 2: ","Oyuncu 1 − Oyuncu 2: ","","28","medium","","",""
"compareCategoryPreview.statusLineTemplate","compareCategoryPreview","ui","Player {index} {label} Lv {level} · used {used} / remaining {remaining}pt","Oyuncu {index} {label} Lv {level} · kullanılan {used} / kalan {remaining}pt","","","medium","","",""
"compareCategoryPreview.footnote","compareCategoryPreview","ui","Values are the result of the existing progression calculation (calculateBuild). Fixed boosters, Power of Many, and manager corrections are included in the Standard / Post-condition mode values (expand a row in the 26-ability table to see the per-layer breakdown).","Değerler mevcut gelişim hesaplamasının (calculateBuild) sonucudur. Sabit güçlendiriciler, Power of Many ve teknik direktör düzeltmeleri Standart / Koşul sonrası mod değerlerine dahildir (katman bazında dökümü görmek için 26 özellik tablosunda bir satırı genişletin).","","","medium","","",""
"compareRadarChart.seriesStyleSolid","compareRadarChart","ui","Solid · Circle","Düz · Daire","","19","medium","","",""
"compareRadarChart.seriesStyleDashedSquare","compareRadarChart","ui","Dashed · Square","Kesikli · Kare","","20","medium","","",""
"compareRadarChart.seriesStyleDottedTriangle","compareRadarChart","ui","Dotted · Triangle","Noktalı · Üçgen","","23","medium","","",""
"compareRadarChart.seriesStyleDashDotDiamond","compareRadarChart","ui","Dash-dot · Diamond","Kesik-noktalı · Elmas","","24","medium","","",""
"compareRadarChart.altLinePersonTemplate","compareRadarChart","ui","Player {index} {name} ({cardType}): ","Oyuncu {index} {name} ({cardType}): ","","","medium","","",""
"compareRadarChart.graphDisplayLabel","compareRadarChart","ui","Graph display:","Grafik görünümü:","","19","medium","","",""
"compareRadarChart.personOrdinalTemplate","compareRadarChart","ui","Player {n}","Oyuncu {n}","","13","medium","","",""
"compareRadarChart.showPreBuildTemplate","compareRadarChart","ui","Show pre-progression ({target})","Gelişim öncesini göster ({target})","","","medium","","",""
"compareRadarChart.showPreBuildFallback","compareRadarChart","ui","Selected","Seçili","","12","medium","","",""
"compareRadarChart.chartAriaLabelTemplate","compareRadarChart","accessibility","Ability radar ({mode}, simple category average, not position-specific OVR). {altLines}","Özellik radarı ({mode}, basit kategori ortalaması, mevkiye özel OVR değil). {altLines}","","","high","","",""
"compareRadarChart.legendPersonTemplate","compareRadarChart","ui","Player {index} {name} ({cardType} · {styleLabel})","Oyuncu {index} {name} ({cardType} · {styleLabel})","","","medium","","",""
"compareRadarChart.categoryValuesSummaryTemplate","compareRadarChart","ui","Category values (numeric, {mode})","Kategori değerleri (sayısal, {mode})","","","medium","","",""
"compareRadarChart.playerHeader","compareRadarChart","ui","Player","Oyuncu","","12","medium","","",""
"compareRadarChart.managerNote","compareRadarChart","ui","Some series include manager corrections (Standard / Post-condition modes).","Bazı seriler teknik direktör düzeltmeleri içerir (Standart / Koşul sonrası modlar).","","","medium","","",""
"comparisonTables.deltaProgressionPrefix","comparisonTables","ui","Prog","Gel","","12","medium","","",""
"comparisonTables.deltaPlayerBoosterPrefix","comparisonTables","ui","Bst","Gçl","","12","medium","","",""
"comparisonTables.deltaConditionalPrefix","comparisonTables","ui","Cond","Koş","","12","medium","","",""
"comparisonTables.deltaManagerBoosterPrefix","comparisonTables","ui","Mgr","TD","","12","medium","","",""
"comparisonTables.rulesLabel","comparisonTables","ui","Rules: ","Kurallar: ","","12","medium","","",""
"comparisonTables.estimatedOvrLabel","comparisonTables","ui","Estimated OVR (under verification): ","Tahmini OVR (doğrulanıyor): ","","47","medium","","",""
"comparisonTables.boosterModePrefix","comparisonTables","ui","Booster mode: ","Güçlendirici modu: ","","19","medium","","",""
"comparisonTables.boosterModeStandard","comparisonTables","ui","Standard","Standart","","12","medium","","",""
"comparisonTables.boosterModeNoteSuffix","comparisonTables","ui"," (reflects in ranking boosters cross-checked against two external sources for the card's built-in effect. Includes effects assumed to be fixed-type since there is no concrete evidence they are Power of Many. Not confirmed by KONAMI. User-specified Power of Many values and manual estimates are not included in ranking.)"," (kartın yerleşik etkisi için iki harici kaynakla çapraz kontrol edilen güçlendiriciler sıralamaya yansıtılır. Power of Many olduğuna dair somut kanıt bulunmadığından sabit tip olduğu varsayılan etkiler dahildir. KONAMI tarafından doğrulanmadı. Kullanıcının belirttiği Power of Many değerleri ve manuel tahminler sıralamaya dahil edilmez.)","","","medium","","",""
"comparisonTables.basicInfoHeading","comparisonTables","ui","Basic Info","Temel bilgiler","","13","medium","","",""
"comparisonTables.itemHeader","comparisonTables","ui","Item","Öğe","","12","medium","","",""
"comparisonTables.positionMatchLabel","comparisonTables","ui","Position match: ","Mevki eşleşmesi: ","","21","medium","","",""
"comparisonTables.yes","comparisonTables","ui","Yes","Evet","","12","medium","","",""
"comparisonTables.no","comparisonTables","ui","No","Hayır","","12","medium","","",""
"comparisonTables.categoryHeading","comparisonTables","ui","Category Comparison","Kategori karşılaştırması","","25","medium","","",""
"comparisonTables.categoryHeadingHint","comparisonTables","ui","simple total/average, not an official rating","basit toplam/ortalama, resmi bir derece değildir","","","medium","","",""
"comparisonTables.categoryHeader","comparisonTables","ui","Category","Kategori","","12","medium","","",""
"comparisonTables.diffHeader","comparisonTables","ui","Diff","Fark","","12","medium","","",""
"comparisonTables.avgTemplate","comparisonTables","ui","(avg {value})","(ort. {value})","","17","medium","","",""
"comparisonTables.totalRowLabel","comparisonTables","ui","Overall (simple total)","Genel (basit toplam)","","29","medium","","",""
"comparisonTables.abilitiesHeading","comparisonTables","ui","Abilities (26 items)","Özellikler (26 öğe)","","26","medium","","",""
"comparisonTables.conditionalToggleLabel","comparisonTables","ui","Compare including user-specified conditions (reflects manual gold/variable booster stages; not auto-determined)","Kullanıcının belirttiği koşullar dahil karşılaştır (manuel altın/değişken güçlendirici kademelerini yansıtır; otomatik belirlenmez)","","145","medium","","",""
"comparisonTables.conditionalNote","comparisonTables","ui","This table shows ""post-condition"" values. This is an estimate based on stages the user specified after checking their own Game Plan — it is not a value the app auto-verified against squad composition. It is not included in the regular compare ranking (default view).","Bu tablo ""koşul sonrası"" değerleri gösterir. Bu, kullanıcının kendi oyun planını kontrol ettikten sonra belirttiği kademelere dayalı bir tahmindir; uygulamanın kadro yapısına göre otomatik doğruladığı bir değer değildir. Normal karşılaştırma sıralamasına (varsayılan görünüm) dahil edilmez.","","","medium","","",""
"comparisonTables.abilityHeader","comparisonTables","ui","Ability","Özellik","","12","medium","","",""
"comparisonTables.legendPrefix","comparisonTables","ui","Small labels: ","Küçük etiketler: ","","19","medium","","",""
"comparisonTables.legendProgression","comparisonTables","ui","Prog = progression delta","Gel = gelişim farkı","","32","medium","","",""
"comparisonTables.legendPlayerBooster","comparisonTables","ui"," / Bst = card-attached booster ("," / Gçl = karta ekli güçlendirici (","","","medium","","",""
"comparisonTables.legendStandardMode","comparisonTables","ui","Standard mode","Standart mod","","17","medium","","",""
"comparisonTables.legendPlayerBoosterDetailSuffix","comparisonTables","ui",": 2 types measured via screenshot plus 27 types cross-checked between eFootball World and EFScout. Includes effects assumed to be fixed-type. Not confirmed by KONAMI. Excludes ones under verification or manual estimates)",": ekran görüntüsüyle ölçülen 2 tip ile eFootball World ve EFScout arasında çapraz kontrol edilen 27 tip. Sabit tip olduğu varsayılan etkiler dahildir. KONAMI tarafından doğrulanmadı. Doğrulanmakta olanlar ve manuel tahminler hariç)","","","medium","","",""
"comparisonTables.legendConditional","comparisonTables","ui"," / Cond = Total Package user-specified stage (shown only in ""post-condition"" view; not auto-determined)"," / Koş = Total Package için kullanıcının belirttiği kademe (yalnızca ""koşul sonrası"" görünümde gösterilir; otomatik belirlenmez)","","","medium","","",""
"comparisonTables.legendManagerBooster","comparisonTables","ui"," / Mgr = manager booster. "," / TD = teknik direktör güçlendiricisi. ","","","medium","","",""
"comparisonTables.legendSuffix","comparisonTables","ui","The default ranking does not include manual Total Package stages. The highest value is shown in ","Varsayılan sıralama manuel Total Package kademelerini içermez. En yüksek değer ","","","medium","","",""
"comparisonTables.legendHighestColor","comparisonTables","ui","green","yeşil","","12","medium","","",""
"comparisonTables.legendDisplaySuffix","comparisonTables","ui","."," renkle gösterilir.","","12","medium","","",""
"comparisonTables.skillsHeading","comparisonTables","ui","Skill Comparison","Beceri karşılaştırması","","21","medium","","",""
"comparisonTables.playerSkillsTitle","comparisonTables","ui","Player Skills","Oyuncu becerileri","","17","medium","","",""
"comparisonTables.aiStylesTitle","comparisonTables","ui","AI Playing Styles","Yapay zekâ oyun tarzları","","23","medium","","",""
"comparisonTables.countLabel","comparisonTables","ui","Count: ","Sayı: ","","12","medium","","",""
"comparisonTables.sharedByAllTemplate","comparisonTables","ui","Shared by all ({count})","Hepsinde ortak ({count})","","30","medium","","",""
"comparisonTables.noneLabel","comparisonTables","ui","None","Yok","","12","medium","","",""
"comparisonTables.partialTitle","comparisonTables","ui","Held by some only","Yalnızca bazılarında var","","23","medium","","",""
"comparisonTables.uniqueToPlayerTemplate","comparisonTables","ui","Unique to {name} ({count})","Yalnızca şu oyuncuda: {name} ({count})","","","medium","","",""
"comparisonCockpit.abilitiesTableLink","comparisonCockpit","ui","To 26-ability table ↓","26 özellik tablosuna ↓","","28","medium","","",""
"comparisonCockpit.backToTrainingLink","comparisonCockpit","ui","Back to progression ↑","Gelişime dön ↑","","28","medium","","",""
"comparisonCockpit.ariaLabel","comparisonCockpit","accessibility","Compare cockpit (progression, ability radar, category preview)","Karşılaştırma kokpiti (gelişim, özellik radarı, kategori önizlemesi)","","81","high","","",""
"comparisonCockpit.heading","comparisonCockpit","ui","Compare Cockpit","Karşılaştırma kokpiti","","20","medium","","",""
"comparisonCockpit.headingHint","comparisonCockpit","ui","Moving a progression slider instantly updates the radar, category values, and the 26-ability table.","Bir gelişim kaydırıcısını hareket ettirmek radarı, kategori değerlerini ve 26 özellik tablosunu anında günceller.","","","medium","","",""
"comparisonCockpit.selectPlayerAriaLabel","comparisonCockpit","accessibility","Select player to train","Geliştirilecek oyuncuyu seçin","","29","high","","",""
"comparisonCockpit.playerTabTemplate","comparisonCockpit","ui","Player {index} {name}","Oyuncu {index} {name}","","28","medium","","",""
"comparisonCockpit.activeSuffix","comparisonCockpit","ui"," (training)"," (geliştiriliyor)","","15","medium","","",""
"compareTrainingPanel.cannotProgressNote","compareTrainingPanel","ui","This card cannot be trained (abilities stay at base values).","Bu kart geliştirilemez (özellikler temel değerlerde kalır).","","","medium","","",""
"compareTrainingPanel.autoAllocatedAnnounceTemplate","compareTrainingPanel","ui","{name}: applied the {mode} allocation.","{name}: dağılım uygulandı ({mode}).","","","medium","","",""
"compareTrainingPanel.resetButton","compareTrainingPanel","ui","Reset","Sıfırla","","12","medium","","",""
"compareTrainingPanel.resetAnnounceTemplate","compareTrainingPanel","ui","{name}: reset progression.","{name}: gelişim sıfırlandı.","","","medium","","",""
"compareTrainingPanel.saveThisBuildButton","compareTrainingPanel","ui","Save this build","Bu buildi kaydet","","20","medium","","",""
"compareTrainingPanel.autoAllocateNote","compareTrainingPanel","ui","Auto-allocate is a heuristic for ""allocation policy."" It differs from in-game auto-allocation or OVR maximization. You can still adjust with the sliders afterward.","Otomatik dağıtım, ""dağılım politikası"" için sezgisel bir yöntemdir. Oyundaki otomatik dağıtımdan veya OVR maksimizasyonundan farklıdır. Sonrasında kaydırıcılarla yine ayarlama yapabilirsiniz.","","","medium","","",""
"compareTrainingPanel.usedPointsLabel","compareTrainingPanel","ui","Used {value}pt","Kullanılan {value}pt","","19","medium","","",""
"compareTrainingPanel.remainingPointsLabel","compareTrainingPanel","ui","Remaining {value}pt","Kalan {value}pt","","25","medium","","",""
"compareTrainingPanel.overAllocatedLabel","compareTrainingPanel","ui","Over-allocated","Fazla dağıtıldı","","19","medium","","",""
"compareTrainingPanel.totalPointsLabel","compareTrainingPanel","ui","Total {value}pt","Toplam {value}pt","","20","medium","","",""
"compareTrainingPanel.gkHeading","compareTrainingPanel","ui","GK Training (3 items)","GK antrenmanı (3 öğe)","","28","medium","","",""
"compareTrainingPanel.gkLevelLabelTemplate","compareTrainingPanel","ui","Allocated Lv {level}","Dağıtılan Sv. {level}","","26","medium","","",""
"compareTrainingPanel.gkExpandedSuffix","compareTrainingPanel","ui"," (GK, expanded by default)"," (GK, varsayılan olarak açık)","","","medium","","",""
"compareTrainingPanel.gkCollapsedSuffix","compareTrainingPanel","ui"," (non-GK, collapsed by default)"," (GK değil, varsayılan olarak kapalı)","","","medium","","",""
"compareTrainingPanel.definitionNote","compareTrainingPanel","ui","Category target abilities, step costs, and caps use the same definitions as the player detail progression screen. The same allocation yields the same 26 abilities.","Kategori hedef özellikleri, adım maliyetleri ve sınırlar oyuncu ayrıntısındaki gelişim ekranıyla aynı tanımları kullanır. Aynı dağılım aynı 26 özelliği verir.","","","medium","","",""
"compareTrainingPanel.manualSuffix","compareTrainingPanel","ui"," (manual)"," (manuel)","","12","medium","","",""
"compareTrainingPanel.embeddedHeadingTemplate","compareTrainingPanel","ui","Progression for {name}","Gelişim: {name}","","29","medium","","",""
"compareTrainingPanel.collapsedHeading","compareTrainingPanel","ui","Adjust progression","Gelişimi ayarla","","24","medium","","",""
"comparePlayerIdentityCard.cardImageAltTemplate","comparePlayerIdentityCard","ui","{name} {cardType} card image","Kart görseli: {name} {cardType}","","","medium","","",""
"comparePlayerIdentityCard.noEnglishName","comparePlayerIdentityCard","ui","(No English name)","(İngilizce ad yok)","","23","medium","","",""
"comparePlayerIdentityCard.ovrTooltip","comparePlayerIdentityCard","ui","The card's overall OVR as saved (not position-specific)","Kartın kaydedilmiş genel OVR değeri (mevkiye özel değil)","","","medium","","",""
"comparePlayerIdentityCard.ovrLineTemplate","comparePlayerIdentityCard","ui","Max {max} / Base {base}","Maks. {max} / Temel {base}","","30","medium","","",""
"comparePlayerIdentityCard.pomChipTooltip","comparePlayerIdentityCard","ui","Power of Many (gold, depends on Game Plan; not automatically reflected in compare ranking)","Power of Many (altın, Game Plan'a bağlı; karşılaştırma sıralamasına otomatik yansıtılmaz)","","","medium","","",""
"comparePlayerIdentityCard.fixedProvisionalTooltip","comparePlayerIdentityCard","ui","Fixed-type (estimated): the effect content is externally cross-verified. Applied provisionally as fixed-type to standard values since there is no concrete evidence it's Power of Many.","Sabit tür (tahmini): etki içeriği harici olarak çapraz doğrulandı. Power of Many olduğuna dair somut kanıt olmadığı için standart değerlere geçici olarak sabit tür şeklinde uygulanır.","","","medium","","",""
"comparePlayerIdentityCard.fixedTooltip","comparePlayerIdentityCard","ui","Fixed-type (reflected in standard values under standard mode)","Sabit tür (standart modda standart değerlere yansıtılır)","","","medium","","",""
"comparePlayerIdentityCard.unresolvedTooltip","comparePlayerIdentityCard","ui","Attached booster whose activation method and effect could not be confirmed","Etkinleşme şekli ve etkisi doğrulanamayan ekli güçlendirici","","","medium","","",""
"comparePlayerIdentityCard.pomChipTemplate","comparePlayerIdentityCard","ui","{nameEn} max +{level}","{nameEn} maks. +{level}","","28","medium","","",""
"comparePlayerIdentityCard.fixedChipTemplate","comparePlayerIdentityCard","ui","{nameEn} +{level}","{nameEn} +{level}","","23","medium","","",""
"comparePlayerIdentityCard.provisionalSuffix","comparePlayerIdentityCard","ui"," (estimated)"," (tahmini)","","16","medium","","",""
"comparePlayerIdentityCard.unresolvedChip","comparePlayerIdentityCard","ui","Unresolved","Çözümlenmedi","","13","medium","","",""
"comparePlayerIdentityCard.noAttachedBoosters","comparePlayerIdentityCard","ui","No attached boosters","Ekli güçlendirici yok","","26","medium","","",""
"comparePlayerIdentityCard.pomSelectionLabelTemplate","comparePlayerIdentityCard","ui","Power of Many selection: {tier} (user-specified, conditional value only)","Power of Many seçimi: {tier} (kullanıcı belirledi, yalnızca koşullu değer)","","","medium","","",""
"comparePlayerIdentityCard.currentTrainingTemplate","comparePlayerIdentityCard","ui","Current: {label}","Mevcut: {label}","","21","medium","","",""
"comparePlayerIdentityCard.playerDetailLink","comparePlayerIdentityCard","ui","Player detail","Oyuncu detayı","","17","medium","","",""
"comparePlayerIdentityCard.progressionScreenLink","comparePlayerIdentityCard","ui","Progression screen","Gelişim ekranı","","24","medium","","",""
"playerControlColumn.removeAriaTemplate","playerControlColumn","accessibility","Remove {name} from compare","Karşılaştırmadan çıkar: {name}","","","high","","",""
"playerControlColumn.savedBuildTrainingLabelTemplate","playerControlColumn","ui","Saved build: {name}","Kayıtlı build: {name}","","25","medium","","",""
"playerControlColumn.manualTrainingLabel","playerControlColumn","ui","Manual progression","Manuel gelişim","","24","medium","","",""
"playerControlColumn.followsPolicyLabel","playerControlColumn","ui","Follows progression policy","Gelişim politikasını izler","","34","medium","","",""
"playerControlColumn.trainingPolicyLabel","playerControlColumn","ui","Progression policy","Gelişim politikası","","24","medium","","",""
"playerControlColumn.trainingPolicyAriaTemplate","playerControlColumn","accessibility","Progression policy for {name}","Gelişim politikası: {name}","","","high","","",""
"playerControlColumn.savedBuildOptionTemplate","playerControlColumn","ui","Saved build: {name}","Kayıtlı build: {name}","","25","medium","","",""
"playerControlColumn.manualTrainingOption","playerControlColumn","ui","Manual progression (slider below)","Manuel gelişim (aşağıdaki kaydırıcı)","","","medium","","",""
"playerControlColumn.applyBuildAriaTemplate","playerControlColumn","accessibility","Apply saved build for {name}","Kayıtlı build uygula: {name}","","","high","","",""
"playerControlColumn.applyBuildDefaultOption","playerControlColumn","ui","Apply saved build...","Kayıtlı build uygula...","","26","medium","","",""
"playerControlColumn.trainingConsolidatedNoteTemplate","playerControlColumn","ui","Progression sliders can be operated together below in the ""Compare Cockpit"" ({mode} · using {used}/{total}pt).","Gelişim kaydırıcıları aşağıdaki ""Karşılaştırma Kokpiti"" bölümünde birlikte kullanılabilir ({mode} · kullanılan {used}/{total}pt).","","","medium","","",""
"playerControlColumn.positionFitSummary","playerControlColumn","ui","Position Fit","Mevki uyumu","","16","medium","","",""
"playerControlColumn.registeredPositionLabel","playerControlColumn","ui","Registered position: ","Kayıtlı mevki: ","","28","medium","","",""
"playerControlColumn.currentOverallLabel","playerControlColumn","ui","Position-specific overall with current progression: ","Mevcut gelişimle mevkiye özel genel değer: ","","68","medium","","",""
"playerControlColumn.currentOverallValue","playerControlColumn","ui","—","—","","12","medium","","",""
"playerControlColumn.currentOverallNote","playerControlColumn","ui"," (calculation rule under review)"," (hesaplama kuralı inceleniyor)","","","medium","","",""
"playerControlColumn.overallExplanation","playerControlColumn","ui","Current progression is reflected in the 26-ability comparison above. Position-specific overall values are not shown because KONAMI has not published the formula, ability weighting, or rounding rules, and there are not enough sample display values across cards to estimate reliably (we do not show made-up numbers).","Mevcut gelişim, yukarıdaki 26 özellik karşılaştırmasına yansıtılır. KONAMI formülü, özellik ağırlıklarını veya yuvarlama kurallarını yayımlamadığından ve kartlar arasında güvenilir tahmin için yeterli örnek görüntü değeri bulunmadığından mevkiye özel genel değerler gösterilmez (uydurma sayılar göstermeyiz).","","","medium","","",""
"playerControlColumn.attachedBoosterPrefixTemplate","playerControlColumn","ui","Attached {slot}: ","Ekli {slot}: ","","23","medium","","",""
"playerControlColumn.powerOfManyNote","playerControlColumn","ui","Variable booster (gold, depends on Game Plan) · not reflected in compare ranking","Değişken güçlendirici (altın, oyun planına bağlıdır) · karşılaştırma sıralamasına yansıtılmaz","","","medium","","",""
"playerControlColumn.verifiedScreenshotNoteTemplate","playerControlColumn","ui","Confirmed via reference screenshots{fixedSuffix} · reflected in compare","Referans ekran görüntüleriyle doğrulandı{fixedSuffix} · karşılaştırmaya yansıtılır","","","medium","","",""
"playerControlColumn.fixedEstimateSuffix","playerControlColumn","ui"," · estimated fixed-type"," · tahmini sabit tip","","30","medium","","",""
"playerControlColumn.externalCrossVerifiedNoteTemplate","playerControlColumn","ui","Externally cross-verified (not KONAMI-confirmed){fixedSuffix} · reflected in compare","Harici kaynaklarla çapraz doğrulandı (KONAMI tarafından doğrulanmadı){fixedSuffix} · karşılaştırmaya yansıtılır","","","medium","","",""
"playerControlColumn.underVerificationNote","playerControlColumn","ui","Effect under verification · not reflected in compare","Etki doğrulanıyor · karşılaştırmaya yansıtılmaz","","","medium","","",""
"playerControlColumn.additionalBoosterPrefix","playerControlColumn","ui","Additional booster (B2, overrides the attached one; ","Ek güçlendirici (B2, ekli olanın yerine geçer; ","","","medium","","",""
"playerControlColumn.additionalBoosterHighlight","playerControlColumn","ui","confirmed ones affect the compare ranking","doğrulanmış olanlar karşılaştırma sıralamasını etkiler","","","medium","","",""
"playerControlColumn.additionalBoosterSuffix","playerControlColumn","ui",")",")","","12","medium","","",""
"playerControlColumn.boosterLevelAriaTemplate","playerControlColumn","accessibility","Booster level for {name}","Güçlendirici seviyesi: {name}","","32","high","","",""
"playerControlColumn.additionalBoosterAriaTemplate","playerControlColumn","accessibility","Additional booster (B2) for {name}","Ek güçlendirici (B2): {name}","","","high","","",""
"playerControlColumn.noneOption","playerControlColumn","ui","None","Yok","","12","medium","","",""
"playerControlColumn.boosterFootnotePrefix","playerControlColumn","ui","Card-attached boosters are reflected in compare under ","Karta ekli güçlendiriciler, ","","","medium","","",""
"playerControlColumn.boosterFootnoteHighlight","playerControlColumn","ui","Standard mode","Standart mod","","17","medium","","",""
"playerControlColumn.boosterFootnoteSuffix","playerControlColumn","ui"," (2 types measured via screenshot plus 27 types cross-checked between eFootball World and EFScout; includes effects assumed to be fixed-type; not confirmed by KONAMI). The additional booster (B2) applies only to that card and overrides the slot's attached effect. Confirmed B2 boosters (all of the ones listed here) also affect the normal final values and compare ranking."," seçiliyken karşılaştırmaya yansıtılır (ekran görüntüsüyle ölçülen 2 tip ile eFootball World ve EFScout arasında çapraz kontrol edilen 27 tip; sabit tip olduğu varsayılan etkiler dahil; KONAMI tarafından doğrulanmadı). Ek güçlendirici (B2) yalnızca o karta uygulanır ve pozisyonun ekli etkisinin yerine geçer. Doğrulanmış B2 güçlendiricileri (burada listelenenlerin tümü) normal son değerleri ve karşılaştırma sıralamasını da etkiler.","","","medium","","",""
"playerControlColumn.managerLabel","playerControlColumn","ui","Manager","Teknik direktör","","12","medium","","",""
"playerControlColumn.managerClearButton","playerControlColumn","ui","Clear","Temizle","","12","medium","","",""
"playerControlColumn.noManagerLabel","playerControlColumn","ui","No manager","Teknik direktör yok","","13","medium","","",""
"playerControlColumn.managerChangeButton","playerControlColumn","ui","Change","Değiştir","","12","medium","","",""
"playerControlColumn.managerChooseButton","playerControlColumn","ui","Choose from manager list","Teknik direktör listesinden seç","","32","medium","","",""
"comparisonBoard.sameTrainingLabel","comparisonBoard","ui","Same progression for all:","Herkes için aynı gelişim:","","33","medium","","",""
"comparisonBoard.sameManagerLabel","comparisonBoard","ui","Same manager for all:","Herkes için aynı teknik direktör:","","28","medium","","",""
"comparisonBoard.chooseFromManagerListButton","comparisonBoard","ui","Choose from manager list","Teknik direktör listesinden seç","","32","medium","","",""
"comparisonBoard.clearAllManagersButton","comparisonBoard","ui","Clear all managers","Tüm teknik direktörleri temizle","","24","medium","","",""
"comparisonBoard.perPlayerManagerNote","comparisonBoard","ui","To set a different manager per player, use each player's own column.","Her oyuncu için farklı bir teknik direktör ayarlamak üzere oyuncunun kendi sütununu kullanın.","","","medium","","",""
"comparisonBoard.sharedManagerPickerTitle","comparisonBoard","ui","Select manager to apply to all","Herkese uygulanacak teknik direktörü seç","","39","medium","","",""
"comparisonBoard.perPlayerManagerPickerTitleTemplate","comparisonBoard","ui","Select manager for {name}","Teknik direktör seç: {name}","","","medium","","",""
"comparisonBoard.fallbackPlayerName","comparisonBoard","ui","Player","Oyuncu","","12","medium","","",""
"comparisonBoard.maxPlayersErrorTemplate","comparisonBoard","ui","Compare supports a maximum of {max} players.","Karşılaştırma en fazla {max} oyuncuyu destekler.","","","high","","",""
"comparisonBoard.duplicateCardError","comparisonBoard","ui","The same card cannot be added twice.","Aynı kart iki kez eklenemez.","","","high","","",""
"comparisonBoard.fetchPlayerFailedError","comparisonBoard","ui","Could not fetch the player.","Oyuncu alınamadı.","","","high","","",""
"comparisonBoard.fetchPlayerErrorGeneric","comparisonBoard","ui","Failed to fetch the player.","Oyuncu alınamadı.","","","high","","",""
"comparisonBoard.buildSavedNoticeTemplate","comparisonBoard","ui","Saved ""{name}"" (selectable from player detail, My Team, and squads).","""{name}"" kaydedildi (oyuncu detayı, Takımım ve kadrolardan seçilebilir).","","","medium","","",""
"comparisonBoard.confirmOverwriteWarningTemplate","comparisonBoard","ui","Some columns have manual allocations or saved builds. Applying ""{mode}"" to everyone will overwrite them.","Bazı sütunlarda elle yapılmış dağılımlar veya kayıtlı buildler var. ""{mode}"" herkese uygulanırsa bunların üzerine yazılacak.","","","high","","",""
"comparisonBoard.overwriteTargetsLabel","comparisonBoard","ui","Will be overwritten: ","Üzerine yazılacak: ","","28","medium","","",""
"comparisonBoard.overwriteTargetTemplate","comparisonBoard","ui","Player {index} ({name})","Oyuncu {index} ({name})","","30","medium","","",""
"comparisonBoard.overwriteApplyButton","comparisonBoard","ui","Overwrite and apply","Üzerine yaz ve uygula","","25","medium","","",""
"comparisonBoard.overwriteCancelButton","comparisonBoard","ui","Cancel","İptal","","12","medium","","",""
"comparisonBoard.selectSlotOrdinalTemplate","comparisonBoard","ui","Select player {n}","Oyuncu {n} seç","","23","medium","","",""
"comparisonBoard.addPlayerToSlotButtonTemplate","comparisonBoard","ui","+ Add player {n}","+ Oyuncu {n} ekle","","21","medium","","",""
"comparisonBoard.maxPlayersNoteTemplate","comparisonBoard","ui","Compare supports a maximum of {max} players. To add another, remove one with ✕ first.","Karşılaştırma en fazla {max} oyuncuyu destekler. Başka bir oyuncu eklemek için önce birini ✕ ile kaldırın.","","","medium","","",""
"comparisonBoard.needTwoPlayersTitle","comparisonBoard","ui","Select 2 or more players to compare","Karşılaştırmak için 2 veya daha fazla oyuncu seçin","","46","medium","","",""
"comparisonBoard.needTwoPlayersDescriptionTemplate","comparisonBoard","ui","Use an empty slot above to add a player (up to {max}). Different cards of the same player can also be compared.","Oyuncu eklemek için yukarıdaki boş bir slotu kullanın (en fazla {max}). Aynı oyuncunun farklı kartları da karşılaştırılabilir.","","","medium","","",""
"comparisonBoard.browseHighOvrButton","comparisonBoard","ui","Browse high-OVR cards","Yüksek OVR'li kartlara göz at","","28","medium","","",""
"comparePage.title","comparePage","ui","Player Compare","Oyuncu Karşılaştırma","","19","medium","","",""
"comparePage.description","comparePage","ui","Compare 2-4 World cards side by side: basic info, 26 abilities, skills, progression builds, and manager corrections. Progression and manager corrections reuse the existing calculation engine (rules are still being verified). Players, progression policy, and manager are stored in the URL so you can share it.","2-4 World kartını yan yana karşılaştırın: temel bilgiler, 26 özellik, beceriler, gelişim buildleri ve teknik direktör düzeltmeleri. Gelişim ve teknik direktör düzeltmeleri mevcut hesaplama motorunu kullanır (kurallar hâlâ doğrulanıyor). Oyuncular, gelişim politikası ve teknik direktör URL'de saklanır; böylece paylaşabilirsiniz.","","","medium","","",""
"comparePage.backToPlayers","comparePage","ui","Back to player list","Oyuncu listesine dön","","25","medium","","",""
"comparePage.dataUnavailableTitle","comparePage","ui","Data unavailable","Veri kullanılamıyor","","21","medium","","",""
"comparePage.dataUnavailableDescription","comparePage","ui","World data has not been imported into SQLite.","World verileri SQLite'a aktarılmadı.","","","medium","","",""
"worldPlayerHero.backToList","worldPlayerHero","ui","Back to player list","Oyuncu listesine dön","","25","medium","","",""
"worldPlayerHero.noImage","worldPlayerHero","ui","No image","Görsel yok","","12","medium","","",""
"worldPlayerHero.maxOvrLabel","worldPlayerHero","ui","Max OVR","Maks. OVR","","12","medium","","",""
"worldPlayerHero.baseAndCapTemplate","worldPlayerHero","ui","Base {base} / Lv cap {cap}","Temel {base} / Lv sınırı {cap}","","","medium","","",""
"worldPlayerHero.noEnglishName","worldPlayerHero","ui","(No English name)","(İngilizce ad yok)","","23","medium","","",""
"worldPlayerHero.idBadgeTemplate","worldPlayerHero","ui","ID {id}","ID {id}","","12","medium","","",""
"worldPlayerHero.baseOvrLabel","worldPlayerHero","ui","Base OVR","Temel OVR","","12","medium","","",""
"worldPlayerHero.maxOvrFactLabel","worldPlayerHero","ui","Max OVR","Maks. OVR","","12","medium","","",""
"worldPlayerHero.maxLevelLabel","worldPlayerHero","ui","Max level","Maksimum seviye","","12","medium","","",""
"worldPlayerHero.preferredFootLabel","worldPlayerHero","ui","Preferred foot","Tercih edilen ayak","","19","medium","","",""
"worldPlayerHero.heightWeightTemplate","worldPlayerHero","ui","Height / Weight","Boy / Kilo","","20","medium","","",""
"worldPlayerHero.teamLabel","worldPlayerHero","ui","Team","Takım","","12","medium","","",""
"playerDetailPage.worldDataUnavailableTitle","playerDetailPage","ui","World data is unavailable","World verileri kullanılamıyor","","33","medium","","",""
"playerDetailPage.worldDataUnavailableDescription","playerDetailPage","ui","World data has not been imported into SQLite.","World verileri SQLite'a aktarılmadı.","","","medium","","",""
"playerDetailPage.backToPlayerList","playerDetailPage","ui","Back to player list","Oyuncu listesine dön","","25","medium","","",""
"playerDetailPage.analysisScopeWorldEfhub","playerDetailPage","ui","World + eFHUB detail","World + eFHUB ayrıntısı","","26","medium","","",""
"playerDetailPage.analysisScopeWorld","playerDetailPage","ui","World data","World verileri","","13","medium","","",""
"playerDetailPage.nationalityLabel","playerDetailPage","ui","Nationality","Uyruk","","15","medium","","",""
"playerDetailPage.regionLabel","playerDetailPage","ui","Region","Bölge","","12","medium","","",""
"playerDetailPage.leagueLabel","playerDetailPage","ui","League","Lig","","12","medium","","",""
"playerDetailPage.teamLabel","playerDetailPage","ui","Team","Takım","","12","medium","","",""
"playerDetailPage.ageLabel","playerDetailPage","ui","Age","Yaş","","12","medium","","",""
"playerDetailPage.heightLabel","playerDetailPage","ui","Height","Boy","","12","medium","","",""
"playerDetailPage.weightLabel","playerDetailPage","ui","Weight","Kilo","","12","medium","","",""
"playerDetailPage.preferredFootLabel","playerDetailPage","ui","Preferred foot","Tercih edilen ayak","","19","medium","","",""
"playerDetailPage.playingStyleLabel","playerDetailPage","ui","Attacking playing style","Hücum oyun tarzı","","30","medium","","",""
"playerDetailPage.playingStyleDefLabel","playerDetailPage","ui","Defensive playing style","Savunma oyun tarzı","","30","medium","","",""
"playerDetailPage.booster1Label","playerDetailPage","ui","Booster 1 (ID)","Güçlendirici 1 (ID)","","19","medium","","",""
"playerDetailPage.booster2Label","playerDetailPage","ui","Booster 2 (ID)","Güçlendirici 2 (ID)","","19","medium","","",""
"playerDetailPage.basicInfoHeading","playerDetailPage","ui","Basic Info","Temel bilgiler","","13","medium","","",""
"playerDetailPage.statsHeading","playerDetailPage","ui","Abilities (26 items, World values)","Özellikler (26 öğe, World değerleri)","","45","medium","","",""
"playerDetailPage.statsHint","playerDetailPage","ui","Excludes progression and manager corrections","Gelişim ve teknik direktör düzeltmeleri hariç","","","medium","","",""
"playerDetailPage.playerSkillsHeading","playerDetailPage","ui","Player Skills","Oyuncu becerileri","","17","medium","","",""
"playerDetailPage.noSkills","playerDetailPage","ui","No skill information.","Beceri bilgisi yok.","","28","medium","","",""
"playerDetailPage.aiStylesHeading","playerDetailPage","ui","AI Playing Styles","Yapay zekâ oyun tarzları","","23","medium","","",""
"playerDetailPage.noAiStyles","playerDetailPage","ui","No AI styles.","Yapay zekâ oyun tarzı yok.","","17","medium","","",""
"playerDetailPage.progressionHeading","playerDetailPage","ui","Progression (under verification)","Gelişim (doğrulanıyor)","","42","medium","","",""
"playerDetailPage.dataProvenanceHeading","playerDetailPage","ui","Data Provenance","Veri kaynağı bilgisi","","20","medium","","",""
"playerDetailPage.dataSourceLabel","playerDetailPage","ui","Data source","Veri kaynağı","","15","medium","","",""
"playerDetailPage.sourceUrlLabel","playerDetailPage","ui","Source URL","Kaynak URL","","13","medium","","",""
"playerDetailPage.appearanceUpdatedLabel","playerDetailPage","ui","Updated at (appearance)","Güncellenme (görünüm)","","30","medium","","",""
"playerDetailPage.fetchedAtLabel","playerDetailPage","ui","Fetched at","Alınma zamanı","","13","medium","","",""
"playerDetailPage.efhubDiffHeading","playerDetailPage","ui","Differences from eFHUB values (reference only, not auto-applied)","eFHUB değerlerinden farklar (yalnızca referans, otomatik uygulanmaz)","","84","medium","","",""
"playerDetailPage.tableItemHeader","playerDetailPage","ui","Item","Öğe","","12","medium","","",""
"playerDetailPage.tableWorldHeader","playerDetailPage","ui","World","World","","12","medium","","",""
"playerDetailPage.tableEfhubHeader","playerDetailPage","ui","eFHUB","eFHUB","","12","medium","","",""
"playerDetailPage.notYetHeading","playerDetailPage","ui","Not Yet Available (under investigation)","Henüz mevcut değil (araştırılıyor)","","51","medium","","",""
"playerDetailPage.notYetHint","playerDetailPage","ui","Items not included in the players/search API","players/search API'sinde bulunmayan öğeler","","","medium","","",""
"playerDetailPage.notYetZeroNote","playerDetailPage","ui","Not shown when the value is 0 or empty.","Değer 0 veya boş olduğunda gösterilmez.","","","medium","","",""
"playerDetailPage.notYetBadgeSuffix","playerDetailPage","ui",": under investigation",": araştırılıyor","","28","medium","","",""
"playerDetailPage.notYetSecondaryPosition","playerDetailPage","ui","Secondary position fit","İkincil mevki uyumu","","29","medium","","",""
"playerDetailPage.tabsAriaLabel","playerDetailPage","accessibility","Player detail","Oyuncu ayrıntısı","","17","high","","",""
"playerDetailPage.tabOverview","playerDetailPage","ui","Overview","Genel bakış","","12","medium","","",""
"playerDetailPage.tabStats","playerDetailPage","ui","Abilities","Özellikler","","12","medium","","",""
"playerDetailPage.tabSkills","playerDetailPage","ui","Skills","Beceriler","","12","medium","","",""
"playerDetailPage.tabProgression","playerDetailPage","ui","Progression","Gelişim","","15","medium","","",""
"playerDetailPage.tabData","playerDetailPage","ui","Data","Veriler","","12","medium","","",""
"legacyPlayerDetail.backToList","legacyPlayerDetail","ui","← Back to player list","← Oyuncu listesine dön","","28","medium","","",""
"legacyPlayerDetail.noJapaneseName","legacyPlayerDetail","ui","(No Japanese name)","(Japonca ad yok)","","24","medium","","",""
"legacyPlayerDetail.noEnglishName","legacyPlayerDetail","ui","(No English name)","(İngilizce ad yok)","","23","medium","","",""
"legacyPlayerDetail.efhubIdLabel","legacyPlayerDetail","ui","Player ID (eFHUB)","Oyuncu ID (eFHUB)","","23","medium","","",""
"legacyPlayerDetail.ovrLabel","legacyPlayerDetail","ui","OVR","OVR","","12","medium","","",""
"legacyPlayerDetail.provenanceHeading","legacyPlayerDetail","ui","Data Provenance","Veri kaynağı bilgisi","","20","medium","","",""
"legacyPlayerDetail.dataSourceLabel","legacyPlayerDetail","ui","Data source","Veri kaynağı","","15","medium","","",""
"legacyPlayerDetail.sourceUrlLabel","legacyPlayerDetail","ui","Source URL","Kaynak URL","","13","medium","","",""
"legacyPlayerDetail.httpMethodLabel","legacyPlayerDetail","ui","HTTP method","HTTP yöntemi","","15","medium","","",""
"legacyPlayerDetail.fetchedAtLabel","legacyPlayerDetail","ui","Fetched at","Alınma zamanı","","13","medium","","",""
"legacyPlayerDetail.noSourceInfo","legacyPlayerDetail","ui","No source information available.","Kaynak bilgisi yok.","","","medium","","",""
"legacyPlayerDetail.futureHeading","legacyPlayerDetail","ui","Planned for a Future Version","Gelecek sürüm için planlananlar","","37","medium","","",""
"legacyPlayerDetail.futureDescription","legacyPlayerDetail","ui","Abilities (attack/defense/physical), skills, playing styles, position-specific overall, progression, boosters, tiers, and player compare. These will be implemented after further research into eFHUB's per-player data (Phase 1-2 of docs/efootball-team-ai-design.md).","Özellikler (hücum/savunma/fizik), yetenekler, oyun tarzları, mevkiye özel genel değer, gelişim, güçlendiriciler, kademeler ve oyuncu karşılaştırma. Bunlar eFHUB'ın oyuncu başına verileri daha ayrıntılı araştırıldıktan sonra uygulanacak (docs/efootball-team-ai-design.md içindeki Aşama 1-2).","","","medium","","",""
"legacyPlayerDetail.imageProxyNote","legacyPlayerDetail","ui","Player images are fetched from efimg.com via our own proxy (/api/player-image/[id]).","Oyuncu görselleri efimg.com'dan kendi proxy'miz (/api/player-image/[id]) üzerinden alınır.","","","medium","","",""
"worldFilters.sortOvrMaxDesc","worldFilters","ui","Max OVR (high to low)","Maks. OVR (yüksekten düşüğe)","","28","medium","","",""
"worldFilters.sortOvrMaxAsc","worldFilters","ui","Max OVR (low to high)","Maks. OVR (düşükten yükseğe)","","28","medium","","",""
"worldFilters.sortOvrBaseDesc","worldFilters","ui","Base OVR (high to low)","Temel OVR (yüksekten düşüğe)","","29","medium","","",""
"worldFilters.sortOvrBaseAsc","worldFilters","ui","Base OVR (low to high)","Temel OVR (düşükten yükseğe)","","29","medium","","",""
"worldFilters.sortName","worldFilters","ui","By name (English)","Ada göre (İngilizce)","","23","medium","","",""
"worldFilters.sortUpdatedDesc","worldFilters","ui","Recently updated","En son güncellenen","","21","medium","","",""
"worldFilters.filterLabelQ","worldFilters","ui","Search","Ara","","12","medium","","",""
"worldFilters.filterLabelPosition","worldFilters","ui","Position","Mevki","","12","medium","","",""
"worldFilters.filterLabelCardType","worldFilters","ui","Card type","Kart türü","","12","medium","","",""
"worldFilters.filterLabelPlayingStyle","worldFilters","ui","Attacking PS","Hücum tarzı","","16","medium","","",""
"worldFilters.filterLabelPlayingStyleDef","worldFilters","ui","Defensive PS","Savunma tarzı","","16","medium","","",""
"worldFilters.filterLabelMinOvr","worldFilters","ui","Max OVR ≥","Maks. OVR ≥","","12","medium","","",""
"worldFilters.filterLabelMaxOvr","worldFilters","ui","Max OVR ≤","Maks. OVR ≤","","12","medium","","",""
"worldFilters.filterLabelBooster","worldFilters","ui","Booster","Güçlendirici","","12","medium","","",""
"worldFilters.searchPlaceholder","worldFilters","ui","Japanese name / English name / World ID / eFHUB ID","Japonca ad / İngilizce ad / World ID / eFHUB ID","","65","medium","","",""
"worldFilters.searchAriaLabel","worldFilters","accessibility","Search players","Oyuncu ara","","19","high","","",""
"worldFilters.sortAriaLabel","worldFilters","accessibility","Sort","Sırala","","12","high","","",""
"worldFilters.filterToggleTemplate","worldFilters","ui","Filters{count}","Filtreler{count}","","19","medium","","",""
"worldFilters.positionAriaLabel","worldFilters","accessibility","Position","Mevki","","12","high","","",""
"worldFilters.positionAll","worldFilters","ui","Position: All","Mevki: Tümü","","17","medium","","",""
"worldFilters.cardTypeAriaLabel","worldFilters","accessibility","Card type","Kart türü","","12","high","","",""
"worldFilters.cardTypeAll","worldFilters","ui","Type: All","Tür: Tümü","","12","medium","","",""
"worldFilters.playingStyleAriaLabel","worldFilters","accessibility","Attacking playing style","Hücum oyun tarzı","","30","high","","",""
"worldFilters.playingStyleAll","worldFilters","ui","Attacking PS: All","Hücum tarzı: Tümü","","23","medium","","",""
"worldFilters.playingStyleDefAriaLabel","worldFilters","accessibility","Defensive playing style","Savunma oyun tarzı","","30","high","","",""
"worldFilters.playingStyleDefAll","worldFilters","ui","Defensive PS: All","Savunma tarzı: Tümü","","23","medium","","",""
"worldFilters.minOvrPlaceholder","worldFilters","ui","Max OVR ≥","Maks. OVR ≥","","12","medium","","",""
"worldFilters.minOvrAriaLabel","worldFilters","accessibility","Max OVR lower bound","Maks. OVR alt sınırı","","25","high","","",""
"worldFilters.maxOvrPlaceholder","worldFilters","ui","Max OVR ≤","Maks. OVR ≤","","12","medium","","",""
"worldFilters.maxOvrAriaLabel","worldFilters","accessibility","Max OVR upper bound","Maks. OVR üst sınırı","","25","high","","",""
"worldFilters.clearAllButton","worldFilters","ui","Clear all","Tümünü temizle","","12","medium","","",""
"worldPlayerCard.noEnglishName","worldPlayerCard","ui","(No English name)","(İngilizce ad yok)","","23","medium","","",""
"worldPlayerCard.baseOvrLabel","worldPlayerCard","ui","Base {value}","Temel {value}","","16","medium","","",""
"worldPlayerCard.levelCapLabel","worldPlayerCard","ui","Lv cap {value}","Lv sınırı {value}","","19","medium","","",""
"worldPagination.ariaLabel","worldPagination","accessibility","Pagination","Sayfalama","","13","high","","",""
"worldPagination.rangeTemplate","worldPagination","ui","Showing {from}–{to} of {total}","Gösterilen: {from}–{to} / {total}","","","medium","","",""
"worldPagination.prevLabel","worldPagination","ui","← Previous","← Önceki","","13","medium","","",""
"worldPagination.nextLabel","worldPagination","ui","Next →","Sonraki →","","12","medium","","",""
"worldPagination.pageOfTemplate","worldPagination","ui","{page} / {totalPages}","{page} / {totalPages}","","28","medium","","",""
"playersPage.title","playersPage","ui","Players","Oyuncular","","12","medium","","",""
"playersPage.metaTemplate","playersPage","ui","{count} players","Oyuncu: {count}","","20","medium","","",""
"playersPage.descriptionTemplate","playersPage","ui","Search and filter all eFootball World cards. {importedAt}","Tüm eFootball World kartlarını arayın ve filtreleyin. {importedAt}","","","medium","","",""
"playersPage.importedAtPrefix","playersPage","ui","Imported: ","İçe aktarma: ","","13","medium","","",""
"playersPage.compareLink","playersPage","ui","Go to player compare","Oyuncu karşılaştırmasına git","","26","medium","","",""
"playersPage.noDataTitle","playersPage","ui","World data has not been set up yet","World verileri henüz ayarlanmadı","","45","medium","","",""
"playersPage.noDataDescription","playersPage","ui","Run `node scripts/sync-world-players-initial.mjs` in the terminal to import it into SQLite.","SQLite'a aktarmak için terminalde `node scripts/sync-world-players-initial.mjs` komutunu çalıştırın.","","","medium","","",""
"playersPage.loadErrorTitle","playersPage","ui","Could not load player data","Oyuncu verileri yüklenemedi","","34","high","","",""
"playersPage.loadErrorDescription","playersPage","ui","Please reload in a moment. If the problem persists, check the SQLite database.","Lütfen birazdan yeniden yükleyin. Sorun devam ederse SQLite veritabanını kontrol edin.","","","high","","",""
"playersPage.noResultsTitle","playersPage","ui","No players match your criteria","Ölçütlerinize uyan oyuncu yok","","39","medium","","",""
"playersPage.noResultsDescription","playersPage","ui","Try changing your search term or filters. Click a filter chip to clear it individually.","Arama teriminizi veya filtrelerinizi değiştirmeyi deneyin. Tek tek temizlemek için bir filtre çipine tıklayın.","","","medium","","",""
"playersPage.clearAllFiltersButton","playersPage","ui","Clear all filters","Tüm filtreleri temizle","","23","medium","","",""
"playersPage.noCardsTitle","playersPage","ui","No cards to display","Gösterilecek kart yok","","25","medium","","",""
"playersPage.noCardsDescription","playersPage","ui","Check that World data has been imported.","World verilerinin içe aktarıldığını kontrol edin.","","","medium","","",""
"playersPage.showingRangeTemplate","playersPage","ui","Showing {from}–{to} of {total}","Gösterilen: {from}–{to} / {total}","","","medium","","",""
"playersPage.dataSourcePrefix","playersPage","ui","Data source: ","Veri kaynağı: ","","17","medium","","",""
"playersPage.defaultSourceName","playersPage","ui","eFootball World","eFootball World","","20","medium","","",""
"tagEditor.duplicateTag","tagEditor","ui","This tag already exists.","Bu etiket zaten var.","","32","medium","","",""
"tagEditor.maxTagsTemplate","tagEditor","ui","You can add up to {max} tags.","En fazla {max} etiket ekleyebilirsiniz.","","","medium","","",""
"tagEditor.labelTemplate","tagEditor","ui","Tags (optional, up to {maxTags}, {maxLen} characters each)","Etiketler (isteğe bağlı, en fazla {maxTags}, her biri {maxLen} karakter)","","","medium","","",""
"tagEditor.removeTagAriaTemplate","tagEditor","accessibility","Remove tag ""{tag}""","Etiketi kaldır: ""{tag}""","","24","high","","",""
"tagEditor.placeholder","tagEditor","ui","e.g. Main / Dribbler / Progression candidate","ör. Ana / Top sürücü / Gelişim adayı","","","medium","","",""
"tagEditor.addButton","tagEditor","ui","Add","Ekle","","12","medium","","",""
"myTeamAddDialog.editTitle","myTeamAddDialog","ui","Edit My Team Record","Takımım kaydını düzenle","","25","medium","","",""
"myTeamAddDialog.addTitle","myTeamAddDialog","ui","Add to My Team","Takımım'a ekle","","19","medium","","",""
"myTeamAddDialog.saveFailedFallback","myTeamAddDialog","ui","Could not save.","Kaydedilemedi.","","20","high","","",""
"myTeamAddDialog.introAddTemplate","myTeamAddDialog","ui","This adds {playerName} (ID {worldCardId}) to My Team. My Team manages cards you actually own. It is independent of Favorites — adding here does not add it to Favorites.","Bu işlem şu oyuncuyu Takımım'a ekler: {playerName} (ID {worldCardId}). Takımım, gerçekten sahip olduğunuz kartları yönetir. Favorilerden bağımsızdır; buraya eklemek Favorilere eklemez.","","","medium","","",""
"myTeamAddDialog.introEditTemplate","myTeamAddDialog","ui","This edits the My Team record for {playerName} (ID {worldCardId}). My Team manages cards you actually own, independent of Favorites.","Bu işlem şu oyuncunun Takımım kaydını düzenler: {playerName} (ID {worldCardId}). Takımım, gerçekten sahip olduğunuz kartları Favorilerden bağımsız olarak yönetir.","","","medium","","",""
"myTeamAddDialog.ownershipLabel","myTeamAddDialog","ui","Ownership status","Sahiplik durumu","","21","medium","","",""
"myTeamAddDialog.usageLabel","myTeamAddDialog","ui","Usage status (optional)","Kullanım durumu (isteğe bağlı)","","30","medium","","",""
"myTeamAddDialog.usageNote","myTeamAddDialog","ui","Usage status is separate from actual squad placement. Setting it to ""Main"" does not automatically place the card in a squad.","Kullanım durumu, kadrodaki gerçek yerleşimden ayrıdır. ""Ana"" olarak ayarlamak kartı otomatik olarak bir kadroya yerleştirmez.","","","medium","","",""
"myTeamAddDialog.noteLabelTemplate","myTeamAddDialog","ui","Note (optional, up to {max} characters)","Not (isteğe bağlı, en fazla {max} karakter)","","","medium","","",""
"myTeamAddDialog.notePlaceholder","myTeamAddDialog","ui","e.g. Planned as ST / strong 1v1 / adjust progression next","ör. ST olarak planlanıyor / 1'e 1'de güçlü / sırada gelişim ayarı var","","75","medium","","",""
"myTeamAddDialog.noteCountTemplate","myTeamAddDialog","ui","{count} / {max}","{count} / {max}","","20","medium","","",""
"myTeamAddDialog.cancelButton","myTeamAddDialog","ui","Cancel","İptal","","12","medium","","",""
"myTeamAddDialog.saveButton","myTeamAddDialog","ui","Save","Kaydet","","12","medium","","",""
"myTeamAddDialog.addButton","myTeamAddDialog","ui","Add to My Team","Takımım'a ekle","","19","medium","","",""
"myTeamButton.registeredAria","myTeamButton","accessibility","Registered in My Team","Takımım'a kayıtlı","","28","high","","",""
"myTeamButton.registeredLabel","myTeamButton","ui","Registered in My Team","Takımım'a kayıtlı","","28","medium","","",""
"myTeamButton.openInMyTeamLink","myTeamButton","ui","Open in My Team","Takımım'da aç","","20","medium","","",""
"myTeamButton.addButton","myTeamButton","ui","Add to My Team","Takımım'a ekle","","19","medium","","",""
"myTeamButton.unavailableNote","myTeamButton","ui","This browser cannot save","Bu tarayıcı kaydedemiyor","","32","medium","","",""
"favoritesView.pageTitle","favoritesView","metadata","Favorites","Favoriler","","12","medium","","",""
"favoritesView.pageDescription","favoritesView","metadata","Save cards you're interested in, and check their progression and compare them later. Cards you don't own can be registered too.","İlgilendiğiniz kartları kaydedin, gelişimlerini daha sonra kontrol edip karşılaştırın. Sahip olmadığınız kartlar da kaydedilebilir.","","","medium","","",""
"favoritesView.emptyTitle","favoritesView","ui","You have no favorites yet","Henüz favoriniz yok","","33","medium","","",""
"favoritesView.emptyDescription","favoritesView","ui","Add cards using the star icon in the players list or on a player's detail page. Cards you don't own can be favorited too.","Oyuncu listesinde veya oyuncu detay sayfasındaki yıldız simgesiyle kart ekleyin. Sahip olmadığınız kartlar da favorilere eklenebilir.","","","medium","","",""
"favoritesView.noResultsTitle","favoritesView","ui","No favorites match your criteria","Ölçütlerinize uyan favori yok","","42","medium","","",""
"favoritesView.removeLabel","favoritesView","ui","Remove from favorites","Favorilerden kaldır","","28","medium","","",""
"favoritesView.scopeLoadingMessage","favoritesView","ui","Checking your account…","Hesabınız kontrol ediliyor…","","29","medium","","",""
"favoriteButton.saveFailedFallback","favoriteButton","ui","Could not save","Kaydedilemedi","","19","high","","",""
"favoriteButton.removeLabel","favoriteButton","ui","Remove from favorites","Favorilerden kaldır","","28","medium","","",""
"favoriteButton.addLabel","favoriteButton","ui","Add to favorites","Favorilere ekle","","21","medium","","",""
"favoriteButton.favoritedCompactLabel","favoriteButton","ui","Favorited","Favoride","","12","medium","","",""
"favoriteButton.notFavoritedCompactLabel","favoriteButton","ui","Favorite","Favori","","12","medium","","",""
"favoriteButton.favoritedLabel","favoriteButton","ui","Favorited","Favorilerde","","12","medium","","",""
"favoriteButton.addFavoriteLabel","favoriteButton","ui","Add to favorites","Favorilere ekle","","21","medium","","",""
"favoriteButton.unavailableNote","favoriteButton","ui","This browser cannot save (lost when closed)","Bu tarayıcı kaydedemiyor (kapatınca kaybolur)","","","medium","","",""
"userCardFilters.sortAddedDesc","userCardFilters","ui","Recently added","En son eklenen","","19","medium","","",""
"userCardFilters.sortAddedAsc","userCardFilters","ui","Oldest added","En eski eklenen","","16","medium","","",""
"userCardFilters.sortOvrDesc","userCardFilters","ui","OVR (high to low)","OVR (yüksekten düşüğe)","","23","medium","","",""
"userCardFilters.sortOvrAsc","userCardFilters","ui","OVR (low to high)","OVR (düşükten yükseğe)","","23","medium","","",""
"userCardFilters.sortName","userCardFilters","ui","By name","Ada göre","","12","medium","","",""
"userCardFilters.sortPosition","userCardFilters","ui","By position","Mevkiye göre","","15","medium","","",""
"userCardFilters.searchSrLabel","userCardFilters","ui","Search","Ara","","12","medium","","",""
"userCardFilters.searchPlaceholder","userCardFilters","ui","Player name / team / nationality / card ID","Oyuncu adı / takım / uyruk / kart ID","","55","medium","","",""
"userCardFilters.sortAriaLabel","userCardFilters","accessibility","Sort","Sırala","","12","high","","",""
"userCardFilters.positionFilterAriaLabel","userCardFilters","accessibility","Filter by position","Mevkiye göre filtrele","","24","high","","",""
"userCardFilters.positionFilterAll","userCardFilters","ui","Position: All","Mevki: Tümü","","17","medium","","",""
"userCardFilters.cardTypeFilterAriaLabel","userCardFilters","accessibility","Filter by card type","Kart türüne göre filtrele","","25","high","","",""
"userCardFilters.cardTypeFilterAll","userCardFilters","ui","Card type: All","Kart türü: Tümü","","19","medium","","",""
"userCardFilters.ownershipFilterAriaLabel","userCardFilters","accessibility","Filter by ownership status","Sahiplik durumuna göre filtrele","","34","high","","",""
"userCardFilters.ownershipFilterAll","userCardFilters","ui","Ownership: All","Sahiplik: Tümü","","19","medium","","",""
"userCardFilters.ownershipOwned","userCardFilters","ui","Owned","Sahip","","12","medium","","",""
"userCardFilters.ownershipWanted","userCardFilters","ui","Wanted","İstenen","","12","medium","","",""
"userCardFilters.ownershipReleased","userCardFilters","ui","Released","Serbest bırakıldı","","12","medium","","",""
"userCardFilters.ownershipUnknown","userCardFilters","ui","Not set","Ayarlanmadı","","12","medium","","",""
"userCardFilters.inTeamFilterAriaLabel","userCardFilters","accessibility","Filter by ownership","Sahipliğe göre filtrele","","25","high","","",""
"userCardFilters.inTeamFilterAll","userCardFilters","ui","Ownership: All","Sahiplik: Tümü","","19","medium","","",""
"userCardFilters.inTeamFilterYes","userCardFilters","ui","In My Team","Takımım'da","","13","medium","","",""
"userCardFilters.inTeamFilterNo","userCardFilters","ui","Not in My Team","Takımım'da değil","","19","medium","","",""
"userCardFilters.boosterFilterAriaLabel","userCardFilters","accessibility","Filter by booster","Güçlendiriciye göre filtrele","","23","high","","",""
"userCardFilters.boosterFilterAll","userCardFilters","ui","Booster: All","Güçlendirici: Tümü","","16","medium","","",""
"userCardFilters.boosterFilterHas","userCardFilters","ui","Has booster","Güçlendiricili","","15","medium","","",""
"userCardFilters.boosterFilterPom","userCardFilters","ui","Has Power of Many","Power of Many var","","23","medium","","",""
"userCardFilters.clearFiltersButton","userCardFilters","ui","Clear filters","Filtreleri temizle","","17","medium","","",""
"userCardFilters.countTemplate","userCardFilters","ui","{shown} / {total}","{shown} / {total}","","23","medium","","",""
"userCardTile.compareAddedMsg","userCardTile","ui","Added to compare.","Karşılaştırmaya eklendi.","","23","medium","","",""
"userCardTile.compareAlreadyMsg","userCardTile","ui","Already in compare.","Zaten karşılaştırmada.","","25","medium","","",""
"userCardTile.compareFullMsg","userCardTile","ui","Compare is at the maximum number of players.","Karşılaştırma maksimum oyuncu sayısında.","","","medium","","",""
"userCardTile.compareFailedMsg","userCardTile","ui","Could not add.","Eklenemedi.","","19","high","","",""
"userCardTile.resolvingCardInfo","userCardTile","ui","Resolving card information…","Kart bilgileri alınıyor…","","","medium","","",""
"userCardTile.boosterGold","userCardTile","ui","Gold","Altın","","12","medium","","",""
"userCardTile.boosterBlue","userCardTile","ui","Blue","Mavi","","12","medium","","",""
"userCardTile.noBuildsSaved","userCardTile","ui","No builds in TeamAIXI","TeamAIXI'de build yok","","28","medium","","",""
"userCardTile.selectedBuildTemplate","userCardTile","ui","Selected build: {name} ({count} saved)","Seçili build: {name} (kayıtlı: {count})","","","medium","","",""
"userCardTile.buildsSavedTemplate","userCardTile","ui","Builds saved in TeamAIXI ({count})","TeamAIXI'de kayıtlı buildler ({count})","","","medium","","",""
"userCardTile.usedInSquadsCountTemplate","userCardTile","ui","In use in {count} squad(s): ","Kullanıldığı kadro sayısı: {count} — ","","","medium","","",""
"userCardTile.detailLink","userCardTile","ui","Details","Detaylar","","12","medium","","",""
"userCardTile.progressionLink","userCardTile","ui","Progression","Gelişim","","15","medium","","",""
"userCardTile.addToCompareButton","userCardTile","ui","Add to compare","Karşılaştırmaya ekle","","19","medium","","",""
"userCardTile.defaultRemoveLabel","userCardTile","ui","Remove","Kaldır","","12","medium","","",""
"userCardTile.ownershipOwned","userCardTile","ui","Owned","Sahip","","12","medium","","",""
"userCardTile.ownershipWanted","userCardTile","ui","Wanted","İstenen","","12","medium","","",""
"userCardTile.ownershipReleased","userCardTile","ui","Released","Serbest bırakıldı","","12","medium","","",""
"userCardTile.ownershipUnknown","userCardTile","ui","Not set","Ayarlanmadı","","12","medium","","",""
"userCardTile.usageMain","userCardTile","ui","Main","Ana","","12","medium","","",""
"userCardTile.usageRotation","userCardTile","ui","Rotation","Rotasyon","","12","medium","","",""
"userCardTile.usageReserve","userCardTile","ui","Reserve","Yedek","","12","medium","","",""
"userCardTile.usageUnused","userCardTile","ui","Unused","Kullanılmayan","","12","medium","","",""
"userCardTile.usageUnknown","userCardTile","ui","Not set","Ayarlanmadı","","12","medium","","",""
"localStorageNotice.whatFavorites","localStorageNotice","ui","Favorites","Favoriler","","12","medium","","",""
"localStorageNotice.whatMyTeam","localStorageNotice","ui","My Team","Takımım","","12","medium","","",""
"localStorageNotice.whatBuilds","localStorageNotice","ui","Saved progression builds","Kayıtlı gelişim buildleri","","32","medium","","",""
"localStorageNotice.whatFavoritesAndMyTeam","localStorageNotice","ui","Favorites and My Team","Favoriler ve Takımım","","28","medium","","",""
"localStorageNotice.bodyPrefixTemplate","localStorageNotice","ui","{what} is currently saved ","{what} şu anda ","","","medium","","",""
"localStorageNotice.bodyBold","localStorageNotice","ui","only in this browser","yalnızca bu tarayıcıda","","26","medium","","",""
"localStorageNotice.bodySuffix","localStorageNotice","ui",". Syncing or backing up to another device, or saving to a server, is not yet supported. Login and account sync are planned for a future version."," kaydediliyor. Başka bir cihaza senkronizasyon veya yedekleme ya da bir sunucuya kaydetme henüz desteklenmiyor. Giriş ve hesap senkronizasyonu gelecekteki bir sürüm için planlanıyor.","","","medium","","",""
"localStorageNotice.bodySuffixMyTeam","localStorageNotice","ui",". After logging in, you can use an alpha trial feature on the account screen to explicitly save and retrieve My Team from the cloud. This is not automatic sync across devices."," kaydediliyor. Giriş yaptıktan sonra, hesap ekranındaki alfa deneme özelliğiyle Takımım'ı buluta açıkça kaydedip geri alabilirsiniz. Bu, cihazlar arasında otomatik senkronizasyon değildir.","","","medium","","",""
"myTeam.pageTitle","myTeam","metadata","My Team","Takımım","","12","medium","","",""
"myTeam.pageDescription","myTeam","metadata","Manage cards you actually own and connect them to progression builds, compare, and squads. Managed independently from Favorites.","Gerçekten sahip olduğunuz kartları yönetin ve onları gelişim buildlerine, karşılaştırmaya ve kadrolara bağlayın. Favorilerden bağımsız olarak yönetilir.","","","medium","","",""
"myTeam.emptyTitle","myTeam","ui","My Team has no cards yet","Takımım'da henüz kart yok","","32","medium","","",""
"myTeam.emptyDescription","myTeam","ui","Add cards you own to connect them to progression builds and squads.","Gelişim buildlerine ve kadrolara bağlamak için sahip olduğunuz kartları ekleyin.","","","medium","","",""
"myTeam.findPlayersLink","myTeam","ui","Find players","Oyuncu bul","","16","medium","","",""
"myTeam.viewFavoritesLink","myTeam","ui","View favorites","Favorileri görüntüle","","19","medium","","",""
"myTeam.notAvailableNotice","myTeam","ui","Cannot save in this browser. Additions and changes may be lost when you close the page.","Bu tarayıcıda kaydedilemiyor. Sayfayı kapattığınızda eklemeler ve değişiklikler kaybolabilir.","","","medium","","",""
"myTeam.ownedCardCountLabel","myTeam","ui","Owned cards","Sahip olunan kartlar","","15","medium","","",""
"myTeam.totalFavoriteCountLabel","myTeam","ui","Favorites (overall)","Favoriler (toplam)","","25","medium","","",""
"myTeam.mainCardCountLabel","myTeam","ui","Main cards","Ana kartlar","","13","medium","","",""
"myTeam.buildsSavedCountLabel","myTeam","ui","Builds saved in TeamAIXI","TeamAIXI'de kayıtlı buildler","","32","medium","","",""
"myTeam.buildsSavedNote","myTeam","ui","""Builds saved"" reflects storage state within TeamAIXI — it is separate from actual in-game progression.","""Kayıtlı buildler"" TeamAIXI içindeki kayıt durumunu gösterir; oyundaki gerçek gelişimden ayrıdır.","","","medium","","",""
"myTeam.noResultsTitle","myTeam","ui","No cards match your criteria","Ölçütlerinize uyan kart yok","","37","medium","","",""
"myTeam.noResultsDescription","myTeam","ui","Try changing your search term or filters.","Arama teriminizi veya filtreleri değiştirmeyi deneyin.","","","medium","","",""
"myTeam.clearFiltersButton","myTeam","ui","Clear filters","Filtreleri temizle","","17","medium","","",""
"myTeam.resolvingCards","myTeam","ui","Resolving card information…","Kart bilgileri alınıyor…","","","medium","","",""
"myTeam.editButton","myTeam","ui","Edit","Düzenle","","12","medium","","",""
"myTeam.useInSquadLink","myTeam","ui","Use in squad","Kadroda kullan","","16","medium","","",""
"myTeam.removeFromMyTeamLabel","myTeam","ui","Remove from My Team","Takımım'dan çıkar","","25","medium","","",""
"myTeam.savedBuildHeading","myTeam","ui","Saved Build","Kayıtlı build","","15","medium","","",""
"myTeam.selectedPrefix","myTeam","ui","Selected: ","Seçili: ","","13","medium","","",""
"myTeam.favoritePrefix","myTeam","ui","Favorite: ","Favori: ","","13","medium","","",""
"myTeam.noneLabel","myTeam","ui","None","Yok","","12","medium","","",""
"myTeam.buildMissingLabel","myTeam","ui","Not found (deleted)","Bulunamadı (silinmiş)","","25","medium","","",""
"myTeam.savedCountSuffix","myTeam","ui","{count} saved","Kayıtlı: {count}","","17","medium","","",""
"myTeam.quickSelectLabel","myTeam","ui","Quick select:","Hızlı seçim:","","17","medium","","",""
"myTeam.quickSelectNone","myTeam","ui","None","Yok","","12","medium","","",""
"myTeam.legacyRulesSuffix","myTeam","ui"," (outdated rules)"," (eski kurallar)","","23","medium","","",""
"myTeam.chooseBuildButton","myTeam","ui","Choose saved build","Kayıtlı build seç","","24","medium","","",""
"myTeam.openInProgressionLink","myTeam","ui","Open in Progression","Gelişimde aç","","25","medium","","",""
"myTeam.removeConfirmTitle","myTeam","ui","Remove from My Team?","Takımım'dan çıkarılsın mı?","","26","high","","",""
"myTeam.removeConfirmButton","myTeam","ui","Remove from My Team","Takımım'dan çıkar","","25","high","","",""
"myTeam.removeConfirmBodyTemplate","myTeam","ui","This removes {name} from My Team.","Bu işlem şu oyuncuyu Takımım'dan çıkarır: {name}","","","high","","",""
"myTeam.removeConfirmNote","myTeam","ui","Favorites, saved progression builds, saved squads, and compare state are not deleted (only the association is removed).","Favoriler, kayıtlı gelişim buildleri, kayıtlı kadrolar ve karşılaştırma durumu silinmez (yalnızca ilişki kaldırılır).","","","high","","",""
"myTeam.customUsageSuffix","myTeam","ui"," · Custom"," · Özel","","12","medium","","",""
"myTeam.starterUsageTemplate","myTeam","ui","Starter {role}","İlk 11 · {role}","","19","medium","","",""
"myTeam.captainUsageSuffix","myTeam","ui"," · C"," · K","","12","medium","","",""
"myTeam.benchUsageLabel","myTeam","ui","Bench","Yedek","","12","medium","","",""
"myTeam.selectedBuildAriaTemplate","myTeam","accessibility","Selected build for {name}","Seçili build: {name}","","","high","","",""
"myTeam.scopeLoadingMessage","myTeam","ui","Checking your account…","Hesabınız kontrol ediliyor…","","29","medium","","",""
"myTeam.legacyNoticeTemplate","myTeam","ui","There are {count} My Team item(s) saved to this browser from before account separation. This data has not been deleted. To use it under your current account, open the local data migration screen.","Hesap ayrımından önce bu tarayıcıya kaydedilmiş Takımım öğesi sayısı: {count}. Bu veriler silinmedi. Mevcut hesabınızla kullanmak için yerel veri taşıma ekranını açın.","","","medium","","",""
"myTeam.migrationLinkLabel","myTeam","ui","Open local data migration screen","Yerel veri taşıma ekranını aç","","42","medium","","",""
"bench.modeNone","bench","ui","No progression","Gelişim yok","","19","medium","","",""
"bench.modeAttack","bench","ui","Attack","Hücum","","12","medium","","",""
"bench.modeDefense","bench","ui","Defense","Savunma","","12","medium","","",""
"bench.modeBalance","bench","ui","Balance","Denge","","12","medium","","",""
"bench.modeGk","bench","ui","GK","GK","","12","medium","","",""
"bench.heading","bench","ui","Bench","Yedek kulübesi","","12","medium","","",""
"bench.addButton","bench","ui","+ Add bench player","+ Yedek oyuncu ekle","","24","medium","","",""
"bench.empty","bench","ui","No bench players registered.","Kayıtlı yedek oyuncu yok.","","","medium","","",""
"bench.moveCandidatePrefix","bench","ui","Move target — ","Taşıma hedefi — ","","19","medium","","",""
"bench.movingPrefix","bench","ui","Moving — ","Taşınıyor — ","","12","medium","","",""
"bench.benchSlotLabel","bench","ui","Bench","Yedek","","12","medium","","",""
"bench.moveSwapSuffix","bench","ui"," · Select to swap"," · Yer değiştirmek için seçin","","23","medium","","",""
"bench.moveStartSuffix","bench","ui"," · Select to start move/substitution"," · Taşıma/oyuncu değişikliği başlatmak için seçin","","","medium","","",""
"bench.positionUnknown","bench","ui","?","?","","12","medium","","",""
"bench.displayedOvrPrefix","bench","ui","Displayed OVR ","Gösterilen OVR ","","19","medium","","",""
"bench.ovrUnknown","bench","ui","–","–","","12","medium","","",""
"bench.loadingLabel","bench","ui","Loading…","Yükleniyor…","","12","medium","","",""
"bench.errorLabel","bench","ui","Failed to load","Yüklenemedi","","19","high","","",""
"bench.moveUpAriaTemplate","bench","accessibility","Move {name} up","Yukarı taşı: {name}","","19","high","","",""
"bench.moveDownAriaTemplate","bench","accessibility","Move {name} down","Aşağı taşı: {name}","","21","high","","",""
"bench.removeButton","bench","ui","Remove","Kaldır","","12","medium","","",""
"bench.staleBuildLabel","bench","ui","Outdated-rule build","Eski kurallı build","","25","medium","","",""
"bench.buildModeAriaTemplate","bench","accessibility","Bench progression focus for {name}","Yedek gelişim odağı: {name}","","","high","","",""
"bench.squadBuildLabelPrefix","bench","ui","Squad build: ","Kadro buildi: ","","17","medium","","",""
"bench.buildNotSet","bench","ui","Not set","Ayarlanmadı","","12","medium","","",""
"bench.buildDeleted","bench","ui","Deleted","Silindi","","12","high","","",""
"bench.chooseBuildButton","bench","ui","Choose saved build","Kayıtlı build seç","","24","medium","","",""
"bench.moveToBenchAria","bench","accessibility","Move target — move to bench","Taşıma hedefi — yedek kulübesine taşı","","36","high","","",""
"bench.moveToBenchButton","bench","ui","Move here (to bench)","Buraya taşı (yedek kulübesine)","","26","medium","","",""
"bestXi.pageTitle","bestXi","metadata","AI Best XI | TeamAIXI","AI Best XI | TeamAIXI","","28","medium","","",""
"bestXi.heading","bestXi","ui","AI Best XI","AI Best XI","","13","medium","","",""
"bestXi.description","bestXi","ui","Selects a starting XI from your saved players and builds using deterministic rules.","Kayıtlı oyuncularınız ve buildleriniz arasından deterministik kurallarla bir ilk 11 seçer.","","","medium","","",""
"bestXi.disclaimerNotAi","bestXi","ui","AI Best XI uses your saved data and deterministic selection rules. It does not use generative AI and never sends data to an external AI service.","AI Best XI, kayıtlı verilerinizi ve deterministik seçim kurallarını kullanır. Üretken yapay zekâ kullanmaz ve verileri asla harici bir yapay zekâ hizmetine göndermez.","","","medium","","",""
"bestXi.modeLabel","bestXi","ui","Overall / whole-team optimization","Genel / tüm takım optimizasyonu","","43","medium","","",""
"bestXi.modeDescription","bestXi","ui","Overall / whole-team optimization compares all 11 slots together, so no single extremely high rating can hide other weak slots, and selects a 4-3-3 starting XI from your saved candidates (no weighted-sum ""AI score"" is used).","Genel / tüm takım optimizasyonu 11 pozisyonun tamamını birlikte karşılaştırır; böylece tek bir çok yüksek derece diğer zayıf pozisyonları gizleyemez ve kayıtlı adaylarınız arasından 4-3-3 bir ilk 11 seçer (ağırlıklı toplamlı bir ""AI puanı"" kullanılmaz).","","","medium","","",""
"bestXi.formationNotice","bestXi","ui","This initial version always selects using a 4-3-3 formation.","Bu ilk sürüm her zaman 4-3-3 dizilişiyle seçim yapar.","","","medium","","",""
"bestXi.criteriaHeading","bestXi","ui","Selection criteria (in priority order)","Seçim ölçütleri (öncelik sırasına göre)","","50","medium","","",""
"bestXi.criteriaFilledSlots","bestXi","ui","1. Maximize the number of required slots that can be filled","1. Doldurulabilen zorunlu pozisyon sayısını en üst düzeye çıkar","","","medium","","",""
"bestXi.criteriaExactPosition","bestXi","ui","2. Maximize the number of players placed in their exact registered position","2. Tam olarak kayıtlı mevkisine yerleştirilen oyuncu sayısını en üst düzeye çıkar","","","medium","","",""
"bestXi.criteriaRelatedMinimized","bestXi","ui","3. Keep placements in a related (non-exact) position to the necessary minimum","3. İlişkili (tam olmayan) bir mevkiye yerleştirmeyi gereken en az düzeyde tut","","","medium","","",""
"bestXi.criteriaPositionRatingBalance","bestXi","ui","4. Compare each position's estimated rating by raising the weakest slot first, so one standout player never hides the rest","4. Her mevkinin tahmini derecesini önce en zayıf pozisyonu yükselterek karşılaştır; böylece tek bir yıldız oyuncu diğerlerini asla gizlemez","","","medium","","",""
"bestXi.criteriaAbilityDataConfidence","bestXi","ui","5. Prefer candidates whose ability data could be confirmed","5. Özellik verileri doğrulanabilen adayları tercih et","","","medium","","",""
"bestXi.criteriaIntentSupplementary","bestXi","ui","6. Use any saved development intent (intended position) only as a supplementary factor that never overrides actual suitability or rating","6. Kayıtlı gelişim niyetini (hedef mevki) yalnızca gerçek uygunluğun veya derecenin önüne asla geçmeyen yardımcı bir etken olarak kullan","","","medium","","",""
"bestXi.resultStatsTemplate","bestXi","ui","{filled} / 11 slots filled (exact position: {exact}, related position: {related})","Doldurulan pozisyon: {filled} / 11 (tam mevki: {exact}, ilişkili mevki: {related})","","","medium","","",""
"bestXi.candidatePoolTemplate","bestXi","ui","Candidates: {playerCount} saved players, {buildCount} available builds","Adaylar: kayıtlı oyuncu sayısı {playerCount}, kullanılabilir build sayısı {buildCount}","","","medium","","",""
"bestXi.generateButton","bestXi","ui","Build Best XI","Best XI oluştur","","17","medium","","",""
"bestXi.regenerateButton","bestXi","ui","Re-select","Yeniden seç","","12","medium","","",""
"bestXi.generatingText","bestXi","ui","Selecting…","Seçiliyor…","","13","medium","","",""
"bestXi.staleNoticeText","bestXi","ui","Your candidate data may have changed. Re-select to use the latest data.","Aday verileriniz değişmiş olabilir. En güncel verileri kullanmak için yeniden seçin.","","","medium","","",""
"bestXi.emptyMyTeamHeading","bestXi","ui","No players registered in My Team","Takımım'da kayıtlı oyuncu yok","","42","medium","","",""
"bestXi.emptyMyTeamBody","bestXi","ui","AI Best XI selects from the player cards and saved builds registered in My Team. Add players to My Team first.","AI Best XI, Takımım'a kayıtlı oyuncu kartları ve kayıtlı buildler arasından seçim yapar. Önce Takımım'a oyuncu ekleyin.","","","medium","","",""
"bestXi.goToMyTeamLink","bestXi","ui","Go to My Team","Takımım'a git","","17","medium","","",""
"bestXi.goToBuildInventoryLink","bestXi","ui","View saved builds","Kayıtlı buildleri görüntüle","","23","medium","","",""
"bestXi.unfilledSlotsHeading","bestXi","ui","Open slots","Boş pozisyonlar","","13","medium","","",""
"bestXi.unfilledSlotNoCandidate","bestXi","ui","No candidates found.","Aday bulunamadı.","","26","medium","","",""
"bestXi.unfilledSlotOnlyIneligibleCandidates","bestXi","ui","No eligible candidates found.","Uygun aday bulunamadı.","","","medium","","",""
"bestXi.needMorePlayersTemplate","bestXi","ui","{count} more candidates are needed to complete the starting XI.","İlk 11'i tamamlamak için gereken ek aday sayısı: {count}","","","medium","","",""
"bestXi.needOnePlayerText","bestXi","ui","1 more candidate is needed to complete the starting XI.","İlk 11'i tamamlamak için 1 aday daha gerekiyor.","","","medium","","",""
"bestXi.addPlayersHint","bestXi","ui","Add players to My Team, or create a saved build.","Takımım'a oyuncu ekleyin veya kayıtlı bir build oluşturun.","","","medium","","",""
"bestXi.selectedBuildLabel","bestXi","ui","Build used","Kullanılan build","","13","medium","","",""
"bestXi.noSavedBuildLabel","bestXi","ui","No saved build (currently confirmable ability values)","Kayıtlı build yok (şu an doğrulanabilen özellik değerleri)","","69","medium","","",""
"bestXi.suitabilityLabel","bestXi","ui","Position suitability","Mevki uygunluğu","","26","medium","","",""
"bestXi.suitabilityExact","bestXi","ui","Natural position","Doğal mevki","","21","medium","","",""
"bestXi.suitabilityRelated","bestXi","ui","Unconfirmed (nearby position)","Doğrulanmadı (yakın mevki)","","","medium","","",""
"bestXi.suitabilityUnresolved","bestXi","ui","Unconfirmed","Doğrulanmadı","","15","medium","","",""
"bestXi.positionRatingLabel","bestXi","ui","Estimated rating for this position","Bu mevki için tahmini derece","","45","medium","","",""
"bestXi.positionRatingUnavailable","bestXi","ui","Unavailable","Kullanılamıyor","","15","medium","","",""
"bestXi.reasonsHeading","bestXi","ui","Selection reasons","Seçim nedenleri","","23","medium","","",""
"bestXi.reasonExactPosition","bestXi","ui","Matches the registered position.","Kayıtlı mevkiyle eşleşiyor.","","","medium","","",""
"bestXi.reasonTopPositionRating","bestXi","ui","The highest-rated candidate for this position among the pool.","Adaylar arasında bu mevki için en yüksek dereceye sahip aday.","","","medium","","",""
"bestXi.reasonOnlyEligibleCandidate","bestXi","ui","The only eligible candidate for this slot.","Bu pozisyon için uygun tek aday.","","","medium","","",""
"bestXi.reasonBestBuildAmongOwnBuilds","bestXi","ui","The best-fitting build among this player's multiple saved builds.","Bu oyuncunun birden fazla kayıtlı buildi arasında en uygun olanı.","","","medium","","",""
"bestXi.reasonFullAbilityDataConfirmed","bestXi","ui","The saved build's ability data could be confirmed.","Kayıtlı buildin özellik verileri doğrulanabildi.","","","high","","",""
"bestXi.reasonNoSavedBuildUsesBaseStats","bestXi","ui","No saved build exists, so the currently confirmable ability values are used.","Kayıtlı build olmadığından şu an doğrulanabilen özellik değerleri kullanılıyor.","","","medium","","",""
"bestXi.reasonIntentPositionMatch","bestXi","ui","Matches the intended position declared in the saved development intent (a supplementary reason).","Kayıtlı gelişim niyetinde belirtilen hedef mevkiyle eşleşiyor (yardımcı neden).","","","medium","","",""
"bestXi.reasonOptimalOverallPlacement","bestXi","ui","Not this player's individually best position, but this slot was chosen to optimize the team as a whole.","Bu oyuncunun tek başına en iyi mevkisi değil, ancak bu pozisyon takımı bir bütün olarak optimize etmek için seçildi.","","","medium","","",""
"bestXi.alternativesHeading","bestXi","ui","Notable alternatives","Dikkat çeken alternatifler","","26","medium","","",""
"bestXi.alternativesEmptyText","bestXi","ui","There are no notable alternative candidates.","Dikkat çeken alternatif aday yok.","","","medium","","",""
"bestXi.alternativesSlotPrefixTemplate","bestXi","ui","{position}:","{position}:","","15","medium","","",""
"bestXi.exclusionSameCardBuildUsedElsewhere","bestXi","ui","Another saved build of the same player is already used elsewhere in this team.","Aynı oyuncunun başka bir kayıtlı buildi bu takımda zaten başka bir yerde kullanılıyor.","","","medium","","",""
"bestXi.exclusionLowerPositionRating","bestXi","ui","The selected player rated higher for this position.","Seçilen oyuncunun bu mevki için derecesi daha yüksekti.","","","medium","","",""
"bestXi.exclusionLowerSuitability","bestXi","ui","The selected player had better position suitability.","Seçilen oyuncunun mevki uygunluğu daha iyiydi.","","","medium","","",""
"bestXi.exclusionAbilityDataUnavailable","bestXi","ui","Ability data could not be confirmed.","Özellik verileri doğrulanamadı.","","","medium","","",""
"bestXi.exclusionUsedInOtherRequiredSlot","bestXi","ui","The same player is already used in another required slot.","Aynı oyuncu başka bir zorunlu pozisyonda zaten kullanılıyor.","","","medium","","",""
"bestXi.exclusionNoAppropriateSlotInFormation","bestXi","ui","There is no appropriate slot for this candidate in this formation.","Bu dizilişte bu aday için uygun bir pozisyon yok.","","","medium","","",""
"bestXi.exclusionLegacyRulesLimitedComparison","bestXi","ui","This build was saved under outdated rules, so comparison is limited.","Bu build eski kurallarla kaydedildiği için karşılaştırma sınırlı.","","","medium","","",""
"bestXi.exclusionPositionSuitabilityUnresolved","bestXi","ui","The player's suitability for this position could not be confirmed, so the candidate was excluded from automatic selection.","Oyuncunun bu mevkiye uygunluğu doğrulanamadığı için aday otomatik seçimden çıkarıldı.","","","medium","","",""
"bestXi.exclusionGkFieldMismatch","bestXi","ui","The goalkeeper and outfield positions do not match, so the candidate was excluded from automatic selection.","Kaleci ve saha oyuncusu mevkileri eşleşmediği için aday otomatik seçimden çıkarıldı.","","","medium","","",""
"bestXi.limitationsHeading","bestXi","ui","Limitations","Sınırlamalar","","15","medium","","",""
"bestXi.limitationSingleFormationOnly","bestXi","ui","This initial version only supports the 4-3-3 formation.","Bu ilk sürüm yalnızca 4-3-3 dizilişini destekler.","","","medium","","",""
"bestXi.limitationNoBenchSelection","bestXi","ui","Bench members are not selected.","Yedek oyuncular seçilmez.","","","medium","","",""
"bestXi.limitationNoManagerSelection","bestXi","ui","Manager bonuses are not applied in this version.","Bu sürümde teknik direktör bonusları uygulanmaz.","","","medium","","",""
"bestXi.limitationPersonIdentityUnavailable","bestXi","ui","This version does not detect duplicates across different cards of the same real player, because no reliable identity data exists for that. Duplicate use of the same card or the same saved build is still prevented.","Bu sürüm, aynı gerçek oyuncunun farklı kartları arasındaki tekrarları algılamaz; çünkü bunun için güvenilir kimlik verisi yok. Aynı kartın veya aynı kayıtlı buildin tekrar kullanımı yine de engellenir.","","","medium","","",""
"bestXi.limitationAdditionalPositionAptitudeLimited","bestXi","ui","Additional-position aptitude data is only available for a small subset of cards, so most candidates are judged using only their registered position.","Ek mevki uygunluk verileri yalnızca az sayıda kart için mevcut; bu nedenle adayların çoğu yalnızca kayıtlı mevkilerine göre değerlendirilir.","","","medium","","",""
"bestXi.limitationLargeCandidatePoolBounded","bestXi","ui","When the candidate pool is extremely large, selection uses each position's top candidates to remain deterministic.","Aday havuzu çok büyük olduğunda, seçimin deterministik kalması için her mevkinin en iyi adayları kullanılır.","","","medium","","",""
"bestXi.notAWinPredictionText","bestXi","ui","This is not a win-rate or match-result prediction feature.","Bu bir kazanma oranı veya maç sonucu tahmin özelliği değildir.","","","medium","","",""
"bestXi.resultsNotSavedText","bestXi","ui","This selection result is not saved. It disappears when you leave the page.","Bu seçim sonucu kaydedilmez. Sayfadan ayrıldığınızda kaybolur.","","","medium","","",""
"bestXi.withinYourCandidatesText","bestXi","ui","This is the best XI within your own saved candidates.","Bu, yalnızca kendi kayıtlı adaylarınız içindeki en iyi 11'dir.","","","medium","","",""
"bestXi.unavailableCardNoWorldCardData","bestXi","ui","Player data could not be retrieved.","Oyuncu verileri alınamadı.","","","medium","","",""
"bestXi.unavailableCardNoAbilityData","bestXi","ui","Ability data could not be confirmed.","Özellik verileri doğrulanamadı.","","","medium","","",""
"bestXi.unavailableCardsHeading","bestXi","ui","My Team players that could not be used as candidates","Aday olarak kullanılamayan Takımım oyuncuları","","68","medium","","",""
"bestXi.pitchViewHeading","bestXi","ui","Formation view","Diziliş görünümü","","19","medium","","",""
"bestXi.listViewHeading","bestXi","ui","Selected players","Seçilen oyuncular","","21","medium","","",""
"bestXi.slotEmptyLabel","bestXi","ui","Not selected","Seçilmedi","","16","medium","","",""
"bestXi.legacyRuleBadge","bestXi","ui","Outdated rules","Eski kurallar","","19","medium","","",""
"bestXi.alternativeCandidateCountTemplate","bestXi","ui","{count} more candidates available","Diğer aday sayısı: {count}","","","medium","","",""
"bestXi.playerDetailToggleAriaTemplate","bestXi","accessibility","Show or hide selection reasons for {name}","Seçim nedenlerini göster veya gizle: {name}","","","high","","",""
"bestXi.closePanelAriaTemplate","bestXi","accessibility","Close details for {name}","Ayrıntıları kapat: {name}","","32","high","","",""
"footer.ariaLandmark","footer","core","Site footer","Site alt bilgisi","","15","high","","",""
"footer.aboutLink","footer","core","About","Hakkında","","12","high","","",""
"footer.termsLink","footer","core","Terms of use","Kullanım koşulları","","16","high","","",""
"footer.privacyLink","footer","core","Privacy","Gizlilik","","12","high","","",""
"footer.disclaimerLink","footer","core","Disclaimer","Sorumluluk reddi","","13","high","","",""
"footer.dataManagementLink","footer","core","Data management","Veri yönetimi","","20","high","","",""
"footer.supportLink","footer","core","Support","Destek","","12","high","","",""
"footer.releaseReadinessLink","footer","core","Release readiness","Yayın hazırlığı","","23","high","","",""
"footer.unofficialNotice","footer","core","TeamAIXI is an unofficial squad analysis tool for eFootball™. It is not an official KONAMI or eFootball™ service and is not endorsed by, affiliated with or operated by KONAMI. Trademarks and product names belong to their respective owners. Data, analysis and diagnoses may contain errors or delays and do not guarantee in-game decisions.","TeamAIXI, eFootball™ için resmi olmayan bir kadro analiz aracıdır. KONAMI'nin veya eFootball™'un resmi bir hizmeti değildir; KONAMI tarafından onaylanmamış, KONAMI ile bağlantılı değildir ve KONAMI tarafından işletilmez. Ticari markalar ve ürün adları ilgili sahiplerine aittir. Veriler, analizler ve değerlendirmeler hata veya gecikme içerebilir ve oyun içi kararlar için garanti vermez.","","","high","","",""
"footer.draftBadge","footer","core","v1.0 · Free · No sign-in","v1.0 · Ücretsiz · Giriş gerekmez","","32","high","","",""
"about.pageTitle","about","metadata","About | TeamAIXI","Hakkında | TeamAIXI","","21","medium","","",""
"about.pageDescriptionMeta","about","metadata","What you can do with TeamAIXI v1.0 and what v1.0 does not offer.","TeamAIXI v1.0 ile neler yapabileceğiniz ve v1.0'ın neleri sunmadığı.","","","medium","","",""
"about.heading","about","ui","About this service","Bu hizmet hakkında","","24","medium","","",""
"about.intro","about","ui","TeamAIXI is an unofficial squad analysis tool for eFootball™ for browsing player data, progression planning, comparing players, diagnosing squads and sharing results. TeamAIXI v1.0 is free and can be used without signing in. Account features are planned for a future update.","TeamAIXI; oyuncu verilerine göz atmak, gelişim planlamak, oyuncuları karşılaştırmak, kadroları analiz etmek ve sonuçları paylaşmak için eFootball™'a yönelik resmi olmayan bir kadro analiz aracıdır. TeamAIXI v1.0 ücretsizdir ve giriş yapmadan kullanılabilir. Hesap özellikleri gelecekteki bir güncelleme için planlanıyor.","","","medium","","",""
"about.ruleBasedNotice","about","ui","Features whose name includes ""AI"" (such as AI Best XI) are not generative AI. They are rule-based analysis built on confirmable ability values and deterministic rules.","Adında ""AI"" geçen özellikler (AI Best XI gibi) üretken yapay zekâ değildir. Doğrulanabilen özellik değerleri ve deterministik kurallar üzerine kurulu, kurala dayalı analizlerdir.","","","medium","","",""
"about.externalAiNotice","about","ui","Analysis content is never sent to an external AI service.","Analiz içeriği asla harici bir yapay zekâ hizmetine gönderilmez.","","","medium","","",""
"about.scopeNotice","about","ui","Analysis only considers the candidates you have saved (My Team and saved builds).","Analiz yalnızca kaydettiğiniz adayları (Takımım ve kayıtlı buildler) dikkate alır.","","","medium","","",""
"about.availableHeading","about","ui","Available now","Şu anda kullanılabilir","","17","medium","","",""
"about.availablePlayerBrowsing","about","ui","Browsing player and card data","Oyuncu ve kart verilerine göz atma","","","medium","","",""
"about.availableProgressionCalc","about","ui","Progression calculation (26 abilities, standard OVR, position-specific rating)","Gelişim hesaplaması (26 özellik, standart OVR, mevkiye özel derece)","","","medium","","",""
"about.availableMyTeam","about","ui","My Team (managing owned players)","Takımım (sahip olunan oyuncuları yönetme)","","","medium","","",""
"about.availableSavedBuilds","about","ui","Saved builds (saved progression allocations)","Kayıtlı buildler (kaydedilmiş gelişim dağılımları)","","","medium","","",""
"about.availableBuildAnalysis","about","ui","Build Analysis (progression-goal analysis)","Build Analizi (gelişim hedefi analizi)","","","medium","","",""
"about.availablePresets","about","ui","Training-goal presets (45 presets across 9 categories)","Antrenman hedefi hazır ayarları (9 kategoride 45 hazır ayar)","","","medium","","",""
"about.availableNormalHarshMode","about","ui","Standard and harsh evaluation modes (a difference in presentation only; calculations are identical)","Standart ve açık sözlü değerlendirme modları (yalnızca sunum farkı; hesaplamalar aynıdır)","","","medium","","",""
"about.availableCardCompare","about","ui","Comparing multiple builds of the same card","Aynı kartın birden fazla buildini karşılaştırma","","","medium","","",""
"about.availableDiagnosisCard","about","ui","Diagnosis result card","Analiz sonucu kartı","","28","medium","","",""
"about.availablePngExport","about","ui","Saving as a PNG image","PNG görseli olarak kaydetme","","28","medium","","",""
"about.availableSavedSquads","about","ui","Saved squads","Kayıtlı kadrolar","","16","medium","","",""
"about.availableSquadDiagnosis","about","ui","Squad diagnosis","Kadro analizi","","20","medium","","",""
"about.availableBestXi","about","ui","AI Best XI (rule-based selection from your saved candidates)","AI Best XI (kayıtlı adaylarınız arasından kurala dayalı seçim)","","","medium","","",""
"about.availableJsonBackup","about","ui","JSON backup of saved builds (export and import)","Kayıtlı buildlerin JSON yedeği (dışa ve içe aktarma)","","","medium","","",""
"about.availableAccountAuth","about","ui","Every feature works without signing in (account features are planned for a future update)","Tüm özellikler giriş yapmadan çalışır (hesap özellikleri gelecekteki bir güncelleme için planlanıyor)","","","medium","","",""
"about.availableReferenceDataSupabase","about","ui","Player and manager data is updated automatically on a schedule (only updates that pass the safety checks are applied automatically; anything else is reviewed by the operator)","Oyuncu ve teknik direktör verileri belirli aralıklarla otomatik olarak güncellenir (yalnızca güvenlik kontrollerinden geçen güncellemeler otomatik uygulanır; diğerleri operatör tarafından incelenir)","","","medium","","",""
"about.betaHeading","about","ui","Known limitations","Bilinen sınırlamalar","","23","medium","","",""
"about.betaBestXiIntro","about","ui","AI Best XI works, but has the following known limitations.","AI Best XI çalışır, ancak aşağıdaki bilinen sınırlamalara sahiptir.","","","medium","","",""
"about.betaBestXiDedupLimit","about","ui","It does not detect when the same real player appears on multiple different cards.","Aynı gerçek oyuncunun birden fazla farklı kartta yer aldığını algılamaz.","","","medium","","",""
"about.betaBestXiSubPositionLimit","about","ui","Additional-position aptitude data is only available for a small subset of cards.","Ek mevki uygunluk verileri yalnızca az sayıda kart için mevcut.","","","medium","","",""
"about.betaBestXiPoolScopeLimit","about","ui","Selection only considers the candidates you have saved (it does not search every card automatically).","Seçim yalnızca kaydettiğiniz adayları dikkate alır (tüm kartları otomatik olarak aramaz).","","","medium","","",""
"about.betaMyTeamCloudSave","about","ui","Your data is stored in this browser. Move it to another device with export and import on the Data management page","Verileriniz bu tarayıcıda saklanır. Başka bir cihaza taşımak için Veri yönetimi sayfasındaki dışa ve içe aktarmayı kullanın","","","medium","","",""
"about.betaReferenceDataAutoUpdateDryRun","about","ui","Reference data is refreshed from an hourly automatic check, so it may lag behind the game","Referans veriler saatlik otomatik kontrolle yenilenir; bu nedenle oyunun gerisinde kalabilir","","","medium","","",""
"about.notProvidedHeading","about","ui","Not provided","Sunulmayanlar","","16","medium","","",""
"about.notProvidedSync","about","ui","Automatic sync across devices","Cihazlar arası otomatik senkronizasyon","","","medium","","",""
"about.notProvidedCloudBackup","about","ui","Automatic cloud backup of all data (automatic saving of data other than My Team)","Tüm verilerin otomatik bulut yedeği (Takımım dışındaki verilerin otomatik kaydı)","","","medium","","",""
"about.notProvidedFriends","about","ui","Friends, rivals and public profiles","Arkadaşlar, rakipler ve herkese açık profiller","","","medium","","",""
"about.notProvidedRanking","about","ui","Rankings and usage statistics","Sıralamalar ve kullanım istatistikleri","","","medium","","",""
"about.notProvidedBilling","about","ui","Payments and billing","Ödemeler ve faturalandırma","","26","medium","","",""
"about.notProvidedPro","about","ui","A paid Pro plan","Ücretli Pro plan","","20","medium","","",""
"about.notProvidedNativeApp","about","ui","A native app","Yerel uygulama","","16","medium","","",""
"about.notProvidedVoiceChat","about","ui","Posts, comments, photo posts and community","Gönderiler, yorumlar, fotoğraf paylaşımları ve topluluk","","","medium","","",""
"about.notProvidedGenerativeAi","about","ui","Any generative AI or external AI API integration","Herhangi bir üretken yapay zekâ veya harici yapay zekâ API entegrasyonu","","","medium","","",""
"about.notOfficialNotice","about","ui","The Service is not an official KONAMI or eFootball™ service and is not endorsed by, affiliated with or operated by KONAMI.","Hizmet, resmi bir KONAMI veya eFootball™ hizmeti değildir; KONAMI tarafından onaylanmamış, KONAMI ile bağlantılı değildir ve KONAMI tarafından işletilmemektedir.","","","medium","","",""
"about.winRateNotice","about","ui","Analysis results do not guarantee win rates or match outcomes.","Analiz sonuçları kazanma oranını veya maç sonuçlarını garanti etmez.","","","medium","","",""
"about.draftNotice","about","ui","This page describes TeamAIXI v1.0 (October 4, 2026). Features may change in future updates.","Bu sayfa TeamAIXI v1.0'ı (4 Ekim 2026) açıklar. Özellikler gelecekteki güncellemelerde değişebilir.","","","medium","","",""
"dataManagement.pageTitle","dataManagement","metadata","Data Management | TeamAIXI","Veri yönetimi | TeamAIXI","","34","medium","","",""
"dataManagement.pageDescriptionMeta","dataManagement","metadata","Where your saved data lives, how to back it up, and how to delete it.","Kayıtlı verilerinizin nerede tutulduğu, nasıl yedekleneceği ve nasıl silineceği.","","","medium","","",""
"dataManagement.heading","dataManagement","ui","Data management","Veri yönetimi","","20","medium","","",""
"dataManagement.intro","dataManagement","ui","This page explains what data is stored where, what happens if you delete it, and how to back it up.","Bu sayfa hangi verilerin nerede saklandığını, silindiğinde ne olacağını ve nasıl yedekleneceğini açıklar.","","","medium","","",""
"dataManagement.draftNotice","dataManagement","ui","This description is a beta-preparation draft based on the current implementation.","Bu açıklama, mevcut uygulamaya dayanan bir beta hazırlık taslağıdır.","","","medium","","",""
"dataManagement.storedDataHeading","dataManagement","ui","Data that is stored","Saklanan veriler","","25","medium","","",""
"dataManagement.storedDataBody","dataManagement","ui","Favorites, My Team, saved builds (including allocations and saved training intent), saved squads, squad templates, and display settings are currently stored in your browser's localStorage.","Favoriler, Takımım, kayıtlı buildler (dağılımlar ve kayıtlı antrenman amacı dahil), kayıtlı kadrolar, kadro şablonları ve görüntüleme ayarları şu anda tarayıcınızın localStorage alanında saklanır.","","","medium","","",""
"dataManagement.browserRiskHeading","dataManagement","ui","Effects of clearing browser data","Tarayıcı verilerini temizlemenin etkileri","","42","medium","","",""
"dataManagement.browserRiskBody","dataManagement","ui","If you clear data (browsing history, site data, etc.) from your browser settings, saved content may not be recoverable.","Tarayıcı ayarlarınızdan verileri (tarama geçmişi, site verileri vb.) temizlerseniz kayıtlı içerik kurtarılamayabilir.","","","medium","","",""
"dataManagement.browserRiskSameDeviceDifferentBrowser","dataManagement","ui","Even on the same computer, a different browser is treated as having entirely separate data.","Aynı bilgisayarda bile farklı bir tarayıcı tamamen ayrı verilere sahip kabul edilir.","","","medium","","",""
"dataManagement.browserRiskPrivateMode","dataManagement","ui","In private/incognito mode, saved content may not persist once the window is closed.","Gizli/özel modda, pencere kapatıldığında kayıtlı içerik korunmayabilir.","","","medium","","",""
"dataManagement.browserRiskBrowserSettings","dataManagement","ui","Depending on your browser settings, site data may be deleted automatically after a period of time.","Tarayıcı ayarlarınıza bağlı olarak site verileri belirli bir süre sonra otomatik olarak silinebilir.","","","medium","","",""
"dataManagement.noSyncNoCloudBody","dataManagement","ui","There is currently no automatic sync across devices and no cloud backup. Data does not automatically carry over to another device or browser.","Şu anda cihazlar arasında otomatik eşitleme ve bulut yedeği yoktur. Veriler başka bir cihaza veya tarayıcıya otomatik olarak aktarılmaz.","","","medium","","",""
"dataManagement.jsonBackupHeading","dataManagement","ui","JSON backup","JSON yedeği","","15","medium","","",""
"dataManagement.jsonBackupBody","dataManagement","ui","Saved builds can be exported to and imported from a JSON file.","Kayıtlı buildler bir JSON dosyasına dışa aktarılabilir ve JSON dosyasından içe aktarılabilir.","","","medium","","",""
"dataManagement.jsonBackupWhereBody","dataManagement","ui","Export and import are available from the ""My Builds"" or saved-builds list screen.","Dışa ve içe aktarma, ""Buildlerim"" veya kayıtlı buildler listesi ekranından yapılabilir.","","","medium","","",""
"dataManagement.jsonBackupTimingRecommendation","dataManagement","ui","We recommend taking a JSON backup regularly whenever you create or update an important saved build.","Önemli bir kayıtlı build oluşturduğunuzda veya güncellediğinizde düzenli olarak JSON yedeği almanızı öneririz.","","","medium","","",""
"dataManagement.jsonBackupContentWarning","dataManagement","ui","A JSON file may contain the content of your saved builds (allocations, saved training intent, etc.).","Bir JSON dosyası kayıtlı buildlerinizin içeriğini (dağılımlar, kayıtlı antrenman amacı vb.) içerebilir.","","","high","","",""
"dataManagement.jsonBackupSharingWarning","dataManagement","ui","Keep backup JSON files somewhere safe, and avoid publishing them publicly.","Yedek JSON dosyalarını güvenli bir yerde saklayın ve herkese açık olarak yayımlamaktan kaçının.","","","high","","",""
"dataManagement.jsonBackupImportWarning","dataManagement","ui","Do not casually import a JSON file from an unknown source.","Kaynağı bilinmeyen bir JSON dosyasını gelişigüzel içe aktarmayın.","","","high","","",""
"dataManagement.howToDeleteHeading","dataManagement","ui","How to delete individual data","Verileri tek tek silme","","38","high","","",""
"dataManagement.howToDeleteBuild","dataManagement","ui","Deleting a saved build: delete it from ""My Builds"" or the saved-builds list.","Kayıtlı buildi silme: ""Buildlerim"" veya kayıtlı buildler listesinden silin.","","","high","","",""
"dataManagement.howToDeleteMyTeam","dataManagement","ui","Removing from My Team: use the menu on each player in ""My Team"" to delete or change ownership status.","Takımım'dan kaldırma: ""Takımım"" ekranında her oyuncunun menüsünden silin veya sahiplik durumunu değiştirin.","","","high","","",""
"dataManagement.howToDeleteSquad","dataManagement","ui","Deleting a saved squad: delete it from the squad list.","Kayıtlı kadroyu silme: kadro listesinden silin.","","","high","","",""
"dataManagement.howToDeleteIntentOnly","dataManagement","ui","Deleting only the saved training intent: from a saved build's edit screen, you can discard the training-intent settings (the build itself remains).","Yalnızca kayıtlı antrenman amacını silme: kayıtlı buildin düzenleme ekranından antrenman amacı ayarlarını silebilirsiniz (buildin kendisi kalır).","","","high","","",""
"dataManagement.deleteAllHeading","dataManagement","ui","Delete all local data","Tüm yerel verileri sil","","28","high","","",""
"dataManagement.deleteAllIntro","dataManagement","ui","This deletes all of the Service's data stored in this browser at once. It does not affect SQLite (player/manager data) or the data of any other site.","Bu işlem, Hizmet'in bu tarayıcıda saklanan tüm verilerini tek seferde siler. SQLite'ı (oyuncu/teknik direktör verileri) veya başka herhangi bir sitenin verilerini etkilemez.","","","high","","",""
"dataManagement.deleteAllTargetHeading","dataManagement","ui","What will be deleted","Silinecekler","","26","high","","",""
"dataManagement.deleteAllTargetFavorites","dataManagement","ui","Favorites","Favoriler","","12","high","","",""
"dataManagement.deleteAllTargetMyTeam","dataManagement","ui","My Team","Takımım","","12","high","","",""
"dataManagement.deleteAllTargetBuilds","dataManagement","ui","Saved builds (including saved training intent)","Kayıtlı buildler (kayıtlı antrenman amacı dahil)","","","high","","",""
"dataManagement.deleteAllTargetSquads","dataManagement","ui","Saved squads","Kayıtlı kadrolar","","16","high","","",""
"dataManagement.deleteAllTargetTemplates","dataManagement","ui","Squad templates","Kadro şablonları","","20","high","","",""
"dataManagement.deleteAllTargetEditorPrefs","dataManagement","ui","Squad editor display settings","Kadro düzenleyici görüntüleme ayarları","","","high","","",""
"dataManagement.deleteAllTargetComparisonState","dataManagement","ui","Temporary squad comparison state","Geçici kadro karşılaştırma durumu","","","high","","",""
"dataManagement.deleteAllExcludedNote","dataManagement","ui","Your language setting and sidebar collapsed state are not deleted.","Dil ayarınız ve kenar çubuğunun daraltılmış durumu silinmez.","","","high","","",""
"dataManagement.deleteAllScopeNote","dataManagement","ui","This bulk deletion only targets the shared (legacy) data saved to this browser before account separation. Your current guest (signed-out) area, and your signed-in account's own My Team, My Builds, Favorites, Saved Squads, and Squad Templates areas, along with your cloud My Team, are not deleted by this action.","Bu toplu silme yalnızca hesap ayrımından önce bu tarayıcıya kaydedilmiş ortak (eski) verileri hedefler. Mevcut misafir (oturum kapalı) alanınız ve oturum açmış hesabınıza ait Takımım, Buildlerim, Favoriler, Kayıtlı kadrolar ve Kadro şablonları alanları ile buluttaki Takımım bu işlemle silinmez.","","","high","","",""
"dataManagement.deleteAllNothingToDelete","dataManagement","ui","There is currently no data to delete.","Şu anda silinecek veri yok.","","","high","","",""
"dataManagement.deleteAllStartButton","dataManagement","ui","Delete all local data","Tüm yerel verileri sil","","28","high","","",""
"dataManagement.deleteAllConfirmTitle","dataManagement","ui","Are you sure you want to delete everything?","Her şeyi silmek istediğinizden emin misiniz?","","56","high","","",""
"dataManagement.deleteAllConfirmBody","dataManagement","ui","This action cannot be undone. All of the data listed above will be deleted.","Bu işlem geri alınamaz. Yukarıda listelenen tüm veriler silinecek.","","","high","","",""
"dataManagement.deleteAllConfirmButton","dataManagement","ui","Delete","Sil","","12","high","","",""
"dataManagement.deleteAllCancelButton","dataManagement","ui","Cancel","İptal","","12","high","","",""
"dataManagement.deleteAllBackupReminder","dataManagement","ui","We recommend backing up any important saved builds to JSON before deleting.","Silmeden önce önemli kayıtlı buildleri JSON olarak yedeklemenizi öneririz.","","","high","","",""
"dataManagement.deleteAllInProgress","dataManagement","ui","Deleting…","Siliniyor…","","12","high","","",""
"dataManagement.deleteAllSuccessMessage","dataManagement","ui","Local data has been deleted.","Yerel veriler silindi.","","","high","","",""
"dataManagement.deleteAllFailureMessage","dataManagement","ui","Deletion failed. Please check your browser settings and try again.","Silme başarısız oldu. Lütfen tarayıcı ayarlarınızı kontrol edip tekrar deneyin.","","","high","","",""
"dataManagement.deleteAllPartialFailureMessage","dataManagement","ui","Some data could not be deleted. Please reload the page and try again.","Bazı veriler silinemedi. Lütfen sayfayı yeniden yükleyip tekrar deneyin.","","","high","","",""
"dataManagement.deleteAllStorageUnavailable","dataManagement","ui","Browser storage is not available in this environment, so there is no data to delete.","Bu ortamda tarayıcı depolaması kullanılamadığından silinecek veri yok.","","","high","","",""
"support.pageTitle","support","metadata","Support | TeamAIXI","Destek | TeamAIXI","","24","high","","",""
"support.pageDescriptionMeta","support","metadata","How to contact us, report a bug, or reach us as a rights holder.","Bize nasıl ulaşacağınız, hata nasıl bildireceğiniz veya hak sahibi olarak nasıl iletişime geçeceğiniz.","","","high","","",""
"support.heading","support","ui","Support","Destek","","12","high","","",""
"support.intro","support","ui","This page explains how to contact us about the Service or report a bug.","Bu sayfa, Hizmet hakkında bizimle nasıl iletişime geçeceğinizi veya bir hatayı nasıl bildireceğinizi açıklar.","","","high","","",""
"support.draftNotice","support","ui","Support for TeamAIXI v1.0. A single operator handles messages in order; reply times cannot be promised.","TeamAIXI v1.0 desteği. Mesajlar tek bir işletmeci tarafından sırayla yanıtlanır; yanıt süresi taahhüt edilemez.","","","high","","",""
"support.notConfiguredNotice","support","ui","The support contact channel is being prepared before release.","Destek iletişim kanalı yayın öncesinde hazırlanıyor.","","","high","","",""
"support.sharedChannelIntro","support","ui","General inquiries, bug reports, contact from rights holders, and privacy inquiries are currently all handled through a shared contact channel.","Genel sorular, hata bildirimleri, hak sahiplerinden gelen iletişimler ve gizlilik soruları şu anda tek bir ortak iletişim kanalı üzerinden yanıtlanmaktadır.","","","high","","",""
"support.sharedChannelEmailLabel","support","ui","Contact email address","İletişim e-posta adresi","","28","high","","",""
"support.dedicatedChannelLabel","support","ui","TeamAIXI Support","TeamAIXI Destek","","21","high","","",""
"support.contactSafetyNotice","support","ui","Do not send passwords, verification codes, API keys, secrets, addresses, phone numbers, or other personal information. Bug reports should include only the screen, steps, time of occurrence, device, operating system, and browser.","Şifre, doğrulama kodu, API anahtarı, gizli bilgi, adres, telefon numarası veya diğer kişisel bilgileri göndermeyin. Hata bildirimleri yalnızca ekranı, adımları, oluşma zamanını, cihazı, işletim sistemini ve tarayıcıyı içermelidir.","","","high","","",""
"support.sendMailButtonLabel","support","ui","Send an email","E-posta gönder","","17","high","","",""
"support.betaLimitsHeading","support","ui","Known limitations in v1.0","v1.0'daki bilinen sınırlamalar","","33","high","","",""
"support.betaLimitsIntro","support","ui","Please note the following.","Lütfen aşağıdakilere dikkat edin.","","","high","","",""
"support.betaLimitData","support","ui","Player and manager data is updated from an hourly automatic check (GitHub's scheduler can occasionally leave gaps of a few hours) and may differ from the latest in-game content; see ""Imported"" on each page for the update date.","Oyuncu ve teknik direktör verileri saatlik otomatik kontrolle güncellenir (GitHub zamanlayıcısı zaman zaman birkaç saatlik boşluklar bırakabilir) ve oyundaki en güncel içerikten farklı olabilir; güncelleme tarihi için her sayfadaki ""İçe aktarma"" bilgisine bakın.","","","high","","",""
"support.betaLimitStorage","support","ui","My Team, saved builds, saved squads and similar data are stored in your current browser. Full automatic sync across devices is not available (My Team cloud save is an alpha feature).","Takımım, kayıtlı buildler, kayıtlı kadrolar ve benzeri veriler mevcut tarayıcınızda saklanır. Cihazlar arasında tam otomatik eşitleme yoktur (Takımım bulut kaydı bir alfa özelliğidir).","","","high","","",""
"support.betaLimitRecommendation","support","ui","Suggestions such as the Best XI are reference information based on this Service's own rules, not official ratings.","En İyi 11 gibi öneriler, bu Hizmet'in kendi kurallarına dayanan referans bilgilerdir; resmi değerlendirmeler değildir.","","","high","","",""
"support.betaLimitChanges","support","ui","Features, screens and data formats may change in future updates.","Özellikler, ekranlar ve veri biçimleri gelecekteki güncellemelerde değişebilir.","","","high","","",""
"support.betaLimitWorldLag","support","ui","Player card (World) data only reflects updates that pass the safety checks after each automatic check, so it may lag behind the game and the data source. The counts and import date on the home page are the current values.","Oyuncu kartı (World) verileri yalnızca her otomatik kontrolden sonra güvenlik denetimlerinden geçen güncellemeleri yansıtır; bu nedenle oyunun ve veri kaynağının gerisinde kalabilir. Ana sayfadaki sayılar ve içe aktarma tarihi güncel değerlerdir.","","","high","","",""
"support.betaLimitNoPayment","support","ui","TeamAIXI is free. Continued availability is not guaranteed. TeamAIXI is an unofficial squad analysis tool for eFootball™. It is not an official KONAMI or eFootball™ service.","TeamAIXI ücretsizdir. Hizmetin sürekliliği garanti edilmez. TeamAIXI, eFootball™ için resmi olmayan bir kadro analiz aracıdır. Resmi bir KONAMI veya eFootball™ hizmeti değildir.","","","high","","",""
"support.betaLimitDataDeletion","support","ui","Data saved in this browser can be deleted on the ""Data management"" page. To request account deletion, please contact us using the channels below.","Bu tarayıcıda kayıtlı veriler ""Veri yönetimi"" sayfasında silinebilir. Hesap silme talebi için lütfen aşağıdaki kanallardan bizimle iletişime geçin.","","","high","","",""
"support.betaLimitsFeedback","support","ui","Please tell us about anything you notice or any bugs via ""Bug reports"" below.","Fark ettiğiniz her şeyi veya hataları lütfen aşağıdaki ""Hata bildirimleri"" üzerinden bize bildirin.","","","high","","",""
"support.mailtoAriaGeneral","support","accessibility","Send an email for a general inquiry","Genel soru için e-posta gönder","","","high","","",""
"support.mailtoAriaBugReport","support","accessibility","Send an email to report a bug","Hata bildirmek için e-posta gönder","","","high","","",""
"support.mailtoAriaRights","support","accessibility","Send an email as a rights holder","Hak sahibi olarak e-posta gönder","","","high","","",""
"support.mailtoAriaPrivacy","support","accessibility","Send an email for a privacy inquiry","Gizlilik sorusu için e-posta gönder","","","high","","",""
"support.mailtoSubjectGeneral","support","ui","TeamAIXI General Inquiry","TeamAIXI Genel Soru","","32","high","","",""
"support.mailtoSubjectBugReport","support","ui","TeamAIXI Bug Report","TeamAIXI Hata Bildirimi","","25","high","","",""
"support.mailtoSubjectRights","support","ui","TeamAIXI Rights-Related Contact","TeamAIXI Haklarla İlgili İletişim","","","high","","",""
"support.mailtoSubjectPrivacy","support","ui","TeamAIXI Privacy Inquiry","TeamAIXI Gizlilik Sorusu","","32","high","","",""
"support.safetyNoticeHeading","support","ui","Before you contact us","Bizimle iletişime geçmeden önce","","28","high","","",""
"support.safetyNoPassword","support","ui","Please do not send a password.","Lütfen şifre göndermeyin.","","","high","","",""
"support.safetyNoAuthCode","support","ui","Please do not send an authentication code.","Lütfen kimlik doğrulama kodu göndermeyin.","","","high","","",""
"support.safetyNoRecoveryCode","support","ui","Please do not send a recovery code.","Lütfen kurtarma kodu göndermeyin.","","","high","","",""
"support.safetyNoPaymentInfo","support","ui","Please do not send payment information.","Lütfen ödeme bilgisi göndermeyin.","","","high","","",""
"support.safetyNoUnnecessaryPersonalInfo","support","ui","Please do not include unnecessary personal information.","Lütfen gereksiz kişisel bilgi eklemeyin.","","","high","","",""
"support.generalContactHeading","support","ui","General inquiries","Genel sorular","","23","high","","",""
"support.generalContactIntro","support","ui","Please send general inquiries and bug reports here.","Genel sorularınızı ve hata bildirimlerinizi lütfen buraya gönderin.","","","high","","",""
"support.generalContactUnset","support","ui","A general inquiry channel is currently being prepared.","Genel soru kanalı şu anda hazırlanıyor.","","","high","","",""
"support.generalContactEmailLabel","support","ui","Contact email","İletişim e-postası","","17","high","","",""
"support.bugReportHeading","support","ui","Bug reports","Hata bildirimleri","","15","high","","",""
"support.bugReportIntro","support","ui","When reporting a bug, please include the following information where possible.","Bir hata bildirirken lütfen mümkünse aşağıdaki bilgileri ekleyin.","","","high","","",""
"support.bugReportAlphaParticipantNotice","support","ui","If you notice a bug or odd behavior, contact us here. Please do not send your real name, contact details other than your email address, passwords or game account details.","Bir hata veya tuhaf bir davranış fark ederseniz buradan bize ulaşın. Lütfen gerçek adınızı, e-posta adresiniz dışındaki iletişim bilgilerinizi, şifrelerinizi veya oyun hesabı bilgilerinizi göndermeyin.","","","high","","",""
"support.bugReportFieldPage","support","ui","The page where it occurred","Sorunun oluştuğu sayfa","","","high","","",""
"support.bugReportFieldSteps","support","ui","Steps to reproduce","Yeniden oluşturma adımları","","24","high","","",""
"support.bugReportFieldExpected","support","ui","Expected result","Beklenen sonuç","","20","high","","",""
"support.bugReportFieldActual","support","ui","Actual result","Gerçekleşen sonuç","","17","high","","",""
"support.bugReportFieldBrowser","support","ui","Your browser","Tarayıcınız","","16","high","","",""
"support.bugReportFieldWidth","support","ui","Screen width (PC, phone, etc.)","Ekran genişliği (PC, telefon vb.)","","","high","","",""
"support.bugReportFieldErrorMessage","support","ui","Any error message shown","Gösterilen hata mesajı (varsa)","","30","high","","",""
"support.bugReportNoPersonalData","support","ui","Please do not include personal information or internal data.","Lütfen kişisel bilgi veya dahili veri eklemeyin.","","","high","","",""
"support.bugReportNoUnsolicitedJsonAttachment","support","ui","Please do not attach a JSON backup file unless asked to.","İstenmedikçe lütfen JSON yedek dosyası eklemeyin.","","","high","","",""
"support.bugReportCheckScreenshot","support","ui","If you send a screenshot, please check it for personal information first.","Ekran görüntüsü gönderirseniz lütfen önce kişisel bilgi içerip içermediğini kontrol edin.","","","high","","",""
"support.issueTrackerLabel","support","ui","Issue tracker","Sorun takipçisi","","17","high","","",""
"support.rightsHolderHeading","support","ui","Contact for rights holders","Hak sahipleri için iletişim","","34","high","","",""
"support.rightsHolderIntro","support","ui","If you hold rights related to player names, cards, data, or images used here, please contact us with the following information.","Burada kullanılan oyuncu adları, kartlar, veriler veya görsellerle ilgili haklara sahipseniz lütfen aşağıdaki bilgilerle bizimle iletişime geçin.","","","high","","",""
"support.rightsHolderContactIntro","support","ui","Please send any contact regarding content, data, images, or rights here.","İçerik, veri, görsel veya haklarla ilgili her türlü iletişimi lütfen buraya gönderin.","","","high","","",""
"support.rightsHolderFieldContent","support","ui","The content in question","İlgili içerik","","30","high","","",""
"support.rightsHolderFieldUrl","support","ui","The relevant URL","İlgili URL","","21","high","","",""
"support.rightsHolderFieldRightType","support","ui","Type of right","Hak türü","","17","high","","",""
"support.rightsHolderFieldContactInfo","support","ui","Your contact information","İletişim bilgileriniz","","32","high","","",""
"support.rightsHolderFieldRequestedAction","support","ui","Requested removal or correction","Talep edilen kaldırma veya düzeltme","","","high","","",""
"support.rightsHolderFieldEvidence","support","ui","Supporting evidence, if any","Varsa destekleyici kanıt","","","high","","",""
"support.rightsHolderFieldReplyTo","support","ui","Reply-to address","Yanıt adresi","","21","high","","",""
"support.rightsHolderUnsetNotice","support","ui","A dedicated rights-holder contact channel is currently being prepared. Once the general contact address above is set up, please use it in the meantime.","Hak sahiplerine özel bir iletişim kanalı şu anda hazırlanıyor. Yukarıdaki genel iletişim adresi ayarlandığında, bu arada lütfen onu kullanın.","","","high","","",""
"support.rightsHolderEmailLabel","support","ui","Rights-holder contact","Hak sahibi iletişimi","","28","high","","",""
"support.privacyContactHeading","support","ui","Privacy-related inquiries","Gizlilikle ilgili sorular","","33","high","","",""
"support.privacyContactIntro","support","ui","Please send any contact regarding privacy or how your local data is handled here.","Gizlilik veya yerel verilerinizin nasıl işlendiğiyle ilgili her türlü iletişimi lütfen buraya gönderin.","","","high","","",""
"support.privacyContactUnsetNotice","support","ui","A dedicated privacy contact channel is currently being prepared.","Gizliliğe özel bir iletişim kanalı şu anda hazırlanıyor.","","","high","","",""
"support.privacyContactEmailLabel","support","ui","Privacy contact","Gizlilik iletişimi","","20","high","","",""
"support.noSubmissionFormNotice","support","ui","This page is informational only and is not a submission form. If a contact address above is set, please contact it directly.","Bu sayfa yalnızca bilgilendirme amaçlıdır ve bir gönderim formu değildir. Yukarıda bir iletişim adresi ayarlanmışsa lütfen doğrudan o adrese yazın.","","","high","","",""
"support.safetyNoApiKey","support","ui","Do not send API keys or secrets.","API anahtarı veya gizli bilgi göndermeyin.","","","high","","",""
"support.bugReportOnlyFacts","support","ui","In a bug report, include only the screen, the steps, the date and time, and your device and browser.","Hata bildirimine yalnızca ekranı, adımları, tarih ve saati, cihazınızı ve tarayıcınızı ekleyin.","","","high","","",""
"auth.authErrorLinkExpired","auth","ui","This link has expired or has already been used. Please request a new confirmation email or password reset.","Bu bağlantının süresi dolmuş veya bağlantı zaten kullanılmış. Lütfen yeni bir onay e-postası ya da şifre sıfırlama isteyin.","","","high","","",""
"auth.authErrorLinkInvalid","auth","ui","We couldn't verify this link. Open the link in the email again, or request a new confirmation email or password reset.","Bu bağlantı doğrulanamadı. E-postadaki bağlantıyı yeniden açın veya yeni bir onay e-postası ya da şifre sıfırlama isteyin.","","","high","","",""
"auth.authErrorRateLimited","auth","ui","Too many attempts in a short time. Please wait a while and try again.","Kısa sürede çok fazla deneme yapıldı. Lütfen bir süre bekleyip tekrar deneyin.","","","high","","",""
"auth.authErrorNotConfigured","auth","ui","Account features are unavailable right now. Features that don't need sign-in still work.","Hesap özellikleri şu anda kullanılamıyor. Giriş gerektirmeyen özellikler çalışmaya devam ediyor.","","","high","","",""
"auth.authErrorServiceUnavailable","auth","ui","We couldn't reach the authentication service. Please wait a moment and try again. Your link may still work.","Kimlik doğrulama hizmetine ulaşılamadı. Lütfen biraz bekleyip tekrar deneyin. Bağlantınız hâlâ çalışıyor olabilir.","","","high","","",""
"auth.confirmRetryButton","auth","ui","Try again","Tekrar dene","","12","high","","",""
"auth.confirmPageTitle","auth","ui","Confirm your email link","E-posta bağlantınızı onaylayın","","30","high","","",""
"auth.confirmPageBody","auth","ui","Press the button below to verify this link and finish.","Bu bağlantıyı doğrulamak ve işlemi tamamlamak için aşağıdaki düğmeye basın.","","","high","","",""
"auth.confirmButton","auth","ui","Confirm","Onayla","","12","high","","",""
"auth.confirmProcessing","auth","ui","Verifying…","Doğrulanıyor…","","13","high","","",""
"auth.confirmSuccess","auth","ui","Confirmed. Redirecting…","Onaylandı. Yönlendiriliyorsunuz…","","30","high","","",""
"auth.confirmWhyButton","auth","ui","We ask you to press a button so that automatic link checks by email services don't use up the link first.","E-posta hizmetlerinin otomatik bağlantı kontrolleri bağlantıyı önceden tüketmesin diye bir düğmeye basmanızı istiyoruz.","","137","high","","",""
"auth.emailChangeHeading","auth","ui","Change email address","E-posta adresini değiştir","","26","high","","",""
"auth.emailChangeLabel","auth","ui","New email address","Yeni e-posta adresi","","23","high","","",""
"auth.emailChangeSubmit","auth","ui","Send confirmation email","Onay e-postası gönder","","30","high","","",""
"auth.emailChangeSent","auth","ui","Request received. Open the link in the confirmation email sent to the new address (and, depending on settings, the current one) to finish.","İstek alındı. İşlemi tamamlamak için yeni adrese (ve ayarlara bağlı olarak mevcut adrese) gönderilen onay e-postasındaki bağlantıyı açın.","","","high","","",""
"auth.emailChangeLimitedNotice","auth","ui","Changing your email address needs a confirmation email. Email sending is in limited testing, so this is not available yet.","E-posta adresinizi değiştirmek için bir onay e-postası gerekir. E-posta gönderimi sınırlı test aşamasında olduğundan bu özellik henüz kullanılamıyor.","","","high","","",""
"auth.reauthenticationNeededMessage","auth","ui","For your security, this action requires verification. While email sending is in limited testing, please sign out and use password reset instead.","Güvenliğiniz için bu işlem doğrulama gerektiriyor. E-posta gönderimi sınırlı test aşamasındayken lütfen çıkış yapıp bunun yerine şifre sıfırlamayı kullanın.","","","high","","",""
"auth.supportPrivacyNotice","auth","ui","Never send your password, verification codes, email links or personal information to support.","Şifrenizi, doğrulama kodlarını, e-posta bağlantılarını veya kişisel bilgilerinizi asla destek ekibine göndermeyin.","","","high","","",""
"auth.sessionExpiredMessage","auth","ui","Your session has expired. Please sign in again. Features that don't need sign-in still work.","Oturumunuzun süresi doldu. Lütfen tekrar giriş yapın. Giriş gerektirmeyen özellikler çalışmaya devam ediyor.","","","high","","",""
"auth.accountLimitedTitle","auth","ui","Account features are in limited testing","Hesap özellikleri sınırlı test aşamasında","","51","high","","",""
"auth.accountLimitedBody","auth","ui","TeamAIXI v1.0 can be used without signing in. Account features are planned for a future update (currently in limited testing). Player search, comparison, progression, and diagnosis can be used without signing in.","TeamAIXI v1.0 giriş yapmadan kullanılabilir. Hesap özellikleri gelecekteki bir güncelleme için planlanıyor (şu anda sınırlı test aşamasında). Oyuncu arama, karşılaştırma, gelişim ve analiz giriş yapmadan kullanılabilir.","","","high","","",""
"auth.accountLimitedExisting","auth","ui","If you already have an account, you can sign in.","Zaten bir hesabınız varsa giriş yapabilirsiniz.","","","high","","",""
"auth.accountLimitedBrowse","auth","ui","Browse players","Oyunculara göz at","","19","high","","",""
"auth.navSignUpLimited","auth","ui","About accounts","Hesaplar hakkında","","19","high","","",""
"auth.signInNoAccountLimitedPrompt","auth","ui","Creating new accounts is currently in limited testing.","Yeni hesap oluşturma şu anda sınırlı test aşamasında.","","","high","","",""
"auth.signInLimitedLink","auth","ui","Learn more","Daha fazla bilgi","","13","high","","",""
"auth.emailSendFailedMessage","auth","ui","We couldn't send the authentication email. Please wait and try again. Avoid repeated requests, and contact support if the problem continues.","Kimlik doğrulama e-postası gönderilemedi. Lütfen bekleyip tekrar deneyin. Art arda istek göndermeyin; sorun devam ederse destek ekibiyle iletişime geçin.","","","high","","",""
"auth.passwordResetLimitedNotice","auth","ui","Email sending is currently in limited testing. If the reset email does not arrive, please do not keep resending; check the support page instead.","E-posta gönderimi şu anda sınırlı test aşamasında. Sıfırlama e-postası gelmezse lütfen tekrar tekrar göndermeyin; bunun yerine destek sayfasına bakın.","","","high","","",""
"auth.navSignIn","auth","ui","Sign in","Giriş yap","","12","high","","",""
"auth.navSignUp","auth","ui","Sign up","Kayıt ol","","12","high","","",""
"auth.navAccount","auth","ui","Account","Hesap","","12","high","","",""
"auth.emailLabel","auth","ui","Email address","E-posta adresi","","17","high","","",""
"auth.passwordLabel","auth","ui","Password","Şifre","","12","high","","",""
"auth.passwordConfirmLabel","auth","ui","Confirm password","Şifreyi onayla","","21","high","","",""
"auth.passwordRequirementsHint","auth","ui","At least 12 characters, including an uppercase letter, a lowercase letter, a digit, and a symbol.","En az 12 karakter; bir büyük harf, bir küçük harf, bir rakam ve bir sembol içermelidir.","","","high","","",""
"auth.passwordMismatchError","auth","ui","Passwords do not match.","Şifreler eşleşmiyor.","","30","high","","",""
"auth.invalidEmailError","auth","ui","Please enter a valid email address.","Lütfen geçerli bir e-posta adresi girin.","","","high","","",""
"auth.genericErrorMessage","auth","ui","Something went wrong. Please try again later.","Bir sorun oluştu. Lütfen daha sonra tekrar deneyin.","","","high","","",""
"auth.tryAgainMessage","auth","ui","Please try again.","Lütfen tekrar deneyin.","","23","high","","",""
"auth.processingAuthMessage","auth","ui","Processing authentication…","Kimlik doğrulama işleniyor…","","","high","","",""
"auth.checkingSessionMessage","auth","ui","Checking your session…","Oturumunuz kontrol ediliyor…","","29","high","","",""
"auth.signUpPageTitle","auth","ui","Sign up","Kayıt ol","","12","high","","",""
"auth.signUpSubmitButton","auth","ui","Create account","Hesap oluştur","","19","high","","",""
"auth.signUpSuccessTitle","auth","ui","Confirmation email sent","Onay e-postası gönderildi","","30","high","","",""
"auth.signUpSuccessMessage","auth","ui","We sent a confirmation email to the address you entered. Please open the link in that email to finish signing up.","Girdiğiniz adrese bir onay e-postası gönderdik. Kaydı tamamlamak için lütfen bu e-postadaki bağlantıyı açın.","","","high","","",""
"auth.signUpFailedMessage","auth","ui","Sign-up failed. Please check your details and try again.","Kayıt başarısız oldu. Lütfen bilgilerinizi kontrol edip tekrar deneyin.","","","high","","",""
"auth.signUpHaveAccountPrompt","auth","ui","Already have an account?","Zaten bir hesabınız var mı?","","32","high","","",""
"auth.signUpSignInLink","auth","ui","Sign in","Giriş yap","","12","high","","",""
"auth.signInPageTitle","auth","ui","Sign in","Giriş yap","","12","high","","",""
"auth.signInSubmitButton","auth","ui","Sign in","Giriş yap","","12","high","","",""
"auth.signInFailedMessage","auth","ui","The email address or password is incorrect.","E-posta adresi veya şifre yanlış.","","","high","","",""
"auth.signInNoAccountPrompt","auth","ui","Don't have an account?","Hesabınız yok mu?","","29","high","","",""
"auth.signInSignUpLink","auth","ui","Sign up","Kayıt ol","","12","high","","",""
"auth.signInForgotPasswordLink","auth","ui","Forgot your password?","Şifrenizi mi unuttunuz?","","28","high","","",""
"auth.logoutButton","auth","ui","Sign out","Çıkış yap","","12","high","","",""
"auth.logoutProcessingMessage","auth","ui","Signing out…","Çıkış yapılıyor…","","16","high","","",""
"auth.forgotPasswordPageTitle","auth","ui","Forgot your password?","Şifrenizi mi unuttunuz?","","28","high","","",""
"auth.forgotPasswordDescription","auth","ui","Enter your email address and we'll send you a link to reset your password.","E-posta adresinizi girin, şifrenizi sıfırlamanız için size bir bağlantı gönderelim.","","","high","","",""
"auth.forgotPasswordSubmitButton","auth","ui","Send reset email","Sıfırlama e-postası gönder","","21","high","","",""
"auth.forgotPasswordSentMessage","auth","ui","If an account exists for that email address, we sent a password reset email. Please check your inbox.","Bu e-posta adresine ait bir hesap varsa şifre sıfırlama e-postası gönderdik. Lütfen gelen kutunuzu kontrol edin.","","","high","","",""
"auth.updatePasswordPageTitle","auth","ui","Set a new password","Yeni şifre belirle","","24","high","","",""
"auth.updatePasswordDescription","auth","ui","Enter your new password.","Yeni şifrenizi girin.","","32","high","","",""
"auth.updatePasswordSubmitButton","auth","ui","Update password","Şifreyi güncelle","","20","high","","",""
"auth.updatePasswordSuccessMessage","auth","ui","Your password has been updated. Please sign in again with your new password.","Şifreniz güncellendi. Lütfen yeni şifrenizle tekrar giriş yapın.","","","high","","",""
"auth.callbackProcessingMessage","auth","ui","Verifying your authentication…","Kimlik doğrulamanız kontrol ediliyor…","","","high","","",""
"auth.callbackFailedMessage","auth","ui","We couldn't verify your authentication. Please try signing in or signing up again.","Kimlik doğrulamanız doğrulanamadı. Lütfen tekrar giriş yapmayı veya kayıt olmayı deneyin.","","","high","","",""
"auth.callbackReturnLink","auth","ui","Back to sign in","Girişe dön","","20","high","","",""
"auth.accountPageTitle","auth","ui","Account","Hesap","","12","high","","",""
"auth.accountLoginRequiredMessage","auth","ui","You need to sign in to view this page.","Bu sayfayı görüntülemek için giriş yapmanız gerekiyor.","","","high","","",""
"auth.accountLoggedInLabel","auth","ui","Signed in","Giriş yapıldı","","12","high","","",""
"auth.accountEmailLabel","auth","ui","Confirmed email address","Onaylı e-posta adresi","","30","high","","",""
"auth.accountCloudSyncNoticeTitle","auth","ui","Automatic sync across devices is not yet available","Cihazlar arası otomatik senkronizasyon henüz yok","","65","high","","",""
"auth.accountCloudSyncNoticeDesc","auth","ui","Automatic sync across devices is not supported. After logging in, you can use an alpha trial feature to explicitly save and retrieve My Team from the cloud. Favorites, saved builds, and saved squads are not yet cloud-saveable.","Cihazlar arası otomatik senkronizasyon desteklenmiyor. Giriş yaptıktan sonra, Takımım verisini buluta açıkça kaydetmek ve buluttan almak için alfa deneme özelliğini kullanabilirsiniz. Favoriler, kayıtlı buildler ve kayıtlı kadrolar henüz buluta kaydedilemez.","","","high","","",""
"auth.accountLocalDataNoticeDesc","auth","ui","Favorites, saved builds, saved squads, and similar data continue to be stored only in this device's browser (locally). My Team is also stored locally by default; it is only saved to or retrieved from the cloud when you explicitly do so using the alpha feature below.","Favoriler, kayıtlı buildler, kayıtlı kadrolar ve benzeri veriler yalnızca bu cihazın tarayıcısında (yerel olarak) saklanmaya devam eder. Takımım da varsayılan olarak yerel saklanır; yalnızca aşağıdaki alfa özelliğiyle açıkça yaptığınızda buluta kaydedilir veya buluttan alınır.","","","high","","",""
"auth.accountNoAutoUploadNoticeDesc","auth","ui","Signing in does not automatically upload the local data already stored on this device.","Giriş yapmak, bu cihazda zaten saklanan yerel verileri otomatik olarak yüklemez.","","","high","","",""
"auth.accountCrossDeviceNoticeDesc","auth","ui","Syncing data across other devices or browsers is not supported yet.","Verilerin diğer cihazlar veya tarayıcılar arasında senkronizasyonu henüz desteklenmiyor.","","","high","","",""
"auth.accountDeletionFutureNoticeDesc","auth","ui","Account deletion is planned for a future phase.","Hesap silme gelecekteki bir aşama için planlanıyor.","","","high","","",""
"auth.signUpNextStepsHeading","auth","ui","What to do next","Sonraki adımlar","","20","high","","",""
"auth.signUpStep1","auth","ui","Check the inbox for the email address you registered.","Kaydettiğiniz e-posta adresinin gelen kutusunu kontrol edin.","","","high","","",""
"auth.signUpStep2","auth","ui","Open the confirmation email from TeamAIXI.","TeamAIXI'den gelen onay e-postasını açın.","","","high","","",""
"auth.signUpStep3","auth","ui","Click the confirmation link in the email.","E-postadaki onay bağlantısına tıklayın.","","","high","","",""
"auth.signUpStep4","auth","ui","Once confirmed, continue to the sign-in page or your account page.","Onaylandıktan sonra giriş sayfasına veya hesap sayfanıza geçin.","","","high","","",""
"auth.signUpGoToSignInButton","auth","ui","Go to sign in","Girişe git","","17","high","","",""
"auth.signUpSpamFolderNotice","auth","ui","If you don't see the email, please also check your spam folder.","E-postayı göremiyorsanız lütfen spam klasörünüzü de kontrol edin.","","","high","","",""
"auth.signUpAlreadyConfirmedNotice","auth","ui","If your email address is already confirmed, you can just sign in.","E-posta adresiniz zaten onaylandıysa doğrudan giriş yapabilirsiniz.","","","high","","",""
"auth.signUpEmailNotArrivingNotice","auth","ui","If the email hasn't arrived after a while, you can resend the confirmation email.","E-posta bir süre sonra hâlâ gelmediyse onay e-postasını yeniden gönderebilirsiniz.","","","high","","",""
"auth.localDevConfirmationNotice","auth","ui","This is a local development environment. Open the confirmation link on the Windows PC running this site. A localhost link opened on another device cannot reach the development server.","Bu bir yerel geliştirme ortamıdır. Onay bağlantısını bu siteyi çalıştıran Windows PC'de açın. Başka bir cihazda açılan localhost bağlantısı geliştirme sunucusuna ulaşamaz.","","","high","","",""
"auth.resendConfirmationButton","auth","ui","Resend confirmation email","Onay e-postasını yeniden gönder","","33","high","","",""
"auth.resendConfirmationSending","auth","ui","Sending…","Gönderiliyor…","","12","high","","",""
"auth.resendConfirmationSuccessMessage","auth","ui","The confirmation email has been resent. It may take a little time to arrive.","Onay e-postası yeniden gönderildi. Ulaşması biraz zaman alabilir.","","","high","","",""
"auth.resendConfirmationRateLimitedMessage","auth","ui","Too many emails were sent in a short time, so resending is unavailable right now. Please wait a while and try again.","Kısa sürede çok fazla e-posta gönderildiği için yeniden gönderim şu anda kullanılamıyor. Lütfen bir süre bekleyip tekrar deneyin.","","","high","","",""
"auth.resendConfirmationFailedMessage","auth","ui","Failed to resend the confirmation email. Please try again later.","Onay e-postası yeniden gönderilemedi. Lütfen daha sonra tekrar deneyin.","","","high","","",""
"auth.resendConfirmationWaitTemplate","auth","ui","You can resend in {seconds}s","Yeniden gönderim için kalan süre: {seconds} sn","","","high","","",""
"searchInput.rejectedTitle","searchInput","ui","This search term cannot be used","Bu arama terimi kullanılamaz","","41","medium","","",""
"searchInput.rejectedDescription","searchInput","ui","Please remove unusual symbols or characters and try again.","Lütfen alışılmadık sembolleri veya karakterleri kaldırıp tekrar deneyin.","","","medium","","",""
"searchInput.clearSearch","searchInput","ui","Clear search","Aramayı temizle","","16","medium","","",""
"abilityEditor.sectionTitle","abilityEditor","ui","Train from abilities","Özelliklerden geliştir","","26","medium","","",""
"abilityEditor.sectionHint","abilityEditor","ui","Tap an ability to light up every ability in the same progression category, then train it from the panel below.","Bir özelliğe dokunarak aynı gelişim kategorisindeki tüm özellikleri vurgulayın, ardından aşağıdaki panelden geliştirin.","","","medium","","",""
"abilityEditor.trainThisAbility","abilityEditor","ui","Train this ability","Bu özelliği geliştir","","24","medium","","",""
"abilityEditor.relatedAbilities","abilityEditor","ui","Related abilities","İlgili özellikler","","23","medium","","",""
"abilityEditor.selected","abilityEditor","ui","Selected","Seçili","","12","medium","","",""
"abilityEditor.related","abilityEditor","ui","Related","İlgili","","12","medium","","",""
"abilityEditor.nextUpgrade","abilityEditor","ui","Next upgrade","Sonraki yükseltme","","16","medium","","",""
"abilityEditor.remainingPoints","abilityEditor","ui","Remaining progression points","Kalan gelişim puanı","","","medium","","",""
"abilityEditor.remainingShort","abilityEditor","ui","Left","Kalan","","12","medium","","",""
"abilityEditor.requiredPoints","abilityEditor","ui","Required points","Gereken puan","","20","medium","","",""
"abilityEditor.refundPoints","abilityEditor","ui","Points returned","İade edilen puan","","20","medium","","",""
"abilityEditor.progressionCategory","abilityEditor","ui","Progression category","Gelişim kategorisi","","26","medium","","",""
"abilityEditor.clearSelection","abilityEditor","ui","Clear selection","Seçimi temizle","","20","medium","","",""
"abilityEditor.notEnoughPoints","abilityEditor","ui","Not enough points","Yeterli puan yok","","23","medium","","",""
"abilityEditor.notEnoughToReach","abilityEditor","ui","Not enough points to reach this level","Bu seviyeye ulaşmak için yeterli puan yok","","","medium","","",""
"abilityEditor.categoryAtMax","abilityEditor","ui","This category is at maximum","Bu kategori maksimumda","","","medium","","",""
"abilityEditor.atMinimum","abilityEditor","ui","Already at the minimum","Zaten minimumda","","29","medium","","",""
"abilityEditor.before","abilityEditor","ui","Before","Önce","","12","medium","","",""
"abilityEditor.after","abilityEditor","ui","After","Sonra","","12","medium","","",""
"abilityEditor.preview","abilityEditor","ui","Preview","Önizleme","","12","medium","","",""
"abilityEditor.maximumReachable","abilityEditor","ui","Maximum reachable","Ulaşılabilecek maksimum","","23","medium","","",""
"abilityEditor.allocationSummary","abilityEditor","ui","Allocation summary","Dağılım özeti","","24","medium","","",""
"abilityEditor.editingProgression","abilityEditor","ui","Editing progression","Gelişim düzenleniyor","","25","medium","","",""
"abilityEditor.levelPrefix","abilityEditor","ui","Lv","Sv","","12","medium","","",""
"abilityEditor.pointsUnit","abilityEditor","ui","pt","pt","","12","medium","","",""
"abilityEditor.maxBadge","abilityEditor","ui","MAX","MAKS","","12","medium","","",""
"abilityEditor.decreaseLabel","abilityEditor","ui","Lower {category} by one level","Seviyeyi bir düşür: {category}","","38","medium","","",""
"abilityEditor.increaseLabel","abilityEditor","ui","Raise {category} by one level","Seviyeyi bir artır: {category}","","38","medium","","",""
"abilityEditor.sliderLabel","abilityEditor","ui","{category} progression level","Gelişim seviyesi: {category}","","37","medium","","",""
"abilityEditor.sliderValueText","abilityEditor","ui","{category} level {level} (maximum reachable {reachable}, {remaining} pt left)","{category}: seviye {level} (ulaşılabilecek maksimum {reachable}, kalan {remaining} pt)","","","medium","","",""
"abilityEditor.chipLabel","abilityEditor","ui","{category} level {level}","{category}: seviye {level}","","32","medium","","",""
"abilityEditor.levelChange","abilityEditor","ui","{from} → {to} ({delta})","{from} → {to} ({delta})","","30","medium","","",""
"abilityEditor.resetCategory","abilityEditor","ui","Revert","Geri al","","12","medium","","",""
"abilityEditor.resetCategoryHint","abilityEditor","ui","Returns this category to its level when you selected it","Bu kategoriyi seçtiğiniz andaki seviyesine döndürür","","","medium","","",""
"abilityEditor.goToSave","abilityEditor","ui","Go to save","Kaydetmeye git","","13","medium","","",""
"abilityEditor.tapHint","abilityEditor","ui","Tap an ability to train it","Geliştirmek için bir özelliğe dokunun","","","medium","","",""
"abilityEditor.breakdownToggle","abilityEditor","ui","Breakdown","Döküm","","12","medium","","",""
"abilityEditor.breakdownBase","abilityEditor","ui","Base","Temel","","12","medium","","",""
"abilityEditor.breakdownProgression","abilityEditor","ui","Progression","Gelişim","","15","medium","","",""
"abilityEditor.breakdownBooster","abilityEditor","ui","Booster","Güçlendirici","","12","medium","","",""
"abilityEditor.breakdownManager","abilityEditor","ui","Manager","Teknik direktör","","12","medium","","",""
"abilityEditor.breakdownOther","abilityEditor","ui","Other","Diğer","","12","medium","","",""
"abilityEditor.breakdownFinal","abilityEditor","ui","Final","Son","","12","medium","","",""
"abilityEditor.cannotProgress","abilityEditor","ui","This card cannot be progressed","Bu kart geliştirilemez","","","medium","","",""
"abilityEditor.unreachable","abilityEditor","ui","Unreachable","Ulaşılamaz","","15","medium","","",""
"abilityEditor.groupOffense","abilityEditor","ui","Attacking","Hücum","","12","medium","","",""
"abilityEditor.groupPhysical","abilityEditor","ui","Athleticism","Atletizm","","15","medium","","",""
"abilityEditor.groupDefense","abilityEditor","ui","Defending","Savunma","","12","medium","","",""
"abilityEditor.groupGk","abilityEditor","ui","GK","GK","","12","medium","","",""
"abilityEditor.gkCollapsed","abilityEditor","ui","GK abilities (collapsed)","GK özellikleri (daraltılmış)","","32","medium","","",""
"abilityEditor.panelRegionLabel","abilityEditor","ui","Progression panel","Gelişim paneli","","23","medium","","",""
"abilityEditor.chipsRegionLabel","abilityEditor","ui","Allocation by category","Kategoriye göre dağılım","","29","medium","","",""
"abilityEditor.done","abilityEditor","ui","Done","Bitti","","12","medium","","",""
"abilityEditor.doneHint","abilityEditor","ui","Closes the panel (your changes stay)","Paneli kapatır (değişiklikleriniz korunur)","","","medium","","",""
"abilityEditor.unsaved","abilityEditor","ui","Unsaved","Kaydedilmedi","","12","medium","","",""
"abilityEditor.savedState","abilityEditor","ui","Saved","Kaydedildi","","12","medium","","",""
"abilityEditor.quickSave","abilityEditor","ui","Save","Kaydet","","12","medium","","",""
"abilityEditor.saveAs","abilityEditor","ui","Save as…","Farklı kaydet…","","12","medium","","",""
"abilityEditor.saveSucceeded","abilityEditor","ui","Saved: {name}","Kaydedildi: {name}","","17","medium","","",""
"abilityEditor.saveFailed","abilityEditor","ui","Could not save: {reason}","Kaydedilemedi: {reason}","","32","high","","",""
"abilityEditor.quickSaveName","abilityEditor","ui","Build {n}","Build {n}","","12","medium","","",""
"abilityEditor.skipToPanel","abilityEditor","ui","Go to the progression panel","Gelişim paneline git","","","medium","","",""
"abilityEditor.announceLevel","abilityEditor","ui","{category} level {level}, {remaining} pt left","{category}: seviye {level}, kalan {remaining} pt","","","medium","","",""
"abilityEditor.announceSelected","abilityEditor","ui","{ability} selected. Progression category {category}","Seçildi: {ability}. Gelişim kategorisi: {category}","","","medium","","",""
"abilityEditor.resetAll","abilityEditor","ui","Reset all progression","Tüm gelişimi sıfırla","","28","medium","","",""
"abilityEditor.undoReset","abilityEditor","ui","Undo reset","Sıfırlamayı geri al","","13","medium","","",""
"abilityEditor.revertShort","abilityEditor","ui","↺ Revert","↺ Geri al","","12","medium","","",""
"abilityEditor.rowAffordance","abilityEditor","ui","Tap to train","Geliştirmek için dokunun","","16","medium","","",""
"basePercentile.heading","basePercentile","share","Base ability standing (percentile)","Temel özellik konumu (yüzdelik dilim)","","","high","","",""
"basePercentile.explanation","basePercentile","share","This ranking compares the base ability value before progression with the current World card distribution","Bu sıralama, gelişim öncesi temel özellik değerini mevcut World kart dağılımıyla karşılaştırır","","","high","","",""
"basePercentile.notBuildNotice","basePercentile","share","It does not reflect the current build or the progression preview.","Mevcut buildi veya gelişim önizlemesini yansıtmaz.","","","high","","",""
"basePercentile.fallback","basePercentile","share","Percentile data could not be matched to the current player dataset","Yüzdelik dilim verileri mevcut oyuncu veri setiyle eşleştirilemedi","","","high","","",""
"basePercentile.loading","basePercentile","share","Loading…","Yükleniyor…","","12","high","","",""
"basePercentile.scopeLabel","basePercentile","share","Compare within","Karşılaştırma kapsamı","","19","high","","",""
"basePercentile.scopeAll","basePercentile","share","All World cards","Tüm World kartları","","20","high","","",""
"basePercentile.scopePositionTemplate","basePercentile","share","Same registered position ({pos})","Aynı kayıtlı mevki ({pos})","","","high","","",""
"basePercentile.scopeField","basePercentile","share","Outfield players","Saha oyuncuları","","21","high","","",""
"basePercentile.scopeGk","basePercentile","share","Goalkeepers","Kaleciler","","15","high","","",""
"basePercentile.populationTemplate","basePercentile","share","{n} cards · distribution as of {date}","Kart: {n} · dağılım tarihi: {date}","","","high","","",""
"basePercentile.scopeTooSmall","basePercentile","share","Not shown for this scope because it has too few cards.","Bu kapsamda çok az kart olduğu için gösterilmiyor.","","","high","","",""
"basePercentile.bucketTopLt1","basePercentile","share","Top <1%","İlk %1'in altı","","12","high","","",""
"basePercentile.bucketTop1","basePercentile","share","Top 1%","İlk %1","","12","high","","",""
"basePercentile.bucketTop5","basePercentile","share","Top 5%","İlk %5","","12","high","","",""
"basePercentile.bucketTop10","basePercentile","share","Top 10%","İlk %10","","12","high","","",""
"basePercentile.bucketTop25","basePercentile","share","Top 25%","İlk %25","","12","high","","",""
"basePercentile.bucketTop50","basePercentile","share","Top 50%","İlk %50","","12","high","","",""
"basePercentile.bucketBelowMedian","basePercentile","share","Below median","Medyanın altında","","16","high","","",""
"basePercentile.compareToggle","basePercentile","share","Show base ability percentiles","Temel özellik yüzdelik dilimlerini göster","","","high","","",""
"basePercentile.compareScopeNote","basePercentile","share","All players are compared within the same scope (all World cards).","Tüm oyuncular aynı kapsamda (tüm World kartları) karşılaştırılır.","","","high","","",""
"titles.primaryLabel","titles","share","Title","Unvan","","12","high","","",""
"titles.badgesLabel","titles","share","Badges","Rozetler","","12","high","","",""
"titles.none","titles","share","No title meets the conditions.","Koşulları karşılayan unvan yok.","","","high","","",""
"titles.whySummary","titles","share","Why this?","Neden bu?","","12","high","","",""
"titles.rulesVersionTemplate","titles","share","Rules {version}","Kurallar {version}","","20","high","","",""
"titles.playerExplanationTemplate","titles","share","Shown by fixed rules from the base ability standing (among {scope}). A title needs every ability in the rule within the top 5%; a badge within the top 10%.","Temel özellik düzeyine göre sabit kurallarla gösterilir (kapsam: {scope}). Unvan için kuraldaki her özelliğin ilk %5'te, rozet için ilk %10'da olması gerekir.","","","high","","",""
"titles.diagnosisExplanation","titles","share","Shown by fixed rules from the diagnosis category grades (A or better). The title is the highest-scoring category.","Analiz kategori notlarına (A veya üzeri) göre sabit kurallarla gösterilir. Unvan, en yüksek puanlı kategoridir.","","","high","","",""
"titles.diagnosisReasonTemplate","titles","share","{category} {score} ({tier})","{category} {score} ({tier})","","","high","","",""
"titles.rulePace","titles","share","Pace","Hız","","12","high","","",""
"titles.ruleFinishing","titles","share","Finishing","Bitiricilik","","12","high","","",""
"titles.ruleDribbling","titles","share","Dribbling","Top sürme","","12","high","","",""
"titles.rulePassing","titles","share","Passing range","Pas menzili","","17","high","","",""
"titles.ruleSetPieces","titles","share","Set pieces","Duran toplar","","13","high","","",""
"titles.ruleAerial","titles","share","Aerial","Hava hakimiyeti","","12","high","","",""
"titles.ruleBallWinning","titles","share","Ball winning","Top kazanma","","16","high","","",""
"titles.rulePhysicality","titles","share","Physicality","Fizik","","15","high","","",""
"titles.ruleStamina","titles","share","Stamina","Dayanıklılık","","12","high","","",""
"titles.ruleShotStopping","titles","share","Shot-stopping","Şut kurtarma","","17","high","","",""
"titles.ruleHandling","titles","share","Handling & reach","Top tutma ve menzil","","21","high","","",""
"titles.ruleGkAwareness","titles","share","GK awareness","Kaleci farkındalığı","","16","high","","",""
"titles.dgCounterAttack","titles","share","Counter-attacking","Kontra atak","","23","high","","",""
"titles.dgPassBuildUp","titles","share","Build-up","Oyun kurma","","12","high","","",""
"titles.dgDribblePossession","titles","share","Possession","Topa sahip olma","","13","high","","",""
"titles.dgPressResistance","titles","share","Press-resistant","Baskıya dayanıklı","","20","high","","",""
"titles.dgSpeed","titles","share","Pace-based","Hız odaklı","","13","high","","",""
"titles.dgAerial","titles","share","Aerial","Hava hakimiyeti","","12","high","","",""
"titles.dgAttack","titles","share","Attack-minded","Hücum odaklı","","17","high","","",""
"titles.dgDefense","titles","share","Solid defence","Sağlam savunma","","17","high","","",""
"yourBest.heading","yourBest","share","Your best","En iyileriniz","","12","high","","",""
"yourBest.explanation","yourBest","share","The My Team card with the highest base ability standing for each ability group (outfield players and goalkeepers are compared separately). Opening this loads your cards' abilities.","Her özellik grubu için temel özellik düzeyi en yüksek olan Takımım kartı (saha oyuncuları ve kaleciler ayrı karşılaştırılır). Bunu açmak kartlarınızın özelliklerini yükler.","","","high","","",""
"yourBest.none","yourBest","share","No card to show (none is at or above the median, or My Team is empty).","Gösterilecek kart yok (hiçbiri medyanda veya üzerinde değil ya da Takımım boş).","","","high","","",""
"growthProfile.heading","growthProfile","share","Growth profile","Gelişim profili","","19","high","","",""
"growthProfile.explanation","growthProfile","share","Shows how each squad's overall score changed, from the diagnosis history saved on this device (only entries under the same diagnosis rules are compared; nothing is sent anywhere).","Bu cihazda kayıtlı analiz geçmişine göre her kadronun genel puanının nasıl değiştiğini gösterir (yalnızca aynı analiz kurallarındaki kayıtlar karşılaştırılır; hiçbir yere bir şey gönderilmez).","","","high","","",""
"growthProfile.empty","growthProfile","share","Save a diagnosis of the same squad twice or more to see its trend.","Eğilimi görmek için aynı kadronun analizini iki veya daha fazla kez kaydedin.","","","high","","",""
"growthProfile.trendTemplate","growthProfile","share","{count} diagnoses: overall {first} → {latest} ({delta})","Analiz sayısı {count}: genel {first} → {latest} ({delta})","","","high","","",""
"growthProfile.mostImprovedTemplate","growthProfile","share","Most improved: {category} {from} → {to}","En çok gelişen: {category} {from} → {to}","","","high","","",""
"growthProfile.overcameTemplate","growthProfile","share","Went from a weakness to A or better: {categories}","Zayıf yönden A veya üzerine çıkanlar: {categories}","","","high","","",""
"growthProfile.excludedRulesTemplate","growthProfile","share","{count} entries under different diagnosis rules are not compared.","Farklı analiz kurallarıyla yapılmış kayıtlar karşılaştırılmaz ({count}).","","","high","","",""
"localBackup.heading","localBackup","ui","Back up, restore or delete this area's data","Bu alanın verilerini yedekle, geri yükle veya sil","","","medium","","",""
"localBackup.intro","localBackup","ui","Export the data saved in this browser's {region} to one JSON file, restore it from that file, or delete it all at once.","Bu tarayıcıda kayıtlı verileri ({region}) tek bir JSON dosyasına dışa aktarın, o dosyadan geri yükleyin veya tümünü birden silin.","","","medium","","",""
"localBackup.regionGuest","localBackup","ui","signed-out (guest) area","oturum kapalı (misafir) alan","","30","medium","","",""
"localBackup.regionAccount","localBackup","ui","signed-in account's area","oturum açılmış hesabın alanı","","32","medium","","",""
"localBackup.scopePending","localBackup","ui","Checking which data area to use…","Hangi veri alanının kullanılacağı kontrol ediliyor…","","","medium","","",""
"localBackup.storageUnavailable","localBackup","ui","This browser can't save or read data.","Bu tarayıcı veri kaydedemiyor veya okuyamıyor.","","","medium","","",""
"localBackup.currentDataHeading","localBackup","ui","Current data","Mevcut veriler","","16","medium","","",""
"localBackup.noData","localBackup","ui","No data is saved in this area.","Bu alanda kayıtlı veri yok.","","","medium","","",""
"localBackup.sectionMyTeam","localBackup","ui","My Team","Takımım","","12","medium","","",""
"localBackup.sectionFavorites","localBackup","ui","Favorites","Favoriler","","12","medium","","",""
"localBackup.sectionBuilds","localBackup","ui","Saved builds (cards)","Kayıtlı buildler (kartlar)","","26","medium","","",""
"localBackup.sectionSquads","localBackup","ui","Saved squads","Kayıtlı kadrolar","","16","medium","","",""
"localBackup.sectionTemplates","localBackup","ui","Squad templates","Kadro şablonları","","20","medium","","",""
"localBackup.sectionHistory","localBackup","ui","Diagnosis history","Analiz Geçmişi","","23","medium","","",""
"localBackup.noteNoIdentity","localBackup","ui","The file contains no account identifiers (user ID or email address).","Dosya hiçbir hesap tanımlayıcısı (kullanıcı kimliği veya e-posta adresi) içermez.","","","medium","","",""
"localBackup.noteSharing","localBackup","ui","The file includes what you entered, such as notes, tags and squad names. Don't send it to other people.","Dosya notlar, etiketler ve kadro adları gibi girdiğiniz bilgileri içerir. Başkalarına göndermeyin.","","","medium","","",""
"localBackup.noteExcluded","localBackup","ui","Display language, sidebar state and temporary selections are not included.","Görüntüleme dili, kenar çubuğu durumu ve geçici seçimler dahil değildir.","","","medium","","",""
"localBackup.exportButton","localBackup","ui","Export to JSON","JSON'a dışa aktar","","19","medium","","",""
"localBackup.importButton","localBackup","ui","Import from JSON","JSON'dan içe aktar","","21","medium","","",""
"localBackup.deleteButton","localBackup","ui","Delete this area's data","Bu alanın verilerini sil","","30","high","","",""
"localBackup.exportDone","localBackup","ui","Exported.","Dışa aktarıldı.","","12","medium","","",""
"localBackup.exportDoneWithSkipped","localBackup","ui","Exported. Damaged items were left out.","Dışa aktarıldı. Hasarlı öğeler dahil edilmedi.","","","medium","","",""
"localBackup.exportFailed","localBackup","ui","Couldn't export.","Dışa aktarılamadı.","","21","high","","",""
"localBackup.importTooLarge","localBackup","ui","The file is too large (limit 5 MB).","Dosya çok büyük (sınır 5 MB).","","","medium","","",""
"localBackup.importReadFailed","localBackup","ui","Couldn't read the file.","Dosya okunamadı.","","30","high","","",""
"localBackup.importNotBackup","localBackup","ui","This isn't a backup file exported from this app.","Bu, bu uygulamadan dışa aktarılmış bir yedek dosyası değil.","","","medium","","",""
"localBackup.importInvalidSectionTemplate","localBackup","ui","""{section}"" isn't valid, so nothing was imported (nothing changed).","Şu bölüm geçerli olmadığı için hiçbir şey içe aktarılmadı (hiçbir şey değişmedi): ""{section}""","","","medium","","",""
"localBackup.importConfirmTitle","localBackup","ui","Import and replace?","İçe aktarılıp değiştirilsin mi?","","25","high","","",""
"localBackup.importConfirmBody","localBackup","ui","For the items in the file, the current data in the {region} will be replaced. Items not in the file stay as they are. This can't be undone.","Dosyadaki öğeler için şu alandaki mevcut veriler değiştirilecek: {region}. Dosyada olmayan öğeler olduğu gibi kalır. Bu işlem geri alınamaz.","","","high","","",""
"localBackup.importExportFirst","localBackup","ui","We recommend exporting your current data first.","Önce mevcut verilerinizi dışa aktarmanızı öneririz.","","","medium","","",""
"localBackup.importConfirmButton","localBackup","ui","Import","İçe aktar","","12","high","","",""
"localBackup.importScopeChanged","localBackup","ui","Your sign-in state changed, so the import was cancelled. Please choose the file again.","Oturum durumunuz değiştiği için içe aktarma iptal edildi. Lütfen dosyayı yeniden seçin.","","","medium","","",""
"localBackup.importDone","localBackup","ui","Imported.","İçe aktarıldı.","","12","medium","","",""
"localBackup.importFailedRolledBack","localBackup","ui","Couldn't import. Your data is as it was before.","İçe aktarılamadı. Verileriniz önceki hâlinde.","","","high","","",""
"localBackup.importFailedPartial","localBackup","ui","The import failed part-way and some items couldn't be restored. Please import from your exported file again.","İçe aktarma yarıda başarısız oldu ve bazı öğeler geri yüklenemedi. Lütfen dışa aktardığınız dosyadan yeniden içe aktarın.","","","high","","",""
"localBackup.deleteConfirmTitle","localBackup","ui","Delete this area's data?","Bu alanın verileri silinsin mi?","","32","high","","",""
"localBackup.deleteConfirmBody","localBackup","ui","My Team, favorites, saved builds, saved squads, templates and diagnosis history in the {region} will be deleted. Other areas and display settings stay. This can't be undone.","Şu alandaki Takımım, favoriler, kayıtlı buildler, kayıtlı kadrolar, şablonlar ve analiz geçmişi silinecek: {region}. Diğer alanlar ve görüntüleme ayarları kalır. Bu işlem geri alınamaz.","","","high","","",""
"localBackup.deleteConfirmButton","localBackup","ui","Delete","Sil","","12","high","","",""
"localBackup.deleteDone","localBackup","ui","Deleted this area's data.","Bu alanın verileri silindi.","","","high","","",""
"localBackup.deleteFailed","localBackup","ui","Some data couldn't be deleted.","Bazı veriler silinemedi.","","","high","","",""
"localBackup.cancel","localBackup","ui","Cancel","İptal","","12","medium","","",""
"shareCard.optionsSummary","shareCard","share","Choose a size · Preview","Boyut seç · Önizleme","","30","high","","",""
"shareCard.ratioLabel","shareCard","share","Image size","Görsel boyutu","","13","high","","",""
"shareCard.ratio34","shareCard","share","Portrait 3:4 (default)","Dikey 3:4 (varsayılan)","","29","high","","",""
"shareCard.ratio11","shareCard","share","Square 1:1","Kare 1:1","","13","high","","",""
"shareCard.ratio916","shareCard","share","Tall 9:16 (stories)","Uzun 9:16 (hikâyeler)","","25","high","","",""
"shareCard.ratio169","shareCard","share","Wide 16:9","Geniş 16:9","","12","high","","",""
"shareCard.previewLoading","shareCard","share","Creating a preview…","Önizleme oluşturuluyor…","","25","high","","",""
"shareCard.previewAltTemplate","shareCard","share","Squad diagnosis card preview ({ratio})","Kadro analizi kartı önizlemesi ({ratio})","","","high","","",""
"shareCard.shareButton","shareCard","share","Share","Paylaş","","12","high","","",""
"shareCard.shareTitle","shareCard","share","Squad diagnosis","Kadro analizi","","20","high","","",""
"shareCard.shared","shareCard","share","Shared.","Paylaşıldı.","","12","high","","",""
"shareCard.privacyNote","shareCard","share","The image shows only the squad name, formation and ratings (no URL, ID or account information). Don't put personal information in squad names.","Görselde yalnızca kadro adı, diziliş ve değerlendirmeler gösterilir (URL, kimlik veya hesap bilgisi yok). Kadro adlarına kişisel bilgi yazmayın.","","","high","","",""
"shareCard.imgHeading","shareCard","share","Squad Diagnosis (Squad Build Evaluation)","Kadro Analizi (Kadro Yapısı Değerlendirmesi)","","52","high","","",""
"shareCard.imgFormationPrefix","shareCard","share","Formation: ","Diziliş: ","","15","high","","",""
"shareCard.imgOverallScore","shareCard","share","Overall Rating","Genel Değerlendirme","","19","high","","",""
"shareCard.imgTierPrefix","shareCard","share","Grade ","Not ","","12","high","","",""
"shareCard.imgNotRated","shareCard","share","Not rated","Değerlendirilmedi","","12","high","","",""
"shareCard.imgRatedCategoriesPrefix","shareCard","share","Rated categories: ","Değerlendirilen kategoriler: ","","24","high","","",""
"shareCard.imgTopStrength","shareCard","share","Top Strength","En Güçlü Yön","","16","high","","",""
"shareCard.imgTopWeakness","shareCard","share","Top Weakness","En Zayıf Yön","","16","high","","",""
"shareCard.imgNone","shareCard","share","None","Yok","","12","high","","",""
"shareCard.imgDisclaimer","shareCard","share","A build evaluation based on registered data. It does not guarantee match results, national rankings, or win rates.","Kayıtlı verilere dayalı bir yapı değerlendirmesidir. Maç sonuçlarını, ulusal sıralamaları veya galibiyet oranlarını garanti etmez.","","","high","","",""
"shareCard.imgCreatedTemplate","shareCard","share","Created {date}","Oluşturma: {date}","","19","high","","",""
"progressionTab.analysisScopeDefault","progressionTab","ui","World data","World verileri","","13","medium","","",""
"progressionTab.eligibilityTrending","progressionTab","ui","TRENDING cards (POTW etc.) cannot be progressed.","TRENDING kartlar (POTW vb.) geliştirilemez.","","","medium","","",""
"progressionTab.eligibilityMaxLevel1","progressionTab","ui","This card has no progression points because its maximum level is 1.","Bu kartın maksimum seviyesi 1 olduğu için gelişim puanı yok.","","","medium","","",""
"progressionTab.cannotProgressFallback","progressionTab","ui","This card cannot be progressed.","Bu kart geliştirilemez.","","","medium","","",""
"progressionTab.baseValuesKept","progressionTab","ui","(Abilities are shown at their base values.)","(Özellikler temel değerleriyle gösterilir.)","","","medium","","",""
"progressionTab.statComparisonTitle","progressionTab","ui","Abilities (before / after progression)","Özellikler (gelişim öncesi / sonrası)","","50","medium","","",""
"progressionTab.estimatedOvr","progressionTab","ui","Est. OVR","Tahmini OVR","","12","medium","","",""
"progressionTab.underVerification","progressionTab","ui","Unverified","Doğrulanmadı","","13","medium","","",""
"progressionTab.calculationDetailsSummary","progressionTab","ui","Show how this is calculated and where the data comes from (mode, evidence level, rules version, full breakdown)","Hesaplama yöntemini ve veri kaynağını göster (mod, kanıt düzeyi, kural sürümü, tam döküm)","","","medium","","",""
"progressionTab.detailedBreakdownTitle","progressionTab","ui","Detailed breakdown (table)","Ayrıntılı döküm (tablo)","","34","medium","","",""
"progressionTab.autoAllocationTitle","progressionTab","ui","Auto progression (allocation policy)","Otomatik gelişim (dağıtım politikası)","","47","medium","","",""
"progressionTab.resetProgression","progressionTab","ui","Reset progression","Gelişimi sıfırla","","23","medium","","",""
"progressionTab.buildModeNone","progressionTab","ui","No progression","Gelişim yok","","19","medium","","",""
"progressionTab.buildModeAttack","progressionTab","ui","Attack focus","Hücum odaklı","","16","medium","","",""
"progressionTab.buildModeDefense","progressionTab","ui","Defence focus","Savunma odaklı","","17","medium","","",""
"progressionTab.buildModeBalance","progressionTab","ui","Balanced","Dengeli","","12","medium","","",""
"progressionTab.buildModeGk","progressionTab","ui","GK focus","GK odaklı","","12","medium","","",""
"progressionTab.autoAllocationNote","progressionTab","ui","Auto progression is a heuristic allocation policy. It differs from the in-game auto allocation and does not guarantee the highest OVR. You can still adjust each slider afterwards.","Otomatik gelişim, sezgisel bir dağıtım politikasıdır. Oyun içi otomatik dağıtımdan farklıdır ve en yüksek OVR'yi garanti etmez. Sonrasında her kaydırıcıyı yine de ayarlayabilirsiniz.","","","medium","","",""
"progressionTab.groupsTitle","progressionTab","ui","Ability groups (category levels)","Özellik grupları (kategori seviyeleri)","","42","medium","","",""
"progressionTab.groupsHint","progressionTab","ui","{shooting} targets are confirmed / others are unverified","Hedefleri doğrulanan: {shooting} / diğerleri doğrulanmadı","","","medium","","",""
"progressionTab.gkGroupsSummary","progressionTab","ui","GK progression (3 groups)","GK gelişimi (3 grup)","","","medium","","",""
"progressionTab.gkAllocatedNonGk","progressionTab","ui","Allocated Lv {level} (not a GK, collapsed)","Dağıtılan Lv {level} (GK değil, daraltıldı)","","","medium","","",""
"progressionTab.gkAllocatedGk","progressionTab","ui","Allocated Lv {level} (GK, expanded)","Dağıtılan Lv {level} (GK, genişletildi)","","","medium","","",""
"progressionTab.gkGroupsNote","progressionTab","ui","Adjusts {stats}. Collapsing keeps the allocation, used points and staged costs.","Ayarlananlar: {stats}. Daraltmak dağıtımı, kullanılan puanları ve kademeli maliyetleri korur.","","","medium","","",""
"progressionTab.cardFallbackName","progressionTab","ui","Card {id}","Kart {id}","","12","medium","","",""
"progressionTab.maxOvrLabel","progressionTab","ui","Max OVR","Maks. OVR","","12","medium","","",""
"progressionTab.maxOvrShort","progressionTab","ui","Max OVR","Maks. OVR","","12","medium","","",""
"progressionTab.levelCap","progressionTab","ui","Max Lv {level}","Maks. Lv {level}","","19","medium","","",""
"progressionTab.noEnglishName","progressionTab","ui","(no English name)","(İngilizce adı yok)","","23","medium","","",""
"progressionTab.boostersHeading","progressionTab","ui","Boosters","Güçlendiriciler","","12","medium","","",""
"progressionTab.b2Heading","progressionTab","ui","Extra booster (B2, chosen by you)","Ek güçlendirici (B2, sizin seçiminiz)","","43","medium","","",""
"progressionTab.b2Note","progressionTab","ui","A booster you add yourself, separate from the card's own booster (B1). A confirmed B2 booster is applied right away to its target abilities, the normal final values, comparison rankings and team totals. An unconfirmed B2 booster (trial only; previous choices can still be changed) only affects the trial final values and does not change normal final values, rankings or team totals.","Kartın kendi güçlendiricisinden (B1) ayrı olarak kendiniz eklediğiniz bir güçlendirici. Onaylanmış bir B2 güçlendiricisi hedef özelliklerine, normal son değerlere, karşılaştırma sıralamalarına ve takım toplamlarına hemen uygulanır. Onaylanmamış bir B2 güçlendiricisi (yalnızca deneme; önceki seçimler hâlâ değiştirilebilir) yalnızca deneme son değerlerini etkiler; normal son değerleri, sıralamaları veya takım toplamlarını değiştirmez.","","","medium","","",""
"progressionTab.managerHeading","progressionTab","ui","Manager","Teknik direktör","","12","medium","","",""
"progressionTab.remainingLabel","progressionTab","ui","Left","Kalan","","12","medium","","",""
"progressionTab.pointsHeading","progressionTab","ui","Progression points","Gelişim puanları","","24","medium","","",""
"progressionTab.pointsUsedSuffix","progressionTab","ui"," / {total} used"," / {total} kullanıldı","","20","medium","","",""
"progressionTab.pointsRemainingPrefix","progressionTab","ui","Left ","Kalan ","","12","medium","","",""
"progressionTab.pointsFormulaConfirmed","progressionTab","ui","Total points = (max level − 1) × 2 (confirmed) / spending uses staged costs (unverified)","Toplam puan = (maksimum seviye − 1) × 2 (doğrulandı) / harcama kademeli maliyetleri kullanır (doğrulanmadı)","","","high","","",""
"progressionTab.pointsFormulaUnverified","progressionTab","ui","Total points (unverified)","Toplam puan (doğrulanmadı)","","","medium","","",""
"progressionTab.pointsNone","progressionTab","ui"," — this card has no progression points"," — bu kartın gelişim puanı yok","","","medium","","",""
"progressionTab.buildDefaultName","progressionTab","ui","Build {n}","Build {n}","","12","medium","","",""
"progressionTab.buildSaved","progressionTab","ui","Saved: {name}","Kaydedildi: {name}","","17","medium","","",""
"progressionTab.buildSaveFailed","progressionTab","ui","Could not save: {reason}","Kaydedilemedi: {reason}","","32","high","","",""
"progressionTab.buildRenamePrompt","progressionTab","ui","New build name","Yeni build adı","","19","medium","","",""
"progressionTab.buildRenamed","progressionTab","ui","Renamed","Yeniden adlandırıldı","","12","medium","","",""
"progressionTab.buildRenameFailed","progressionTab","ui","Could not rename: {reason}","Yeniden adlandırılamadı: {reason}","","","high","","",""
"progressionTab.buildDeleteConfirm","progressionTab","ui","Delete the build ""{name}""? (Only this browser's saved copy)","""{name}"" adlı build silinsin mi? (Yalnızca bu tarayıcıdaki kayıt)","","","high","","",""
"progressionTab.buildDeleted","progressionTab","ui","Deleted","Silindi","","12","high","","",""
"progressionTab.buildDeleteFailed","progressionTab","ui","Could not delete: {reason}","Silinemedi: {reason}","","","high","","",""
"progressionTab.buildSaveHeading","progressionTab","ui","Save build","Buildi kaydet","","13","medium","","",""
"progressionTab.buildStorageUnavailable","progressionTab","ui","Builds cannot be saved because localStorage is unavailable here (you can still use the screen).","localStorage burada kullanılamadığı için buildler kaydedilemiyor (ekranı yine de kullanabilirsiniz).","","","medium","","",""
"progressionTab.buildNameLabel","progressionTab","ui","Build name","Build adı","","13","medium","","",""
"progressionTab.buildSaveButton","progressionTab","ui","Save","Kaydet","","12","medium","","",""
"progressionTab.buildLegacyRules","progressionTab","ui","Old rules","Eski kurallar","","12","medium","","",""
"progressionTab.buildListMeta","progressionTab","ui","Est. OVR {ovr} / {date}","Tahmini OVR {ovr} / {date}","","30","medium","","",""
"progressionTab.buildLoad","progressionTab","ui","Load","Yükle","","12","medium","","",""
"progressionTab.buildRename","progressionTab","ui","Rename","Yeniden adlandır","","12","medium","","",""
"progressionTab.buildDelete","progressionTab","ui","Delete","Sil","","12","high","","",""
"progressionTab.buildNone","progressionTab","ui","No saved builds.","Kayıtlı build yok.","","21","medium","","",""
"progressionTab.migrationTitle","progressionTab","ui","This build was made with old rules ({version})","Bu build eski kurallarla oluşturuldu ({version})","","60","medium","","",""
"progressionTab.migrationBody1","progressionTab","ui","The current rules ({version}) use a different allocation unit (groups) and staged costs.","Mevcut kurallar ({version}) farklı bir dağıtım birimi (gruplar) ve kademeli maliyetler kullanır.","","","medium","","",""
"progressionTab.migrationBody2","progressionTab","ui","Recalculating below converts it to the current rules while keeping the original allocation (it is not saved automatically).","Aşağıda yeniden hesaplamak, orijinal dağıtımı koruyarak buildi mevcut kurallara dönüştürür (otomatik olarak kaydedilmez).","","","medium","","",""
"progressionTab.migrationRecalculate","progressionTab","ui","Recalculate with current rules","Mevcut kurallarla yeniden hesapla","","","medium","","",""
"progressionTab.migrationKeep","progressionTab","ui","Show as is","Olduğu gibi göster","","13","medium","","",""
"progressionTab.sliderCap","progressionTab","ui","Max","Maks.","","12","medium","","",""
"progressionTab.sliderNextCost","progressionTab","ui","Next +1: {cost}pt","Sonraki +1: {cost}pt","","23","medium","","",""
"progressionTab.sliderValueTextMax","progressionTab","ui","{group} level {level} (maximum reached), {used} pt used","{group} seviye {level} (maksimuma ulaşıldı), {used} pt kullanıldı","","","medium","","",""
"progressionTab.sliderValueText","progressionTab","ui","{group} level {level}, next +1 costs {next} pt, {used} pt used","{group} seviye {level}, sonraki +1 maliyeti {next} pt, {used} pt kullanıldı","","","medium","","",""
"progressionTab.confirmedTag","progressionTab","ui","Confirmed","Doğrulandı","","12","high","","",""
"progressionTab.targetsUnverifiedTag","progressionTab","ui","Targets unverified","Hedefler doğrulanmadı","","24","medium","","",""
"progressionTab.targetsLabel","progressionTab","ui","Targets: {stats}","Hedefler: {stats}","","21","medium","","",""
"progressionTab.sliderDecrease","progressionTab","ui","Lower {group} level","Seviyeyi düşür: {group}","","25","medium","","",""
"progressionTab.sliderAria","progressionTab","accessibility","{group} progression level","Gelişim seviyesi: {group}","","33","high","","",""
"progressionTab.sliderIncrease","progressionTab","ui","Raise {group} level","Seviyeyi yükselt: {group}","","25","medium","","",""
"progressionTab.consumedLabel","progressionTab","ui","Used: {used}pt","Kullanılan: {used}pt","","19","medium","","",""
"progressionTab.capReached","progressionTab","ui","Max reached","Maksimuma ulaşıldı","","15","medium","","",""
"progressionTab.capLevel","progressionTab","ui","Max Lv{level}","Maks. Lv{level}","","17","medium","","",""
"progressionTab.anCellRegistered","progressionTab","ui","Reg.","Kayıtlı","","12","medium","","",""
"progressionTab.anCellSuitable","progressionTab","ui","Suited","Uygun","","12","medium","","",""
"progressionTab.anCellPartial","progressionTab","ui","Partial","Kısmen","","12","medium","","",""
"progressionTab.anRegisteredLabel","progressionTab","ui","Registered: ","Kayıtlı: ","","16","medium","","",""
"progressionTab.anSuitableLabel","progressionTab","ui"," / Suitable: "," / Uygun: ","","17","medium","","",""
"progressionTab.anOvrByPosLabel","progressionTab","ui","Overall (OVR by position): ","Genel (mevkiye göre OVR): ","","36","medium","","",""
"progressionTab.anOvrByPosPending","progressionTab","ui"," (calculation rules under review)"," (hesaplama kuralları inceleniyor)","","","medium","","",""
"progressionTab.anOvrSummary","progressionTab","ui","About OVR by position and suitability","Mevkiye göre OVR ve uygunluk hakkında","","","medium","","",""
"progressionTab.anSourcePrefix","progressionTab","ui","Source — ","Kaynak — ","","12","medium","","",""
"progressionTab.anColPosition","progressionTab","ui","Position","Mevki","","12","medium","","",""
"progressionTab.anColCategory","progressionTab","ui","Type","Tür","","12","medium","","",""
"progressionTab.anColFamiliarity","progressionTab","ui","Familiarity (raw)","Aşinalık (ham)","","23","medium","","",""
"progressionTab.anRegistered","progressionTab","ui","Registered","Kayıtlı","","13","medium","","",""
"progressionTab.anSubPosition","progressionTab","ui","Secondary position","İkincil mevki","","24","medium","","",""
"progressionTab.anNotInSource","progressionTab","ui","Not in source","Kaynakta yok","","17","medium","","",""
"progressionTab.anSizeRank","progressionTab","ui","Size rank","Boyut sırası","","12","medium","","",""
"progressionTab.anSamePosition","progressionTab","ui","Same position","Aynı mevki","","17","medium","","",""
"progressionTab.anPercentile","progressionTab","ui","Percentile","Yüzdelik dilim","","13","medium","","",""
"progressionTab.anPercentileHint","progressionTab","ui"," (closer to 100 = larger)"," (100'e yakın = daha büyük)","","","medium","","",""
"progressionTab.anPercentileAria","progressionTab","accessibility","Percentile {value}","Yüzdelik dilim {value}","","24","high","","",""
"progressionTab.anRelativePending","progressionTab","ui","Relative rating in preparation","Göreli değerlendirme hazırlanıyor","","","medium","","",""
"progressionTab.anNotRecorded","progressionTab","ui","Not recorded","Kayıtlı değil","","16","medium","","",""
"progressionTab.anShowPrimary","progressionTab","ui","Show main items only","Yalnızca ana öğeleri göster","","26","medium","","",""
"progressionTab.anShowAll","progressionTab","ui","Show all ({n} items)","Tümünü göster ({n} öğe)","","26","medium","","",""
"progressionTab.anModelCaveat","progressionTab","ui","Internal player model values, not confirmed as real cm. 0 is a real value (distinct from not recorded).","Dahili oyuncu modeli değerleridir, gerçek cm olarak doğrulanmamıştır. 0 gerçek bir değerdir (kayıtlı olmamaktan farklıdır).","","","medium","","",""
"progressionTab.anInternalTraitsHeading","progressionTab","ui","Internal trait values (meaning of levels still being verified)","Dahili özellik değerleri (seviyelerin anlamı hâlâ doğrulanıyor)","","81","medium","","",""
"progressionTab.anInternalValue","progressionTab","ui","Internal value ","Dahili değer ","","20","medium","","",""
"progressionTab.anAriaLabel","progressionTab","accessibility","Player analysis","Oyuncu analizi","","20","high","","",""
"progressionTab.anHeading","progressionTab","ui","Player analysis (player-specific)","Oyuncu analizi (oyuncuya özel)","","43","medium","","",""
"progressionTab.anSecPositions","progressionTab","ui","Position suitability","Mevki uygunluğu","","26","medium","","",""
"progressionTab.anSecPhysical","progressionTab","ui","Physical data","Fiziksel veriler","","17","medium","","",""
"progressionTab.anSecModel","progressionTab","ui","Player model","Oyuncu modeli","","16","medium","","",""
"progressionTab.anSecTraits","progressionTab","ui","Other traits","Diğer özellikler","","16","medium","","",""
"progressionTab.anSuitOnly","progressionTab","ui","Suitability only confirmed","Yalnızca uygunluk doğrulandı","","","medium","","",""
"progressionTab.anSuitUnconfirmed","progressionTab","ui","Suitability unconfirmed","Uygunluk doğrulanmadı","","30","high","","",""
"progressionTab.anRankTotal","progressionTab","ui","Out of {n} cards at ranking time","Sıralama anında toplam kart sayısı: {n}","","","medium","","",""
"progressionTab.anModelCount","progressionTab","ui","{n} / 11 items","{n} / 11 öğe","","19","medium","","",""
"progressionTab.anFooter","progressionTab","ui","Position, physical, model and trait values are display-only data. They do not affect progression, booster or manager calculations.","Mevki, fiziksel, model ve diğer özellik değerleri yalnızca gösterim amaçlıdır. Gelişim, güçlendirici veya teknik direktör hesaplamalarını etkilemez.","","","medium","","",""
"progressionTab.anSrcWithEfhub","progressionTab","ui","Registered position: eFootball World / Secondary position suitability: eFHUB player page","Kayıtlı mevki: eFootball World / İkincil mevki uygunluğu: eFHUB oyuncu sayfası","","","medium","","",""
"progressionTab.anSrcWorldOnly","progressionTab","ui","Registered position: eFootball World (secondary position suitability is not in this card's source)","Kayıtlı mevki: eFootball World (ikincil mevki uygunluğu bu kartın kaynağında yok)","","","medium","","",""
"progressionTab.anOvrNote","progressionTab","ui","OVR by position is not shown because the calculation rules have not been confirmed. KONAMI does not publish the formula or weights, and only one sample of displayed values across cards is available (we do not guess a formula).","Hesaplama kuralları doğrulanmadığı için mevkiye göre OVR gösterilmez. KONAMI formülü veya ağırlıkları yayımlamıyor ve kartlar arasında gösterilen değerlerden yalnızca bir örnek mevcut (bir formül tahmin etmiyoruz).","","","medium","","",""
"progressionTab.anSuitNoteEfhub","progressionTab","ui","Secondary position suitability from the eFHUB player page. The meaning of raw familiarity values 1 / 2 (partial / high suitability) is a provisional interpretation.","İkincil mevki uygunluğu eFHUB oyuncu sayfasından alınmıştır. Ham aşinalık değerleri 1 / 2'nin anlamı (kısmi / yüksek uygunluk) geçici bir yorumdur.","","","medium","","",""
"progressionTab.anSuitNoteNone","progressionTab","ui","Secondary position suitability is not in this card's source (only the registered position is confirmed).","İkincil mevki uygunluğu bu kartın kaynağında yok (yalnızca kayıtlı mevki doğrulandı).","","","medium","","",""
"progressionTab.anPhysNoteRanks","progressionTab","ui","Ranks order all cards' real data on eFootball World at ranking time by value, largest first (rank 1 = largest). The total is the count at ranking time and may differ from the current number of cards. A percentile closer to 100 means a larger value. These are internal values whose exact in-game effect is still being verified.","Sıralar, sıralama anında eFootball World'deki tüm kartların gerçek verilerini değere göre büyükten küçüğe dizer (1. sıra = en büyük). Toplam, sıralama anındaki sayıdır ve mevcut kart sayısından farklı olabilir. 100'e yakın bir yüzdelik dilim daha büyük bir değer anlamına gelir. Bunlar, oyun içindeki kesin etkisi hâlâ doğrulanan dahili değerlerdir.","","","medium","","",""
"progressionTab.anPhysNoteNoRanks","progressionTab","ui","Internal model values. Relative rating (rank / percentile) is in preparation.","Dahili model değerleri. Göreli değerlendirme (sıra / yüzdelik dilim) hazırlanıyor.","","","medium","","",""
"progressionTab.anModelNoteNone","progressionTab","ui","Player model values are not in this card's source.","Oyuncu modeli değerleri bu kartın kaynağında yok.","","","medium","","",""
"progressionTab.anTraitsNote","progressionTab","ui","Weak foot usage, accuracy, form and injury resistance are raw values. The meaning of levels (low / normal / high etc.) is not confirmed against KONAMI's official wording, so they are shown as numbers.","Zayıf ayak kullanımı, isabeti, form ve sakatlık direnci ham değerlerdir. Seviyelerin anlamı (düşük / normal / yüksek vb.) KONAMI'nin resmi ifadeleriyle doğrulanmadığı için sayı olarak gösterilir.","","","medium","","",""
"progressionTab.anSkillsNote","progressionTab","ui","Highlight Skill / Skill FX information is not in the current data, so all are shown as ""Player skills"" (we do not guess the classification).","Highlight Skill / Skill FX bilgisi mevcut verilerde yok; bu nedenle hepsi ""Oyuncu becerileri"" olarak gösterilir (sınıflandırmayı tahmin etmiyoruz).","","","medium","","",""
"progressionTab.anMetricLegCoverageRadius","progressionTab","ui","Leg coverage radius","Bacak erişim yarıçapı","","25","medium","","",""
"progressionTab.anMetricArmCoverageRadius","progressionTab","ui","Arm coverage radius","Kol erişim yarıçapı","","25","medium","","",""
"progressionTab.anMetricJumpingHeight","progressionTab","ui","Jumping height","Sıçrama yüksekliği","","19","medium","","",""
"progressionTab.anMetricTorsoCollision","progressionTab","ui","Torso collision","Gövde çarpışması","","20","medium","","",""
"progressionTab.anMetricDribbleHeight","progressionTab","ui","Height based on leg length","Bacak uzunluğuna göre boy","","","medium","","",""
"progressionTab.anModelArmLength","progressionTab","ui","Arm length","Kol uzunluğu","","13","medium","","",""
"progressionTab.anModelShoulderWidth","progressionTab","ui","Shoulder width","Omuz genişliği","","19","medium","","",""
"progressionTab.anModelNeckLength","progressionTab","ui","Neck length","Boyun uzunluğu","","15","medium","","",""
"progressionTab.anModelChestMeasurement","progressionTab","ui","Chest","Göğüs","","12","medium","","",""
"progressionTab.anModelNeckSize","progressionTab","ui","Neck size","Boyun kalınlığı","","12","medium","","",""
"progressionTab.anModelShoulderHeight","progressionTab","ui","Shoulder height","Omuz yüksekliği","","20","medium","","",""
"progressionTab.anModelLegLength","progressionTab","ui","Leg length","Bacak uzunluğu","","13","medium","","",""
"progressionTab.anModelThighSize","progressionTab","ui","Thigh size","Uyluk kalınlığı","","13","medium","","",""
"progressionTab.anModelWaistSize","progressionTab","ui","Waist size","Bel genişliği","","13","medium","","",""
"progressionTab.anModelArmSize","progressionTab","ui","Arm size","Kol kalınlığı","","12","medium","","",""
"progressionTab.anModelCalfSize","progressionTab","ui","Calf size","Baldır kalınlığı","","12","medium","","",""
"progressionTab.anTraitPreferredFoot","progressionTab","ui","Preferred foot","Tercih edilen ayak","","19","medium","","",""
"progressionTab.anTraitHeight","progressionTab","ui","Height","Boy","","12","medium","","",""
"progressionTab.anTraitWeight","progressionTab","ui","Weight","Kilo","","12","medium","","",""
"progressionTab.anTraitAge","progressionTab","ui","Age","Yaş","","12","medium","","",""
"progressionTab.anTraitWeakFootUsage","progressionTab","ui","Weak foot usage","Zayıf ayak kullanımı","","20","medium","","",""
"progressionTab.anTraitWeakFootAccuracy","progressionTab","ui","Weak foot accuracy","Zayıf ayak isabeti","","24","medium","","",""
"progressionTab.anTraitForm","progressionTab","ui","Form","Form","","12","medium","","",""
"progressionTab.anTraitConditionValue","progressionTab","ui","Condition stability","Kondisyon istikrarı","","25","medium","","",""
"progressionTab.anTraitInjuryResistance","progressionTab","ui","Injury resistance","Sakatlık direnci","","23","medium","","",""
"progressionTab.anSkillsTitle","progressionTab","ui","Skills / AI (COM) playing styles","Beceriler / Yapay zekâ (COM) oyun tarzları","","42","medium","","",""
"progressionTab.anPlayerSkillsCount","progressionTab","ui","Player skills ({n})","Oyuncu becerileri ({n})","","25","medium","","",""
"progressionTab.anNoSkills","progressionTab","ui","No skill information.","Beceri bilgisi yok.","","28","medium","","",""
"progressionTab.anAiStylesCount","progressionTab","ui","AI (COM) playing styles ({n})","Yapay zekâ (COM) oyun tarzları ({n})","","","medium","","",""
"progressionTab.anNoAiStyles","progressionTab","ui","No AI (COM) playing styles.","Yapay zekâ (COM) oyun tarzı yok.","","","medium","","",""
"progressionTab.anStrictFinal","progressionTab","ui","Strict final","Katı son değer","","16","medium","","",""
"progressionTab.anStandardFinal","progressionTab","ui","Standard final","Standart son değer","","19","medium","","",""
"progressionTab.anColAbility","progressionTab","ui","Ability","Özellik","","12","medium","","",""
"progressionTab.anColBase","progressionTab","ui","Base","Temel","","12","medium","","",""
"progressionTab.anColProgression","progressionTab","ui","Prog.","Gel.","","12","medium","","",""
"progressionTab.anColPlayerB","progressionTab","ui","Player B","Oyuncu G","","12","medium","","",""
"progressionTab.anColConditional","progressionTab","ui","Conditional","Koşullu","","15","medium","","",""
"progressionTab.anColManager","progressionTab","ui","Manager","T. direktör","","12","medium","","",""
"progressionTab.anColAfterConditional","progressionTab","ui","With conditions","Koşullarla","","20","medium","","",""
"progressionTab.anColTrialB","progressionTab","ui","Trial B","Deneme G","","12","medium","","",""
"progressionTab.anColTrialFinal","progressionTab","ui","Trial final","Deneme sonu","","15","medium","","",""
"progressionTab.anMeasuredPlus","progressionTab","ui","Measured +{n}","Ölçülen +{n}","","17","medium","","",""
"progressionTab.anExternalPlus","progressionTab","ui","Cross-checked +{n}","Çapraz kontrol +{n}","","24","medium","","",""
"progressionTab.anConfirmedB2Plus","progressionTab","ui","Confirmed B2 +{n}","Onaylı B2 +{n}","","23","high","","",""
"progressionTab.anCap","progressionTab","ui","Cap","Sınır","","12","medium","","",""
"progressionTab.anColumnsLabel","progressionTab","ui","Columns: ","Sütunlar: ","","12","medium","","",""
"progressionTab.anPeriod","progressionTab","ui",".",".","","12","medium","","",""
"progressionTab.anStrictFormulaA","progressionTab","ui"," = base + progression + "," = temel + gelişim + ","","32","medium","","",""
"progressionTab.anStrictBold","progressionTab","ui","card boosters measured from the user's saved screenshots","kullanıcının kaydettiği ekran görüntülerinden ölçülen kart güçlendiricileri","","","medium","","",""
"progressionTab.anStrictFormulaB","progressionTab","ui"," (currently 2) + manager bonus."," (şu anda 2) + teknik direktör bonusu.","","","medium","","",""
"progressionTab.anStandardFormula","progressionTab","ui"," = base + progression + card boosters (2 measured from screenshots + 27 consistent across 2 external sources, eFootball World and EFScout) + confirmed B2 (confirmed boosters selected manually by the user) + manager bonus."," = temel + gelişim + kart güçlendiricileri (ekran görüntülerinden ölçülen 2 + iki harici kaynakta, eFootball World ve EFScout'ta, tutarlı olan 27) + onaylı B2 (kullanıcının elle seçtiği onaylı güçlendiriciler) + teknik direktör bonusu.","","","medium","","",""
"progressionTab.anStandardNotOfficial","progressionTab","ui"," Not confirmed as KONAMI's official calculation result."," KONAMI'nin resmi hesaplama sonucu olarak doğrulanmamıştır.","","","medium","","",""
"progressionTab.anCondFormula","progressionTab","ui"," = standard final + user-specified level of gold / variable boosters (only to the abilities targeted by that effect). "," = standart son değer + altın / değişken güçlendiricilerin kullanıcı tarafından belirtilen seviyesi (yalnızca o etkinin hedeflediği özelliklere). ","","","medium","","",""
"progressionTab.anCondUserSpecified","progressionTab","ui"," This value was specified by the user after checking their own Game Plan. The app has not automatically verified the squad counts."," Bu değer, kullanıcı kendi Oyun Planını kontrol ettikten sonra belirtti. Uygulama kadro sayılarını otomatik olarak doğrulamadı.","","","medium","","",""
"progressionTab.anCondSeparate","progressionTab","ui"," This is separate from the standard final value."," Bu, standart son değerden ayrıdır.","","","medium","","",""
"progressionTab.anTrialFormula","progressionTab","ui"," = standard final + card boosters under verification + manual conditions + unconfirmed manual trial (B2). Confirmed B2 is already in the standard final, so it is not added twice. "," = standart son değer + doğrulanan kart güçlendiricileri + elle koşullar + onaylanmamış elle deneme (B2). Onaylı B2 zaten standart son değerde olduğundan iki kez eklenmez. ","","","medium","","",""
"progressionTab.anTrialNotOfficial","progressionTab","ui","Not an official in-game value.","Resmi bir oyun içi değer değildir.","","","medium","","",""
"progressionTab.anExcludedNote","progressionTab","ui","Boosters whose effect is under verification, gold variable boosters (when not specified), unresolved card boosters and unconfirmed manual trials (B2) are not included (shown separately in experimental mode). No fictional increases are generated.","Etkisi doğrulanan güçlendiriciler, altın değişken güçlendiriciler (belirtilmediğinde), çözümlenmemiş kart güçlendiricileri ve onaylanmamış elle denemeler (B2) dahil edilmez (deneysel modda ayrıca gösterilir). Uydurma artışlar üretilmez.","","","medium","","",""
"progressionTab.anManagerNote","progressionTab","ui","""Manager"" = the selected manager's booster effects (only those confirmed by multiple sources).","""T. direktör"" = seçilen teknik direktörün güçlendirici etkileri (yalnızca birden fazla kaynakla doğrulananlar).","","","medium","","",""
"progressionTab.boostNameWithEn","progressionTab","ui","{ja} ({en})","{ja} ({en})","","15","medium","","",""
"progressionTab.boostFallbackName","progressionTab","ui","Booster","Güçlendirici","","12","medium","","",""
"progressionTab.boostFixedType","progressionTab","ui","Fixed","Sabit","","12","medium","","",""
"progressionTab.boostFixedProvisional","progressionTab","ui","Fixed (assumed)","Sabit (varsayılan)","","20","medium","","",""
"progressionTab.boostUnresolvedNotApplied","progressionTab","ui","Unresolved, not applied","Çözümlenmedi, uygulanmadı","","30","medium","","",""
"progressionTab.boostEvidenceMeasured","progressionTab","ui","Measured on reference screens","Referans ekranlarda ölçüldü","","","medium","","",""
"progressionTab.boostEvidenceExternal","progressionTab","ui","Cross-checked externally (not confirmed by KONAMI)","Harici olarak çapraz kontrol edildi (KONAMI tarafından doğrulanmadı)","","","medium","","",""
"progressionTab.boostEvidencePending","progressionTab","ui","Effect under verification","Etki doğrulanıyor","","","medium","","",""
"progressionTab.boostActEvOfficial","progressionTab","ui","Stated officially by KONAMI","KONAMI tarafından resmi olarak belirtildi","","","medium","","",""
"progressionTab.boostActEvScreenshot","progressionTab","ui","Confirmed on user-provided screens","Kullanıcının sağladığı ekranlarda doğrulandı","","","medium","","",""
"progressionTab.boostActEvExternal","progressionTab","ui","Consistent across 2 external sources","2 harici kaynakta tutarlı","","","medium","","",""
"progressionTab.boostActEvConflicted","progressionTab","ui","Conflicting evidence","Çelişkili kanıt","","26","medium","","",""
"progressionTab.boostActEvUnresolved","progressionTab","ui","Unconfirmed","Doğrulanmadı","","15","medium","","",""
"progressionTab.boostActEvInferred","progressionTab","ui","Inferred (circumstantial evidence only)","Çıkarım (yalnızca dolaylı kanıt)","","","medium","","",""
"progressionTab.boostEvidencePom","progressionTab","ui","Gold, variable (depends on Game Plan, not applied)","Altın, değişken (Oyun Planına bağlı, uygulanmadı)","","","medium","","",""
"progressionTab.boostEvidenceConditional","progressionTab","ui","Depends on squad conditions, not applied","Kadro koşullarına bağlı, uygulanmadı","","","medium","","",""
"progressionTab.boostEvidenceUnresolved","progressionTab","ui","Unresolved","Çözümlenmedi","","13","medium","","",""
"progressionTab.boostStagePom","progressionTab","ui","★ Gold, Power of Many type (the effect changes with the number of same-league players in the Game Plan). It cannot be detected automatically, so you set the tier manually. The chosen tier is reflected only in the ""conditional final value"" of the target abilities of that effect","★ Altın, Power of Many türü (etki, Oyun Planındaki aynı ligden oyuncu sayısına göre değişir). Otomatik olarak algılanamadığı için kademeyi elle ayarlarsınız. Seçilen kademe yalnızca o etkinin hedef özelliklerinin ""koşullu son değerine"" yansır","","","medium","","",""
"progressionTab.boostStageUnresolved","progressionTab","ui","① Numeric ID only (not in the mapping table)","① Yalnızca sayısal kimlik (eşleme tablosunda yok)","","","medium","","",""
"progressionTab.boostStageProvisional","progressionTab","ui","③ Name and level confirmed / effect from a single public source only (trial calculation in experimental mode)","③ Ad ve seviye doğrulandı / etki yalnızca tek bir kamuya açık kaynaktan (deneysel modda deneme hesaplaması)","","","medium","","",""
"progressionTab.boostStageConditional","progressionTab","ui","③ Name, level and candidate effect confirmed / the activation condition (number of same-league players in the squad) is known but cannot be evaluated from a static screen (maximum effect trial-calculated in experimental mode)","③ Ad, seviye ve aday etki doğrulandı / etkinleşme koşulu (kadrodaki aynı ligden oyuncu sayısı) biliniyor ancak statik bir ekrandan değerlendirilemiyor (deneysel modda maksimum etki için deneme hesaplaması)","","","medium","","",""
"progressionTab.boostStageExternal","progressionTab","ui","④ Name and level confirmed / effect consistent across 2 external sources (applied to normal values in standard mode; not measured officially by KONAMI)","④ Ad ve seviye doğrulandı / etki 2 harici kaynakta tutarlı (standart modda normal değerlere uygulanır; KONAMI tarafından resmi olarak ölçülmedi)","","","medium","","",""
"progressionTab.boostStageExternalProvisional","progressionTab","ui"," / activation type assumed to be fixed (no concrete evidence of Power of Many; applied provisionally)"," / etkinleşme türünün sabit olduğu varsayıldı (Power of Many olduğuna dair somut kanıt yok; geçici olarak uygulandı)","","","medium","","",""
"progressionTab.boostStageScreenshot","progressionTab","ui","⑤ Target abilities and increase confirmed on saved screenshots (applied to normal values even in strict mode). Not confirmed on the KONAMI game client screen","⑤ Hedef özellikler ve artış, kaydedilen ekran görüntülerinde doğrulandı (katı modda bile normal değerlere uygulanır). KONAMI oyun istemcisi ekranında doğrulanmadı","","","medium","","",""
"progressionTab.boostStageScreenshotProvisional","progressionTab","ui"," / activation type assumed to be fixed"," / etkinleşme türünün sabit olduğu varsayıldı","","","medium","","",""
"progressionTab.boostStageGameClient","progressionTab","ui","⑥ Change confirmed directly on the KONAMI game client screen (applied to normal values even in strict mode)","⑥ Değişiklik doğrudan KONAMI oyun istemcisi ekranında doğrulandı (katı modda bile normal değerlere uygulanır)","","","medium","","",""
"progressionTab.boostAttachedHeading","progressionTab","ui","Card booster (included with the card, automatic)","Kart güçlendiricisi (kartla birlikte gelir, otomatik)","","63","medium","","",""
"progressionTab.boostSlot","progressionTab","ui","Slot {slot}","Yuva {slot}","","15","medium","","",""
"progressionTab.boostCardFixed","progressionTab","ui","Card-specific, cannot be changed","Karta özel, değiştirilemez","","","medium","","",""
"progressionTab.boostAppliedInMode","progressionTab","ui","Applied in current mode","Mevcut modda uygulanıyor","","30","medium","","",""
"progressionTab.boostNotAppliedNormal","progressionTab","ui","Not applied to normal values","Normal değerlere uygulanmaz","","","medium","","",""
"progressionTab.boostTargetsPrefix","progressionTab","ui","Targets: ","Hedefler: ","","12","medium","","",""
"progressionTab.boostEachLevel","progressionTab","ui"," (each +{level})"," (her biri +{level})","","21","medium","","",""
"progressionTab.boostEachCandidateLevel","progressionTab","ui"," (each, candidate +{level})"," (her biri, aday +{level})","","","medium","","",""
"progressionTab.boostDetailsSummary","progressionTab","ui","Show details (resolution stage, activation type, sources)","Ayrıntıları göster (çözümleme aşaması, etkinleşme türü, kaynaklar)","","","medium","","",""
"progressionTab.boostStageLine","progressionTab","ui","Resolution stage: {stage}","Çözümleme aşaması: {stage}","","","medium","","",""
"progressionTab.boostActivationLine","progressionTab","ui","Activation type: {value}","Etkinleşme türü: {value}","","32","medium","","",""
"progressionTab.boostActivationPom","progressionTab","ui","Power of Many (gold, depends on Game Plan) / evidence: {evidence}","Power of Many (altın, Oyun Planına bağlı) / kanıt: {evidence}","","","medium","","",""
"progressionTab.boostActivationFixedAssumed","progressionTab","ui","Assumed fixed (no confirmed evidence of blue vs gold; ScoreBar differences alone cannot tell them apart)","Sabit olduğu varsayıldı (mavi ile altın arasında doğrulanmış kanıt yok; ScoreBar farkları tek başına bunları ayırt edemez)","","","medium","","",""
"progressionTab.boostActivationFixed","progressionTab","ui","Fixed (blue) / evidence: {evidence}","Sabit (mavi) / kanıt: {evidence}","","","medium","","",""
"progressionTab.boostSourceWorld","progressionTab","ui","Source: individual player page on eFootball World (external community DB)","Kaynak: eFootball World'deki bireysel oyuncu sayfası (harici topluluk veritabanı)","","","medium","","",""
"progressionTab.boostSourceEfscout","progressionTab","ui"," + definition from EFScout (external DB) (consistent across 2 external sources)"," + EFScout tanımı (harici veritabanı) (2 harici kaynakta tutarlı)","","","medium","","",""
"progressionTab.boostSourceScreenshot","progressionTab","ui"," + saved screenshots"," + kaydedilen ekran görüntüleri","","26","medium","","",""
"progressionTab.boostScreenshotNote","progressionTab","ui","Note: target abilities and increase confirmed on saved screenshots. Not confirmed on the KONAMI game client screen.","Not: hedef özellikler ve artış, kaydedilen ekran görüntülerinde doğrulandı. KONAMI oyun istemcisi ekranında doğrulanmadı.","","","medium","","",""
"progressionTab.boostConditionLine","progressionTab","ui","Activation condition: {text}","Etkinleşme koşulu: {text}","","","medium","","",""
"progressionTab.boostConditionalHeading","progressionTab","ui","Conditional booster (Power of Many)","Koşullu güçlendirici (Power of Many)","","46","medium","","",""
"progressionTab.boostPomExplain","progressionTab","ui","{name} is a variable booster shown in gold on eFHUB. Under KONAMI's official ""The Power of Many"", its effect changes with the number of same-league players registered in the Game Plan. This app cannot check that number automatically, so it is not applied to the standard final value; choose the tier (+0/+1/+2/+3) below. Your choice is reflected only in the target abilities of {nameEn}.","{name}, eFHUB'da altın renkte gösterilen değişken bir güçlendiricidir. KONAMI'nin resmi ""The Power of Many"" kuralına göre etkisi, Oyun Planına kayıtlı aynı ligden oyuncu sayısına göre değişir. Bu uygulama bu sayıyı otomatik olarak kontrol edemediği için standart son değere uygulanmaz; aşağıdan kademeyi (+0/+1/+2/+3) seçin. Seçiminiz yalnızca şu etkinin hedef özelliklerine yansır: {nameEn}.","","","medium","","",""
"progressionTab.boostOverriddenNote","progressionTab","ui","* Overridden by an additional booster (B2) (this card booster is not included in the calculation)","* Ek bir güçlendirici (B2) tarafından geçersiz kılındı (bu kart güçlendiricisi hesaplamaya dahil edilmez)","","","medium","","",""
"progressionTab.boostUnresolvedNotAppliedNote","progressionTab","ui","The card booster is unresolved, so it is not applied to abilities. ","Kart güçlendiricisi çözümlenmediği için özelliklere uygulanmaz. ","","","medium","","",""
"progressionTab.boostNoAttachedPlayer","progressionTab","ui","This card has no player booster.","Bu kartın oyuncu güçlendiricisi yok.","","","medium","","",""
"progressionTab.boostFixedDialogTitle","progressionTab","ui","{name} (fixed) effect","Etki: {name} (sabit)","","28","medium","","",""
"progressionTab.boostFixedIntro","progressionTab","ui","This is the card's own booster.","Bu, kartın kendi güçlendiricisidir.","","","medium","","",""
"progressionTab.boostFixedNoTierProvisional","progressionTab","ui"," Because it is assumed to be fixed, it is treated as having no tier changes from player-count conditions (unconfirmed)."," Sabit olduğu varsayıldığından, oyuncu sayısı koşullarına bağlı kademe değişikliği olmadığı kabul edilir (doğrulanmadı).","","","medium","","",""
"progressionTab.boostFixedNoTier","progressionTab","ui"," It has no tier changes from player-count conditions."," Oyuncu sayısı koşullarına bağlı kademe değişikliği yoktur.","","","medium","","",""
"progressionTab.boostFixedAppliedStandard","progressionTab","ui"," Applied to the standard final value."," Standart son değere uygulanır.","","","medium","","",""
"progressionTab.boostFixedNotAppliedMode","progressionTab","ui"," Not applied to normal values in the current mode."," Mevcut modda normal değerlere uygulanmaz.","","","medium","","",""
"progressionTab.boostFixedProvisionalPre","progressionTab","ui","The activation type is ","Etkinleşme türünün sabit olduğu ","","30","medium","","",""
"progressionTab.boostFixedProvisionalBold","progressionTab","ui","assumed","varsayılıyor","","12","medium","","",""
"progressionTab.boostFixedProvisionalPost","progressionTab","ui"," to be fixed (activation type unconfirmed). The effect (target abilities and increase) has been cross-checked externally, but the evidence for whether this booster is blue (fixed) or gold (Power of Many) (source data for the eFHUB hexagon colour, the raw eFootball World payload, in-game measurement) has not been confirmed. ScoreBar differences alone cannot tell ""fixed +N"" apart from ""Power of Many maximum +N"". As there is no concrete evidence that it is Power of Many (conditional), it is provisionally applied as fixed in standard mode."," (etkinleşme türü doğrulanmadı). Etki (hedef özellikler ve artış) harici olarak çapraz kontrol edildi; ancak bu güçlendiricinin mavi (sabit) mi yoksa altın (Power of Many) mı olduğuna dair kanıt (eFHUB altıgen renginin kaynak verisi, ham eFootball World verisi, oyun içi ölçüm) doğrulanmadı. ScoreBar farkları tek başına ""sabit +N"" ile ""Power of Many maksimum +N"" arasındaki farkı ayırt edemez. Power of Many (koşullu) olduğuna dair somut kanıt olmadığından, standart modda geçici olarak sabit kabul edilip uygulanır.","","","medium","","",""
"progressionTab.boostIncreasePerAbility","progressionTab","ui","Increase per target ability","Hedef özellik başına artış","","","medium","","",""
"progressionTab.boostFixedSourceNote","progressionTab","ui","Name, level and effect are resolved from the individual player page on eFootball World (external community DB, not the official KONAMI site) and the definition in EFScout (external DB).","Ad, seviye ve etki, eFootball World'deki bireysel oyuncu sayfasından (harici topluluk veritabanı, KONAMI'nin resmi sitesi değil) ve EFScout'taki tanımdan (harici veritabanı) çözümlenir.","","","medium","","",""
"progressionTab.boostUnsetNotApplied","progressionTab","ui","Not set (not applied to abilities)","Ayarlanmadı (özelliklere uygulanmaz)","","","medium","","",""
"progressionTab.boostUserSet","progressionTab","ui","User-set +{level}","Kullanıcı ayarı +{level}","","23","medium","","",""
"progressionTab.boostGoldVariable","progressionTab","accessibility","Gold, variable (depends on Game Plan)","Altın, değişken (Oyun Planına bağlı)","","","high","","",""
"progressionTab.boostWorldId","progressionTab","ui","World booster ID {id}","World güçlendirici kimliği {id}","","28","medium","","",""
"progressionTab.boostMaxSummary","progressionTab","ui","Max shown +{max} / {count} target abilities ({names}{more}). ","Gösterilen maks. +{max} / hedef özellik sayısı {count} ({names}{more}). ","","","medium","","",""
"progressionTab.boostMoreStats","progressionTab","ui",", +{n} more",", +{n} daha","","15","medium","","",""
"progressionTab.boostCurrentValue","progressionTab","ui","Current: ","Mevcut: ","","12","medium","","",""
"progressionTab.boostSetTier","progressionTab","ui","Set tier ▾","Kademe ayarla ▾","","13","medium","","",""
"progressionTab.boostClearSelection","progressionTab","ui","Clear selection","Seçimi temizle","","20","medium","","",""
"progressionTab.boostPomDialogTitle","progressionTab","ui","Set the tier for {name} (gold, variable)","Kademe ayarla: {name} (altın, değişken)","","52","medium","","",""
"progressionTab.boostPomLegend","progressionTab","ui","Under KONAMI's official ""The Power of Many"", the effect changes with the number of players from the target league registered in the Game Plan (gold booster). Check your own Game Plan and choose the matching tier. It is reflected only in the {count} target abilities of {name}.","KONAMI'nin resmi ""The Power of Many"" kuralına göre etki, Oyun Planına kayıtlı hedef ligden oyuncu sayısına göre değişir (altın güçlendirici). Kendi Oyun Planınızı kontrol edip uygun kademeyi seçin. Yalnızca şu etkinin hedef özelliklerine yansır: {name} (hedef özellik sayısı {count}).","","","medium","","",""
"progressionTab.boostTierNone","progressionTab","ui","Not applied (+0)","Uygulanmadı (+0)","","21","medium","","",""
"progressionTab.boostTierTargets","progressionTab","ui","{count} target abilities +{level}","Hedef özellik sayısı {count}, +{level}","","","medium","","",""
"progressionTab.boostTierUserNote","progressionTab","ui"," (user-set, not detected automatically by the app)"," (kullanıcı ayarı, uygulama tarafından otomatik algılanmadı)","","","medium","","",""
"progressionTab.boostPomFootnote","progressionTab","ui","Setting this does not change the ""standard final value"" (this gold booster is not applied to standard automatically). It is reflected only in the ""conditional final value"" and is not included in comparison rankings or normal team totals. Target abilities: {names}.","Bunu ayarlamak ""standart son değeri"" değiştirmez (bu altın güçlendirici standarda otomatik olarak uygulanmaz). Yalnızca ""koşullu son değere"" yansır; karşılaştırma sıralamalarına veya normal takım toplamlarına dahil edilmez. Hedef özellikler: {names}.","","","medium","","",""
"progressionTab.boostIconFixed","progressionTab","ui","Fixed booster","Sabit güçlendirici","","17","medium","","",""
"progressionTab.boostIconPom","progressionTab","ui","Power of Many (gold, variable) booster","Power of Many (altın, değişken) güçlendirici","","","medium","","",""
"progressionTab.boostIconLiveUpdate","progressionTab","ui","Live Update-linked booster","Live Update'e bağlı güçlendirici","","","medium","","",""
"progressionTab.boostIconUnresolved","progressionTab","ui","Unresolved booster","Çözümlenmemiş güçlendirici","","24","medium","","",""
"progressionTab.boostIconProvisional","progressionTab","ui","Booster under verification","Doğrulanan güçlendirici","","","medium","","",""
"progressionTab.boostNoAttached","progressionTab","ui","This card has no booster.","Bu kartın güçlendiricisi yok.","","","medium","","",""
"progressionTab.boostFixedProvisionalApplied","progressionTab","ui","Fixed (assumed), applied","Sabit (varsayılan), uygulandı","","32","medium","","",""
"progressionTab.boostFixedApplied","progressionTab","ui","Fixed, applied","Sabit, uygulandı","","19","medium","","",""
"progressionTab.boostFixedVerifying","progressionTab","ui","Fixed, under verification","Sabit, doğrulanıyor","","","medium","","",""
"progressionTab.boostViewEffect","progressionTab","ui","View effect ▸","Etkiyi gör ▸","","17","medium","","",""
"progressionTab.cmpOpenEditor","progressionTab","ui","Train from abilities","Özelliklerden geliştir","","26","medium","","",""
"progressionTab.cmpOpenEditorAria","progressionTab","accessibility","Train {name} from abilities","Özelliklerden geliştir: {name}","","36","high","","",""
"progressionTab.cmpSheetTitle","progressionTab","ui","Training {name}","Gelişim: {name}","","20","medium","","",""
"progressionTab.cmpSheetSubtitle","progressionTab","ui","Player {index} in this comparison. Changes apply to this player only","Bu karşılaştırmadaki {index}. oyuncu. Değişiklikler yalnızca bu oyuncuya uygulanır","","","medium","","",""
"progressionTab.cmpClose","progressionTab","ui","Back to comparison","Karşılaştırmaya dön","","24","medium","","",""
"progressionTab.cmpSwitchPlayer","progressionTab","ui","Player to edit","Düzenlenecek oyuncu","","19","medium","","",""
"progressionTab.cmpOthersHeading","progressionTab","ui","{ability} for the other players","Diğer oyuncularda: {ability}","","41","medium","","",""
"progressionTab.cmpOthersHint","progressionTab","ui","Tap an ability to see the same ability for the other players","Diğer oyuncuların aynı özelliğini görmek için bir özelliğe dokunun","","","medium","","",""
"progressionTab.ruB2LegacyPom","progressionTab","ui","{name} (Power of Many; no longer offered as a B2 option)","{name} (Power of Many; artık B2 seçeneği olarak sunulmuyor)","","","medium","","",""
"progressionTab.ruB2LegacyUnconfirmed","progressionTab","ui","{name} (unconfirmed; trial only; previous selection)","{name} (onaylanmadı; yalnızca deneme; önceki seçim)","","","high","","",""
"progressionTab.ruB2KeepAttached","progressionTab","ui","— None (attached: {booster}) —","— Yok (bağlı: {booster}) —","","","medium","","",""
"progressionTab.ruB2KeepUnresolved","progressionTab","ui","— None (attached booster unresolved) —","— Yok (bağlı güçlendirici çözümlenmedi) —","","","medium","","",""
"progressionTab.ruB2KeepNone","progressionTab","ui","— None (no attached booster) —","— Yok (bağlı güçlendirici yok) —","","","medium","","",""
"progressionTab.ruB2SlotLabel","progressionTab","ui","Slot {slot}","Yuva {slot}","","15","medium","","",""
"progressionTab.ruB2SlotSelectAria","progressionTab","accessibility","Choose the additional booster (B2) for slot {slot}","Ek güçlendiriciyi (B2) seç: yuva {slot}","","65","high","","",""
"progressionTab.ruB2LevelAria","progressionTab","accessibility","Level of the additional booster (B2) in slot {slot}","Ek güçlendirici (B2) seviyesi: yuva {slot}","","67","high","","",""
"progressionTab.ruB2ConfirmedGroup","progressionTab","ui","Confirmed (applied normally)","Onaylı (normal olarak uygulanır)","","","high","","",""
"progressionTab.ruB2Clear","progressionTab","ui","Remove B2","B2'yi kaldır","","12","medium","","",""
"progressionTab.ruB2Active","progressionTab","ui","Currently applied","Şu anda uygulanıyor","","23","medium","","",""
"progressionTab.ruB2LegacyNote","progressionTab","ui","Unconfirmed, so it is not reflected in the normal final value (trial final value only). Choose ""None"" or switch to a confirmed option.","Onaylanmadığı için normal son değere yansımaz (yalnızca deneme son değeri). ""Yok""u seçin veya onaylı bir seçeneğe geçin.","","","medium","","",""
"progressionTab.ruB2AppliedConfirmed","progressionTab","ui","Confirmed; applied","Onaylı; uygulandı","","24","high","","",""
"progressionTab.ruB2AppliedTrial","progressionTab","ui","Trial only (unconfirmed)","Yalnızca deneme (onaylanmadı)","","32","medium","","",""
"progressionTab.ruB2AppliedEffect","progressionTab","ui","+{level} each to {stats}","Her birine +{level}: {stats}","","32","medium","","",""
"progressionTab.ruB2ClearAll","progressionTab","ui","Remove all additional boosters (B2)","Tüm ek güçlendiricileri (B2) kaldır","","","medium","","",""
"progressionTab.ruB2Footer","progressionTab","ui","Choosing a confirmed B2 immediately updates the affected stats, normal final values, comparison rankings and team totals.","Onaylı bir B2 seçmek, etkilenen özellikleri, normal son değerleri, karşılaştırma sıralamalarını ve takım toplamlarını hemen günceller.","","","medium","","",""
"progressionTab.ruModeConfirmed","progressionTab","ui","Confirmed (base values only)","Doğrulandı (yalnızca temel değerler)","","","high","","",""
"progressionTab.ruModeProvisional","progressionTab","ui","Under verification (using provisional rules)","Doğrulanıyor (geçici kurallar kullanılıyor)","","","medium","","",""
"progressionTab.ruModeUnsupported","progressionTab","ui","Unsupported","Desteklenmiyor","","15","medium","","",""
"progressionTab.ruRulesVersion","progressionTab","ui","Rules: {version}","Kurallar: {version}","","21","medium","","",""
"progressionTab.ruLegacyMigrated","progressionTab","ui","Showing an allocation migrated from the old rules","Eski kurallardan aktarılan bir dağıtım gösteriliyor","","","medium","","",""
"progressionTab.ruCapsHeading","progressionTab","ui","Stat caps:","Özellik sınırları:","","13","medium","","",""
"progressionTab.ruCapBase","progressionTab","ui","Base {value} (","Temel {value} (","","19","medium","","",""
"progressionTab.ruCapProgression","progressionTab","ui","After progression {value} (","Gelişim sonrası {value} (","","","medium","","",""
"progressionTab.ruCapBooster","progressionTab","ui","After boosters {value} (","Güçlendirici sonrası {value} (","","32","medium","","",""
"progressionTab.ruCapFinal","progressionTab","ui","Final {value} (","Son {value} (","","20","medium","","",""
"progressionTab.ruCapClose","progressionTab","ui",")",")","","12","medium","","",""
"progressionTab.ruCapConfirmed","progressionTab","ui","confirmed","doğrulandı","","12","high","","",""
"progressionTab.ruCapUnconfirmed","progressionTab","ui","unconfirmed","doğrulanmadı","","15","high","","",""
"progressionTab.ruCapUnconfirmedClamp","progressionTab","ui","unconfirmed; provisional clamp","doğrulanmadı; geçici sınırlama","","","high","","",""
"progressionTab.ruShowRuleStatus","progressionTab","ui","Show rule confirmation status","Kuralların doğrulanma durumunu göster","","","medium","","",""
"progressionTab.ruListConfirmed","progressionTab","ui","Confirmed","Doğrulandı","","12","high","","",""
"progressionTab.ruListProvisional","progressionTab","ui","Likely but not confirmed (under verification)","Olası ancak doğrulanmadı (doğrulanıyor)","","","medium","","",""
"progressionTab.ruListUnresolved","progressionTab","ui","Unconfirmed / under further investigation","Doğrulanmadı / ek inceleme sürüyor","","","medium","","",""
"progressionTab.ruPbHeading","progressionTab","ui","Player boosters","Oyuncu güçlendiricileri","","20","medium","","",""
"progressionTab.ruPbModeHeading","progressionTab","ui","Booster application mode","Güçlendirici uygulama modu","","32","medium","","",""
"progressionTab.ruPbModeStrictLabel","progressionTab","ui","Strict mode","Katı mod","","15","medium","","",""
"progressionTab.ruPbModeStrictDesc","progressionTab","ui","Applies only boosters whose changes were confirmed directly from saved screenshots. This does not mean they were confirmed on KONAMI's official game screens. The criterion for applying is evidence of the effect (affected stats and increase); evidence of the activation type (fixed / Power of Many) is not required.","Yalnızca değişiklikleri kaydedilen ekran görüntülerinden doğrudan doğrulanan güçlendiricileri uygular. Bu, KONAMI'nin resmi oyun ekranlarında doğrulandıkları anlamına gelmez. Uygulama ölçütü etkinin kanıtıdır (etkilenen özellikler ve artış); etkinleşme türünün (sabit / Power of Many) kanıtı gerekmez.","","","medium","","",""
"progressionTab.ruPbModeStandardLabel","progressionTab","ui","Standard mode (default)","Standart mod (varsayılan)","","30","medium","","",""
"progressionTab.ruPbModeStandardDesc","progressionTab","ui","In addition to the above, applies boosters whose effects match across two external sources (eFootball World and EFScout) with no counterexamples across multiple cards. These are not values confirmed as KONAMI's official calculation results. The criterion for applying is cross-checking the effect, regardless of activation type. Boosters lacking evidence of their activation type are provisionally applied as fixed, since there is no concrete evidence that they are Power of Many (conditional) (""externally cross-checked; includes fixed-type estimates"").","Yukarıdakilere ek olarak, etkileri iki harici kaynakta (eFootball World ve EFScout) eşleşen ve birden fazla kartta karşı örneği olmayan güçlendiricileri uygular. Bunlar KONAMI'nin resmi hesaplama sonucu olarak doğrulanmış değerler değildir. Uygulama ölçütü, etkinleşme türünden bağımsız olarak etkinin çapraz kontrolüdür. Etkinleşme türüne dair kanıtı olmayan güçlendiriciler, Power of Many (koşullu) olduklarına dair somut kanıt bulunmadığından geçici olarak sabit kabul edilip uygulanır (""harici olarak çapraz kontrol edildi; sabit tür tahminleri dahil"").","","","medium","","",""
"progressionTab.ruPbModeExperimentalLabel","progressionTab","ui","Experimental mode","Deneysel mod","","23","medium","","",""
"progressionTab.ruPbModeExperimentalDesc","progressionTab","ui","In addition to standard mode, shows attached boosters under verification and manual trials separately as the ""trial final value"" (the normal final value does not change). You must accept a warning before enabling it.","Standart moda ek olarak, doğrulanan bağlı güçlendiricileri ve elle denemeleri ayrıca ""deneme son değeri"" olarak gösterir (normal son değer değişmez). Etkinleştirmeden önce bir uyarıyı kabul etmeniz gerekir.","","","medium","","",""
"progressionTab.ruPbStandardNote","progressionTab","ui","Standard mode: includes high-confidence values whose effects were cross-checked between external databases (""externally cross-checked; includes fixed-type estimates""). These are not values confirmed as KONAMI's official calculation results. The criterion for applying is cross-checking the effect, regardless of activation type. Boosters lacking evidence of their activation type are provisionally applied as fixed, since there is no concrete evidence that they are Power of Many (conditional).","Standart mod: etkileri harici veritabanları arasında çapraz kontrol edilmiş yüksek güvenilirlikli değerleri içerir (""harici olarak çapraz kontrol edildi; sabit tür tahminleri dahil""). Bunlar KONAMI'nin resmi hesaplama sonucu olarak doğrulanmış değerler değildir. Uygulama ölçütü, etkinleşme türünden bağımsız olarak etkinin çapraz kontrolüdür. Etkinleşme türüne dair kanıtı olmayan güçlendiriciler, Power of Many (koşullu) olduklarına dair somut kanıt bulunmadığından geçici olarak sabit kabul edilip uygulanır.","","","medium","","",""
"progressionTab.ruPbDetailsHeading","progressionTab","ui","Effect details and verification","Etki ayrıntıları ve doğrulama","","41","medium","","",""
"progressionTab.ruPbDetailsBody","progressionTab","ui","Select or remove B1 (card-attached booster) and B2 (additional booster) as usual directly below the progression points display (this card's summary). Unconfirmed or past trial values and Power of Many (conditional booster) compatibility details are also shown there.","B1'i (karta bağlı güçlendirici) ve B2'yi (ek güçlendirici) her zamanki gibi gelişim puanı göstergesinin (bu kartın özeti) hemen altından seçin veya kaldırın. Onaylanmamış veya geçmiş deneme değerleri ve Power of Many (koşullu güçlendirici) uyumluluk ayrıntıları da orada gösterilir.","","","medium","","",""
"progressionTab.ruPbSourceNote","progressionTab","ui","Attached booster names, levels and effects come from individual player pages on eFootball World (an external community DB, not KONAMI's official site) and definitions from EFScout (an external DB). Only ball-carrying / attack starter had their affected stats and increases confirmed directly from user-saved screenshots. No fictional increases are generated from unconfirmed values.","Bağlı güçlendirici adları, seviyeleri ve etkileri eFootball World'deki bireysel oyuncu sayfalarından (KONAMI'nin resmi sitesi değil, harici bir topluluk veritabanı) ve EFScout'taki tanımlardan (harici veritabanı) alınır. Yalnızca top taşıma / hücum başlatıcı güçlendiricilerinin etkilenen özellikleri ve artışları, kullanıcının kaydettiği ekran görüntülerinden doğrudan doğrulandı. Onaylanmamış değerlerden uydurma artışlar üretilmez.","","","medium","","",""
"progressionTab.ruExWarning","progressionTab","ui","Includes booster effects under verification in the trial. The stats shown are not official in-game values. They are kept separate from the confirmed values of the normal mode.","Denemeye etkisi doğrulanan güçlendiricileri de dahil eder. Gösterilen özellikler resmi oyun içi değerler değildir. Normal modun doğrulanmış değerlerinden ayrı tutulur.","","","high","","",""
"progressionTab.ruExActive","progressionTab","ui","Verification mode (experimental booster trial) is on.","Doğrulama modu (deneysel güçlendirici denemesi) açık.","","","medium","","",""
"progressionTab.ruExDisable","progressionTab","ui","Turn off verification mode","Doğrulama modunu kapat","","","medium","","",""
"progressionTab.ruExOpen","progressionTab","ui","Open experimental booster trial (verification mode)","Deneysel güçlendirici denemesini aç (doğrulama modu)","","","medium","","",""
"progressionTab.ruExModalTitle","progressionTab","ui","Enable verification mode?","Doğrulama modu etkinleştirilsin mi?","","33","medium","","",""
"progressionTab.ruExBullet1","progressionTab","ui","The normal-mode final values (confirmed values) do not change. Trial values are shown in a separate column (trial final).","Normal modun son değerleri (doğrulanmış değerler) değişmez. Deneme değerleri ayrı bir sütunda (deneme sonu) gösterilir.","","","medium","","",""
"progressionTab.ruExBullet2","progressionTab","ui","Attached boosters under verification and manually chosen trial boosters are added to the trial.","Doğrulanan bağlı güçlendiriciler ve elle seçilen deneme güçlendiricileri denemeye eklenir.","","","medium","","",""
"progressionTab.ruExBullet3","progressionTab","ui","Reloading the page turns verification mode back OFF.","Sayfayı yenilemek doğrulama modunu tekrar KAPALI duruma getirir.","","","medium","","",""
"progressionTab.ruExBullet4","progressionTab","ui","It is not automatically applied to share URLs or the whole squad.","Paylaşım URL'lerine veya tüm kadroya otomatik olarak uygulanmaz.","","","medium","","",""
"progressionTab.ruExCancel","progressionTab","ui","Cancel","İptal","","12","medium","","",""
"progressionTab.ruExAgree","progressionTab","ui","Agree and enable","Kabul et ve etkinleştir","","21","medium","","",""
"progressionTab.ruGrMax","progressionTab","ui","Max","Maks.","","12","medium","","",""
"progressionTab.ruGrNextCost","progressionTab","ui","Next +1: {cost}pt","Sonraki +1: {cost}pt","","23","medium","","",""
"progressionTab.ruGrConfirmed","progressionTab","ui","confirmed","doğrulandı","","12","high","","",""
"progressionTab.ruGrStatsProvisional","progressionTab","ui","affected stats under verification","etkilenen özellikler doğrulanıyor","","","medium","","",""
"progressionTab.ruGrTargets","progressionTab","ui","Affects: {stats}","Etkilenenler: {stats}","","21","medium","","",""
"progressionTab.ruGrDecAria","progressionTab","accessibility","Lower {name} level","Seviyeyi düşür: {name}","","24","high","","",""
"progressionTab.ruGrIncAria","progressionTab","accessibility","Raise {name} level","Seviyeyi yükselt: {name}","","24","high","","",""
"progressionTab.ruGrConsumed","progressionTab","ui","Used: {points}pt","Kullanılan: {points}pt","","21","medium","","",""
"progressionTab.ruGrMaxReached","progressionTab","ui","Max reached","Maksimuma ulaşıldı","","15","medium","","",""
"progressionTab.ruGrMaxLevel","progressionTab","ui","Max Lv{level}","Maks. Lv{level}","","17","medium","","",""
"managerDetail.unavailableTitle","managerDetail","ui","Manager data is unavailable","Teknik direktör verileri kullanılamıyor","","36","medium","","",""
"managerDetail.backToList","managerDetail","ui","Back to managers","Teknik direktörlere dön","","21","medium","","",""
"managerDetail.releaseBadgeTemplate","managerDetail","ui","Released {date}","Çıkış: {date}","","20","medium","","",""
"managerDetail.unknown","managerDetail","ui","Unknown","Bilinmiyor","","12","medium","","",""
"managerDetail.sourceBadgeTemplate","managerDetail","ui","Source {id}","Kaynak {id}","","15","medium","","",""
"managerDetail.bestTactic","managerDetail","ui","Best tactic","En iyi taktik","","15","medium","","",""
"managerDetail.proficiencyTitle","managerDetail","ui","Tactical proficiency","Taktik yeterliliği","","26","medium","","",""
"managerDetail.proficiencyHint","managerDetail","ui","Values, bars and rank, not color alone","Yalnızca renk değil; değerler, çubuklar ve sıralama","","","medium","","",""
"managerDetail.boosterTitle","managerDetail","ui","Manager boosters","Teknik direktör güçlendiricileri","","21","medium","","",""
"managerDetail.boosterConfirmed","managerDetail","ui","Confirmed by multiple sources","Birden fazla kaynakla doğrulandı","","","high","","",""
"managerDetail.boosterUnconfirmed","managerDetail","ui","Effect unconfirmed","Etkisi doğrulanmadı","","24","high","","",""
"managerDetail.boosterUnconditional","managerDetail","ui","Unconditional","Koşulsuz","","17","medium","","",""
"managerDetail.boosterKeyUnmapped","managerDetail","ui"," · key not mapped"," · anahtar eşlenmedi","","23","medium","","",""
"managerDetail.boosterNone","managerDetail","ui","This manager has no ability boosters.","Bu teknik direktörün özellik güçlendiricisi yok.","","","medium","","",""
"managerDetail.boosterNote","managerDetail","ui","Only confirmed boosters are applied to ability values in progression, comparison and squads. Whether they apply before or after progression is unconfirmed.","Gelişim, karşılaştırma ve kadrolarda özellik değerlerine yalnızca doğrulanmış güçlendiriciler uygulanır. Gelişimden önce mi sonra mı uygulandıkları doğrulanmadı.","","","medium","","",""
"managerDetail.linkUpHint","managerDetail","ui","Activation conditions are being verified; not applied to ability values","Etkinleşme koşulları doğrulanıyor; özellik değerlerine uygulanmaz","","","medium","","",""
"managerDetail.centerPieceLabel","managerDetail","ui","Center Piece condition","Center Piece koşulu","","29","medium","","",""
"managerDetail.keyManLabel","managerDetail","ui","Key Man condition","Key Man koşulu","","23","medium","","",""
"managerDetail.linkUpNone","managerDetail","ui","This manager has no Link-Up Play.","Bu teknik direktörün Link-Up Play'i yok.","","","medium","","",""
"managerDetail.notInSourceTitle","managerDetail","ui","Not in the source (under investigation)","Kaynakta yok (araştırılıyor)","","51","medium","","",""
"managerDetail.notInSourceValue","managerDetail","ui","Under investigation","Araştırılıyor","","25","medium","","",""
"managerDetail.labelAge","managerDetail","ui","Age","Yaş","","12","medium","","",""
"managerDetail.labelNationality","managerDetail","ui","Nationality","Uyruk","","15","medium","","",""
"managerDetail.labelTeam","managerDetail","ui","Team","Takım","","12","medium","","",""
"managerDetail.labelRating","managerDetail","ui","Manager rating","Teknik direktör derecesi","","19","medium","","",""
"managerDetail.labelFormation","managerDetail","ui","Formation","Diziliş","","12","medium","","",""
"managerDetail.dataSourceTemplate","managerDetail","ui","Data: {source} / Fetched: {fetchedAt}","Veri: {source} / Alınma: {fetchedAt}","","","medium","","",""
"managerDetail.openSource","managerDetail","ui","Open source","Kaynağı aç","","15","medium","","",""
"squadCompareBoard.pageTitle","squadCompareBoard","metadata","Squad comparison","Kadro karşılaştırma","","21","medium","","",""
"squadCompareBoard.pageDescription","squadCompareBoard","metadata","Choose 2 saved squads and compare their formation, placement, starters/bench, manager, captain, set pieces, saved builds, boosters, average abilities, shared skills and warnings side by side. This is read-only and does not change your squads. The pair is restored from the URL (?a=&b=).","2 kayıtlı kadro seçin; diziliş, yerleşim, ilk 11/yedekler, teknik direktör, kaptan, duran toplar, kayıtlı buildler, güçlendiriciler, ortalama özellikler, ortak yetenekler ve uyarıları yan yana karşılaştırın. Yalnızca okunur; kadrolarınızı değiştirmez. Seçilen ikili URL'den (?a=&b=) geri yüklenir.","","","medium","","",""
"squadCompareBoard.pageBackLabel","squadCompareBoard","ui","Squad list","Kadro listesi","","13","medium","","",""
"squadCompareBoard.pageLoading","squadCompareBoard","ui","Loading…","Yükleniyor…","","12","medium","","",""
"squadCompareBoard.startersBenchValueTemplate","squadCompareBoard","ui","{starters}/11 · {bench}","{starters}/11 · {bench}","","30","medium","","",""
"squadCompareBoard.tabOverview","squadCompareBoard","ui","Overview","Genel bakış","","12","medium","","",""
"squadCompareBoard.tabShape","squadCompareBoard","ui","Placement","Yerleşim","","12","medium","","",""
"squadCompareBoard.tabPlayers","squadCompareBoard","ui","Players","Oyuncular","","12","medium","","",""
"squadCompareBoard.tabMetrics","squadCompareBoard","ui","Abilities","Özellikler","","12","medium","","",""
"squadCompareBoard.tabRoles","squadCompareBoard","ui","Roles","Roller","","12","medium","","",""
"squadCompareBoard.tabBoosters","squadCompareBoard","ui","Boosters","Güçlendiriciler","","12","medium","","",""
"squadCompareBoard.tabSkills","squadCompareBoard","ui","Skills / suitability","Yetenekler / uygunluk","","26","medium","","",""
"squadCompareBoard.tabWarnings","squadCompareBoard","ui","Warnings","Uyarılar","","12","high","","",""
"squadCompareBoard.cardFallbackTemplate","squadCompareBoard","ui","Card {id}","Kart {id}","","12","medium","","",""
"squadCompareBoard.selectorAriaTemplate","squadCompareBoard","accessibility","Squad for {label}","Kadro: {label}","","23","high","","",""
"squadCompareBoard.selectPlaceholder","squadCompareBoard","ui","Select a squad…","Kadro seçin…","","20","medium","","",""
"squadCompareBoard.optionTemplate","squadCompareBoard","ui","{name} ({formation} / {starters} starters / {bench} bench / {manager}{custom})","{name} ({formation} / İlk 11: {starters} / Yedek: {bench} / {manager}{custom})","","","medium","","",""
"squadCompareBoard.managerYes","squadCompareBoard","ui","with manager","teknik direktörlü","","16","medium","","",""
"squadCompareBoard.managerNo","squadCompareBoard","ui","no manager","teknik direktörsüz","","13","medium","","",""
"squadCompareBoard.customSuffix","squadCompareBoard","ui"," / custom placement"," / özel yerleşim","","25","medium","","",""
"squadCompareBoard.updatedTemplate","squadCompareBoard","ui","Updated {date}","Güncelleme: {date}","","19","medium","","",""
"squadCompareBoard.open","squadCompareBoard","ui","Open","Aç","","12","medium","","",""
"squadCompareBoard.clearSelection","squadCompareBoard","ui","Clear selection","Seçimi temizle","","20","medium","","",""
"squadCompareBoard.backToList","squadCompareBoard","ui","← Back to squads","← Kadrolara dön","","21","medium","","",""
"squadCompareBoard.storageUnavailable","squadCompareBoard","ui","Squads cannot be saved or compared in this environment (localStorage unavailable, private mode, etc.).","Bu ortamda kadrolar kaydedilemez veya karşılaştırılamaz (localStorage kullanılamıyor, gizli mod vb.).","","","medium","","",""
"squadCompareBoard.sideA","squadCompareBoard","ui","Squad A","Kadro A","","12","medium","","",""
"squadCompareBoard.sideB","squadCompareBoard","ui","Squad B","Kadro B","","12","medium","","",""
"squadCompareBoard.swapAria","squadCompareBoard","accessibility","Swap squads A and B","A ve B kadrolarını yer değiştir","","25","high","","",""
"squadCompareBoard.swap","squadCompareBoard","ui","⇄ Swap","⇄ Yer değiştir","","12","medium","","",""
"squadCompareBoard.clearComparison","squadCompareBoard","ui","Clear comparison","Karşılaştırmayı temizle","","21","medium","","",""
"squadCompareBoard.urlNote","squadCompareBoard","ui","The comparison URL refers to squads saved in this browser. Other devices may not show the same squads.","Karşılaştırma URL'si bu tarayıcıda kayıtlı kadrolara başvurur. Diğer cihazlarda aynı kadrolar görünmeyebilir.","","","medium","","",""
"squadCompareBoard.dupParams","squadCompareBoard","ui","The URL repeats a parameter. Only the first value is used.","URL'de bir parametre tekrarlanıyor. Yalnızca ilk değer kullanılır.","","","medium","","",""
"squadCompareBoard.needTwo","squadCompareBoard","ui","You need at least 2 saved squads to compare.","Karşılaştırmak için en az 2 kayıtlı kadro gerekir.","","","medium","","",""
"squadCompareBoard.createNew","squadCompareBoard","ui","Create a new squad","Yeni kadro oluştur","","24","medium","","",""
"squadCompareBoard.createFromTemplate","squadCompareBoard","ui","Create from a template","Şablondan oluştur","","29","medium","","",""
"squadCompareBoard.toList","squadCompareBoard","ui","Squad list","Kadro listesi","","13","medium","","",""
"squadCompareBoard.sameSquad","squadCompareBoard","ui","A squad cannot be compared with itself.","Bir kadro kendisiyle karşılaştırılamaz.","","","medium","","",""
"squadCompareBoard.notFound","squadCompareBoard","ui","The selected squad was not found (deleted or an unknown ID).","Seçilen kadro bulunamadı (silinmiş veya bilinmeyen ID).","","","medium","","",""
"squadCompareBoard.andSeparator","squadCompareBoard","ui"," and "," ve ","","12","medium","","",""
"squadCompareBoard.reselectTemplate","squadCompareBoard","ui","Please select {sides} again.","Lütfen yeniden seçin: {sides}.","","","medium","","",""
"squadCompareBoard.selectTwo","squadCompareBoard","ui","Select 2 squads to compare.","Karşılaştırmak için 2 kadro seçin.","","","medium","","",""
"squadCompareBoard.selectOther","squadCompareBoard","ui","Select one more squad.","Bir kadro daha seçin.","","29","medium","","",""
"squadCompareBoard.loadingAll","squadCompareBoard","ui","Loading squads and player data…","Kadrolar ve oyuncu verileri yükleniyor…","","","medium","","",""
"squadCompareBoard.externalUpdate","squadCompareBoard","ui","A squad was updated in another tab. The comparison may be out of date.","Bir kadro başka bir sekmede güncellendi. Karşılaştırma güncel olmayabilir.","","","medium","","",""
"squadCompareBoard.reload","squadCompareBoard","ui","Reload","Yeniden yükle","","12","medium","","",""
"squadCompareBoard.loadingCards","squadCompareBoard","ui","Loading player data…","Oyuncu verileri yükleniyor…","","26","medium","","",""
"squadCompareBoard.diffOnly","squadCompareBoard","ui","Show differences only","Yalnızca farkları göster","","28","medium","","",""
"squadCompareBoard.retryLater","squadCompareBoard","ui","Please reload later.","Lütfen daha sonra yeniden yükleyin.","","26","medium","","",""
"squadCompareBoard.commonCards","squadCompareBoard","ui","Common cards","Ortak kartlar","","16","medium","","",""
"squadCompareBoard.onlyATemplate","squadCompareBoard","ui","Only A {n}","Yalnızca A: {n}","","13","medium","","",""
"squadCompareBoard.onlyBTemplate","squadCompareBoard","ui","Only B {n}","Yalnızca B: {n}","","13","medium","","",""
"squadCompareBoard.noAutoVerdict","squadCompareBoard","ui","Squads are not ranked automatically. Values are listed as A / B / difference.","Kadrolar otomatik olarak sıralanmaz. Değerler A / B / fark olarak listelenir.","","","medium","","",""
"squadCompareBoard.formation","squadCompareBoard","ui","Formation","Diziliş","","12","medium","","",""
"squadCompareBoard.customParen","squadCompareBoard","ui"," (custom placement)"," (özel yerleşim)","","25","medium","","",""
"squadCompareBoard.startersBench","squadCompareBoard","ui","Starters / bench","İlk 11 / yedekler","","21","medium","","",""
"squadCompareBoard.manager","squadCompareBoard","ui","Manager","Teknik direktör","","12","medium","","",""
"squadCompareBoard.loadingParen","squadCompareBoard","ui","(loading)","(yükleniyor)","","12","medium","","",""
"squadCompareBoard.none","squadCompareBoard","ui","None","Yok","","12","medium","","",""
"squadCompareBoard.captain","squadCompareBoard","ui","Captain","Kaptan","","12","medium","","",""
"squadCompareBoard.notSet","squadCompareBoard","ui","Not set","Ayarlanmadı","","12","medium","","",""
"squadCompareBoard.parenTemplate","squadCompareBoard","ui"," ({v})"," ({v})","","12","medium","","",""
"squadCompareBoard.updated","squadCompareBoard","ui","Updated","Güncelleme","","12","medium","","",""
"squadCompareBoard.warningCount","squadCompareBoard","ui","Warnings","Uyarılar","","12","high","","",""
"squadCompareBoard.zonesTemplate","squadCompareBoard","ui","Left {left} / Center {center} / Right {right}","Sol {left} / Merkez {center} / Sağ {right}","","","medium","","",""
"squadCompareBoard.customYes","squadCompareBoard","ui","Custom placement","Özel yerleşim","","21","medium","","",""
"squadCompareBoard.presetPlacement","squadCompareBoard","ui","Preset placement","Hazır yerleşim","","21","medium","","",""
"squadCompareBoard.sameFormation","squadCompareBoard","ui","Same formation ID.","Aynı diziliş ID'si.","","24","medium","","",""
"squadCompareBoard.differentFormation","squadCompareBoard","ui","Different formation IDs.","Farklı diziliş ID'leri.","","32","medium","","",""
"squadCompareBoard.roleBreakdownSame","squadCompareBoard","ui"," The FW/MF/DF/GK counts are the same (see the mini pitches for coordinates)."," FW/MF/DF/GK sayıları aynı (koordinatlar için mini sahalara bakın).","","","medium","","",""
"squadCompareBoard.zonesFact","squadCompareBoard","ui"," Left/right balance and central counts are listed as facts (not evaluated)."," Sol/sağ dengesi ve merkezdeki sayılar olgu olarak listelenir (değerlendirilmez).","","","medium","","",""
"squadCompareBoard.keyMetrics","squadCompareBoard","ui","Key metrics","Temel ölçütler","","15","medium","","",""
"squadCompareBoard.noMetricDiff","squadCompareBoard","ui","No metrics differ.","Farklı ölçüt yok.","","24","medium","","",""
"squadCompareBoard.metric","squadCompareBoard","ui","Metric","Ölçüt","","12","medium","","",""
"squadCompareBoard.diffHeader","squadCompareBoard","ui","Diff (A−B)","Fark (A−B)","","13","medium","","",""
"squadCompareBoard.lowerIsCalmer","squadCompareBoard","ui","(lower is safer)","(düşük olan daha güvenli)","","21","medium","","",""
"squadCompareBoard.notesSummary","squadCompareBoard","ui","Notes on averages and comparison","Ortalamalar ve karşılaştırma hakkında notlar","","","medium","","",""
"squadCompareBoard.placementDiffTitle","squadCompareBoard","ui","Placement differences of common cards (starters)","Ortak kartların yerleşim farkları (ilk 11)","","63","medium","","",""
"squadCompareBoard.noPlacementDiff","squadCompareBoard","ui","No placement differences among common starters.","Ortak ilk 11 oyuncuları arasında yerleşim farkı yok.","","","medium","","",""
"squadCompareBoard.roleChangeTemplate","squadCompareBoard","ui","Changed: {a} → {b} · ","Değişti: {a} → {b} · ","","28","medium","","",""
"squadCompareBoard.coordDiffTemplate","squadCompareBoard","ui","x diff {dx} / y diff {dy} (normalized coordinates)","x farkı {dx} / y farkı {dy} (normalleştirilmiş koordinatlar)","","","medium","","",""
"squadCompareBoard.noAreaChange","squadCompareBoard","ui","No starter/bench swaps.","İlk 11/yedek değişimi yok.","","30","medium","","",""
"squadCompareBoard.areaChangeTitle","squadCompareBoard","ui","Starter / bench changes (common cards)","İlk 11 / yedek değişiklikleri (ortak kartlar)","","50","medium","","",""
"squadCompareBoard.fetchFailed","squadCompareBoard","ui","Failed to load","Yüklenemedi","","19","high","","",""
"squadCompareBoard.registeredTemplate","squadCompareBoard","ui","Registered {pos}","Kayıtlı mevki {pos}","","21","medium","","",""
"squadCompareBoard.placementSuffixTemplate","squadCompareBoard","ui"," / placement {role}"," / yerleşim {role}","","25","medium","","",""
"squadCompareBoard.benchSuffix","squadCompareBoard","ui"," / bench"," / yedek","","12","medium","","",""
"squadCompareBoard.ovrTemplate","squadCompareBoard","ui","Displayed OVR {shown} / base OVR {base}","Gösterilen OVR {shown} / temel OVR {base}","","","medium","","",""
"squadCompareBoard.buildSuffixTemplate","squadCompareBoard","ui"," / build “{name}”"," / build “{name}”","","23","medium","","",""
"squadCompareBoard.pomConditional","squadCompareBoard","ui","PoM/condition set","PoM/koşul ayarlı","","23","medium","","",""
"squadCompareBoard.playerDetail","squadCompareBoard","ui","Player details","Oyuncu detayları","","19","medium","","",""
"squadCompareBoard.progression","squadCompareBoard","ui","Progression","Gelişim","","15","medium","","",""
"squadCompareBoard.startersBothTemplate","squadCompareBoard","ui","Starters — in both ({n})","İlk 11 — ikisinde de ({n})","","32","medium","","",""
"squadCompareBoard.noStarterSettingDiff","squadCompareBoard","ui","No common starters with different settings.","Ayarları farklı ortak ilk 11 oyuncusu yok.","","","medium","","",""
"squadCompareBoard.noCommonStarters","squadCompareBoard","ui","No common starters.","Ortak ilk 11 oyuncusu yok.","","25","medium","","",""
"squadCompareBoard.notePlacementTemplate","squadCompareBoard","ui","Placement {a}→{b}","Yerleşim {a}→{b}","","23","medium","","",""
"squadCompareBoard.noteArea","squadCompareBoard","ui","Starter↔bench","İlk 11↔yedek","","17","medium","","",""
"squadCompareBoard.noteBuildMode","squadCompareBoard","ui","Different build mode","Farklı build modu","","26","medium","","",""
"squadCompareBoard.noteSavedBuild","squadCompareBoard","ui","Different saved build","Farklı kayıtlı build","","28","medium","","",""
"squadCompareBoard.noteCaptain","squadCompareBoard","ui","Different captain","Farklı kaptan","","23","medium","","",""
"squadCompareBoard.noteSetPiece","squadCompareBoard","ui","Different set pieces","Farklı duran top görevlileri","","26","medium","","",""
"squadCompareBoard.notePom","squadCompareBoard","ui","Different Power of Many selection","Farklı Power of Many seçimi","","","medium","","",""
"squadCompareBoard.startersOnlyATemplate","squadCompareBoard","ui","Starters — only A ({n})","İlk 11 — yalnızca A ({n})","","30","medium","","",""
"squadCompareBoard.startersOnlyBTemplate","squadCompareBoard","ui","Starters — only B ({n})","İlk 11 — yalnızca B ({n})","","30","medium","","",""
"squadCompareBoard.sameNameTitle","squadCompareBoard","ui","Same name, different card","Aynı ad, farklı kart","","33","medium","","",""
"squadCompareBoard.sameNameNote","squadCompareBoard","ui","Different worldCardIds are not treated as common cards (there is no confirmed player identifier, so they are listed as same name, different card).","Farklı worldCardId'ler ortak kart olarak değerlendirilmez (doğrulanmış bir oyuncu tanımlayıcısı olmadığından aynı ad, farklı kart olarak listelenir).","","","medium","","",""
"squadCompareBoard.cardOfA","squadCompareBoard","ui","Card in A","A'daki kart","","12","medium","","",""
"squadCompareBoard.cardOfB","squadCompareBoard","ui","Card in B","B'deki kart","","12","medium","","",""
"squadCompareBoard.benchTitleTemplate","squadCompareBoard","ui","Bench (A {a} / B {b})","Yedekler (A {a} / B {b})","","28","medium","","",""
"squadCompareBoard.benchOrderNote","squadCompareBoard","ui","The bench order differs (order is not a ranking).","Yedek sıralaması farklı (sıralama bir derece değildir).","","","medium","","",""
"squadCompareBoard.commonWithB","squadCompareBoard","ui","Shared with B","B ile ortak","","17","medium","","",""
"squadCompareBoard.onlyABench","squadCompareBoard","ui","Only on A's bench","Yalnızca A'nın yedeklerinde","","23","medium","","",""
"squadCompareBoard.onlyBBench","squadCompareBoard","ui","Only on B's bench","Yalnızca B'nin yedeklerinde","","23","medium","","",""
"squadCompareBoard.starterBenchChange","squadCompareBoard","ui","Starter↔bench changes","İlk 11↔yedek değişiklikleri","","28","medium","","",""
"squadCompareBoard.partialFetchFail","squadCompareBoard","ui","Some player data could not be retrieved (listed in the Warnings tab). Saved worldCardIds are kept.","Bazı oyuncu verileri alınamadı (Uyarılar sekmesinde listelenir). Kayıtlı worldCardId'ler korunur.","","","medium","","",""
"squadCompareBoard.avgMetrics","squadCompareBoard","ui","Averages and metrics","Ortalamalar ve ölçütler","","26","medium","","",""
"squadCompareBoard.categoryAvgTitle","squadCompareBoard","ui","Category averages (simple averages)","Kategori ortalamaları (basit ortalama)","","46","medium","","",""
"squadCompareBoard.noCategoryDiff","squadCompareBoard","ui","No categories differ.","Farklı kategori yok.","","28","medium","","",""
"squadCompareBoard.diff","squadCompareBoard","ui","Diff","Fark","","12","medium","","",""
"squadCompareBoard.suitability","squadCompareBoard","ui","Suitability","Uygunluk","","15","medium","","",""
"squadCompareBoard.exactTemplate","squadCompareBoard","ui","Matches registered position {n}","Kayıtlı mevkiyle eşleşen: {n}","","","medium","","",""
"squadCompareBoard.unresolvedTemplate","squadCompareBoard","ui","Suitability unconfirmed {n}","Uygunluğu doğrulanmamış: {n}","","","medium","","",""
"squadCompareBoard.mismatchTemplate","squadCompareBoard","ui","Possibly unsuited {n}","Uygun olmayabilir: {n}","","28","medium","","",""
"squadCompareBoard.suitabilityNote","squadCompareBoard","ui","Secondary-position suitability data is not included. More suitability is not judged better automatically. Position-specific OVR is not estimated.","İkincil mevki uygunluk verileri dahil değildir. Daha fazla uygunluk otomatik olarak daha iyi sayılmaz. Mevkiye özel OVR tahmin edilmez.","","","medium","","",""
"squadCompareBoard.stateSame","squadCompareBoard","ui","Same","Aynı","","12","medium","","",""
"squadCompareBoard.stateDifferent","squadCompareBoard","ui","Different","Farklı","","12","medium","","",""
"squadCompareBoard.stateOnlyA","squadCompareBoard","ui","Only A","Yalnızca A","","12","medium","","",""
"squadCompareBoard.stateOnlyB","squadCompareBoard","ui","Only B","Yalnızca B","","12","medium","","",""
"squadCompareBoard.stateNeither","squadCompareBoard","ui","Neither","Hiçbiri","","12","medium","","",""
"squadCompareBoard.managerTitleTemplate","squadCompareBoard","ui","Manager ({state})","Teknik direktör ({state})","","23","medium","","",""
"squadCompareBoard.boosterDeltaTemplate","squadCompareBoard","ui","managerBoosterDelta total {n}","managerBoosterDelta toplamı {n}","","","medium","","",""
"squadCompareBoard.confirmedTemplate","squadCompareBoard","ui","Confirmed: {list}","Doğrulanmış: {list}","","23","high","","",""
"squadCompareBoard.noConfirmedManagerBoosters","squadCompareBoard","ui","No confirmed manager boosters","Doğrulanmış teknik direktör güçlendiricisi yok","","","high","","",""
"squadCompareBoard.noManagerImage","squadCompareBoard","ui","Manager images are not shown.","Teknik direktör görselleri gösterilmez.","","","medium","","",""
"squadCompareBoard.captainTitleTemplate","squadCompareBoard","ui","Captain ({state})","Kaptan ({state})","","23","medium","","",""
"squadCompareBoard.nameRoleTemplate","squadCompareBoard","ui","{name} ({role})","{name} ({role})","","20","medium","","",""
"squadCompareBoard.captainNote","squadCompareBoard","ui","The captain is compared as role information (no ability effect is added).","Kaptan rol bilgisi olarak karşılaştırılır (özellik etkisi eklenmez).","","","medium","","",""
"squadCompareBoard.setPieceTitle","squadCompareBoard","ui","Set-piece takers","Duran top görevlileri","","21","medium","","",""
"squadCompareBoard.kind","squadCompareBoard","ui","Type","Tür","","12","medium","","",""
"squadCompareBoard.verdict","squadCompareBoard","ui","Status","Durum","","12","medium","","",""
"squadCompareBoard.setPieceNote","squadCompareBoard","ui","Only the existing keys (CK / FK / PK) are compared. Left/right FK and short FK are not handled.","Yalnızca mevcut anahtarlar (CK / FK / PK) karşılaştırılır. Sol/sağ FK ve kısa FK ele alınmaz.","","","medium","","",""
"squadCompareBoard.linkUpTitleTemplate","squadCompareBoard","ui","Link-Up ({state})","Link-Up ({state})","","23","medium","","",""
"squadCompareBoard.linkUpSet","squadCompareBoard","ui","Link-Up set","Link-Up ayarı","","15","medium","","",""
"squadCompareBoard.notConfigured","squadCompareBoard","ui","Not set","Ayarlanmadı","","12","medium","","",""
"squadCompareBoard.statusTemplate","squadCompareBoard","ui","{name}: {status} ({conf})","{name}: {status} ({conf})","","","medium","","",""
"squadCompareBoard.kindFixed","squadCompareBoard","ui","Fixed","Sabit","","12","medium","","",""
"squadCompareBoard.kindFixedProvisional","squadCompareBoard","ui","Fixed (estimated)","Sabit (tahmini)","","23","medium","","",""
"squadCompareBoard.kindConditional","squadCompareBoard","ui","Conditional (Total Package)","Koşullu (Total Package)","","","medium","","",""
"squadCompareBoard.kindUnresolved","squadCompareBoard","ui","Unresolved","Çözümlenmedi","","13","medium","","",""
"squadCompareBoard.kindOther","squadCompareBoard","ui","Other","Diğer","","12","medium","","",""
"squadCompareBoard.boostersTitle","squadCompareBoard","ui","Fixed boosters / Power of Many (common cards)","Sabit güçlendiriciler / Power of Many (ortak kartlar)","","59","medium","","",""
"squadCompareBoard.boostersNote","squadCompareBoard","ui","Attached booster effects are the same for the same card. This mainly compares the user-selected levels of Power of Many (gold) and Total Package. User-selected values are not treated as standard values.","Takılı güçlendirici etkileri aynı kart için aynıdır. Burada esas olarak Power of Many (altın) ve Total Package için kullanıcının seçtiği seviyeler karşılaştırılır. Kullanıcının seçtiği değerler standart değer olarak kabul edilmez.","","","medium","","",""
"squadCompareBoard.noBoosterDiff","squadCompareBoard","ui","No boosters with different selections.","Seçimi farklı güçlendirici yok.","","","medium","","",""
"squadCompareBoard.noTargetCommonCards","squadCompareBoard","ui","No common cards to compare.","Karşılaştırılacak ortak kart yok.","","","medium","","",""
"squadCompareBoard.selectionTemplate","squadCompareBoard","ui"," · selected {v}"," · seçilen {v}","","20","medium","","",""
"squadCompareBoard.notSelected","squadCompareBoard","ui","not selected","seçilmedi","","16","medium","","",""
"squadCompareBoard.standardApplied","squadCompareBoard","ui"," · applied as standard"," · standart olarak uygulandı","","29","medium","","",""
"squadCompareBoard.provisionalNote","squadCompareBoard","ui","“Fixed (estimated)” = the effect is verified against external sources, but there is no specific evidence that it is Power of Many, so it is estimated as fixed and provisionally applied to standard values (not a confirmed fixed booster).","“Sabit (tahmini)” = etki harici kaynaklarla doğrulandı, ancak Power of Many olduğuna dair belirli bir kanıt olmadığından sabit olduğu tahmin edilir ve standart değerlere geçici olarak uygulanır (doğrulanmış bir sabit güçlendirici değildir).","","","medium","","",""
"squadCompareBoard.savedBuildsTitle","squadCompareBoard","ui","Saved builds (common cards)","Kayıtlı buildler (ortak kartlar)","","36","medium","","",""
"squadCompareBoard.noBuildDiff","squadCompareBoard","ui","No common cards with different builds.","Buildi farklı ortak kart yok.","","","medium","","",""
"squadCompareBoard.policyTemplate","squadCompareBoard","ui","Mode {v}","Mod {v}","","12","medium","","",""
"squadCompareBoard.buildNameTemplate","squadCompareBoard","ui","Build “{name}”","Build “{name}”","","19","medium","","",""
"squadCompareBoard.noSavedBuild","squadCompareBoard","ui","No saved build","Kayıtlı build yok","","19","medium","","",""
"squadCompareBoard.rulesTemplate","squadCompareBoard","ui","Rules {v}","Kurallar {v}","","12","medium","","",""
"squadCompareBoard.deletedRef","squadCompareBoard","ui","The referenced build was deleted (calculated from the mode only).","Başvurulan build silindi (yalnızca moddan hesaplandı).","","","high","","",""
"squadCompareBoard.staleBuild","squadCompareBoard","ui","Old-rules build (recalculated with current rules)","Eski kurallı build (mevcut kurallarla yeniden hesaplandı)","","","medium","","",""
"squadCompareBoard.conditionalTrial","squadCompareBoard","ui","Condition level selected (trial)","Koşul seviyesi seçildi (deneme)","","","medium","","",""
"squadCompareBoard.standardOvrTemplate","squadCompareBoard","ui","Standard displayed OVR {v}","Standart gösterilen OVR {v}","","","medium","","",""
"squadCompareBoard.sharedSkillsTitle","squadCompareBoard","ui","Skills held by every starter","Tüm ilk 11 oyuncularında olan yetenekler","","37","medium","","",""
"squadCompareBoard.skillKindsTemplate","squadCompareBoard","ui","{name}: {n} skills","{name}: yetenek sayısı {n}","","24","medium","","",""
"squadCompareBoard.bothListTemplate","squadCompareBoard","ui","Both: {list}","İkisinde de: {list}","","16","medium","","",""
"squadCompareBoard.onlyAAllTemplate","squadCompareBoard","ui","Only A (all starters): {list}","Yalnızca A (tüm ilk 11): {list}","","","medium","","",""
"squadCompareBoard.onlyBAllTemplate","squadCompareBoard","ui","Only B (all starters): {list}","Yalnızca B (tüm ilk 11): {list}","","","medium","","",""
"squadCompareBoard.skillHoldersTitle","squadCompareBoard","ui","Skill holders (starters)","Yeteneğe sahip oyuncular (ilk 11)","","32","medium","","",""
"squadCompareBoard.skill","squadCompareBoard","ui","Skill","Yetenek","","12","medium","","",""
"squadCompareBoard.allStarters","squadCompareBoard","ui","All starters","Tüm ilk 11","","16","medium","","",""
"squadCompareBoard.skillsNote","squadCompareBoard","ui","A card's own skills are treated as identical for the same worldCardId. Squads are not ranked by skill effects.","Aynı worldCardId için kartın kendi yetenekleri aynı kabul edilir. Kadrolar yetenek etkilerine göre sıralanmaz.","","","medium","","",""
"squadCompareBoard.commonSuitabilityTitle","squadCompareBoard","ui","Suitability of common cards","Ortak kartların uygunluğu","","36","medium","","",""
"squadCompareBoard.warningsTitleTemplate","squadCompareBoard","ui","Warnings (A {a} / B {b})","Uyarılar (A {a} / B {b})","","32","high","","",""
"squadCompareBoard.noWinByWarnings","squadCompareBoard","ui","Fewer warnings is not automatically treated as winning.","Daha az uyarı otomatik olarak üstünlük sayılmaz.","","","high","","",""
"squadCompareBoard.both","squadCompareBoard","ui","Both","İkisi de","","12","medium","","",""
"squadCompareBoard.onlyAShort","squadCompareBoard","ui","Only A","Yalnızca A","","12","medium","","",""
"squadCompareBoard.onlyBShort","squadCompareBoard","ui","Only B","Yalnızca B","","12","medium","","",""
"squadCompareBoard.fetchFailedTitle","squadCompareBoard","ui","Cards whose player data could not be retrieved","Oyuncu verileri alınamayan kartlar","","60","high","","",""
"squadCompareBoard.starterTemplate","squadCompareBoard","ui","Starter {v}","İlk 11 {v}","","15","medium","","",""
"squadCompareBoard.benchNumberTemplate","squadCompareBoard","ui","Bench #{n}","Yedek #{n}","","13","medium","","",""
"squadCompareBoard.failedNote","squadCompareBoard","ui","Excluded from averages and skill counts. Reload later to retry. Saved worldCardIds are not deleted.","Ortalamalardan ve yetenek sayımlarından hariç tutulur. Yeniden denemek için daha sonra sayfayı yenileyin. Kayıtlı worldCardId'ler silinmez.","","","high","","",""
"squadCompareBoard.miniTitleTemplate","squadCompareBoard","ui","Squad {side}: {name}","Kadro {side}: {name}","","26","medium","","",""
"squadCompareBoard.miniStartersTemplate","squadCompareBoard","ui","Starters {n}/11","İlk 11 {n}/11","","20","medium","","",""
"squadCompareBoard.miniAriaTemplate","squadCompareBoard","accessibility","Placement of squad {side} ({name}). {n} starters. {list}","Kadro {side} yerleşimi ({name}). İlk 11 oyuncu sayısı: {n}. {list}","","","high","","",""
"squadCompareBoard.miniCaptainSuffix","squadCompareBoard","ui"," · captain"," · kaptan","","13","medium","","",""
"squadCompareBoard.miniCommonSuffix","squadCompareBoard","ui"," · common card"," · ortak kart","","19","medium","","",""
"squadCompareBoard.miniOnlyThisSuffix","squadCompareBoard","ui"," · only this side"," · yalnızca bu tarafta","","23","medium","","",""
"squadCompareBoard.miniLegendCommon","squadCompareBoard","ui","common card","ortak kart","","15","medium","","",""
"squadCompareBoard.miniLegendOnlyThis","squadCompareBoard","ui","only this side","yalnızca bu tarafta","","19","medium","","",""
"squadCompareBoard.miniLegendNote","squadCompareBoard","ui","“C” = captain. Coordinates are normalized (0–100 of the pitch width).","“C” = kaptan. Koordinatlar normalleştirilmiştir (saha genişliğinin 0–100'ü).","","","medium","","",""
"generated.libText.fixed","generated:libText","generated","(source: 基礎)","Temel","","","high","","",""
"generated.libText.fixed","generated:libText","generated","(source: 育成後)","Gelişim sonrası","","","high","","",""
"generated.libText.fixed","generated:libText","generated","(source: 標準)","Standart","","","high","","",""
"generated.libText.fixed","generated:libText","generated","(source: 条件反映後)","Koşullar uygulanmış","","","high","","",""
"generated.libText.fixed","generated:libText","generated","(source: 実験)","Deneysel","","","high","","",""
"generated.libText.fixed","generated:libText","generated","(source: 一部カテゴリの能力値を取得できませんでした（該当軸は代替表で「—」・グラフは 0 として描画）。)","Bazı kategori değerleri alınamadı (alternatif tabloda “—” olarak gösterilir, grafikte 0 olarak çizilir).","","","high","","",""
"generated.libText.fixed","generated:libText","generated","(source: ゲーム公式の総合値、ポジション別 OVR、AI 評価ではありません。)","Bu, oyunun resmî genel derecesi, mevkiye özel bir OVR veya bir yapay zekâ değerlendirmesi değildir.","","","high","","",""
"generated.libText.fixed","generated:libText","generated","(source: 正確な各能力値は下の 26 能力値表で確認できます。)","Kesin değerler için aşağıdaki 26 özellik tablosuna bakın.","","","high","","",""
"generated.libText.fixed","generated:libText","generated","(source: カテゴリ合計・平均・総合は単純計算です（eFootball の公式カテゴリ重み・総合評価とは異なります）。)","Kategori toplamları, ortalamaları ve genel değerler basit hesaplamalardır (eFootball'un resmî kategori ağırlıklarından ve genel derecelerinden farklıdır).","","","high","","",""
"generated.libText.fixed","generated:libText","generated","(source: カードタイプ)","Kart türü","","","high","","",""
"generated.libText.fixed","generated:libText","generated","(source: 登録ポジション)","Kayıtlı mevki","","","high","","",""
"generated.libText.fixed","generated:libText","generated","(source: 基礎OVR)","Temel OVR","","","high","","",""
"generated.libText.fixed","generated:libText","generated","(source: 最大OVR)","Maks. OVR","","","high","","",""
"generated.libText.fixed","generated:libText","generated","(source: 最大レベル)","Maksimum seviye","","","high","","",""
"generated.libText.fixed","generated:libText","generated","(source: 攻撃プレースタイル)","Hücum oyun tarzı","","","high","","",""
"generated.libText.fixed","generated:libText","generated","(source: 守備プレースタイル)","Savunma oyun tarzı","","","high","","",""
"generated.libText.fixed","generated:libText","generated","(source: 国籍)","Uyruk","","","high","","",""
"generated.libText.fixed","generated:libText","generated","(source: 地域)","Bölge","","","high","","",""
"generated.libText.fixed","generated:libText","generated","(source: リーグ)","Lig","","","high","","",""
"generated.libText.fixed","generated:libText","generated","(source: チーム)","Takım","","","high","","",""
"generated.libText.fixed","generated:libText","generated","(source: 年齢)","Yaş","","","high","","",""
"generated.libText.fixed","generated:libText","generated","(source: 身長)","Boy","","","high","","",""
"generated.libText.fixed","generated:libText","generated","(source: 体重)","Kilo","","","high","","",""
"generated.libText.fixed","generated:libText","generated","(source: 利き足)","Tercih edilen ayak","","","high","","",""
"generated.libText.fixed","generated:libText","generated","(source: このカードの数値IDは付属ブースター対応表（eFootball World の個別選手ページ由来）に含まれていません。名称を解決できないため能力値へは適用していません。)","Bu kartın sayısal kimliği, ekli güçlendirici tablosunda (eFootball World oyuncu sayfalarından alınan) yok. Adı belirlenemediği için özelliklere uygulanmaz.","","","high","","",""
"generated.libText.fixed","generated:libText","generated","(source: 発動条件付き（内容未確認）)","Koşullu (koşullar doğrulanmadı)","","","high","","",""
"generated.libText.fixed","generated:libText","generated","(source: B2 ブースターは指定されていません。)","Seçili B2 güçlendiricisi yok.","","","high","","",""
"generated.libText.fixed","generated:libText","generated","(source: 選択した B2 ブースターは、対象能力の通常の最終値・比較の順位・チーム集計に反映します。)","Seçili B2 güçlendiricisi, hedef özelliklerin normal son değerlerine, karşılaştırma sıralamalarına ve takım toplamlarına uygulanır.","","","high","","",""
"generated.libText.fixed","generated:libText","generated","(source: 手動試算ブースターは「試算最終値」にのみ反映します（通常の最終値・比較の順位・チーム集計には含めません）。)","Manuel deneme güçlendiricileri yalnızca deneme son değerlerini etkiler (normal son değerleri, karşılaştırma sıralamalarını veya takım toplamlarını etkilemez).","","","high","","",""
"generated.libText.fixed","generated:libText","generated","(source: 選択した B2 ブースターのうち確認済みの分は通常の最終値へ反映し、未確認の分は「試算最終値」にのみ反映します（通常の最終値・比較の順位・チーム集計には含めません）。)","Seçili B2 güçlendiricilerinin doğrulanmış kısımları normal son değerlere uygulanır; doğrulanmamış kısımlar yalnızca deneme son değerlerini etkiler (normal son değerleri, karşılaştırma sıralamalarını veya takım toplamlarını etkilemez).","","","high","","",""
"generated.libText.fixed","generated:libText","generated","(source: このカードに付属する選手ブースターはありません。)","Bu kartın ekli oyuncu güçlendiricisi yok.","","","high","","",""
"generated.libText.fixed","generated:libText","generated","(source: スクリーンショットで実測済みの付属ブースターを通常の最終値へ適用しています（厳密モード）。適用の基準は効果内容の証拠で、発動方式（固定型 / Power of Many）は問いません。)","Ekran görüntülerinde ölçülen ekli güçlendiriciler normal son değerlere uygulanır (katı mod). Uygulama, etkinleşme türünden (sabit / Power of Many) bağımsız olarak etkinin kanıtına dayanır.","","","high","","",""
"generated.libText.fixed","generated:libText","generated","(source: 効果内容を外部2ソースで照合した付属ブースターを通常の最終値へ適用しています（標準モード）。KONAMI 公式の確定値ではありません。発動方式の証拠が不足するものは、Power of Many（条件型）である具体的証拠がないため固定型と推定して暫定適用しています。)","Etkileri iki harici kaynakta eşleşen ekli güçlendiriciler normal son değerlere uygulanır (standart mod). Bunlar resmî KONAMI değerleri değildir. Etkinleşme türüne dair kanıt yoksa, Power of Many (koşullu) olduğuna dair somut bir kanıt da olmadığından sabit oldukları varsayılır ve geçici olarak uygulanır.","","","high","","",""
"generated.libText.fixed","generated:libText","generated","(source: 編成条件付き付属ブースターの段階をユーザーが手動指定しています。標準最終値は変えず「条件反映後値」にのみ反映します。アプリが編成人数を自動検証した値ではありません。)","Kadroya bağlı bir ekli güçlendiricinin kademesini manuel olarak ayarladınız. Yalnızca koşullu son değerleri etkiler, standart son değerleri etkilemez. Uygulama kadronuzdaki oyuncu sayısını doğrulamadı.","","","high","","",""
"generated.libText.fixed","generated:libText","generated","(source: 付属ブースターの名称は確認できましたが、現在のモードでは通常の最終値へ適用していません（実験モードで試算できます）。)","Ekli güçlendiricinin adı doğrulandı ancak mevcut modda normal son değerlere uygulanmıyor (deneysel modda deneyebilirsiniz).","","","high","","",""
"generated.libText.fixed","generated:libText","generated","(source: 付属ブースターの数値IDを対応表で解決できませんでした。能力値へは適用していません。)","Ekli güçlendiricinin sayısal kimliği tablodan belirlenemedi. Özelliklere uygulanmaz.","","","high","","",""
"generated.libText.fixed","generated:libText","generated","(source: 未指定)","Ayarlanmadı","","","high","","",""
"generated.libText.fixed","generated:libText","generated","(source: 適用なし（+0）)","Uygulanmadı (+0)","","","high","","",""
"generated.libText.fixed","generated:libText","generated","(source: 対象リーグ 1〜13 人)","Ligden 1–13 oyuncu","","","high","","",""
"generated.libText.fixed","generated:libText","generated","(source: 対象リーグ 1〜13 人相当、対象能力 +1)","Ligden 1–13 oyuncu, hedef özellikler +1","","","high","","",""
"generated.libText.fixed","generated:libText","generated","(source: 対象リーグ 14〜19 人)","Ligden 14–19 oyuncu","","","high","","",""
"generated.libText.fixed","generated:libText","generated","(source: 対象リーグ 14〜19 人相当、対象能力 +2)","Ligden 14–19 oyuncu, hedef özellikler +2","","","high","","",""
"generated.libText.fixed","generated:libText","generated","(source: 対象リーグ 20 人以上)","Ligden 20+ oyuncu","","","high","","",""
"generated.libText.fixed","generated:libText","generated","(source: 対象リーグ 20 人以上相当、対象能力 +3)","Ligden 20+ oyuncu, hedef özellikler +3","","","high","","",""
"generated.libText.fixed","generated:libText","generated","(source: この値はユーザーが自身の Game Plan を確認して指定したものです。アプリが編成人数を自動検証した値ではありません。)","Bu değeri kendi Oyun Planınızı kontrol ederek ayarladınız. Uygulama kadronuzdaki oyuncu sayısını doğrulamadı.","","","high","","",""
"generated.libText.fixed","generated:libText","generated","(source: Game Plan 依存の可変ブースター（金色）です。現在のアプリでは対象リーグ人数を自動判定できないため、能力値へ未適用です。)","Oyun Planınıza bağlı değişken bir güçlendirici (altın). Uygulama ligdeki oyuncu sayısını henüz algılayamadığı için özelliklere uygulanmaz.","","","high","","",""
"generated.libText.fixed","generated:libText","generated","(source: 監督は未選択。)","Teknik direktör seçilmedi.","","","high","","",""
"generated.libText.fixed","generated:libText","generated","(source: このビルドは旧規則で作成されています。現行規則で再計算すると配分の解釈が変わります。)","Bu build eski kurallarla oluşturuldu. Mevcut kurallarla yeniden hesaplamak, dağılımın yorumlanma biçimini değiştirir.","","","high","","",""
"generated.libText.fixed","generated:libText","generated","(source: Total Package の条件段階はユーザーが手動指定した試算値です（アプリが Game Plan の対象リーグ人数を自動検証した値ではありません）。標準最終値・比較の順位・チーム集計には含めていません。)","Total Package kademesi, manuel olarak ayarladığınız bir deneme değeridir (uygulama Oyun Planınızdaki lig oyuncusu sayısını doğrulamadı). Standart son değerlere, karşılaştırma sıralamalarına ve takım toplamlarına dahil edilmez.","","","high","","",""
"generated.libText.fixed","generated:libText","generated","(source: 一部の能力値が99上限に達しています（超過分は無効）。ただし育成・ブースター・監督補正込みの最終上限が99である確証はまだありません（暫定処理）。)","Bazı özellikler 99 sınırına ulaştı (fazlası yok sayılır). Gelişim, güçlendiriciler ve teknik direktör düzeltmeleri dahil son sınırın 99 olduğu henüz doğrulanmadı (geçici işlem).","","","high","","",""
"generated.libText.fixed","generated:libText","generated","(source: 厳密モード: ユーザー保存済みスクリーンショットで実測できた付属ブースターだけを通常の最終値へ適用しています。適用の基準は効果内容の証拠で、発動方式（固定型 / Power of Many）は問いません。)","Katı mod: yalnızca kullanıcının kaydettiği ekran görüntülerinde ölçülen ekli güçlendiriciler normal son değerlere uygulanır. Uygulama, etkinleşme türünden (sabit / Power of Many) bağımsız olarak etkinin kanıtına dayanır.","","","high","","",""
"generated.libText.fixed","generated:libText","generated","(source: 標準モード: 効果内容を外部データベース間で照合した高信頼値を含みます。KONAMI 公式の計算結果として確認された値ではありません。発動方式の証拠が不足するブースターは、Power of Many（条件型）である具体的証拠がないため固定型と推定して暫定適用しています（「外部照合済み・固定型推定を含む」）。)","Standart mod: harici veritabanları arasında çapraz kontrol edilmiş yüksek güvenilirlikli değerleri içerir. Bunlar doğrulanmış KONAMI hesaplama sonuçları değildir. Etkinleşme türüne dair kanıtı olmayan güçlendiricilerin Power of Many (koşullu) olduğuna dair somut bir kanıt da olmadığından sabit oldukları varsayılır ve geçici olarak uygulanır (“harici olarak çapraz kontrol edildi, sabit varsayılanlar dahil”).","","","high","","",""
"generated.libText.fixed","generated:libText","generated","(source: 通常の最終値には外部2ソース照合済み（KONAMI 公式未確認）のブースター効果が含まれています。発動方式が固定型と推定されたもの（Power of Many である具体的証拠がないため暫定適用）を含みます。)","Normal son değerler, iki harici kaynakta çapraz kontrol edilmiş güçlendirici etkilerini içerir (KONAMI tarafından doğrulanmamıştır); sabit varsayılanlar da dahildir (Power of Many olduğuna dair somut kanıt olmadığı için geçici olarak uygulanır).","","","high","","",""
"generated.libText.fixed","generated:libText","generated","(source: TRENDING カード（POTW 等）は育成できません。)","TRENDING kartlar (POTW vb.) geliştirilemez.","","","high","","",""
"generated.libText.fixed","generated:libText","generated","(source: 最大レベルが1のため育成ポイントがありません。)","Bu kartın maksimum seviyesi 1 olduğu için gelişim puanı yoktur.","","","high","","",""
"generated.libText.fixed","generated:libText","generated","(source: EFScout（外部コミュニティDB）boot.json referenceData.allBoosters の定義のみ)","Yalnızca EFScout (harici topluluk veritabanı) boot.json referenceData.allBoosters tanımı","","","high","","",""
"generated.libText.fixed","generated:libText","generated","(source: 発動条件付き（KONAMI 公式「The Power of Many」）: このカードの対象リーグ（例: MEIJI YASUDA J1 LEAGUE / Trendyol Süper Lig / Brasileirão など、カードのリーグに対応）の選手を Game Plan に登録した人数で効果が変化する。1〜13 人で全対象能力 +1、14〜19 人で +2、20 人以上で +3。eFootball World の ScoreBar は条件を無視して最大（+3）を表示している。試合／Game Plan 構成に依存する効果のため、静的な育成画面や現状のスカッド機能では評価せず、通常の最終値へは加算しない。)","Koşullu (KONAMI'nin “The Power of Many” özelliği): etki, Oyun Planınızda bu kartın liginden (ör. MEIJI YASUDA J1 LEAGUE / Trendyol Süper Lig / Brasileirão; kartın ligiyle eşleşen) kaç oyuncunun kayıtlı olduğuna bağlıdır: 1–13 oyuncu tüm hedef özelliklere +1, 14–19 oyuncu +2, 20+ oyuncu +3 verir. eFootball World'ün ScoreBar'ı koşulu yok sayar ve maksimumu (+3) gösterir. Etki maça / Oyun Planı düzenine bağlı olduğundan statik gelişim ekranında veya mevcut kadro özelliklerinde değerlendirilmez ve normal son değerlere eklenmez.","","","high","","",""
"generated.libText.fixed","generated:libText","generated","(source: eFootball World（外部コミュニティDB）の個別選手ページ: ScoreBar(ブースターON) − RSC baseAbilities(OFF) の差分 と EFScout（外部DB）の定義が一致（別カード2枚以上・delta==level・デュアル加算一致・反例0）。外部2ソースで整合。KONAMI のゲームクライアント画面での確認ではない。)","eFootball World (harici topluluk veritabanı) oyuncu sayfaları: ScoreBar (güçlendirici açık) − RSC baseAbilities (kapalı) farkı, EFScout (harici veritabanı) tanımıyla eşleşir (2+ farklı kart, delta == seviye, çift eklemeler eşleşir, 0 karşı örnek). İki harici kaynakta tutarlı. KONAMI oyun istemcisinde doğrulanmadı.","","","high","","",""
"generated.libText.fixed","generated:libText","generated","(source: screenshots/スクリーンショット 2026-08-28 020026.png（eFHUB ビルドツール・ユーザー保存）で「ボールキャリー +5」選択時に ドリブル/ボールキープ/スピード/ボディバランス へ緑の +5 を確認。KONAMI のゲームクライアント画面での確認ではない。+ eFootball World ScoreBar 差分 と EFScout 定義も一致。)","Kullanıcının kaydettiği bir ekran görüntüsü (eFHUB build aracı, 2026-08-28), “Ball-carrying +5” seçildiğinde Top sürme / Yakın top kontrolü / Hız / Denge üzerinde yeşil +5 gösteriyor. KONAMI oyun istemcisinde doğrulanmadı. eFootball World ScoreBar farkı ve EFScout tanımı da eşleşiyor.","","","high","","",""
"generated.libText.fixed","generated:libText","generated","(source: screenshots/image.png・image (1).png（eFHUB ビルドツール・ユーザー保存）で「攻撃の起点 +4」選択時に オフェンスセンス/ボールコントロール/グラウンダーパス/キック力 へ緑の +4 を確認。KONAMI のゲームクライアント画面での確認ではない。+ eFootball World ScoreBar 差分 と EFScout 定義も一致。)","Kullanıcının kaydettiği ekran görüntüleri (eFHUB build aracı), “Attacking Hub +4” seçildiğinde Hücum farkındalığı / Top kontrolü / Yerden pas / Şut gücü üzerinde yeşil +4 gösteriyor. KONAMI oyun istemcisinde doğrulanmadı. eFootball World ScoreBar farkı ve EFScout tanımı da eşleşiyor.","","","high","","",""
"generated.libText.fixed","generated:libText","generated","(source:  ＋ デュアルカード1枚の ScoreBar 差分（検証例が不足）)"," + tek bir çift kartta ScoreBar farkı (yeterli doğrulanmış örnek yok)","","","high","","",""
"generated.libText.fixed","generated:libText","generated","(source: 効果候補（全26能力へ +level）は eFootball World の ScoreBar 差分 と EFScout 定義で整合。発動条件の内容は KONAMI 公式「The Power of Many」で判明（Game Plan の同一リーグ登録人数で +1/+2/+3）。ただし条件を静的データ・現状のスカッドでは評価できないため通常の最終値へは未適用。)","Aday etki (26 özelliğin tümüne +seviye), eFootball World ScoreBar farkı ve EFScout tanımıyla eşleşiyor. Koşul, KONAMI'nin “The Power of Many” özelliğinden biliniyor (Oyun Planınızdaki aynı ligden oyuncu sayısına göre +1/+2/+3). Koşul statik verilerden veya mevcut kadrodan değerlendirilemediği için normal son değerlere uygulanmaz.","","","high","","",""
"generated.libText.fixed","generated:libText","generated","(source: （カード付属として未観測）)","(ekli güçlendirici olarak gözlemlenmedi)","","","high","","",""
"generated.libText.fixed","generated:libText","generated","(source: ボールキャリー)","Ball-carrying","","","high","","",""
"generated.libText.fixed","generated:libText","generated","(source: 攻撃の起点)","Attacking Hub","","","high","","",""
"generated.libText.fixed","generated:libText","generated","(source: ファンタジスタ)","Fantasista","","","high","","",""
"generated.libText.fixed","generated:libText","generated","(source: 公式のOVR計算式・ポジション別OVRの正確な重み)","Resmî OVR formülü ve mevkiye göre kesin OVR ağırlıkları","","","high","","",""
"generated.libText.fixed","generated:libText","generated","(source: Max Level Stats（最大レベル時の各能力値）の内訳)","Maksimum seviye özelliklerinin dökümü (her özelliğin maksimum seviyedeki değeri)","","","high","","",""
"generated.libText.fixed","generated:libText","generated","(source: グループ配分1段階あたりの能力別の正確な上昇量（重み付き/上限）)","Grup dağılım seviyesi başına özellik bazında kesin artış (ağırlıklandırma / sınırlar)","","","high","","",""
"generated.libText.fixed","generated:libText","generated","(source: 段階コストの9段階/13段階以降の正確な値（外挿・confirmed ではない）)","Seviye 9 / seviye 13'ten itibaren kademeli kesin maliyetler (tahmini; doğrulanmadı)","","","high","","",""
"generated.libText.fixed","generated:libText","generated","(source: 育成・選手ブースター・監督補正を含む最終能力値の上限（暫定で99にクランプ）)","Gelişim, oyuncu güçlendiricileri ve teknik direktör bonusları dahil son özellik değerlerinin sınırı (geçici olarak 99 ile sınırlanır)","","","high","","",""
"generated.libText:5c479e96","generated:libText","generated","(template; tokens {N} etc. must stay)","Özellik grafiği, seçili özellik modu için basit kategori ortalamalarını gösterir ({fixed:1}).","","","high","","",""
"generated.libText:831535fc","generated:libText","generated","(template; tokens {N} etc. must stay)","Bazı seriler 99'u aşıyor (ölçek {1} değerine kadar genişletildi; kesin değerler için alternatif tabloya ve 26 özellik tablosuna bakın).","","","high","","",""
"generated.libText:8fb3c1c5","generated:libText","generated","(template; tokens {N} etc. must stay)","Teknik direktör “{1}” güçlendiricileri uygulandı (hedef özelliklere +N, birden fazla kaynakta doğrulandı).","","","high","","",""
"generated.libText:d050ea19","generated:libText","generated","(template; tokens {N} etc. must stay)","Teknik direktör “{1}” güçlendiricilerinin yalnızca bir kısmı uygulandı (doğrulanmamış etkiler uygulanmaz).","","","high","","",""
"generated.libText:d7f52a30","generated:libText","generated","(template; tokens {N} etc. must stay)","Teknik direktör “{1}” güçlendirici etkileri doğrulanmadığı için uygulanmaz.","","","high","","",""
"generated.libText:d9a1a66e","generated:libText","generated","(template; tokens {N} etc. must stay)","Kullanıcının belirlediği koşul: {loc:1}","","","high","","",""
"generated.libText:25b136e4","generated:libText","generated","(template; tokens {N} etc. must stay)","Dağılım düzeltildi: {loc:1}","","","high","","",""
"generated.libText:516e1786","generated:libText","generated","(template; tokens {N} etc. must stay)","Çok fazla gelişim puanı kullanıldı: {1} / {2}","","","high","","",""
"generated.libText:da9ae789","generated:libText","generated","(template; tokens {N} etc. must stay)","{1}: bilinmeyen grup kimliği","","","high","","",""
"generated.libText:a087cc98","generated:libText","generated","(template; tokens {N} etc. must stay)","{1}: sayı değil ({2})","","","high","","",""
"generated.libText:dba23d45","generated:libText","generated","(template; tokens {N} etc. must stay)","{1}: negatif ({2})","","","high","","",""
"generated.libText:ae357c36","generated:libText","generated","(template; tokens {N} etc. must stay)","{1}: tam sayı değil ({2})","","","high","","",""
"generated.libText:f81f6d9a","generated:libText","generated","(template; tokens {N} etc. must stay)","{1}: anormal derecede büyük ({2})","","","high","","",""
"generated.libText:9bfe2ba4","generated:libText","generated","(template; tokens {N} etc. must stay)","{1}: sınırlandı ({2} → {3})","","","high","","",""
"generated.buildsText.fixed","generated:buildsText","generated","(source: 現行規則)","Mevcut kurallar","","","high","","",""
"generated.buildsText.fixed","generated:buildsText","generated","(source: 旧規則)","Eski kurallar","","","high","","",""
"generated.buildsText.fixed","generated:buildsText","generated","(source: 規則不明)","Bilinmeyen kurallar","","","high","","",""
"generated.buildsText.fixed","generated:buildsText","generated","(source: 指定あり)","Belirtilmiş","","","high","","",""
"generated.buildsText.fixed","generated:buildsText","generated","(source: 名前が不正です)","Ad geçersiz","","","high","","",""
"generated.buildsText.fixed","generated:buildsText","generated","(source: 改行は使えません)","Satır sonu kullanılamaz","","","high","","",""
"generated.buildsText.fixed","generated:buildsText","generated","(source: ビルド名を入力してください（1〜60文字）)","Bir build adı girin (1–60 karakter)","","","high","","",""
"generated.buildsText.fixed","generated:buildsText","generated","(source: ビルド名は60文字までです)","Build adı en fazla 60 karakter olabilir","","","high","","",""
"generated.buildsText.fixed","generated:buildsText","generated","(source: ベンチ)","Yedek","","","high","","",""
"generated.buildsText.fixed","generated:buildsText","generated","(source: 先発)","İlk 11","","","high","","",""
"generated.buildsText.fixed","generated:buildsText","generated","(source: このブラウザでは保存できません（localStorage 不可）)","Bu tarayıcı kayıt yapamıyor (localStorage kullanılamıyor)","","","high","","",""
"generated.buildsText.fixed","generated:buildsText","generated","(source: カード ID が不正です)","Kart kimliği geçersiz","","","high","","",""
"generated.buildsText.fixed","generated:buildsText","generated","(source: ビルド ID が不正です)","Build kimliği geçersiz","","","high","","",""
"generated.buildsText.fixed","generated:buildsText","generated","(source: このカードは My Team に登録されていません)","Bu kart Takımım bölümünde yok","","","high","","",""
"generated.buildsText.fixed","generated:buildsText","generated","(source: 別のタブでデータが変更されました。再読込してください。)","Veriler başka bir sekmede değiştirildi. Lütfen sayfayı yeniden yükleyin.","","","high","","",""
"generated.buildsText.fixed","generated:buildsText","generated","(source: 対象の保存ビルドが見つかりません（削除された可能性があります）)","Kayıtlı build bulunamadı (silinmiş olabilir)","","","high","","",""
"generated.buildsText.fixed","generated:buildsText","generated","(source: お気に入りビルドの状態が変更されています。再読込してください。)","Favori build değişti. Lütfen sayfayı yeniden yükleyin.","","","high","","",""
"generated.buildsText.fixed","generated:buildsText","generated","(source: 保存ビルドが別のタブで削除されました。再読込してください。)","Kayıtlı build başka bir sekmede silindi. Lütfen sayfayı yeniden yükleyin.","","","high","","",""
"generated.buildsText.fixed","generated:buildsText","generated","(source: このカードは既に My Team へ登録されています。再読込してください。)","Bu kart zaten Takımım bölümünde. Lütfen sayfayı yeniden yükleyin.","","","high","","",""
"generated.buildsText.fixed","generated:buildsText","generated","(source: 所有状態が不正です)","Sahiplik durumu geçersiz","","","high","","",""
"generated.buildsText.fixed","generated:buildsText","generated","(source: 使用状態が不正です)","Kullanım durumu geçersiz","","","high","","",""
"generated.buildsText.fixed","generated:buildsText","generated","(source: 既に解除されています。再読込してください。)","Zaten temizlenmiş. Lütfen sayfayı yeniden yükleyin.","","","high","","",""
"generated.buildsText.fixed","generated:buildsText","generated","(source: 設定が別のタブで変更されています。再読込してください。)","Ayar başka bir sekmede değiştirildi. Lütfen sayfayı yeniden yükleyin.","","","high","","",""
"generated.buildsText.fixed","generated:buildsText","generated","(source: 対象の枠が見つかりません（別のタブで変更された可能性があります）。再読込してください。)","Yuva bulunamadı (başka bir sekmede değiştirilmiş olabilir). Lütfen sayfayı yeniden yükleyin.","","","high","","",""
"generated.buildsText.fixed","generated:buildsText","generated","(source: 枠のカードが別のタブで変更されています。パネルを開き直してください。)","Bu yuvadaki kart başka bir sekmede değiştirildi. Lütfen paneli yeniden açın.","","","high","","",""
"generated.buildsText.fixed","generated:buildsText","generated","(source: 対象の保存ビルドが見つかりません（削除された可能性があります）。再読込してください。)","Kayıtlı build bulunamadı (silinmiş olabilir). Lütfen sayfayı yeniden yükleyin.","","","high","","",""
"generated.buildsText.fixed","generated:buildsText","generated","(source: 保存データの検証に失敗（スキーマ不一致）)","Kayıtlı veriler doğrulamadan geçemedi (şema uyuşmazlığı)","","","high","","",""
"generated.buildsText.fixed","generated:buildsText","generated","(source: 規則バージョンが不明（rulesVersion が空）で同一性を安全に判定できません)","Kural sürümü bilinmiyor (boş rulesVersion), bu yüzden aynı olup olmadıkları güvenle belirlenemiyor","","","high","","",""
"generated.buildsText.fixed","generated:buildsText","generated","(source: 配分が 1 カテゴリだけ異なる)","Dağılım yalnızca bir kategoride farklı","","","high","","",""
"generated.buildsText.fixed","generated:buildsText","generated","(source: 選手ブースター試算 / Power of Many 指定だけが異なる)","Yalnızca oyuncu güçlendirici denemesi / Power of Many ayarı farklı","","","high","","",""
"generated.buildsText.fixed","generated:buildsText","generated","(source: 育成配分)","Gelişim dağılımı","","","high","","",""
"generated.buildsText.fixed","generated:buildsText","generated","(source: 選手ブースター試算)","Oyuncu güçlendirici denemesi","","","high","","",""
"generated.buildsText.fixed","generated:buildsText","generated","(source: Power of Many 指定)","Power of Many ayarı","","","high","","",""
"generated.buildsText.fixed","generated:buildsText","generated","(source: ビルド名)","Build adı","","","high","","",""
"generated.buildsText.fixed","generated:buildsText","generated","(source: 作成日時)","Oluşturulma tarihi","","","high","","",""
"generated.buildsText.fixed","generated:buildsText","generated","(source: 更新日時)","Güncellenme tarihi","","","high","","",""
"generated.buildsText.fixed","generated:buildsText","generated","(source: 保存時の推定OVR)","Kayıt anındaki tahmini OVR","","","high","","",""
"generated.buildsText.fixed","generated:buildsText","generated","(source: 計算モード)","Hesaplama modu","","","high","","",""
"generated.buildsText.fixed","generated:buildsText","generated","(source: 未指定)","Ayarlanmadı","","","high","","",""
"generated.buildsText.fixed","generated:buildsText","generated","(source: 未配分)","Dağıtılmadı","","","high","","",""
"generated.buildsText.fixed","generated:buildsText","generated","(source: My Team の選択中ビルド)","Takımım'da seçili build","","","high","","",""
"generated.buildsText.fixed","generated:buildsText","generated","(source: My Team のお気に入りビルド)","Takımım'daki favori build","","","high","","",""
"generated.buildsText.fixed","generated:buildsText","generated","(source: スカッド（先発）)","Kadro (ilk 11)","","","high","","",""
"generated.buildsText.fixed","generated:buildsText","generated","(source: スカッド（ベンチ）)","Kadro (yedek)","","","high","","",""
"generated.buildsText.fixed","generated:buildsText","generated","(source: ファイルが空です。)","Dosya boş.","","","high","","",""
"generated.buildsText.fixed","generated:buildsText","generated","(source: JSON として読み取れません。正式なエクスポートファイルを選んでください。)","JSON olarak okunamıyor. Lütfen resmî bir dışa aktarma dosyası seçin.","","","high","","",""
"generated.buildsText.fixed","generated:buildsText","generated","(source: エクスポートファイルの形式ではありません（トップレベルがオブジェクトではありません）。)","Bu bir dışa aktarma dosyası değil (en üst düzey bir nesne değil).","","","high","","",""
"generated.buildsText.fixed","generated:buildsText","generated","(source: 安全でないキーを含むため読み込めません。)","Güvenli olmayan anahtarlar içerdiği için içe aktarılamıyor.","","","high","","",""
"generated.buildsText.fixed","generated:buildsText","generated","(source: 未知の項目を含むため読み込めません。正式なエクスポートファイルを選んでください。)","Bilinmeyen alanlar içerdiği için içe aktarılamıyor. Lütfen resmî bir dışa aktarma dosyası seçin.","","","high","","",""
"generated.buildsText.fixed","generated:buildsText","generated","(source: このアプリの保存ビルドエクスポートファイルではありません。)","Bu, bu uygulamanın kayıtlı build dışa aktarma dosyası değil.","","","high","","",""
"generated.buildsText.fixed","generated:buildsText","generated","(source: formatVersion の形式が不正です。)","formatVersion geçersiz.","","","high","","",""
"generated.buildsText.fixed","generated:buildsText","generated","(source: exportedAt が妥当な ISO 8601 日時ではありません。)","exportedAt geçerli bir ISO 8601 tarih-saat değil.","","","high","","",""
"generated.buildsText.fixed","generated:buildsText","generated","(source: itemCount が非負整数ではありません。)","itemCount negatif olmayan bir tam sayı değil.","","","high","","",""
"generated.buildsText.fixed","generated:buildsText","generated","(source: builds が配列ではありません。)","builds bir dizi değil.","","","high","","",""
"generated.buildsText.fixed","generated:buildsText","generated","(source: itemCount と builds の件数が一致しません。)","itemCount, build sayısıyla eşleşmiyor.","","","high","","",""
"generated.buildsText.fixed","generated:buildsText","generated","(source: ファイルまたはビルド件数が大きすぎます。)","Dosya veya build sayısı çok büyük.","","","high","","",""
"generated.buildsText.fixed","generated:buildsText","generated","(source: JSON として読み取れません。)","JSON olarak okunamıyor.","","","high","","",""
"generated.buildsText.fixed","generated:buildsText","generated","(source: エクスポートファイルの構造ではありません。)","Bu, bir dışa aktarma dosyası yapısına sahip değil.","","","high","","",""
"generated.buildsText.fixed","generated:buildsText","generated","(source: 未知または安全でない項目を含むため読み込めません。)","Bilinmeyen veya güvenli olmayan alanlar içerdiği için içe aktarılamıyor.","","","high","","",""
"generated.buildsText.fixed","generated:buildsText","generated","(source: 未対応の formatVersion です。アプリの更新が必要です。)","Desteklenmeyen formatVersion. Uygulamanın güncellenmesi gerekiyor.","","","high","","",""
"generated.buildsText.fixed","generated:buildsText","generated","(source: exportedAt の日時が不正です。)","exportedAt tarih-saati geçersiz.","","","high","","",""
"generated.buildsText.fixed","generated:buildsText","generated","(source: itemCount が不正です。)","itemCount geçersiz.","","","high","","",""
"generated.buildsText.fixed","generated:buildsText","generated","(source: itemCount と実際の件数が一致しません。)","itemCount gerçek sayıyla eşleşmiyor.","","","high","","",""
"generated.buildsText.fixed","generated:buildsText","generated","(source: ファイルを読み込めません。)","Dosya okunamıyor.","","","high","","",""
"generated.buildsText.fixed","generated:buildsText","generated","(source: worldCardId が不正です)","Kart kimliği geçersiz","","","high","","",""
"generated.buildsText.fixed","generated:buildsText","generated","(source: ビルド名を入力してください)","Lütfen bir build adı girin","","","high","","",""
"generated.buildsText.fixed","generated:buildsText","generated","(source: 対象のビルドが見つかりません)","Build bulunamadı","","","high","","",""
"generated.buildsText.fixed","generated:buildsText","generated","(source: 保存データの形式が不正です)","Kayıtlı veriler geçerli bir biçimde değil","","","high","","",""
"generated.buildsText.fixed","generated:buildsText","generated","(source: この環境ではビルドを保存できません（localStorage 不可）)","Buildler burada kaydedilemiyor (localStorage kullanılamıyor)","","","high","","",""
"generated.buildsText.fixed","generated:buildsText","generated","(source: この環境ではビルドを更新できません（localStorage 不可）)","Buildler burada güncellenemiyor (localStorage kullanılamıyor)","","","high","","",""
"generated.buildsText.fixed","generated:buildsText","generated","(source: この環境ではビルドを更新できません)","Buildler burada güncellenemiyor","","","high","","",""
"generated.buildsText.fixed","generated:buildsText","generated","(source: buildId が衝突しています)","Build kimliği mevcut bir buildle çakışıyor","","","high","","",""
"generated.buildsText.fixed","generated:buildsText","generated","(source: インポートデータの形式が不正です)","İçe aktarma verileri geçerli bir biçimde değil","","","high","","",""
"generated.buildsText.fixed","generated:buildsText","generated","(source: この環境では保存できません（localStorage 不可）)","Burada kaydedilemiyor (localStorage kullanılamıyor)","","","high","","",""
"generated.buildsText.fixed","generated:buildsText","generated","(source: この環境では更新できません)","Burada güncellenemiyor","","","high","","",""
"generated.buildsText.fixed","generated:buildsText","generated","(source: この環境では更新できません（localStorage 不可）)","Burada güncellenemiyor (localStorage kullanılamıyor)","","","high","","",""
"generated.buildsText.fixed","generated:buildsText","generated","(source: 保存できませんでした（保存容量が不足している可能性があります）)","Kaydedilemedi (depolama alanı dolmuş olabilir)","","","high","","",""
"generated.buildsText.fixed","generated:buildsText","generated","(source: 既存の保存ビルドが変更されています。再読込してください。)","Kayıtlı buildler değişti. Lütfen sayfayı yeniden yükleyin.","","","high","","",""
"generated.buildsText.fixed","generated:buildsText","generated","(source: 未対応のスキーマバージョンです)","Desteklenmeyen şema sürümü","","","high","","",""
"generated.buildsText.fixed","generated:buildsText","generated","(source: 追加するビルドがありません)","Eklenecek build yok","","","high","","",""
"generated.buildsText:95296a77","generated:buildsText","generated","(template; tokens {N} etc. must stay)","{1} (kopya)","","","high","","",""
"generated.buildsText:ec1cff8f","generated:buildsText","generated","(template; tokens {N} etc. must stay)","İlk 11 ({1})","","","high","","",""
"generated.buildsText:b0467c8c","generated:buildsText","generated","(template; tokens {N} etc. must stay)","Yedek {1}","","","high","","",""
"generated.buildsText:acada59a","generated:buildsText","generated","(template; tokens {N} etc. must stay)","Belirtilmiş ({1})","","","high","","",""
"generated.buildsText:77c1969e","generated:buildsText","generated","(template; tokens {N} etc. must stay)","Dağılım: {group:1} ({loc:2} → {loc:3})","","","high","","",""
"generated.buildsText:aa11c4cf","generated:buildsText","generated","(template; tokens {N} etc. must stay)","Oyuncu güçlendirici denemesi: {loc:1} → {loc:2}","","","high","","",""
"generated.buildsText:d996c60a","generated:buildsText","generated","(template; tokens {N} etc. must stay)","Mevcut olmayan bir kayıtlı builde başvuru var: {loc:1} (buildId {2}).","","","high","","",""
"generated.buildsText:bb8e8cb0","generated:buildsText","generated","(template; tokens {N} etc. must stay)","Başvuran: {loc:1}. Başvurulan kayıtlı buildin worldCardId değeri ({2}), başvuran kartla ({3}) eşleşmiyor.","","","high","","",""
"generated.buildsText:8c2e4dce","generated:buildsText","generated","(template; tokens {N} etc. must stay)","Kayıtlı build kimliği ({2}) hatalı biçimde. Sahibi: {loc:1}.","","","high","","",""
"generated.buildsText:754b9672","generated:buildsText","generated","(template; tokens {N} etc. must stay)","Başvuru güvenli şekilde sınıflandırılamıyor. Başvuran: {loc:1} (worldCardId {2}).","","","high","","",""
"generated.buildsText:17ab7964","generated:buildsText","generated","(template; tokens {N} etc. must stay)","{1}: geçersiz durum, varsayılana (normal) sıfırlandı","","","high","","",""
"generated.buildsText:49fe4166","generated:buildsText","generated","(template; tokens {N} etc. must stay)","{1}: bilinmeyen özellik alanı kimliği, yok sayıldı","","","high","","",""
"generated.buildsText:6fc1ca12","generated:buildsText","generated","(template; tokens {N} etc. must stay)","freeText: {1} karakterle kısaltıldı","","","high","","",""
"generated.buildsText:ba848216","generated:buildsText","generated","(template; tokens {N} etc. must stay)","Dosya çok büyük (sınır: {1} MB).","","","high","","",""
"generated.buildsText:d8b0ec76","generated:buildsText","generated","(template; tokens {N} etc. must stay)","Desteklenmeyen formatVersion ({1}). Uygulamanın güncellenmesi gerekiyor; gelecekteki bir biçim asla mevcut biçim olarak okunmaz.","","","high","","",""
"generated.buildsText:04ca5da5","generated:buildsText","generated","(template; tokens {N} etc. must stay)","Çok fazla build (sınır: {1}).","","","high","","",""
"generated.squadCompare.fixed","generated:squadCompare","generated","(source: 同名の別カード)","Aynı ad, farklı kart","","","high","","",""
"generated.squadCompare.fixed","generated:squadCompare","generated","(source: 登録ポジションと一致)","Kayıtlı mevkiyle eşleşiyor","","","high","","",""
"generated.squadCompare.fixed","generated:squadCompare","generated","(source: 不適性の可能性)","Uygun olmayabilir","","","high","","",""
"generated.squadCompare.fixed","generated:squadCompare","generated","(source: 適性未確認（近いポジション）)","Uygunluk doğrulanmadı (yakın mevki)","","","high","","",""
"generated.squadCompare.fixed","generated:squadCompare","generated","(source: 適性未確認)","Uygunluk doğrulanmadı","","","high","","",""
"generated.squadCompare.fixed","generated:squadCompare","generated","(source: 未配置)","Yerleştirilmedi","","","high","","",""
"generated.squadCompare.fixed","generated:squadCompare","generated","(source: 一部の選手情報を取得できませんでした。)","Bazı oyuncu verileri alınamadı.","","","high","","",""
"generated.squadCompare.fixed","generated:squadCompare","generated","(source: なし)","Yok","","","high","","",""
"generated.squadCompare.fixed","generated:squadCompare","generated","(source: 監督ブースターの適用順序（育成前 / 育成後）は未確認です。)","Teknik direktör güçlendiricilerinin gelişimden önce mi sonra mı uygulandığı doğrulanmadı.","","","high","","",""
"generated.squadCompare.fixed","generated:squadCompare","generated","(source: 先発人数)","İlk 11","","","high","","",""
"generated.squadCompare.fixed","generated:squadCompare","generated","(source: ベンチ人数)","Yedek oyuncular","","","high","","",""
"generated.squadCompare.fixed","generated:squadCompare","generated","(source: 平均基礎OVR)","Ortalama temel OVR","","","high","","",""
"generated.squadCompare.fixed","generated:squadCompare","generated","(source: 平均表示OVR)","Ortalama gösterilen OVR","","","high","","",""
"generated.squadCompare.fixed","generated:squadCompare","generated","(source: 共通スキル数)","Ortak yetenekler","","","high","","",""
"generated.squadCompare.fixed","generated:squadCompare","generated","(source: 監督補正が乗る先発数)","Teknik direktörden güç alan ilk 11 oyuncuları","","","high","","",""
"generated.squadCompare.fixed","generated:squadCompare","generated","(source: 適性未確認の先発数)","Uygunluğu doğrulanmamış ilk 11 oyuncuları","","","high","","",""
"generated.squadCompare.fixed","generated:squadCompare","generated","(source: 不適性の可能性がある先発数)","Uygun olmayabilecek ilk 11 oyuncuları","","","high","","",""
"generated.squadCompare.fixed","generated:squadCompare","generated","(source: 警告数)","Uyarılar","","","high","","",""
"generated.squadCompare.fixed","generated:squadCompare","generated","(source: カテゴリ平均・平均OVR は単純平均です（加重平均ではありません）。)","Kategori ortalamaları ve ortalama OVR basit ortalamalardır (ağırlıklı değildir).","","","high","","",""
"generated.squadCompare.fixed","generated:squadCompare","generated","(source: eFootball の公式チームパワー・カテゴリ重みとは異なります。)","eFootball'un resmî takım gücünden ve kategori ağırlıklarından farklıdır.","","","high","","",""
"generated.squadCompare.fixed","generated:squadCompare","generated","(source: ポジション別 OVR ではありません（配置ロールを変えても表示OVRは変わりません）。)","Bu, mevkiye özel bir OVR değildir (yerleşim rolünü değiştirmek gösterilen OVR'yi değiştirmez).","","","high","","",""
"generated.squadCompare.fixed","generated:squadCompare","generated","(source: Power of Many（金色）のユーザー指定値は標準平均に含めていません（別枠表示のみ）。)","Kullanıcının seçtiği Power of Many (altın) değerleri standart ortalamalara dahil edilmez (yalnızca ayrı olarak gösterilir).","","","high","","",""
"generated.squadCompare.fixed","generated:squadCompare","generated","(source: 外部照合済み・固定型推定のブースターは「固定型と推定して」標準値へ暫定適用しています（確認済み固定型ではありません）。)","Harici kaynaklarla doğrulanmış ve sabit olduğu tahmin edilen güçlendiriciler, standart değerlere geçici olarak sabit kabul edilerek uygulanır (doğrulanmış sabit güçlendiriciler değildir).","","","high","","",""
"generated.squadCompare.fixed","generated:squadCompare","generated","(source: 未解決ブースター（対応表に無い ID）は能力値へ加算していません。)","Belirlenemeyen güçlendiriciler (kimliği tabloda olmayanlar) özelliklere eklenmez.","","","high","","",""
"generated.squadCompare.fixed","generated:squadCompare","generated","(source: 選手情報を取得できなかったカードは平均・スキル集計から除外されます。)","Oyuncu verileri alınamayan kartlar ortalamalardan ve yetenek sayımlarından hariç tutulur.","","","high","","",""
"generated.squadCompare:8f9ea33b","generated:squadCompare","generated","(template; tokens {N} etc. must stay)","Kart {1}","","","high","","",""
"generated.squadCompare:8efe3819","generated:squadCompare","generated","(template; tokens {N} etc. must stay)","İlk 11 {1}","","","high","","",""
"generated.squadCompare:1d0af8ee","generated:squadCompare","generated","(template; tokens {N} etc. must stay)","Yedek #{1}","","","high","","",""
"generated.squadText.fixed","generated:squadText","generated","(source: このスカッドは旧い規則バージョンで保存されています。現行規則で再計算して表示しています。)","Bu kadro eski bir kural sürümüyle kaydedildi. Mevcut kurallarla yeniden hesaplanıp gösteriliyor.","","","high","","",""
"generated.squadText.fixed","generated:squadText","generated","(source: カテゴリ平均・チーム評価は単純計算です（eFootball の公式チームパワー・カテゴリ重みとは異なります）。)","Kategori ortalamaları ve takım değerlendirmeleri basit hesaplamalardır (eFootball'un resmî takım gücünden ve kategori ağırlıklarından farklıdır).","","","high","","",""
"generated.squadText.fixed","generated:squadText","generated","(source: 監督ブースターの適用順序（育成前 / 育成後）は未確認です。)","Teknik direktör güçlendiricilerinin gelişimden önce mi sonra mı uygulandığı doğrulanmadı.","","","high","","",""
"generated.squadText.fixed","generated:squadText","generated","(source: 監督は未選択（managerBoosterDelta = 0）。)","Teknik direktör seçilmedi (managerBoosterDelta = 0).","","","high","","",""
"generated.squadText.fixed","generated:squadText","generated","(source: 適性未確認)","Uygunluk doğrulanmadı","","","high","","",""
"generated.squadText.fixed","generated:squadText","generated","(source: 登録ポジションのデータがありません。)","Kayıtlı mevki verisi yok.","","","high","","",""
"generated.squadText.fixed","generated:squadText","generated","(source: 登録ポジションと一致)","Kayıtlı mevkiyle eşleşiyor","","","high","","",""
"generated.squadText.fixed","generated:squadText","generated","(source: 不適性の可能性)","Uygun olmayabilir","","","high","","",""
"generated.squadText.fixed","generated:squadText","generated","(source: GK とフィールドプレーヤーの組み合わせです。)","Kaleci / saha oyuncusu uyuşmazlığı.","","","high","","",""
"generated.squadText.fixed","generated:squadText","generated","(source: 適性未確認（近いポジション）)","Uygunluk doğrulanmadı (yakın mevki)","","","high","","",""
"generated.squadText.fixed","generated:squadText","generated","(source: 同じ系統のポジションですが、副ポジション適性は未確認です。)","Aynı mevki grubu, ancak ikincil mevki uygunluğu doğrulanmadı.","","","high","","",""
"generated.squadText.fixed","generated:squadText","generated","(source: 副ポジション適性のデータがありません。能力値は下げていません。)","İkincil mevki uygunluk verisi yok. Özellikler düşürülmez.","","","high","","",""
"generated.squadText.fixed","generated:squadText","generated","(source: 未配置)","Yerleştirilmedi","","","high","","",""
"generated.squadText.fixed","generated:squadText","generated","(source: 発動条件の照合のみ対応。ゲーム内効果は追加検証中です。)","Yalnızca etkinleşme koşulları kontrol edilir. Oyun içi etkiler hâlâ doğrulanıyor.","","","high","","",""
"generated.squadText.fixed","generated:squadText","generated","(source: キャプテン)","kaptan","","","high","","",""
"generated.squadText.fixed","generated:squadText","generated","(source: 左右CK担当)","korner atıcı","","","high","","",""
"generated.squadText.fixed","generated:squadText","generated","(source: FK担当)","serbest vuruş atıcı","","","high","","",""
"generated.squadText.fixed","generated:squadText","generated","(source: PK担当)","penaltı atıcı","","","high","","",""
"generated.squadText.fixed","generated:squadText","generated","(source: Link-Up 中心選手)","Link-Up merkez oyuncusu","","","high","","",""
"generated.squadText.fixed","generated:squadText","generated","(source: Link-Up キーマン)","Link-Up kilit oyuncusu","","","high","","",""
"generated.squadText.fixed","generated:squadText","generated","(source: 先発を入れ替えました)","İlk 11 oyuncuları yer değiştirdi","","","high","","",""
"generated.squadText.fixed","generated:squadText","generated","(source: 選手を移動しました)","Oyuncu taşındı","","","high","","",""
"generated.squadText.fixed","generated:squadText","generated","(source: 先発をベンチへ移動しました)","Bir ilk 11 oyuncusu yedeğe alındı","","","high","","",""
"generated.squadText.fixed","generated:squadText","generated","(source: 先発とベンチを交代しました)","Bir ilk 11 oyuncusu bir yedekle değiştirildi","","","high","","",""
"generated.squadText.fixed","generated:squadText","generated","(source: ベンチと先発を交代しました)","Bir yedek bir ilk 11 oyuncusuyla değiştirildi","","","high","","",""
"generated.squadText.fixed","generated:squadText","generated","(source: ベンチ選手を先発へ移動しました)","Bir yedek ilk 11'e alındı","","","high","","",""
"generated.squadText.fixed","generated:squadText","generated","(source: ベンチの順番を変更しました)","Yedeklerin sırası değiştirildi","","","high","","",""
"generated.squadText.fixed","generated:squadText","generated","(source: 配置を左右反転しました)","Yerleşim aynalandı","","","high","","",""
"generated.squadText.fixed","generated:squadText","generated","(source: 先発から外しました)","İlk 11'den çıkarıldı","","","high","","",""
"generated.squadText.fixed","generated:squadText","generated","(source: ベンチから外しました)","Yedeklerden çıkarıldı","","","high","","",""
"generated.squadText.fixed","generated:squadText","generated","(source: 新しいスカッド)","Yeni kadro","","","high","","",""
"generated.squadText.fixed","generated:squadText","generated","(source: スカッド名を入力してください（1〜50文字）)","Bir kadro adı girin (1–50 karakter).","","","high","","",""
"generated.squadText.fixed","generated:squadText","generated","(source: スカッドIDが不正です)","Geçersiz kadro kimliği.","","","high","","",""
"generated.squadText.fixed","generated:squadText","generated","(source: スカッドの形式が不正です)","Geçersiz kadro biçimi.","","","high","","",""
"generated.squadText.fixed","generated:squadText","generated","(source: この環境ではスカッドを保存できません（localStorage 不可）)","Bu ortamda kadrolar kaydedilemiyor (localStorage kullanılamıyor).","","","high","","",""
"generated.squadText.fixed","generated:squadText","generated","(source: 対象のスカッドが見つかりません)","Kadro bulunamadı.","","","high","","",""
"generated.squadText.fixed","generated:squadText","generated","(source: この環境ではスカッドを更新できません（localStorage 不可）)","Bu ortamda kadrolar güncellenemiyor (localStorage kullanılamıyor).","","","high","","",""
"generated.squadText.fixed","generated:squadText","generated","(source: この環境ではスカッドを更新できません)","Bu ortamda kadrolar güncellenemiyor.","","","high","","",""
"generated.squadText.fixed","generated:squadText","generated","(source: テンプレートの保存データが壊れていたため空にしました。)","Kayıtlı şablon verileri bozulduğu için temizlendi.","","","high","","",""
"generated.squadText.fixed","generated:squadText","generated","(source: テンプレート名を入力してください)","Bir şablon adı girin.","","","high","","",""
"generated.squadText.fixed","generated:squadText","generated","(source: この環境ではテンプレートを保存できません)","Bu ortamda şablonlar kaydedilemiyor.","","","high","","",""
"generated.squadText.fixed","generated:squadText","generated","(source: テンプレートが見つかりません)","Şablon bulunamadı.","","","high","","",""
"generated.squadText.fixed","generated:squadText","generated","(source: この環境ではテンプレートを更新できません)","Bu ortamda şablonlar güncellenemiyor.","","","high","","",""
"generated.squadText:cac96335","generated:squadText","generated","(template; tokens {N} etc. must stay)","{1}: kayıtlı build eski kuralları kullanıyor (mevcut kurallarla yeniden hesaplandı; dağılım farklı yorumlanabilir).","","","high","","",""
"generated.squadText:3a41a3d6","generated:squadText","generated","(template; tokens {N} etc. must stay)","{1}: {2} uygun olmayabilir (özellikler düşürülmez).","","","high","","",""
"generated.squadText:b91c465e","generated:squadText","generated","(template; tokens {N} etc. must stay)","İlk 11: {1}/11.","","","high","","",""
"generated.squadText:0070c291","generated:squadText","generated","(template; tokens {N} etc. must stay)","Teknik direktör “{1}” için doğrulanmış güçlendiriciler tüm oyunculara uygulanıyor.","","","high","","",""
"generated.squadText:50f95a08","generated:squadText","generated","(template; tokens {N} etc. must stay)","Teknik direktör “{1}” güçlendirici etkileri doğrulanmadığı için uygulanmıyor (yalnızca gösterim).","","","high","","",""
"generated.squadText:7af134e0","generated:squadText","generated","(template; tokens {N} etc. must stay)","Oyuncu ilk 11'den çıktığı için kaldırıldı: {roles:1}.","","","high","","",""
"generated.squadText:662dc1f7","generated:squadText","generated","(template; tokens {N} etc. must stay)","Kaldırıldı: {roles:1}.","","","high","","",""
"generated.squadText:f6f91957","generated:squadText","generated","(template; tokens {N} etc. must stay)","En fazla {1} kadro kaydedebilirsiniz.","","","high","","",""
"generated.squadText:141eb4d6","generated:squadText","generated","(template; tokens {N} etc. must stay)","{1} (kopya)","","","high","","",""
"generated.squadText:4cc9279b","generated:squadText","generated","(template; tokens {N} etc. must stay)","Bilinmeyen depolama sürümü ({1}) nedeniyle temizlendi.","","","high","","",""
"generated.squadText:b4104aeb","generated:squadText","generated","(template; tokens {N} etc. must stay)","En fazla {1} şablon kaydedebilirsiniz.","","","high","","",""
"generated.squadDiagnosis.fixed","generated:squadDiagnosis","generated","(source: 攻撃)","Hücum","","","high","","",""
"generated.squadDiagnosis.fixed","generated:squadDiagnosis","generated","(source: 守備)","Savunma","","","high","","",""
"generated.squadDiagnosis.fixed","generated:squadDiagnosis","generated","(source: 空中戦)","Hava hakimiyeti","","","high","","",""
"generated.squadDiagnosis.fixed","generated:squadDiagnosis","generated","(source: スピード)","Hız","","","high","","",""
"generated.squadDiagnosis.fixed","generated:squadDiagnosis","generated","(source: パス・ビルドアップ)","Pas ve oyun kurma","","","high","","",""
"generated.squadDiagnosis.fixed","generated:squadDiagnosis","generated","(source: ドリブル・ボール保持)","Top sürme ve top hakimiyeti","","","high","","",""
"generated.squadDiagnosis.fixed","generated:squadDiagnosis","generated","(source: プレス適性)","Pres","","","high","","",""
"generated.squadDiagnosis.fixed","generated:squadDiagnosis","generated","(source: カウンター適性)","Kontra atak","","","high","","",""
"generated.squadDiagnosis.fixed","generated:squadDiagnosis","generated","(source: 選手配置の充足状況)","Kadro doluluğu","","","high","","",""
"generated.squadDiagnosis.fixed","generated:squadDiagnosis","generated","(source: この評価は、登録された選手能力・育成・配置にもとづくスカッド構成評価です。試合結果やプレイヤースキル、全国順位・勝率を保証するものではありません。)","Bu, kayıtlı oyuncu özelliklerine, gelişime ve yerleşime dayanan bir kadro yapısı değerlendirmesidir. Maç sonuçlarını, oyuncu becerisini, sıralamaları veya galibiyet oranlarını garanti etmez.","","","high","","",""
"generated.squadDiagnosis.fixed","generated:squadDiagnosis","generated","(source: 既存の比較カテゴリ定義（COMPARE_CATEGORIES.attack）と同一の能力集合を採用)","Mevcut karşılaştırma kategorisiyle aynı özellik seti (COMPARE_CATEGORIES.attack)","","","high","","",""
"generated.squadDiagnosis.fixed","generated:squadDiagnosis","generated","(source: 既存の比較カテゴリ定義（COMPARE_CATEGORIES.defense）と同一の能力集合を採用)","Mevcut karşılaştırma kategorisiyle aynı özellik seti (COMPARE_CATEGORIES.defense)","","","high","","",""
"generated.squadDiagnosis.fixed","generated:squadDiagnosis","generated","(source: 既存の育成カテゴリ定義（stat-groups.ts の aerialStrength）と同一の能力集合を採用)","Mevcut gelişim kategorisiyle aynı özellik seti (stat-groups.ts içindeki aerialStrength)","","","high","","",""
"generated.squadDiagnosis.fixed","generated:squadDiagnosis","generated","(source: 既存の比較カテゴリ定義（COMPARE_CATEGORIES.speed）と同一の能力集合を採用)","Mevcut karşılaştırma kategorisiyle aynı özellik seti (COMPARE_CATEGORIES.speed)","","","high","","",""
"generated.squadDiagnosis.fixed","generated:squadDiagnosis","generated","(source: グラウンダーパス・フライパスに、パス精度を支えるボールコントロールを加えた集合)","Yerden pas ve Havadan pas, ayrıca pas isabetini destekleyen Top kontrolü","","","high","","",""
"generated.squadDiagnosis.fixed","generated:squadDiagnosis","generated","(source: 既存の比較カテゴリ定義（COMPARE_CATEGORIES.dribble）と同一の能力集合を採用)","Mevcut karşılaştırma kategorisiyle aynı özellik seti (COMPARE_CATEGORIES.dribble)","","","high","","",""
"generated.squadDiagnosis.fixed","generated:squadDiagnosis","generated","(source: プレッシングに関与する運動量・寄せの速さに関する能力の集合)","Preste çalışkanlık ve baskı hızıyla ilgili özellikler","","","high","","",""
"generated.squadDiagnosis.fixed","generated:squadDiagnosis","generated","(source: 速攻の推進力（スピード）と飛び出しの判断（オフェンスセンス）に関する能力の集合)","Kontra atak gücü (Hız) ve koşu zamanlamasıyla (Hücum farkındalığı) ilgili özellikler","","","high","","",""
"generated.squadDiagnosis.fixed","generated:squadDiagnosis","generated","(source: 判定対象外（対象となるフィールドプレイヤーが先発にいません）)","Değerlendirilmedi (ilk 11'de uygun saha oyuncusu yok)","","","high","","",""
"generated.squadDiagnosis.fixed","generated:squadDiagnosis","generated","(source: 対象能力)","Hedef özellikler","","","high","","",""
"generated.squadDiagnosis.fixed","generated:squadDiagnosis","generated","(source: 採用理由)","Bu setin nedeni","","","high","","",""
"generated.squadDiagnosis.fixed","generated:squadDiagnosis","generated","(source: 対象選手数)","Sayılan oyuncular","","","high","","",""
"generated.squadDiagnosis.fixed","generated:squadDiagnosis","generated","(source: 使用した能力)","Kullanılan özellikler","","","high","","",""
"generated.squadDiagnosis.fixed","generated:squadDiagnosis","generated","(source: 平均値)","Ortalama","","","high","","",""
"generated.squadDiagnosis.fixed","generated:squadDiagnosis","generated","(source: 最高)","En yüksek","","","high","","",""
"generated.squadDiagnosis.fixed","generated:squadDiagnosis","generated","(source: 最低)","En düşük","","","high","","",""
"generated.squadDiagnosis.fixed","generated:squadDiagnosis","generated","(source: 先発の配置人数・適性・ベンチ人数から減点方式で算出（能力値は使用しない）)","İlk 11 yerleşimi, uygunluk ve yedek sayısından yapılan kesintilerle hesaplanır (özellikler kullanılmaz)","","","high","","",""
"generated.squadDiagnosis.fixed","generated:squadDiagnosis","generated","(source: 先発配置)","Yerleştirilen ilk 11 oyuncuları","","","high","","",""
"generated.squadDiagnosis.fixed","generated:squadDiagnosis","generated","(source: ベンチ人数)","Yedek oyuncular","","","high","","",""
"generated.squadDiagnosis.fixed","generated:squadDiagnosis","generated","(source: 適性未確認)","Uygunluk doğrulanmadı","","","high","","",""
"generated.squadDiagnosis.fixed","generated:squadDiagnosis","generated","(source: 不適性の可能性)","Uygun olmayabilir","","","high","","",""
"generated.squadDiagnosis.fixed","generated:squadDiagnosis","generated","(source: 減点重み)","Kesinti ağırlıkları","","","high","","",""
"generated.squadDiagnosis.fixed","generated:squadDiagnosis","generated","(source: 不明)","Bilinmiyor","","","high","","",""
"generated.squadDiagnosis.fixed","generated:squadDiagnosis","generated","(source: 保存ビルド参照の見直し)","Kayıtlı build başvurularını gözden geçirin","","","high","","",""
"generated.squadDiagnosis.fixed","generated:squadDiagnosis","generated","(source: 保存ビルドの設定)","Kayıtlı buildleri ayarlayın","","","high","","",""
"generated.squadDiagnosis.fixed","generated:squadDiagnosis","generated","(source: 配置の見直し)","Yerleşimi gözden geçirin","","","high","","",""
"generated.squadDiagnosis.fixed","generated:squadDiagnosis","generated","(source: 先発の空き枠)","Boş ilk 11 yuvaları","","","high","","",""
"generated.squadDiagnosis.fixed","generated:squadDiagnosis","generated","(source: ベンチ入れ替え候補)","Yedekle değişim adayı","","","high","","",""
"generated.squadDiagnosis.fixed","generated:squadDiagnosis","generated","(source: 判定対象外（有効な評価項目がありません。先発にフィールドプレイヤーを配置してください）)","Değerlendirilmedi (geçerli kategori yok; ilk 11'e saha oyuncuları yerleştirin)","","","high","","",""
"generated.squadDiagnosis:3fdd331e","generated:squadDiagnosis","generated","(template; tokens {N} etc. must stay)","Hedef özelliklerin ortalaması (standart son değerler); ilk 11'deki saha oyuncusu sayısı: {1} (GK hariç)","","","high","","",""
"generated.squadDiagnosis:67568b8d","generated:squadDiagnosis","generated","(template; tokens {N} etc. must stay)","{1}","","","high","","",""
"generated.squadDiagnosis:3c8935ee","generated:squadDiagnosis","generated","(template; tokens {N} etc. must stay)","{1} / {2}","","","high","","",""
"generated.squadDiagnosis:ef47a0c7","generated:squadDiagnosis","generated","(template; tokens {N} etc. must stay)","{1}","","","high","","",""
"generated.squadDiagnosis:eec6521b","generated:squadDiagnosis","generated","(template; tokens {N} etc. must stay)","{1}","","","high","","",""
"generated.squadDiagnosis:fc30964a","generated:squadDiagnosis","generated","(template; tokens {N} etc. must stay)","Boş yuva ×{1} / Doğrulanmamış uygunluk ×{2} / Uygun değil ×{3} / Boş yedek ×{4}","","","high","","",""
"generated.squadDiagnosis:064944c7","generated:squadDiagnosis","generated","(template; tokens {N} etc. must stay)","{cat:1}: yüksek değerlendirme (seviye {2}, {3} puan).","","","high","","",""
"generated.squadDiagnosis:b3f49da1","generated:squadDiagnosis","generated","(template; tokens {N} etc. must stay)","{cat:1}: düşük değerlendirme (seviye {2}, {3} puan).","","","high","","",""
"generated.squadDiagnosis:b3e379dc","generated:squadDiagnosis","generated","(template; tokens {N} etc. must stay)","Kayıtlı build başvurusu: {1}","","","high","","",""
"generated.squadDiagnosis:d16d688c","generated:squadDiagnosis","generated","(template; tokens {N} etc. must stay)","Kayıtlı build başvurusu çözümlenemiyor (durum: {1}). Bu bir veri hatası değildir; başvuru bir silme veya yeniden atama sonrasında güncelliğini yitirmiş olabilir.","","","high","","",""
"generated.squadDiagnosis:310a9e74","generated:squadDiagnosis","generated","(template; tokens {N} etc. must stay)","Yerleşim uygunluğu: {1}","","","high","","",""
"generated.squadDiagnosis:32a083c3","generated:squadDiagnosis","generated","(template; tokens {N} etc. must stay)","Kayıtlı mevki ({pos:1}) ile yerleşim ({2}) büyük ölçüde farklı olabilir (özellikler değiştirilmez).","","","high","","",""
"generated.squadDiagnosis:22dd510e","generated:squadDiagnosis","generated","(template; tokens {N} etc. must stay)","İlk 11 yerleşimi ve uygunluk iyileştirilebilir ({1} puan). Ayrıntılar için dayanaklara bakın.","","","high","","",""
"generated.squadDiagnosis:c11ba0c6","generated:squadDiagnosis","generated","(template; tokens {N} etc. must stay)","Şu oyuncuların kayıtlı build başvuruları çözümlenemiyor: {1}. Kayıtlı buildleri yeniden seçin (otomatik olarak onarılmaz).","","","high","","",""
"generated.squadDiagnosis:d20fa24f","generated:squadDiagnosis","generated","(template; tokens {N} etc. must stay)","Kayıtlı buildi olmayan oyuncular: {1}. Bu nedenle tamamlanmış gelişimleri tam olarak yansıtılmıyor. Gelişim ve güçlendiriciler içeren kayıtlı buildler ayarlamak daha gerçekçi bir değerlendirme sağlar.","","","high","","",""
"generated.squadDiagnosis:0ad10858","generated:squadDiagnosis","generated","(template; tokens {N} etc. must stay)","Şu oyuncuların yerleşim uygunluğunu kontrol edin: {1}.","","","high","","",""
"generated.squadDiagnosis:84c4854e","generated:squadDiagnosis","generated","(template; tokens {N} etc. must stay)","İlk 11: {1}/{2}. Boş yuvaları doldurmak değerlendirmeyi daha doğru hale getirir.","","","high","","",""
"generated.squadDiagnosis:d13a5c47","generated:squadDiagnosis","generated","(template; tokens {N} etc. must stay)","{cat:1} kategorisinde yedekteki {2} ({3}), ilk 11 oyuncusu {4} ({5}) karşısında daha yüksek. Değişiklik yapmayı düşünebilirsiniz (otomatik uygulanmaz).","","","high","","",""
"generated.squadDiagnosis:ad516d61","generated:squadDiagnosis","generated","(template; tokens {N} etc. must stay)","Değerlendirilebilir {1}/{2} kategorinin basit ortalaması","","","high","","",""
"generated.perspectives.fixed","generated:perspectives","generated","(source: 控えの厚み)","Yedek derinliği","","","high","","",""
"generated.perspectives.fixed","generated:perspectives","generated","(source: 控えがいるライン数)","Yedeği olan hatlar","","","high","","",""
"generated.perspectives.fixed","generated:perspectives","generated","(source: GK・DF・MF・FW のうち控えが 1 人以上いるライン数)","En az bir yedeği olan hat sayısı (GK, DF, MF, FW)","","","high","","",""
"generated.perspectives.fixed","generated:perspectives","generated","(source: 控えと先発の能力差の平均)","Yedekler ile ilk 11 arasındaki ortalama özellik farkı","","","high","","",""
"generated.perspectives.fixed","generated:perspectives","generated","(source: ラインごとに（控えの全能力平均 − 先発の全能力平均）を出し、その平均。GK 能力も含むため値の意味は暫定)","Hat başına (yedeklerin tüm özellik ortalaması − ilk 11'in tüm özellik ortalaması), ardından ortalaması alınır. GK özelliklerini de içerdiği için anlamı geçicidir","","","high","","",""
"generated.perspectives.fixed","generated:perspectives","generated","(source: 控えがいない)","Yedek yok","","","high","","",""
"generated.perspectives.fixed","generated:perspectives","generated","(source: カードを解決できない控えがいる（能力差の計算から除外）)","Bazı yedeklerin kartları belirlenemedi (farka dahil edilmedi)","","","high","","",""
"generated.perspectives.fixed","generated:perspectives","generated","(source: 左)","Sol","","","high","","",""
"generated.perspectives.fixed","generated:perspectives","generated","(source: 右)","Sağ","","","high","","",""
"generated.perspectives.fixed","generated:perspectives","generated","(source: 左右バランス)","Sol/sağ dengesi","","","high","","",""
"generated.perspectives.fixed","generated:perspectives","generated","(source: 左右の人数の差)","Sol/sağ oyuncu farkı","","","high","","",""
"generated.perspectives.fixed","generated:perspectives","generated","(source: 人)","","","","high","","",""
"generated.perspectives.fixed","generated:perspectives","generated","(source: 左右の外側のレーンにいるフィールドプレーヤーの人数の差（評価しない）)","Sol ve sağ dış koridorlardaki saha oyuncusu farkı (değerlendirilmez)","","","high","","",""
"generated.perspectives.fixed","generated:perspectives","generated","(source: 左右の攻守能力の差)","Sol/sağ hücum-savunma özellik farkı","","","high","","",""
"generated.perspectives.fixed","generated:perspectives","generated","(source: サイドごとの（攻撃平均と守備平均の平均）の差。重みは暫定。差が大きい＝弱いとは限らない)","Kanat başına (hücum ve savunma ortalamalarının ortalaması) farkı. Ağırlıklar geçicidir. Daha büyük bir fark mutlaka daha zayıf anlamına gelmez","","","high","","",""
"generated.perspectives.fixed","generated:perspectives","generated","(source: 外側のレーンに選手がいない)","Dış koridorda oyuncu yok","","","high","","",""
"generated.perspectives.fixed","generated:perspectives","generated","(source: 配置座標が無い選手がいる)","Bazı oyuncuların yerleşim koordinatları yok","","","high","","",""
"generated.perspectives.fixed","generated:perspectives","generated","(source: 役割の重複（控えを含む）)","Rol çakışması (yedekler dahil)","","","high","","",""
"generated.perspectives.fixed","generated:perspectives","generated","(source: 同じプレースタイルの選手は 2 人以上いない)","Hiçbir oyun tarzı 2 veya daha fazla oyuncuda ortak değil","","","high","","",""
"generated.perspectives.fixed","generated:perspectives","generated","(source: 先発で重複するプレースタイル数)","İlk 11'de ortak oyun tarzları","","","high","","",""
"generated.perspectives.fixed","generated:perspectives","generated","(source: 種類)"," tür","","","high","","",""
"generated.perspectives.fixed","generated:perspectives","generated","(source: 先発 11 人で 2 人以上いるプレースタイルの種類数（basic を除く）)","İlk 11'deki 11 oyuncudan 2 veya daha fazlasında bulunan oyun tarzı sayısı (temel hariç)","","","high","","",""
"generated.perspectives.fixed","generated:perspectives","generated","(source: 控えを含めた重複数)","Yedekler dahil çakışmalar","","","high","","",""
"generated.perspectives.fixed","generated:perspectives","generated","(source: 先発と控えを合わせた重複の種類数。重複が悪いとは言えない（控えは同じ役割の交代要員でもある）)","İlk 11 ve yedekler genelinde ortak tarz sayısı. Çakışma mutlaka kötü değildir (yedekler aynı rolü üstlenebilir)","","","high","","",""
"generated.perspectives.fixed","generated:perspectives","generated","(source: プレースタイルが不明な選手がいる)","Bazı oyuncuların oyun tarzı bilinmiyor","","","high","","",""
"generated.perspectives.fixed","generated:perspectives","generated","(source: 監督適合)","Teknik direktör uyumu","","","high","","",""
"generated.perspectives.fixed","generated:perspectives","generated","(source: 監督が設定されていないか、戦術適性を読めない)","Teknik direktör ayarlanmadı veya taktik yeterliliği okunamıyor","","","high","","",""
"generated.perspectives.fixed","generated:perspectives","generated","(source: 得意戦術と一致するプレースタイルの人数)","Tarzı en iyi taktikle eşleşen oyuncular","","","high","","",""
"generated.perspectives.fixed","generated:perspectives","generated","(source: 監督の最も高い戦術適性に対応するプレースタイルの先発人数（対応表は暫定）)","Oyun tarzı teknik direktörün en iyi taktiğiyle eşleşen ilk 11 oyuncuları (geçici eşleştirme)","","","high","","",""
"generated.perspectives.fixed","generated:perspectives","generated","(source: 公式の補正量で補正)","Resmî bonusla düzeltildi","","","high","","",""
"generated.perspectives.fixed","generated:perspectives","generated","(source: 公式の補正量は未確認のため計算しない)","Resmî bonus doğrulanmadığı için hesaplanmadı","","","high","","",""
"generated.perspectives.fixed","generated:perspectives","generated","(source: 監督の戦術適性)","Teknik direktörün taktik yeterliliği","","","high","","",""
"generated.perspectives.fixed","generated:perspectives","generated","(source: 戦術ごとの公式の補正量（未確認）)","Taktik başına resmî bonus (doğrulanmadı)","","","high","","",""
"generated.perspectives.fixed","generated:perspectives","generated","(source: 暫定の対応表（PROVISIONAL_TACTIC_STYLES）による一致数。公式の根拠はない)","Geçici eşleştirmeye göre eşleşmeler (PROVISIONAL_TACTIC_STYLES). Resmî dayanağı yok","","","high","","",""
"generated.perspectives.fixed","generated:perspectives","generated","(source: プレースタイルが不明な先発がいる)","Bazı ilk 11 oyuncularının oyun tarzı bilinmiyor","","","high","","",""
"generated.perspectives.fixed","generated:perspectives","generated","(source: フォーメーション適合)","Diziliş uyumu","","","high","","",""
"generated.perspectives.fixed","generated:perspectives","generated","(source: 本職の人数)","Asıl mevkisindeki oyuncular","","","high","","",""
"generated.perspectives.fixed","generated:perspectives","generated","(source: 登録ポジションと配置ポジションが一致する先発の人数)","Yerleşimi kayıtlı mevkisiyle eşleşen ilk 11 oyuncuları","","","high","","",""
"generated.perspectives.fixed","generated:perspectives","generated","(source: 適性の段階の重み付き)","Uygunluk düzeyine göre ağırlıklı","","","high","","",""
"generated.perspectives.fixed","generated:perspectives","generated","(source: 本職 1・近いポジション 0.5・適性外 0 の平均（重み 0.5 は暫定）)","Asıl mevki 1, yakın mevki 0,5, mevki dışı 0 ortalaması (0,5 ağırlığı geçicidir)","","","high","","",""
"generated.perspectives.fixed","generated:perspectives","generated","(source: 配置ポジションへの適性が確認できない)","Yerleşim için uygunluk doğrulanamıyor","","","high","","",""
"generated.perspectives.fixed","generated:perspectives","generated","(source: 副ポジションの適性の段階（一部しか無い）)","İkincil mevki uygunluk düzeyleri (yalnızca kısmen mevcut)","","","high","","",""
"generated.perspectives.fixed","generated:perspectives","generated","(source: 先発 GK がいない)","İlk 11'de GK yok","","","high","","",""
"generated.perspectives.fixed","generated:perspectives","generated","(source: GK 能力の平均)","GK özellik ortalaması","","","high","","",""
"generated.perspectives.fixed","generated:perspectives","generated","(source: GK 専用 5 能力の平均（フィールドの能力は含めない）)","Yalnızca GK'ya özgü 5 özelliğin ortalaması (saha oyuncusu özellikleri hariç)","","","high","","",""
"generated.perspectives.fixed","generated:perspectives","generated","(source: GK 能力の最小値)","En düşük GK özelliği","","","high","","",""
"generated.perspectives.fixed","generated:perspectives","generated","(source: 最も低い GK 能力（弱点の大きさとして使えるかは比較で判断）)","En düşük GK özelliği (bir zayıf yönü gösterip göstermediği karşılaştırmayla değerlendirilir)","","","high","","",""
"generated.perspectives.fixed","generated:perspectives","generated","(source: F-071 の GK 能力分布での位置（未接続）)","F-071 GK özellik dağılımındaki konum (bağlı değil)","","","high","","",""
"generated.perspectives.fixed","generated:perspectives","generated","(source: GK のカードを解決できない)","GK'nın kartı belirlenemedi","","","high","","",""
"generated.perspectives.fixed","generated:perspectives","generated","(source: 空中戦（身長の補正）)","Hava hakimiyeti (boy düzeltmesi)","","","high","","",""
"generated.perspectives.fixed","generated:perspectives","generated","(source: 補正なし（現状）)","Düzeltme yok (mevcut)","","","high","","",""
"generated.perspectives.fixed","generated:perspectives","generated","(source: ヘディング・ジャンプ・フィジカルコンタクトの平均（既存の空中戦と同じ能力集合）)","Kafa vuruşu, Sıçrama ve Fiziksel temas ortalaması (mevcut Hava hakimiyeti ile aynı set)","","","high","","",""
"generated.perspectives.fixed","generated:perspectives","generated","(source: 身長の段階で加点)","Boya dayalı bonus","","","high","","",""
"generated.perspectives.fixed","generated:perspectives","generated","(source: 190cm 以上 +3・185 以上 +2・180 以上 +1・175 未満 −1（公式の根拠なし）)","190 cm+ +3, 185+ +2, 180+ +1, 175 altı −1 (resmî dayanağı yok)","","","high","","",""
"generated.perspectives.fixed","generated:perspectives","generated","(source: 身長が空中戦に与える公式の影響（根拠なし）)","Boyun hava hakimiyetine resmî etkisi (dayanak yok)","","","high","","",""
"generated.perspectives.fixed","generated:perspectives","generated","(source: 身長が分からない選手がいる（B は計算しない）)","Bazı oyuncuların boyu bilinmiyor (B hesaplanmadı)","","","high","","",""
"generated.perspectives.fixed","generated:perspectives","generated","(source: 空中戦（ポジション・利き足の補正）)","Hava hakimiyeti (mevki ve tercih edilen ayak düzeltmesi)","","","high","","",""
"generated.perspectives.fixed","generated:perspectives","generated","(source: 先発フィールドプレーヤーの空中戦の能力の単純平均（空中戦（身長の補正）の A と同じ値）)","İlk 11'deki saha oyuncularının hava hakimiyeti özelliklerinin basit ortalaması (Hava hakimiyeti (boy düzeltmesi) içindeki A ile aynı değer)","","","high","","",""
"generated.perspectives.fixed","generated:perspectives","generated","(source: ポジションの重み付き)","Mevkiye göre ağırlıklı","","","high","","",""
"generated.perspectives.fixed","generated:perspectives","generated","(source: CB・CF の重み 1、その他 0.5 の加重平均（重みは暫定）)","CB ve CF 1, diğerleri 0,5 olan ağırlıklı ortalama (geçici ağırlıklar)","","","high","","",""
"generated.perspectives.fixed","generated:perspectives","generated","(source: 利き足の補正)","Tercih edilen ayak düzeltmesi","","","high","","",""
"generated.perspectives.fixed","generated:perspectives","generated","(source: 利き足と空中戦の関係に公式の根拠が無いため計算しない)","Tercih edilen ayak ile hava hakimiyeti arasında resmî bir dayanak olmadığı için hesaplanmadı","","","high","","",""
"generated.perspectives.fixed","generated:perspectives","generated","(source: 空中戦の比重が大きい配置で空中戦の能力が 70 未満)","Hava hakimiyetinin önemli olduğu bir yerleşimde 70'in altında hava hakimiyeti","","","high","","",""
"generated.perspectives.fixed","generated:perspectives","generated","(source: 利き足と空中戦の公式の関係（根拠なし）)","Tercih edilen ayak ile hava hakimiyeti arasındaki resmî ilişki (dayanak yok)","","","high","","",""
"generated.perspectives.fixed","generated:perspectives","generated","(source: 利き足が分からない選手がいる)","Bazı oyuncuların tercih edilen ayağı bilinmiyor","","","high","","",""
"generated.perspectives.fixed","generated:perspectives","generated","(source: なし)","Yok","","","high","","",""
"generated.perspectives:c9e8ae9e","generated:perspectives","generated","(template; tokens {N} etc. must stay)","Yedek: {1}","","","high","","",""
"generated.perspectives:5dd4237d","generated:perspectives","generated","(template; tokens {N} etc. must stay)","{1}: ilk 11 {2}, yedek {3}","","","high","","",""
"generated.perspectives:53812a09","generated:perspectives","generated","(template; tokens {N} etc. must stay)","Bir {1} yedeği eklemek A değerini {2} yapar","","","high","","",""
"generated.perspectives:ca025a5d","generated:perspectives","generated","(template; tokens {N} etc. must stay)","Sol {1}, sağ {2} (merkez {3})","","","high","","",""
"generated.perspectives:4d3aa439","generated:perspectives","generated","(template; tokens {N} etc. must stay)","Kanat: {side:1}","","","high","","",""
"generated.perspectives:ab775b86","generated:perspectives","generated","(template; tokens {N} etc. must stay)","Kanattaki oyuncular: {side:1}","","","high","","",""
"generated.perspectives:7216a5d0","generated:perspectives","generated","(template; tokens {N} etc. must stay)","Bir oyuncuyu {side:1} kanada kaydırmak A değerini {2} yapar (taktik bir tercihse değiştirmeniz gerekmez)","","","high","","",""
"generated.perspectives:9cfc1aac","generated:perspectives","generated","(template; tokens {N} etc. must stay)","{1}: {2} (ilk 11: {3})","","","high","","",""
"generated.perspectives:448df7d1","generated:perspectives","generated","(template; tokens {N} etc. must stay)","Ortak oyun tarzı: {1}","","","high","","",""
"generated.perspectives:3e6f5751","generated:perspectives","generated","(template; tokens {N} etc. must stay)","Teknik direktörün en iyi taktiği: {1} ({2})","","","high","","",""
"generated.perspectives:03fcab53","generated:perspectives","generated","(template; tokens {N} etc. must stay)","Eşleşiyor sayılan oyun tarzları (geçici): {fixed:1}","","","high","","",""
"generated.perspectives:58058d21","generated:perspectives","generated","(template; tokens {N} etc. must stay)","Eşleşme (geçici): {1} ↔ {2}","","","high","","",""
"generated.perspectives:db62ef98","generated:perspectives","generated","(template; tokens {N} etc. must stay)","Asıl mevki {1}, yakın {2}, mevki dışı {3} (yerleşen {4}/{5})","","","high","","",""
"generated.perspectives:7d9933e0","generated:perspectives","generated","(template; tokens {N} etc. must stay)","Mevki dışındaki oyuncuları (sayı: {1}) asıl mevkisindeki oyuncularla değiştirmek A değerini {2} yapar","","","high","","",""
"generated.perspectives:e3f2e451","generated:perspectives","generated","(template; tokens {N} etc. must stay)","İlk 11 GK: {1}","","","high","","",""
"generated.perspectives:c2186bb5","generated:perspectives","generated","(template; tokens {N} etc. must stay)","En düşük GK özelliği: {stat:1}","","","high","","",""
"generated.perspectives:f1fe8ff6","generated:perspectives","generated","(template; tokens {N} etc. must stay)","Boyu bilinen ilk 11 oyuncuları: {1}/{2}","","","high","","",""
"generated.perspectives:ddd4c9e0","generated:perspectives","generated","(template; tokens {N} etc. must stay)","{1}, boy {2} cm","","","high","","",""
"generated.perspectives:40adf83a","generated:perspectives","generated","(template; tokens {N} etc. must stay)","Hava hakimiyetinin önemli olduğu yerleşimler (CB, CF): {1}","","","high","","",""
"generated.perspectives:8d6fa3cd","generated:perspectives","generated","(template; tokens {N} etc. must stay)","Tercih edilen ayağı bilinen ilk 11 oyuncuları: {1}/{2}","","","high","","",""
