"key","feature","surface","source_en","draft","suggested_alternative","max_length","severity","decision","reviewer_comment","reviewed_date"
"common.loading","common","core","Loading","Caricamento","","12","high","","",""
"common.errorTitle","common","core","Something went wrong","Si è verificato un problema","","26","high","","",""
"common.errorDescription","common","core","Please try again in a moment. If the problem persists, reload the page.","Riprova tra poco. Se il problema persiste, ricarica la pagina.","","","high","","",""
"common.retry","common","core","Retry","Riprova","","12","high","","",""
"common.back","common","core","Back","Indietro","","12","high","","",""
"common.home","common","core","Go home","Vai alla home","","12","high","","",""
"common.save","common","core","Save","Salva","","12","high","","",""
"common.cancel","common","core","Cancel","Annulla","","12","high","","",""
"common.close","common","core","Close","Chiudi","","12","high","","",""
"common.confirm","common","core","Confirm","Conferma","","12","high","","",""
"common.unknownPlayer","common","core","Unknown Player","Giocatore sconosciuto","","19","high","","",""
"common.legalEnglishOnlyNotice","common","core","This document is provided in Japanese and English.","Questo documento è disponibile in giapponese e in inglese.","","","high","","",""
"pageError.title","pageError","core","An error occurred while displaying this page","Si è verificato un errore durante la visualizzazione della pagina","","","high","","",""
"pageError.description","pageError","core","Failed to load data. If retrying doesn't fix it, reload the page.","Impossibile caricare i dati. Se riprovare non basta, ricarica la pagina.","","","high","","",""
"pageError.codeLabelPrefix","pageError","core","Code: ","Codice: ","","12","high","","",""
"pageError.iconAriaLabel","pageError","core","Error","Errore","","12","high","","",""
"notFoundPage.title","notFoundPage","core","Page not found","Pagina non trovata","","19","high","","",""
"notFoundPage.description","notFoundPage","core","The page or player you're looking for doesn't exist or may have moved.","La pagina o il giocatore che cerchi non esiste o potrebbe essere stato spostato.","","","high","","",""
"notFoundPage.playersLink","notFoundPage","core","Go to players list","Vai all’elenco dei giocatori","","24","high","","",""
"homePage.alphaNoticeBanner","homePage","ui","TeamAIXI v1.0 is a free, unofficial squad analysis tool for eFootball™ that works without signing in. It is not an official KONAMI or eFootball™ service. Account features are planned for a future update.","TeamAIXI v1.0 è uno strumento gratuito e non ufficiale di analisi della rosa per eFootball™ che funziona senza accesso. Non è un servizio ufficiale di KONAMI o di eFootball™. Le funzioni dell’account arriveranno con un prossimo aggiornamento.","","","medium","","",""
"homePage.alphaNoticeDetailsLinkLabel","homePage","ui","About TeamAIXI","Informazioni su TeamAIXI","","19","medium","","",""
"homePage.heroBadge","homePage","ui","Unofficial squad analysis tool for eFootball™","Strumento non ufficiale di analisi della rosa per eFootball™","","59","medium","","",""
"homePage.quickStartHeading","homePage","ui","What you can do with TeamAIXI","Cosa puoi fare con TeamAIXI","","38","medium","","",""
"homePage.quickStep1Title","homePage","ui","Find players","Trova giocatori","","16","medium","","",""
"homePage.quickStep1Body","homePage","ui","Search by name, World ID or position.","Cerca per nome, ID World o ruolo.","","","medium","","",""
"homePage.quickStep2Title","homePage","ui","Train a player","Fai progredire un giocatore","","19","medium","","",""
"homePage.quickStep2Body","homePage","ui","On a player page, tap abilities or use the sliders to see final values.","Nella pagina di un giocatore, tocca le statistiche o usa i cursori per vedere i valori finali.","","","medium","","",""
"homePage.quickStep3Title","homePage","ui","Compare players","Confronta giocatori","","20","medium","","",""
"homePage.quickStep3Body","homePage","ui","Put up to four players side by side.","Metti fino a quattro giocatori fianco a fianco.","","","medium","","",""
"homePage.quickStep4Title","homePage","ui","Build My Team","Crea La mia squadra","","17","medium","","",""
"homePage.quickStep4Body","homePage","ui","Save the cards you own in this browser (no sign-in).","Salva in questo browser le carte che possiedi (senza registrazione).","","","medium","","",""
"homePage.quickStep5Title","homePage","ui","Diagnose a squad","Analizza una rosa","","21","medium","","",""
"homePage.quickStep5Body","homePage","ui","Pick a formation and players to see strengths and weaknesses.","Scegli un modulo e i giocatori per vedere punti di forza e debolezze.","","","medium","","",""
"homePage.quickStep6Title","homePage","ui","Share results","Condividi i risultati","","17","medium","","",""
"homePage.quickStep6Body","homePage","ui","Save or share a diagnosis as a link or an image.","Salva o condividi una diagnosi come link o immagine.","","","medium","","",""
"homePage.heroTitlePrefix","homePage","ui","Research players, compare them, and build a ","Studia i giocatori, confrontali e costruisci una ","","","medium","","",""
"homePage.heroTitleAccent","homePage","ui","squad","rosa","","12","medium","","",""
"homePage.heroTitleSuffix","homePage","ui",".",".","","12","medium","","",""
"homePage.heroDescriptionTemplate","homePage","ui","All {count} eFootball World cards. 26 abilities, skills, progression calculations, manager boosters, and Link-Up Play conditions — all in one screen. Items whose calculation rules aren't confirmed are clearly marked ""under verification.""","Tutte le {count} carte World di eFootball. 26 statistiche, abilità, calcoli di progressione, booster dell’allenatore e condizioni di Link-Up Play in un’unica schermata. Gli elementi con regole di calcolo non confermate sono indicati chiaramente come ""in verifica"".","","","medium","","",""
"homePage.searchPlaceholder","homePage","ui","Search by player name or World ID…","Cerca per nome del giocatore o ID World…","","45","medium","","",""
"homePage.searchAriaLabel","homePage","accessibility","Search players","Cerca giocatori","","19","high","","",""
"homePage.searchButton","homePage","ui","Search","Cerca","","12","medium","","",""
"homePage.compareButton","homePage","ui","Compare Players","Confronta giocatori","","20","medium","","",""
"homePage.createSquadButton","homePage","ui","Build a Squad","Crea una rosa","","17","medium","","",""
"homePage.dataStatusHeading","homePage","ui","Data Status","Stato dei dati","","15","medium","","",""
"homePage.worldCardsLabel","homePage","ui","World Cards","Carte World","","15","medium","","",""
"homePage.efhubIndexLabel","homePage","ui","eFHUB Index","Indice eFHUB","","15","medium","","",""
"homePage.managersLabel","homePage","ui","Managers","Allenatori","","12","medium","","",""
"homePage.syncedAtLabel","homePage","ui","World data imported","Dati World importati","","25","medium","","",""
"homePage.worldUnavailableTitle","homePage","ui","World data isn't set up yet","I dati World non sono ancora configurati","","36","medium","","",""
"homePage.temporaryErrorNotice","homePage","ui","Some data couldn't be loaded right now. Please wait a moment and reload.","Alcuni dati non sono stati caricati. Attendi un momento e ricarica.","","","high","","",""
"homePage.temporaryErrorReload","homePage","ui","Reload","Ricarica","","12","high","","",""
"homePage.worldUnavailableCommandPrefix","homePage","ui","Run ","Esegui ","","12","medium","","",""
"homePage.worldUnavailableCommandSuffix","homePage","ui"," in the terminal."," nel terminale.","","23","medium","","",""
"homePage.topOvrHeading","homePage","ui","Highest Max OVR Cards","Carte con l’OVR massimo più alto","","28","medium","","",""
"homePage.recentHeading","homePage","ui","Recently Updated Cards","Carte aggiornate di recente","","29","medium","","",""
"homePage.viewAllLink","homePage","ui","View all","Vedi tutto","","12","medium","","",""
"homePage.quickLinksHeading","homePage","ui","What You Can Do","Cosa puoi fare","","20","medium","","",""
"homePage.findPlayersLabel","homePage","ui","Find Players","Trova giocatori","","16","medium","","",""
"homePage.findPlayersDescTemplate","homePage","ui","Search and filter {count} World cards","Cerca e filtra {count} carte World","","","medium","","",""
"homePage.comparePlayersLabel","homePage","ui","Compare Players","Confronta giocatori","","20","medium","","",""
"homePage.comparePlayersDesc","homePage","ui","Line up abilities, skills, progression, and manager boosters for 2–4 players","Confronta statistiche, abilità, progressione e booster dell’allenatore di 2–4 giocatori","","","medium","","",""
"homePage.buildSquadLabel","homePage","ui","Build a Squad","Crea una rosa","","17","medium","","",""
"homePage.buildSquadDesc","homePage","ui","Check formation, progression, manager, and Link-Up conditions","Controlla modulo, progressione, allenatore e condizioni di Link-Up","","","medium","","",""
"homePage.exploreManagersLabel","homePage","ui","Explore Managers","Esplora gli allenatori","","21","medium","","",""
"homePage.exploreManagersDescTemplate","homePage","ui","{count} managers' tactical proficiencies, boosters, and Link-Up Play","Competenza tattica, booster e Link-Up Play di {count} allenatori","","","medium","","",""
"homePage.inDevelopmentHeading","homePage","ui","In Development","In sviluppo","","19","medium","","",""
"homePage.inDevelopmentHint","homePage","ui","Coming soon","Prossimamente","","15","medium","","",""
"homePage.featureTierList","homePage","ui","Tier List","Tier list","","12","medium","","",""
"homePage.featurePackDiagnosis","homePage","ui","Pack (Gacha) Diagnosis","Diagnosi dei pacchetti","","29","medium","","",""
"homePage.featureAiCoach","homePage","ui","AI Coach Analysis","Analisi del coach con IA","","23","medium","","",""
"homePage.featureCommunity","homePage","ui","Community","Community","","12","medium","","",""
"homePage.designDocNote","homePage","ui","See docs/efootball-team-ai-design.md for design details. Only ingested real data is shown — no fictional user counts or ratings.","Consulta docs/efootball-team-ai-design.md per i dettagli del design. Vengono mostrati solo dati reali importati: nessun numero di utenti o valutazione inventati.","","","medium","","",""
"managersPage.metaTemplate","managersPage","ui","{count} managers","Allenatori: {count}","","21","medium","","",""
"managersPage.descriptionTemplate","managersPage","ui","Data provided by {source}. Age, nationality, team, Coaching Affinity, and formation are not included in the source.","Dati forniti da {source}. Età, nazionalità, squadra, Coaching Affinity e modulo non sono inclusi nella fonte.","","","medium","","",""
"managersPage.importedAtPrefix","managersPage","ui","Imported: ","Importato: ","","13","medium","","",""
"managersPage.dataUnavailableTitle","managersPage","ui","Manager data isn't set up yet","I dati degli allenatori non sono ancora configurati","","38","medium","","",""
"managersPage.dataUnavailableDescription","managersPage","ui","Run `node scripts/sync-managers.mjs` in the terminal to load it into SQLite.","Esegui `node scripts/sync-managers.mjs` nel terminale per caricarli in SQLite.","","","medium","","",""
"managersPage.failedTitle","managersPage","ui","Could not load manager data","Impossibile caricare i dati degli allenatori","","36","high","","",""
"managersPage.failedDescription","managersPage","ui","Please reload in a moment.","Ricarica tra un momento.","","","high","","",""
"managersPage.noResultsTitle","managersPage","ui","No managers match your criteria","Nessun allenatore corrisponde ai criteri","","41","medium","","",""
"managersPage.noResultsDescription","managersPage","ui","Try changing your search terms or filters.","Prova a cambiare i termini di ricerca o i filtri.","","","medium","","",""
"managersPage.clearFiltersLink","managersPage","ui","Clear filters","Cancella filtri","","17","medium","","",""
"managersPage.showingCountTemplate","managersPage","ui","Showing {from}–{to} of {total}","{from}–{to} di {total}","","","medium","","",""
"managersPage.prevPageLink","managersPage","ui","Previous","Precedente","","12","medium","","",""
"managersPage.nextPageLink","managersPage","ui","Next","Successiva","","12","medium","","",""
"managersPage.pageOfTemplate","managersPage","ui","{page} / {totalPages}","{page} / {totalPages}","","28","medium","","",""
"managersPage.paginationAriaLabel","managersPage","accessibility","Pagination","Paginazione","","13","high","","",""
"nav.groupMain","nav","core","Main","Principale","","12","high","","",""
"nav.groupMyData","nav","core","My Data","I miei dati","","12","high","","",""
"nav.groupAnalysis","nav","core","Analysis","Analisi","","12","high","","",""
"nav.groupCommunity","nav","core","Community","Community","","12","high","","",""
"nav.home","nav","core","Home","Home","","12","high","","",""
"nav.players","nav","core","Players","Giocatori","","12","high","","",""
"nav.managers","nav","core","Managers","Allenatori","","12","high","","",""
"nav.compare","nav","core","Compare","Confronta","","12","high","","",""
"nav.squads","nav","core","Squads","Rose","","12","high","","",""
"nav.favorites","nav","core","Favorites","Preferiti","","12","high","","",""
"nav.myTeam","nav","core","My Team","La mia squadra","","12","high","","",""
"nav.myBuilds","nav","core","My Builds","Le mie build","","12","high","","",""
"nav.buildInventory","nav","core","Build Analysis","Analisi delle build","","19","high","","",""
"nav.diagnosisHistory","nav","core","Diagnosis history","Cronologia diagnosi","","23","high","","",""
"nav.bestXi","nav","core","AI Best XI","AI Best XI","","13","high","","",""
"nav.tierLists","nav","core","Tier List","Tier list","","12","high","","",""
"nav.packs","nav","core","Packs","Pacchetti","","12","high","","",""
"nav.community","nav","core","Community","Community","","12","high","","",""
"nav.comingSoon","nav","core","Coming soon","Prossimamente","","15","high","","",""
"nav.ariaSidebar","nav","core","Side menu","Menu laterale","","12","high","","",""
"nav.ariaCollapse","nav","core","Collapse sidebar","Comprimi la barra laterale","","21","high","","",""
"nav.ariaExpand","nav","core","Expand sidebar","Espandi la barra laterale","","19","high","","",""
"nav.collapseLabel","nav","core","Collapse","Comprimi","","12","high","","",""
"nav.ariaMobileMenuOpen","nav","core","Open menu","Apri il menu","","12","high","","",""
"nav.ariaMobileMenuClose","nav","core","Close menu","Chiudi il menu","","13","high","","",""
"nav.ariaMobileMenu","nav","core","Menu","Menu","","12","high","","",""
"nav.ariaHome","nav","core","Home","Home","","12","high","","",""
"nav.brand","nav","core","TeamAIXI","TeamAIXI","","12","high","","",""
"header.searchPlaceholder","header","core","Search players…","Cerca giocatori…","","20","high","","",""
"header.searchAriaLabel","header","core","Search players","Cerca giocatori","","19","high","","",""
"header.ariaHomeLink","header","core","TeamAIXI home","Home di TeamAIXI","","17","high","","",""
"header.accountNavSignIn","header","core","Sign in","Accedi","","12","high","","",""
"header.accountNavAccount","header","core","Account","Account","","12","high","","",""
"language.japanese","language","core","日本語","日本語","","12","high","","",""
"language.english","language","core","English","English","","12","high","","",""
"language.ariaLabel","language","core","Select display language","Seleziona la lingua","","30","high","","",""
"language.moreLanguages","language","core","More languages (preview)","Altre lingue (anteprima)","","32","high","","",""
"language.previewListLabel","language","core","Languages in preview","Lingue in anteprima","","26","high","","",""
"language.previewBadge","language","core","Preview","Anteprima","","12","high","","",""
"language.loadingLanguage","language","core","Loading language…","Caricamento della lingua…","","23","high","","",""
"diagnosisHistory.pageTitle","diagnosisHistory","metadata","Diagnosis history","Cronologia diagnosi","","23","medium","","",""
"diagnosisHistory.pageDescription","diagnosisHistory","metadata","Squad diagnoses you saved. They are kept only in this browser and are never sent to a server or other devices.","Le diagnosi delle rose che hai salvato. Sono conservate solo in questo browser e non vengono mai inviate a un server o ad altri dispositivi.","","","medium","","",""
"diagnosisHistory.limitNote","diagnosisHistory","ui","Up to 50 entries are kept; the oldest are removed first.","Vengono conservate fino a 50 voci; le più vecchie vengono rimosse per prime.","","","medium","","",""
"diagnosisHistory.saveButton","diagnosisHistory","ui","Save to history","Salva nella cronologia","","20","medium","","",""
"diagnosisHistory.saved","diagnosisHistory","ui","Saved to history.","Salvata nella cronologia.","","23","medium","","",""
"diagnosisHistory.savedTrimmed","diagnosisHistory","ui","Saved to history ({count} oldest entries were removed to stay within the limit).","Salvata nella cronologia (voci più vecchie rimosse per restare nel limite: {count}).","","","medium","","",""
"diagnosisHistory.duplicate","diagnosisHistory","ui","Same result as the last saved one, so nothing was added.","Risultato identico all'ultimo salvato: non è stato aggiunto nulla.","","","medium","","",""
"diagnosisHistory.saveFailed","diagnosisHistory","ui","Could not save to history. This browser may not allow local storage.","Impossibile salvare nella cronologia. Questo browser potrebbe non consentire la memorizzazione locale.","","","high","","",""
"diagnosisHistory.scopePending","diagnosisHistory","ui","Checking your sign-in state. Please try again in a moment.","Verifica dello stato di accesso in corso. Riprova tra un momento.","","","medium","","",""
"diagnosisHistory.openHistory","diagnosisHistory","ui","View diagnosis history","Vedi cronologia diagnosi","","29","medium","","",""
"diagnosisHistory.loading","diagnosisHistory","ui","Loading…","Caricamento…","","12","medium","","",""
"diagnosisHistory.empty","diagnosisHistory","ui","No saved diagnoses yet. You can save one from the diagnosis on a squad's edit page.","Nessuna diagnosi salvata. Puoi salvarne una dalla diagnosi nella pagina di modifica di una rosa.","","","medium","","",""
"diagnosisHistory.unavailable","diagnosisHistory","ui","History is not available in this browser (for example private browsing or storage restrictions).","La cronologia non è disponibile in questo browser (ad esempio navigazione privata o restrizioni di memoria).","","","medium","","",""
"diagnosisHistory.corruptedNotice","diagnosisHistory","ui","{count} unreadable entries were skipped.","Voci illeggibili ignorate: {count}.","","","medium","","",""
"diagnosisHistory.savedAt","diagnosisHistory","ui","Saved","Salvata","","12","medium","","",""
"diagnosisHistory.overall","diagnosisHistory","ui","Overall","Complessivo","","12","medium","","",""
"diagnosisHistory.notRated","diagnosisHistory","ui","Not rated","Non valutato","","12","medium","","",""
"diagnosisHistory.openShare","diagnosisHistory","ui","Open as share link","Apri come link di condivisione","","24","medium","","",""
"diagnosisHistory.deleteButton","diagnosisHistory","ui","Delete","Elimina","","12","high","","",""
"diagnosisHistory.deleteConfirm","diagnosisHistory","ui","Delete this entry?","Eliminare questa voce?","","24","high","","",""
"diagnosisHistory.confirmDelete","diagnosisHistory","ui","Delete","Elimina","","12","high","","",""
"diagnosisHistory.cancel","diagnosisHistory","ui","Cancel","Annulla","","12","medium","","",""
"diagnosisHistory.deleted","diagnosisHistory","ui","Deleted.","Eliminata.","","12","high","","",""
"diagnosisHistory.deleteFailed","diagnosisHistory","ui","Could not delete.","Impossibile eliminare.","","23","high","","",""
"diagnosisHistory.deleteAll","diagnosisHistory","ui","Delete all","Elimina tutto","","13","high","","",""
"diagnosisHistory.deleteAllConfirm","diagnosisHistory","ui","This deletes all diagnosis history and cannot be undone.","Verrà eliminata tutta la cronologia delle diagnosi. L'operazione non può essere annullata.","","","high","","",""
"diagnosisHistory.deleteAllDone","diagnosisHistory","ui","All diagnosis history was deleted.","Tutta la cronologia delle diagnosi è stata eliminata.","","","high","","",""
"diagnosisHistory.exportButton","diagnosisHistory","ui","Save as JSON","Salva come JSON","","16","medium","","",""
"diagnosisHistory.exportNote","diagnosisHistory","ui","The exported file contains no internal IDs such as squad IDs (squad names are included).","Il file esportato non contiene ID interni come gli ID delle rose (i nomi delle rose sono inclusi).","","","medium","","",""
"diagnosisHistory.exportFailed","diagnosisHistory","ui","Could not save the file.","Impossibile salvare il file.","","32","high","","",""
"diagnosisHistory.dataManagementHeading","diagnosisHistory","ui","Diagnosis history","Cronologia diagnosi","","23","medium","","",""
"diagnosisHistory.dataManagementBody","diagnosisHistory","ui","Squad diagnosis history is kept only in this browser. You can delete entries one by one or all at once on the diagnosis history page.","La cronologia delle diagnosi delle rose è conservata solo in questo browser. Puoi eliminare le voci una alla volta o tutte insieme nella pagina della cronologia diagnosi.","","","medium","","",""
"diagnosisHistory.dataManagementLink","diagnosisHistory","ui","Open diagnosis history","Apri cronologia diagnosi","","29","medium","","",""
"diagnosisPerspectives.title","diagnosisPerspectives","ui","Additional perspectives","Prospettive aggiuntive","","30","medium","","",""
"diagnosisPerspectives.badge","diagnosisPerspectives","ui","Provisional / for comparison","Provvisorio / per confronto","","","medium","","",""
"diagnosisPerspectives.note","diagnosisPerspectives","ui","Provisional values for comparing candidate formulas. They are not used in the overall rating, rankings or share images, and the perspectives are never added together.","Valori provvisori per confrontare formule candidate. Non vengono usati nella valutazione complessiva, nelle classifiche né nelle immagini da condividere, e le prospettive non vengono mai sommate tra loro.","","","medium","","",""
"diagnosisPerspectives.jaOnlyNote","diagnosisPerspectives","ui","The perspective details are currently shown in Japanese only.","I dettagli delle prospettive al momento sono mostrati solo in giapponese.","","","medium","","",""
"diagnosisPerspectives.formulas","diagnosisPerspectives","ui","Candidate formulas","Formule candidate","","24","medium","","",""
"diagnosisPerspectives.kindFact","diagnosisPerspectives","ui","Fact","Fatto","","12","medium","","",""
"diagnosisPerspectives.kindProvisional","diagnosisPerspectives","ui","Provisional","Provvisorio","","15","medium","","",""
"diagnosisPerspectives.causes","diagnosisPerspectives","ui","Players or positions involved","Giocatori o ruoli coinvolti","","","medium","","",""
"diagnosisPerspectives.missingData","diagnosisPerspectives","ui","Missing data","Dati mancanti","","16","medium","","",""
"diagnosisPerspectives.improvements","diagnosisPerspectives","ui","If improved","Se migliorato","","15","medium","","",""
"diagnosisPerspectives.confidence","diagnosisPerspectives","ui","Confidence","Affidabilità","","13","medium","","",""
"diagnosisPerspectives.confidenceHigh","diagnosisPerspectives","ui","High","Alta","","12","medium","","",""
"diagnosisPerspectives.confidenceMedium","diagnosisPerspectives","ui","Medium","Media","","12","medium","","",""
"diagnosisPerspectives.confidenceLow","diagnosisPerspectives","ui","Low","Bassa","","12","medium","","",""
"diagnosisPerspectives.confidenceInsufficient","diagnosisPerspectives","ui","Insufficient","Insufficiente","","16","medium","","",""
"diagnosisPerspectives.notComputed","diagnosisPerspectives","ui","Not computed","Non calcolato","","16","medium","","",""
"diagnosisPerspectives.rulesVersion","diagnosisPerspectives","ui","Rules version","Versione delle regole","","17","medium","","",""
"diagnosisCompare.selectLabel","diagnosisCompare","ui","Select to compare","Seleziona per confrontare","","23","medium","","",""
"diagnosisCompare.selectHint","diagnosisCompare","ui","Select two entries to compare (the older one becomes ""before"").","Seleziona due voci da confrontare (la più vecchia diventa ""prima"").","","","medium","","",""
"diagnosisCompare.compareButton","diagnosisCompare","ui","Compare before and after","Confronta prima e dopo","","32","medium","","",""
"diagnosisCompare.clearSelection","diagnosisCompare","ui","Clear selection","Azzera selezione","","20","medium","","",""
"diagnosisCompare.title","diagnosisCompare","ui","Before and after","Prima e dopo","","21","medium","","",""
"diagnosisCompare.before","diagnosisCompare","ui","Before","Prima","","12","medium","","",""
"diagnosisCompare.after","diagnosisCompare","ui","After","Dopo","","12","medium","","",""
"diagnosisCompare.overall","diagnosisCompare","ui","Overall","Complessivo","","12","medium","","",""
"diagnosisCompare.notRated","diagnosisCompare","ui","Not rated","Non valutato","","12","medium","","",""
"diagnosisCompare.trendImproved","diagnosisCompare","ui","Improved","Migliorato","","12","medium","","",""
"diagnosisCompare.trendWorsened","diagnosisCompare","ui","Worse","Peggiorato","","12","medium","","",""
"diagnosisCompare.trendUnchanged","diagnosisCompare","ui","No change","Invariato","","12","medium","","",""
"diagnosisCompare.trendNotComparable","diagnosisCompare","ui","Not comparable","Non confrontabile","","19","medium","","",""
"diagnosisCompare.summaryTemplate","diagnosisCompare","ui","Improved {improved} · Worse {worsened} · No change {unchanged} · Not comparable {notComparable}","Migliorati {improved} · Peggiorati {worsened} · Invariati {unchanged} · Non confrontabili {notComparable}","","","medium","","",""
"diagnosisCompare.strengthHeading","diagnosisCompare","ui","Top strength","Punto di forza principale","","16","medium","","",""
"diagnosisCompare.weaknessHeading","diagnosisCompare","ui","Top weakness","Punto debole principale","","16","medium","","",""
"diagnosisCompare.changed","diagnosisCompare","ui","Changed","Cambiato","","12","medium","","",""
"diagnosisCompare.notChanged","diagnosisCompare","ui","Unchanged","Invariato","","12","medium","","",""
"diagnosisCompare.disclaimer","diagnosisCompare","ui","This only shows the difference between two results calculated with the same rules. It does not determine the cause of any change (such as player changes or training).","Mostra solo la differenza tra due risultati calcolati con le stesse regole. Non determina la causa di eventuali cambiamenti (come cambi di giocatori o allenamento).","","","medium","","",""
"diagnosisCompare.rulesMismatch","diagnosisCompare","ui","These cannot be compared because the diagnosis rules versions differ.","Non è possibile confrontarli perché le versioni delle regole di diagnosi sono diverse.","","","medium","","",""
"diagnosisCompare.sameEntry","diagnosisCompare","ui","An entry cannot be compared with itself. Select a different one.","Una voce non può essere confrontata con se stessa. Selezionane un’altra.","","","medium","","",""
"diagnosisCompare.invalid","diagnosisCompare","ui","These entries cannot be compared.","Queste voci non possono essere confrontate.","","","medium","","",""
"diagnosisCompare.saveImage","diagnosisCompare","ui","Save image","Salva immagine","","13","medium","","",""
"diagnosisCompare.imageSaved","diagnosisCompare","ui","Image saved.","Immagine salvata.","","16","medium","","",""
"diagnosisCompare.imageFailed","diagnosisCompare","ui","Could not save the image.","Impossibile salvare l’immagine.","","","high","","",""
"diagnosisCompare.shareLabel","diagnosisCompare","ui","Comparison share link","Link di condivisione del confronto","","28","medium","","",""
"diagnosisCompare.shareNote","diagnosisCompare","ui","The link contains only the two diagnosis summaries (scores, ranks, dates, strength/weakness types) — no squad names, player names or IDs. Nothing is stored on the server. Anyone with the link can see it.","Il link contiene solo i riepiloghi delle due diagnosi (punteggi, gradi, date, tipi di punti di forza/deboli): nessun nome di rosa, nome di giocatore o ID. Nulla viene salvato sul server. Chiunque abbia il link può vederlo.","","","medium","","",""
"diagnosisCompare.copy","diagnosisCompare","ui","Copy","Copia","","12","medium","","",""
"diagnosisCompare.copied","diagnosisCompare","ui","Copied.","Copiato.","","12","medium","","",""
"diagnosisCompare.copyFailed","diagnosisCompare","ui","Could not copy. Select the link and copy it manually.","Impossibile copiare. Seleziona il link e copialo manualmente.","","","high","","",""
"diagnosisCompare.pageTitle","diagnosisCompare","metadata","Shared before-and-after comparison","Confronto prima/dopo condiviso","","45","medium","","",""
"diagnosisCompare.viewerNote","diagnosisCompare","ui","This was calculated on the sharer's device. This page only checks the format and consistency; it cannot guarantee the content.","È stato calcolato sul dispositivo di chi l’ha condiviso. Questa pagina verifica solo formato e coerenza; non può garantirne il contenuto.","","","medium","","",""
"diagnosisCompare.invalidTitle","diagnosisCompare","ui","This share link cannot be opened","Impossibile aprire questo link di condivisione","","42","medium","","",""
"diagnosisCompare.invalidBody","diagnosisCompare","ui","The link is incomplete or its contents are invalid.","Il link è incompleto o il suo contenuto non è valido.","","","medium","","",""
"diagnosisCompare.unsupportedBody","diagnosisCompare","ui","This site does not support this share link format.","Questo sito non supporta questo formato di link di condivisione.","","","medium","","",""
"diagnosisCompare.emptyBody","diagnosisCompare","ui","The link contains no shared data.","Il link non contiene dati condivisi.","","","medium","","",""
"diagnosisCompare.openSite","diagnosisCompare","ui","Open TeamAIXI","Apri TeamAIXI","","17","medium","","",""
"diagnosisCompare.loading","diagnosisCompare","ui","Loading…","Caricamento…","","12","medium","","",""
"diagnosisShare.createButton","diagnosisShare","share","Create share link","Crea link di condivisione","","23","high","","",""
"diagnosisShare.previewTitle","diagnosisShare","share","Share link preview","Anteprima del link di condivisione","","24","high","","",""
"diagnosisShare.previewIncludes","diagnosisShare","share","What this link contains","Cosa contiene questo link","","30","high","","",""
"diagnosisShare.includeDate","diagnosisShare","share","Diagnosis date (no time of day)","Data della diagnosi (senza l'ora)","","","high","","",""
"diagnosisShare.includeOverall","diagnosisShare","share","Overall score and rank","Punteggio complessivo e grado","","29","high","","",""
"diagnosisShare.includeCategories","diagnosisShare","share","Scores and ranks of the 8 categories","Punteggi e gradi delle 8 categorie","","","high","","",""
"diagnosisShare.includeFindings","diagnosisShare","share","Type of the top strength and weakness (no player names)","Tipo del principale punto di forza e punto debole (senza nomi di giocatori)","","","high","","",""
"diagnosisShare.includeRules","diagnosisShare","share","Diagnosis rules version","Versione delle regole di diagnosi","","30","high","","",""
"diagnosisShare.includeFormation","diagnosisShare","share","Formation","Modulo","","12","high","","",""
"diagnosisShare.notIncluded","diagnosisShare","share","Squad names, player names, card IDs, saved builds, squad IDs, account details and email addresses are never included.","Nomi delle rose, nomi dei giocatori, ID delle carte, build salvate, ID delle rose, dati dell'account e indirizzi email non vengono mai inclusi.","","","high","","",""
"diagnosisShare.visibilityNote","diagnosisShare","share","Anyone with the link can see its contents. Nothing is stored on the server.","Chiunque abbia il link può vederne il contenuto. Nulla viene memorizzato sul server.","","","high","","",""
"diagnosisShare.notSecretNote","diagnosisShare","share","It is hidden from search engines, but it is not meant for sharing secrets.","È nascosto ai motori di ricerca, ma non è pensato per condividere informazioni riservate.","","","high","","",""
"diagnosisShare.urlLabel","diagnosisShare","share","Share link","Link di condivisione","","13","high","","",""
"diagnosisShare.copyButton","diagnosisShare","share","Copy","Copia","","12","high","","",""
"diagnosisShare.copied","diagnosisShare","share","Copied.","Copiato.","","12","high","","",""
"diagnosisShare.copyFailed","diagnosisShare","share","Could not copy. Select the link and copy it manually.","Impossibile copiare. Seleziona il link e copialo manualmente.","","","high","","",""
"diagnosisShare.shareButton","diagnosisShare","share","Share…","Condividi…","","12","high","","",""
"diagnosisShare.shareFailed","diagnosisShare","share","Sharing did not complete.","La condivisione non è stata completata.","","","high","","",""
"diagnosisShare.closeButton","diagnosisShare","share","Close","Chiudi","","12","high","","",""
"diagnosisShare.createFailed","diagnosisShare","share","Could not create the share link.","Impossibile creare il link di condivisione.","","","high","","",""
"diagnosisShare.pageTitle","diagnosisShare","share","Shared squad diagnosis","Diagnosi della rosa condivisa","","29","high","","",""
"diagnosisShare.readOnlyBadge","diagnosisShare","share","Read-only","Sola lettura","","12","high","","",""
"diagnosisShare.sharedNote","diagnosisShare","share","This result was calculated on the sharer's device. This page only checks the format and consistency; it cannot guarantee the content.","Questo risultato è stato calcolato sul dispositivo di chi lo ha condiviso. Questa pagina verifica solo formato e coerenza; non può garantirne il contenuto.","","","high","","",""
"diagnosisShare.diagnosedOn","diagnosisShare","share","Diagnosed on","Data della diagnosi","","16","high","","",""
"diagnosisShare.formation","diagnosisShare","share","Formation","Modulo","","12","high","","",""
"diagnosisShare.overall","diagnosisShare","share","Overall","Complessivo","","12","high","","",""
"diagnosisShare.notRated","diagnosisShare","share","Not rated","Non valutato","","12","high","","",""
"diagnosisShare.categoriesHeading","diagnosisShare","share","By category","Per categoria","","15","high","","",""
"diagnosisShare.strength","diagnosisShare","share","Strength","Punto di forza","","12","high","","",""
"diagnosisShare.weakness","diagnosisShare","share","Weakness","Punto debole","","12","high","","",""
"diagnosisShare.none","diagnosisShare","share","None","Nessuno","","12","high","","",""
"diagnosisShare.findingAbilityHigh","diagnosisShare","share","{category} is rated high","{category}: valutazione alta","","32","high","","",""
"diagnosisShare.findingAbilityLow","diagnosisShare","share","{category} is rated low","{category}: valutazione bassa","","30","high","","",""
"diagnosisShare.findingCompatibility","diagnosisShare","share","Some players may be out of position","Alcuni giocatori potrebbero essere fuori ruolo","","","high","","",""
"diagnosisShare.findingReferenceError","diagnosisShare","share","Some saved-build references need checking","Alcuni riferimenti a build salvate vanno controllati","","","high","","",""
"diagnosisShare.findingConfig","diagnosisShare","share","Squad placement can be improved","Il posizionamento della rosa può essere migliorato","","","high","","",""
"diagnosisShare.olderRules","diagnosisShare","share","This diagnosis was made with different rules ({version}); scores may not be comparable.","Questa diagnosi è stata fatta con regole diverse ({version}); i punteggi potrebbero non essere confrontabili.","","","high","","",""
"diagnosisShare.disclaimer","diagnosisShare","share","A composition rating based on registered data. It does not guarantee match results, rankings or win rates.","Una valutazione della composizione basata sui dati registrati. Non garantisce risultati delle partite, classifiche o percentuali di vittoria.","","","high","","",""
"diagnosisShare.invalidTitle","diagnosisShare","share","This share link cannot be opened","Impossibile aprire questo link di condivisione","","42","high","","",""
"diagnosisShare.invalidBody","diagnosisShare","share","The link is incomplete or its contents are invalid. Ask the sender for the link again.","Il link è incompleto o il suo contenuto non è valido. Chiedi di nuovo il link a chi te lo ha inviato.","","","high","","",""
"diagnosisShare.unsupportedBody","diagnosisShare","share","This site does not support this share link format.","Questo sito non supporta il formato di questo link di condivisione.","","","high","","",""
"diagnosisShare.emptyBody","diagnosisShare","share","The link contains no shared data.","Il link non contiene dati condivisi.","","","high","","",""
"diagnosisShare.openSite","diagnosisShare","share","Open TeamAIXI","Apri TeamAIXI","","17","high","","",""
"diagnosisShare.loading","diagnosisShare","share","Loading…","Caricamento…","","12","high","","",""
"diagnosis.heading","diagnosis","ui","Squad Diagnosis (Squad Build Evaluation)","Diagnosi della rosa (valutazione della composizione)","","","medium","","",""
"diagnosis.unavailableTitle","diagnosis","ui","Squad Diagnosis","Diagnosi della rosa","","20","medium","","",""
"diagnosis.unavailableMessage","diagnosis","ui","Squad data could not be loaded, so no diagnosis is available.","Impossibile caricare i dati della rosa, quindi la diagnosi non è disponibile.","","","medium","","",""
"diagnosis.mainDisclaimer","diagnosis","ui","This evaluation is a squad build assessment based on registered player abilities, progression, and placement. It does not guarantee match results, player skill, national rankings, or win rates.","Questa è una valutazione della composizione della rosa basata su statistiche, progressione e posizionamento dei giocatori registrati. Non garantisce risultati delle partite, abilità del giocatore, classifiche nazionali o percentuali di vittoria.","","","medium","","",""
"diagnosis.overallScore","diagnosis","ui","Overall Rating","Valutazione complessiva","","19","medium","","",""
"diagnosis.tierBadgePrefix","diagnosis","ui","Grade","Grado","","12","medium","","",""
"diagnosis.notRated","diagnosis","ui","Not rated","Non valutato","","12","medium","","",""
"diagnosis.ratedItems","diagnosis","ui","Rated Items","Elementi valutati","","15","medium","","",""
"diagnosis.placementCoverage","diagnosis","ui","Placement Coverage","Copertura del posizionamento","","24","medium","","",""
"diagnosis.savedBuildMissingStat","diagnosis","ui","Saved Build Missing","Build salvata mancante","","25","medium","","",""
"diagnosis.savedBuildMissingUnitSuffix","diagnosis","ui"," starters"," titolari","","12","medium","","",""
"diagnosis.coverageMetricsNote","diagnosis","ui","""Rated Items"" and ""Placement Coverage"" only reflect player placement and card resolution — they are separate from saved build status. These values do not change even if some players have no saved build reflecting their progression and boosters.","""Elementi valutati"" e ""Copertura del posizionamento"" riflettono solo il posizionamento dei giocatori e il riconoscimento delle carte: sono indipendenti dallo stato delle build salvate. Questi valori non cambiano anche se alcuni giocatori non hanno una build salvata che rifletta progressione e booster.","","","medium","","",""
"diagnosis.commentModeNormal","diagnosis","ui","Normal","Normale","","12","medium","","",""
"diagnosis.commentModeHarsh","diagnosis","ui","Harsh","Schietto","","12","medium","","",""
"diagnosis.commentModeDisplayingSuffix","diagnosis","ui"," (shown)"," (visualizzato)","","12","medium","","",""
"diagnosis.commentModeHarshBadge","diagnosis","ui","Harsh mode","Modalità schietta","","13","medium","","",""
"diagnosis.improvementPrioritiesHeading","diagnosis","ui","Improvement Priorities (up to 3, suggestions only — not applied automatically)","Priorità di miglioramento (fino a 3, solo suggerimenti — non applicati automaticamente)","","102","medium","","",""
"diagnosis.keepStrengthPrefix","diagnosis","ui","Strength to keep","Punto di forza da mantenere","","21","medium","","",""
"diagnosis.commentSectionHeading","diagnosis","ui","Comment","Commento","","12","medium","","",""
"diagnosis.categoriesHeadingSuffix","diagnosis","ui"," items"," elementi","","12","medium","","",""
"diagnosis.detailsToggle","diagnosis","ui","View detailed evidence by category","Vedi dettagli per categoria","","","medium","","",""
"diagnosis.evidenceToggle","diagnosis","ui","View evidence","Vedi dettagli","","17","medium","","",""
"diagnosis.strengthsHeading","diagnosis","ui","Top Strengths (up to 3)","Principali punti di forza (fino a 3)","","30","medium","","",""
"diagnosis.strengthsEmpty","diagnosis","ui","No clear strengths were detected.","Nessun punto di forza evidente rilevato.","","","medium","","",""
"diagnosis.weaknessesHeading","diagnosis","ui","Top Weaknesses (up to 3)","Principali punti deboli (fino a 3)","","32","medium","","",""
"diagnosis.weaknessesEmpty","diagnosis","ui","No clear weaknesses were detected.","Nessun punto debole evidente rilevato.","","","medium","","",""
"diagnosis.suggestionsHeading","diagnosis","ui","Improvement Suggestions (up to 3, suggestions only — not applied automatically)","Suggerimenti di miglioramento (fino a 3, solo suggerimenti — non applicati automaticamente)","","103","medium","","",""
"diagnosis.criticalWarningsHeading","diagnosis","ui","Items that need attention","Elementi che richiedono attenzione","","33","high","","",""
"diagnosis.findingBadgeReferenceError","diagnosis","ui","Reference error","Errore di riferimento","","20","high","","",""
"diagnosis.findingBadgeCompatibility","diagnosis","ui","Placement fit","Idoneità al ruolo","","17","medium","","",""
"diagnosis.findingBadgeConfig","diagnosis","ui","Insufficient data / setup","Dati / impostazioni insufficienti","","","medium","","",""
"diagnosis.pngSaveButton","diagnosis","ui","Save diagnosis as image","Salva diagnosi come immagine","","30","medium","","",""
"diagnosis.pngSaveButtonAriaLabel","diagnosis","accessibility","Save squad diagnosis result as a PNG image","Salva il risultato della diagnosi della rosa come immagine PNG","","55","high","","",""
"diagnosis.pngSaveGenerating","diagnosis","ui","Generating image…","Generazione immagine…","","23","medium","","",""
"diagnosis.pngSaveSuccess","diagnosis","ui","Image saved.","Immagine salvata.","","16","medium","","",""
"diagnosis.pngSaveError","diagnosis","ui","Failed to save the image. Please try again in a moment.","Impossibile salvare l'immagine. Riprova tra un momento.","","","high","","",""
"diagnosis.dataQualityStarters","diagnosis","ui","Starters placed","Titolari schierati","","20","medium","","",""
"diagnosis.dataQualityBench","diagnosis","ui","Bench count","Giocatori in panchina","","15","medium","","",""
"diagnosis.dataQualityMissingBuild","diagnosis","ui","Saved build missing","Build salvata mancante","","25","medium","","",""
"diagnosis.dataQualityBrokenRef","diagnosis","ui","Saved build reference errors","Errori di riferimento delle build salvate","","","medium","","",""
"diagnosis.dataQualityUnresolvedCard","diagnosis","ui","Unresolved cards","Carte non riconosciute","","21","medium","","",""
"diagnosis.dataQualityManagerUnresolved","diagnosis","ui","Manager unresolved","Allenatore non riconosciuto","","24","medium","","",""
"diagnosis.dataQualityYes","diagnosis","ui","Yes","Sì","","12","medium","","",""
"diagnosis.dataQualityNo","diagnosis","ui","No","No","","12","medium","","",""
"diagnosis.unratedCategoriesPrefix","diagnosis","ui","Categories that could not be rated","Categorie non valutabili","","","medium","","",""
"diagnosis.footerNote","diagnosis","ui","This diagnosis is read-only. It does not change your squad, saved builds, My Team, or card favorites. It is recomputed from the current saved data every time it is displayed (nothing is saved automatically).","Questa diagnosi è in sola lettura. Non modifica la rosa, le build salvate, La mia squadra o i preferiti delle carte. Viene ricalcolata dai dati salvati attuali ogni volta che viene mostrata (nulla viene salvato automaticamente).","","","medium","","",""
"category.attack","category","core","Attack","Attacco","","12","high","","",""
"category.defense","category","core","Defense","Difesa","","12","high","","",""
"category.aerial","category","core","Aerial","Gioco aereo","","12","high","","",""
"category.speed","category","core","Speed","Velocità","","12","high","","",""
"category.passBuildUp","category","core","Pass & Build-up","Passaggi e costruzione","","20","high","","",""
"category.dribblePossession","category","core","Dribbling & Possession","Dribbling e possesso","","29","high","","",""
"category.pressResistance","category","core","Press Resistance","Resistenza al pressing","","21","high","","",""
"category.counterAttack","category","core","Counter-attack","Contropiede","","19","high","","",""
"category.squadCompleteness","category","core","Squad Placement Completeness","Completezza della rosa","","","high","","",""
"tactical.sectionHeading","tactical","ui","Placement Structure & Tactical Review","Struttura dello schieramento e analisi tattica","","49","medium","","",""
"tactical.scopeDescription","tactical","ui","This is a structural analysis based on the current placement positions, formation coordinates, and already-confirmed diagnosis categories. It does not assess whether playing styles actually activate, player-specific AI, or actual in-match behavior.","È un’analisi strutturale basata sulle posizioni attuali dello schieramento, sulle coordinate del modulo e sulle categorie di diagnosi già confermate. Non valuta se gli stili di gioco si attivano davvero, l’IA specifica dei giocatori né il comportamento effettivo in partita.","","","medium","","",""
"tactical.placementCountLabel","tactical","ui","Placed","Schierati","","12","medium","","",""
"tactical.severityHigh","tactical","ui","Severity: High","Gravità: alta","","19","medium","","",""
"tactical.severityMedium","tactical","ui","Severity: Medium","Gravità: media","","21","medium","","",""
"tactical.severityLow","tactical","ui","Severity: Low","Gravità: bassa","","17","medium","","",""
"tactical.severityInfo","tactical","ui","Reference info","Informazione di riferimento","","19","medium","","",""
"tactical.confidenceHigh","tactical","ui","Confidence: High","Affidabilità: alta","","21","medium","","",""
"tactical.confidenceMedium","tactical","ui","Confidence: Medium","Affidabilità: media","","24","medium","","",""
"tactical.confidenceLow","tactical","ui","Confidence: Low","Affidabilità: bassa","","20","medium","","",""
"tactical.confidenceInsufficient","tactical","ui","Confidence: Insufficient data","Affidabilità: dati insufficienti","","","medium","","",""
"tactical.coverageInsufficient","tactical","ui","Placement insufficient","Schieramento insufficiente","","29","medium","","",""
"tactical.coverageLimited","tactical","ui","Placement partial","Schieramento parziale","","23","medium","","",""
"tactical.coveragePartial","tactical","ui","Placement mostly complete","Schieramento quasi completo","","","medium","","",""
"tactical.coverageFull","tactical","ui","Placement complete","Schieramento completo","","24","medium","","",""
"tactical.potentialRiskPrefix","tactical","ui","Potential risk","Rischio potenziale","","19","medium","","",""
"tactical.limitationsPrefix","tactical","ui","Analysis limitations","Limiti dell’analisi","","26","medium","","",""
"managerPicker.sortName","managerPicker","ui","By name","Per nome","","12","medium","","",""
"managerPicker.sortReleasedDesc","managerPicker","ui","Newest release first","Uscita più recente","","26","medium","","",""
"managerPicker.sortReleasedAsc","managerPicker","ui","Oldest release first","Uscita meno recente","","26","medium","","",""
"managerPicker.sortPossessionDesc","managerPicker","ui","Possession Game proficiency (high to low)","Competenza Possesso palla (dalla più alta)","","","medium","","",""
"managerPicker.sortQuickCounterDesc","managerPicker","ui","Quick Counter proficiency (high to low)","Competenza Contropiede rapido (dalla più alta)","","","medium","","",""
"managerPicker.sortLongBallCounterDesc","managerPicker","ui","Long Ball Counter proficiency (high to low)","Competenza Contropiede lungo (dalla più alta)","","","medium","","",""
"managerPicker.sortOutWideDesc","managerPicker","ui","Out Wide proficiency (high to low)","Competenza Gioco sulle fasce (dalla più alta)","","","medium","","",""
"managerPicker.sortLongBallDesc","managerPicker","ui","Long Ball proficiency (high to low)","Competenza Lanci lunghi (dalla più alta)","","","medium","","",""
"managerPicker.sortOverloadDesc","managerPicker","ui","Overload proficiency (high to low)","Competenza Sovraccarico (dalla più alta)","","","medium","","",""
"managerPicker.defaultTitle","managerPicker","ui","Select Manager","Scegli allenatore","","19","medium","","",""
"managerPicker.currentPrefix","managerPicker","ui","Current: ","Attuale: ","","12","medium","","",""
"managerPicker.currentIdPrefix","managerPicker","ui","ID ","ID ","","12","medium","","",""
"managerPicker.currentNone","managerPicker","ui","No manager","Nessun allenatore","","13","medium","","",""
"managerPicker.setNoManager","managerPicker","ui","Set no manager","Nessun allenatore","","19","medium","","",""
"managerPicker.searchLabel","managerPicker","ui","Search (filter the list)","Cerca (filtra l’elenco)","","32","medium","","",""
"managerPicker.searchPlaceholder","managerPicker","ui","Manager name / team","Nome allenatore / squadra","","25","medium","","",""
"managerPicker.tacticFilterAria","managerPicker","accessibility","Filter by best tactic","Filtra per tattica migliore","","28","high","","",""
"managerPicker.tacticFilterAll","managerPicker","ui","Best tactic: All","Tattica migliore: tutte","","21","medium","","",""
"managerPicker.boosterFilterAria","managerPicker","accessibility","Filter by booster","Filtra per booster","","23","high","","",""
"managerPicker.boosterFilterAll","managerPicker","ui","Booster: All","Booster: tutti","","16","medium","","",""
"managerPicker.boosterFilterHas","managerPicker","ui","Has booster","Con booster","","15","medium","","",""
"managerPicker.boosterFilterNone","managerPicker","ui","No booster","Senza booster","","13","medium","","",""
"managerPicker.linkUpFilterAria","managerPicker","accessibility","Filter by Link-Up Play","Filtra per Link-Up Play","","29","high","","",""
"managerPicker.linkUpFilterAll","managerPicker","ui","Link-Up: All","Link-Up: tutti","","16","medium","","",""
"managerPicker.linkUpFilterHas","managerPicker","ui","Has Link-Up","Con Link-Up","","15","medium","","",""
"managerPicker.linkUpFilterNone","managerPicker","ui","No Link-Up","Senza Link-Up","","13","medium","","",""
"managerPicker.yearFilterAria","managerPicker","accessibility","Filter by release year","Filtra per anno di uscita","","29","high","","",""
"managerPicker.yearFilterAll","managerPicker","ui","Release year: All","Anno di uscita: tutti","","23","medium","","",""
"managerPicker.sortAria","managerPicker","accessibility","Sort","Ordina","","12","high","","",""
"managerPicker.loadError","managerPicker","ui","Could not load the manager list.","Impossibile caricare l’elenco degli allenatori.","","","high","","",""
"managerPicker.detailError","managerPicker","ui","Could not load manager details.","Impossibile caricare i dettagli dell’allenatore.","","","high","","",""
"managerPicker.chooseError","managerPicker","ui","Could not select this manager.","Impossibile scegliere questo allenatore.","","","high","","",""
"managerPicker.noResultsTitle","managerPicker","ui","No managers match your criteria","Nessun allenatore corrisponde ai criteri","","41","medium","","",""
"managerPicker.noResultsDescription","managerPicker","ui","Try changing your search term or filters.","Prova a cambiare il termine di ricerca o i filtri.","","","medium","","",""
"managerPicker.selectedBadge","managerPicker","ui","Selected","Selezionato","","12","medium","","",""
"managerPicker.releasedPrefix","managerPicker","ui","Released ","Uscita: ","","12","medium","","",""
"managerPicker.unknownReleased","managerPicker","ui","Unknown","Sconosciuta","","12","medium","","",""
"managerPicker.noBoosterBadge","managerPicker","ui","No booster","Senza booster","","13","medium","","",""
"managerPicker.viewDetail","managerPicker","ui","View details","Dettagli","","16","medium","","",""
"managerPicker.chooseThis","managerPicker","ui","Select this manager","Scegli questo allenatore","","25","medium","","",""
"managerPicker.backToList","managerPicker","ui","Back to list","Torna all’elenco","","16","medium","","",""
"managerPicker.idPrefix","managerPicker","ui","ID ","ID ","","12","medium","","",""
"managerPicker.bestTacticPrefix","managerPicker","ui","Best tactic: ","Tattica migliore: ","","17","medium","","",""
"managerPicker.proficienciesHeading","managerPicker","ui","Tactical Proficiencies","Competenze tattiche","","29","medium","","",""
"managerPicker.boostersHeading","managerPicker","ui","Manager Boosters","Booster dell’allenatore","","21","medium","","",""
"managerPicker.noBoosterMessage","managerPicker","ui","This manager has no ability boosters.","Questo allenatore non ha booster di statistiche.","","","medium","","",""
"managerPicker.boosterApplicationNote","managerPicker","ui","Only confirmed boosters are applied to abilities. The application order (before/after progression) is unconfirmed.","Solo i booster confermati vengono applicati alle statistiche. L’ordine di applicazione (prima/dopo la progressione) non è confermato.","","","medium","","",""
"managerPicker.linkUpHeading","managerPicker","ui","Link-Up Play","Link-Up Play","","16","medium","","",""
"managerPicker.centerPiecePrefix","managerPicker","ui","Center Piece: ","Fulcro: ","","19","medium","","",""
"managerPicker.keyManPrefix","managerPicker","ui","Key Man: ","Uomo chiave: ","","12","medium","","",""
"managerPicker.linkUpNote","managerPicker","ui","Activation condition matching only. In-game effects are still being verified.","Solo verifica delle condizioni di attivazione. Gli effetti in gioco sono ancora in verifica.","","","medium","","",""
"managerPicker.chooseThisSelected","managerPicker","ui","Currently selected (close without changes)","Selezionato (chiudi senza modifiche)","","","medium","","",""
"managerCard.bestTacticLabel","managerCard","ui","Best tactic","Tattica migliore","","15","medium","","",""
"managerControls.sortNameLabel","managerControls","ui","By name","Per nome","","12","medium","","",""
"managerControls.sortReleasedDesc","managerControls","ui","Newest release first","Uscita più recente prima","","26","medium","","",""
"managerControls.sortReleasedAsc","managerControls","ui","Oldest release first","Uscita meno recente prima","","26","medium","","",""
"managerControls.sortPossessionDesc","managerControls","ui","Highest possession proficiency first","Competenza Possesso palla più alta prima","","","medium","","",""
"managerControls.sortQuickCounterDesc","managerControls","ui","Highest quick counter proficiency first","Competenza Contropiede rapido più alta prima","","","medium","","",""
"managerControls.searchPlaceholder","managerControls","ui","Search by manager name or team","Cerca per nome dell’allenatore o squadra","","39","medium","","",""
"managerControls.searchAriaLabel","managerControls","accessibility","Search managers","Cerca allenatori","","20","high","","",""
"managerControls.sortAriaLabel","managerControls","accessibility","Sort","Ordina","","12","high","","",""
"managerControls.boosterFilterAriaLabel","managerControls","accessibility","Booster","Booster","","12","high","","",""
"managerControls.boosterFilterAllOption","managerControls","ui","Booster: all","Booster: tutti","","16","medium","","",""
"managerControls.boosterFilterHasOption","managerControls","ui","Has booster","Con booster","","15","medium","","",""
"managerControls.boosterFilterNoneOption","managerControls","ui","No booster","Senza booster","","13","medium","","",""
"managerControls.linkUpFilterAriaLabel","managerControls","accessibility","Link-Up Play","Link-Up Play","","16","high","","",""
"managerControls.linkUpFilterAllOption","managerControls","ui","Link-Up Play: all","Link-Up Play: tutti","","23","medium","","",""
"managerControls.linkUpFilterHasOption","managerControls","ui","Has Link-Up Play","Con Link-Up Play","","21","medium","","",""
"managerControls.linkUpFilterNoneOption","managerControls","ui","No Link-Up Play","Senza Link-Up Play","","20","medium","","",""
"manager.squadWideHeading","manager","ui","Manager (Whole Squad)","Allenatore (tutta la rosa)","","28","medium","","",""
"manager.confirmedBoostersAppliedPrefix","manager","ui","Confirmed booster applied to ","Booster confermato applicato a ","","","high","","",""
"manager.confirmedBoostersAppliedSuffix","manager","ui"," player(s)"," giocatore/i","","13","high","","",""
"manager.selectManagerTitle","manager","ui","Select Squad Manager","Seleziona allenatore della rosa","","26","medium","","",""
"manager.none","manager","ui","No manager selected (managerBoosterDelta = 0)","Nessun allenatore selezionato (managerBoosterDelta = 0)","","","medium","","",""
"manager.noneDescription","manager","ui","Selecting a manager applies confirmed boosters to the affected abilities.","Selezionando un allenatore, i booster confermati vengono applicati alle statistiche interessate.","","","medium","","",""
"manager.selectFromList","manager","ui","Choose from manager list","Scegli dall'elenco allenatori","","32","medium","","",""
"manager.change","manager","ui","Change","Cambia","","12","medium","","",""
"manager.clear","manager","ui","Clear","Rimuovi","","12","medium","","",""
"manager.confirmedBoosterActive","manager","ui","Confirmed booster is applied","Booster confermato applicato","","","high","","",""
"manager.unconfirmedBoosterNotice","manager","ui","This manager's booster effect is unconfirmed and is not applied (display only).","L'effetto del booster di questo allenatore non è confermato e non viene applicato (solo visualizzazione).","","","high","","",""
"manager.linkUpPlayAvailable","manager","ui","Link-Up Play available (matching only — effect still being verified)","Link-Up Play disponibile (solo abbinamento — effetto ancora in verifica)","","","medium","","",""
"manager.applicationOrderUnconfirmed","manager","ui","The application order (before/after progression) is unconfirmed.","L'ordine di applicazione (prima/dopo la progressione) non è confermato.","","","high","","",""
"manager.viewManagerDetail","manager","ui","View manager details","Vedi dettagli allenatore","","26","medium","","",""
"manager.bestAt","manager","ui","Best at","Migliore in","","12","medium","","",""
"compareCategory.attack","compareCategory","ui","Attack","Attacco","","12","medium","","",""
"compareCategory.dribble","compareCategory","ui","Dribbling","Dribbling","","12","medium","","",""
"compareCategory.pass","compareCategory","ui","Passing","Passaggio","","12","medium","","",""
"compareCategory.defense","compareCategory","ui","Defense","Difesa","","12","medium","","",""
"compareCategory.physical","compareCategory","ui","Physical","Fisico","","12","medium","","",""
"compareCategory.speed","compareCategory","ui","Speed","Velocità","","12","medium","","",""
"compareCategory.gk","compareCategory","ui","GK","GK","","12","medium","","",""
"teamSummary.heading","teamSummary","ui","Team Summary","Riepilogo squadra","","16","medium","","",""
"teamSummary.calcNote","teamSummary","ui","Averages and totals are simple calculations. They differ from eFootball's official Team Power / category weighting (provisional, unofficial).","Medie e totali sono calcoli semplici. Differiscono dalla Forza squadra ufficiale / ponderazione per categoria di eFootball (provvisorio, non ufficiale).","","","medium","","",""
"teamSummary.boosterModeNote","teamSummary","ui","Booster mode: Standard. Only boosters cross-checked against two external sources for the card's built-in effect, plus manager corrections, are reflected in these totals (not confirmed by KONAMI). Includes effects assumed to be fixed-type and Power of Many (applied provisionally since there is no concrete evidence either way). Excludes gold variable boosters (whose effect scales with same-league player count in a Game Plan and cannot be auto-evaluated for the current squad), user-specified values, effects still under verification, and unresolved bundled boosters or manual estimates.","Modalità booster: Standard. In questi totali sono riflessi solo i booster verificati con due fonti esterne per l'effetto integrato della carta, più le correzioni dell'allenatore (non confermati da KONAMI). Include gli effetti ritenuti di tipo fisso e Power of Many (applicato provvisoriamente in mancanza di prove concrete in un senso o nell'altro). Esclude i booster variabili oro (il cui effetto dipende dal numero di giocatori dello stesso campionato in un Game Plan e non può essere valutato automaticamente per la rosa attuale), i valori indicati dall'utente, gli effetti ancora in verifica e i booster combinati non risolti o le stime manuali.","","","medium","","",""
"teamSummary.startingBenchLabel","teamSummary","ui","Starters / Bench","Titolari / Panchina","","21","medium","","",""
"teamSummary.avgBaseOvrLabel","teamSummary","ui","Avg. Base OVR","OVR base medio","","17","medium","","",""
"teamSummary.avgDisplayedOvrLabel","teamSummary","ui","Avg. Displayed OVR (unverified)","OVR visualizzato medio (non verificato)","","41","medium","","",""
"teamSummary.sharedSkillCountLabel","teamSummary","ui","Shared skill count","Abilità in comune","","24","medium","","",""
"teamSummary.managerBoostedLabel","teamSummary","ui","Manager booster applied","Booster allenatore applicato","","30","medium","","",""
"teamSummary.unresolvedCompatibilityLabel","teamSummary","ui","Fit unconfirmed","Idoneità non confermata","","20","medium","","",""
"teamSummary.possibleMismatchLabel","teamSummary","ui","Possible mismatch","Possibile non idoneità","","23","medium","","",""
"teamSummary.warningsLabel","teamSummary","ui","Warnings","Avvisi","","12","high","","",""
"teamSummary.positionBreakdownHeading","teamSummary","ui","Position Breakdown","Ripartizione per ruolo","","24","medium","","",""
"teamSummary.categoryAveragesHeading","teamSummary","ui","Category Averages (simple average, unofficial)","Medie per categoria (media semplice, non ufficiale)","","60","medium","","",""
"teamSummary.sharedSkillsHeading","teamSummary","ui","Skills shared by all starters","Abilità comuni a tutti i titolari","","38","medium","","",""
"teamSummary.conditionalToggleLabel","teamSummary","ui","Conditional estimate summary (manually specified estimate)","Riepilogo stima condizionale (stima indicata manualmente)","","76","medium","","",""
"teamSummary.conditionalNote","teamSummary","ui","Some players have a manually specified application stage for gold/variable boosters. This estimate is based on stages the user specified after checking their own Game Plan — it is not a value the app auto-verified against squad composition. It is not included in the regular team summary above.","Per alcuni giocatori è stata indicata manualmente la fase di applicazione dei booster oro/variabili. Questa stima si basa sulle fasi indicate dall'utente dopo aver controllato il proprio Game Plan: non è un valore verificato automaticamente dall'app in base alla composizione della rosa. Non è incluso nel riepilogo squadra normale qui sopra.","","","medium","","",""
"teamSummary.conditionalAvgDisplayedOvrLabel","teamSummary","ui","Avg. Displayed OVR (after condition, estimate)","OVR visualizzato medio (dopo la condizione, stima)","","60","medium","","",""
"teamSummary.conditionalCategoryLabelSuffix","teamSummary","ui"," (after condition)"," (dopo la condizione)","","24","medium","","",""
"teamSummary.conditionalValueTemplate","teamSummary","ui","{value} (standard {std})","{value} (standard {std})","","32","medium","","",""
"buildUsage.heading","buildUsage","ui","Build Usage Status","Utilizzo delle build","","24","medium","","",""
"buildUsage.viewDetail","buildUsage","ui","View details","Dettagli","","16","medium","","",""
"buildUsage.setCountLabel","buildUsage","ui","Set","Impostate","","12","medium","","",""
"buildUsage.unsetCountLabel","buildUsage","ui","Not set","Non impostate","","12","medium","","",""
"buildUsage.missingCountLabel","buildUsage","ui","Deleted reference","Riferimento eliminato","","23","medium","","",""
"buildUsage.footerTemplate","buildUsage","ui","Starters {starter} / Bench {bench}. Squad builds are separate from the selected/favorite build in My Team.","Titolari {starter} / Panchina {bench}. Le build della rosa sono separate dalla build selezionata/preferita di La mia squadra.","","","medium","","",""
"buildUsage.modalTitle","buildUsage","ui","Build Usage Status (this squad)","Utilizzo delle build (questa rosa)","","41","medium","","",""
"buildUsage.modalIntro","buildUsage","ui","Shows the squad-build (savedBuildId) status for each slot in the current squad. This only lets you check status and jump to each slot's ""Choose saved build"" panel. It does not bulk-apply, bulk-clear, or auto-complete anything. Just viewing this does not save the squad.","Mostra lo stato della build della rosa (savedBuildId) per ogni slot della rosa attuale. Qui puoi solo controllare lo stato e aprire il pannello ""Scegli build salvata"" di ogni slot. Non applica, non rimuove e non completa nulla in blocco. La sola visualizzazione non salva la rosa.","","","medium","","",""
"buildUsage.statTotal","buildUsage","ui","Total registered","Totale registrati","","21","medium","","",""
"buildUsage.statStarter","buildUsage","ui","Starters","Titolari","","12","medium","","",""
"buildUsage.statBench","buildUsage","ui","Bench","Panchina","","12","medium","","",""
"buildUsage.statSet","buildUsage","ui","Build set","Build impostata","","12","medium","","",""
"buildUsage.statUnset","buildUsage","ui","Not set","Non impostata","","12","medium","","",""
"buildUsage.statMissing","buildUsage","ui","Deleted reference","Riferimento eliminato","","23","medium","","",""
"buildUsage.statCurrentRules","buildUsage","ui","Current-rule builds","Build con regole attuali","","25","medium","","",""
"buildUsage.statLegacyRules","buildUsage","ui","Outdated-rule builds","Build con regole obsolete","","26","medium","","",""
"buildUsage.statUnknownRules","buildUsage","ui","Unknown-rule builds","Build con regole sconosciute","","25","medium","","",""
"buildUsage.statPom","buildUsage","ui","Has Power of Many selection","Con selezione Power of Many","","","medium","","",""
"buildUsage.statExperimental","buildUsage","ui","Has experimental estimate","Con stima sperimentale","","","medium","","",""
"buildUsage.filterAll","buildUsage","ui","All","Tutti","","12","medium","","",""
"buildUsage.filterSet","buildUsage","ui","Set","Impostata","","12","medium","","",""
"buildUsage.filterUnset","buildUsage","ui","Not set","Non impostata","","12","medium","","",""
"buildUsage.filterMissing","buildUsage","ui","Deleted reference","Riferimento eliminato","","23","medium","","",""
"buildUsage.filterStarter","buildUsage","ui","Starters","Titolari","","12","medium","","",""
"buildUsage.filterBench","buildUsage","ui","Bench","Panchina","","12","medium","","",""
"buildUsage.searchPlaceholder","buildUsage","ui","Search by player or build name","Cerca per giocatore o nome build","","39","medium","","",""
"buildUsage.searchAriaLabel","buildUsage","accessibility","Search build usage","Cerca nell’utilizzo delle build","","24","high","","",""
"buildUsage.emptyList","buildUsage","ui","No slots match your criteria.","Nessuno slot corrisponde ai criteri.","","","medium","","",""
"buildUsage.areaStarter","buildUsage","ui","Starter","Titolare","","12","medium","","",""
"buildUsage.areaBench","buildUsage","ui","Bench","Panchina","","12","medium","","",""
"buildUsage.buildUnset","buildUsage","ui","Squad build: Not set","Build della rosa: non impostata","","26","medium","","",""
"buildUsage.buildMissingTemplate","buildUsage","ui","Squad build: Not found (deleted · buildId {id})","Build della rosa: non trovata (eliminata · buildId {id})","","","medium","","",""
"buildUsage.buildSetPrefix","buildUsage","ui","Squad build: ","Build della rosa: ","","17","medium","","",""
"buildUsage.pomSuffix","buildUsage","ui"," · Has Power of Many selection"," · Con selezione Power of Many","","","medium","","",""
"buildUsage.experimentalSuffix","buildUsage","ui"," · Has experimental estimate"," · Con stima sperimentale","","","medium","","",""
"buildUsage.chooseBuildButton","buildUsage","ui","Choose saved build","Scegli build salvata","","24","medium","","",""
"buildUsage.manageInMyBuilds","buildUsage","ui","Manage in My Builds","Gestisci in Le mie build","","25","medium","","",""
"buildUsage.closeButton","buildUsage","ui","Close","Chiudi","","12","medium","","",""
"buildUsage.ruleCurrentLabel","buildUsage","ui","Current rules","Regole attuali","","17","medium","","",""
"buildUsage.ruleLegacyLabel","buildUsage","ui","Outdated rules","Regole obsolete","","19","medium","","",""
"buildUsage.ruleUnknownLabel","buildUsage","ui","Unknown rules","Regole sconosciute","","17","medium","","",""
"linkUp.notice","linkUp","ui","Only activation-condition matching is supported. In-game effects are still being verified.","È supportata solo la verifica delle condizioni di attivazione. Gli effetti in gioco sono ancora in verifica.","","","medium","","",""
"linkUp.noManagerNote","linkUp","ui","Select a manager to check Link-Up Play conditions.","Scegli un allenatore per controllare le condizioni di Link-Up Play.","","","medium","","",""
"linkUp.noDataNote","linkUp","ui","This manager has no Link-Up Play data.","Questo allenatore non ha dati di Link-Up Play.","","","medium","","",""
"linkUp.statusMet","linkUp","ui","Condition met","Condizione soddisfatta","","17","medium","","",""
"linkUp.statusPartial","linkUp","ui","Partially met","Soddisfatta in parte","","17","medium","","",""
"linkUp.statusUnmet","linkUp","ui","Not met","Non soddisfatta","","12","medium","","",""
"linkUp.statusIndeterminate","linkUp","ui","Indeterminate","Indeterminato","","17","medium","","",""
"linkUp.noStyleSpecified","linkUp","ui","(No playing style specified)","(Nessuno stile di gioco indicato)","","","medium","","",""
"linkUp.noConditionData","linkUp","ui","No condition data","Nessun dato sulle condizioni","","23","medium","","",""
"linkUp.matchingStartersLabel","linkUp","ui","Matching starters: ","Titolari corrispondenti: ","","25","medium","","",""
"linkUp.noneLabel","linkUp","ui","None","Nessuno","","12","medium","","",""
"linkUp.selectAriaTemplate","linkUp","accessibility","Select {role} for {name}","Scegli {role} per {name}","","32","high","","",""
"linkUp.noManualSelection","linkUp","ui","(No manual selection)","(Nessuna selezione manuale)","","28","medium","","",""
"linkUp.selectedPrefix","linkUp","ui","Selected: ","Selezionato: ","","13","medium","","",""
"linkUp.satisfiesYes","linkUp","ui","Meets the condition","Soddisfa la condizione","","25","medium","","",""
"linkUp.satisfiesNo","linkUp","ui","Does not meet the condition","Non soddisfa la condizione","","","medium","","",""
"squadBuildPanel.modalTitle","squadBuildPanel","ui","Choose Saved Build (Squad)","Scegli build salvata (rosa)","","34","medium","","",""
"squadBuildPanel.intro","squadBuildPanel","ui","Check and change the saved build (squad build) used for this squad slot. This is a separate setting from the selected/favorite build in My Team. Only this slot's setting is changed — other slots, placement, coordinates, captain, set pieces, manager, and other squads are not affected.","Controlla e cambia la build salvata (build della rosa) usata per questo slot della rosa. È un'impostazione separata dalla build selezionata/preferita di La mia squadra. Cambia solo l'impostazione di questo slot: altri slot, posizionamento, coordinate, capitano, calci piazzati, allenatore e altre rose non vengono toccati.","","","medium","","",""
"squadBuildPanel.scopeLoadingNotice","squadBuildPanel","ui","Checking your account… (the saved build list is hidden until this finishes)","Verifica dell'account in corso… (l'elenco delle build salvate resta nascosto finché non termina)","","","medium","","",""
"squadBuildPanel.targetHeading","squadBuildPanel","ui","Target","Destinazione","","12","medium","","",""
"squadBuildPanel.targetSquadLabel","squadBuildPanel","ui","Squad: ","Rosa: ","","12","medium","","",""
"squadBuildPanel.targetSlotLabel","squadBuildPanel","ui","Slot: ","Slot: ","","12","medium","","",""
"squadBuildPanel.cardDetailAriaTemplate","squadBuildPanel","accessibility","Player detail for {name}","Dettaglio giocatore di {name}","","32","high","","",""
"squadBuildPanel.cardImageAltTemplate","squadBuildPanel","ui","Card image for {name}","Immagine della carta di {name}","","28","medium","","",""
"squadBuildPanel.cardImageAltGeneric","squadBuildPanel","ui","Card image","Immagine della carta","","13","medium","","",""
"squadBuildPanel.cardTypeUnknown","squadBuildPanel","ui","Unknown card type","Tipo di carta sconosciuto","","23","medium","","",""
"squadBuildPanel.registeredPositionUnknown","squadBuildPanel","ui","Unknown registered position","Ruolo registrato sconosciuto","","","medium","","",""
"squadBuildPanel.currentBuildLabel","squadBuildPanel","ui","Current squad build: ","Build attuale della rosa: ","","28","medium","","",""
"squadBuildPanel.noneLabel","squadBuildPanel","ui","None","Nessuna","","12","medium","","",""
"squadBuildPanel.missingBuildTemplate","squadBuildPanel","ui","Not found (deleted · buildId {id})","Non trovata (eliminata · buildId {id})","","","medium","","",""
"squadBuildPanel.buildIdSuffixTemplate","squadBuildPanel","ui"," (buildId {id})"," (buildId {id})","","20","medium","","",""
"squadBuildPanel.clearSelectionButton","squadBuildPanel","ui","Clear squad selection","Annulla selezione della rosa","","28","medium","","",""
"squadBuildPanel.savedBuildCountTemplate","squadBuildPanel","ui","{count} saved build(s)","Build salvate: {count}","","29","medium","","",""
"squadBuildPanel.storageUnavailable","squadBuildPanel","ui","Cannot save in this browser (localStorage unavailable). Setting/clearing is disabled.","Impossibile salvare in questo browser (localStorage non disponibile). Impostazione e annullamento sono disattivati.","","","medium","","",""
"squadBuildPanel.staleNotice","squadBuildPanel","ui","The squad or saved builds were updated in another tab.","La rosa o le build salvate sono state aggiornate in un'altra scheda.","","","medium","","",""
"squadBuildPanel.reloadButton","squadBuildPanel","ui","Reload","Ricarica","","12","medium","","",""
"squadBuildPanel.confirmDialogAria","squadBuildPanel","accessibility","Confirm change","Conferma modifica","","19","high","","",""
"squadBuildPanel.confirmClearTextTemplate","squadBuildPanel","ui","This clears the squad build selection for {area} ""{slot}"" ({name} · World ID {worldCardId}) (resets savedBuildId to unset).","Verrà annullata la selezione della build della rosa per {area} ""{slot}"" ({name} · World ID {worldCardId}) (savedBuildId torna non impostato).","","","high","","",""
"squadBuildPanel.clearChangedItemsLabel","squadBuildPanel","ui","Changed: only this slot's savedBuildId and the squad's updated timestamp","Modificato: solo il savedBuildId di questo slot e la data di aggiornamento della rosa","","94","medium","","",""
"squadBuildPanel.clearUnchangedItemsLabel","squadBuildPanel","ui","Not changed: other slots, player cards, placement, coordinates, captain, set pieces, manager, squad name, templates, other squads, My Team's selected/favorite build, or the card's own favorite/compare status","Non modificato: altri slot, carte dei giocatori, posizionamento, coordinate, capitano, calci piazzati, allenatore, nome della rosa, modelli, altre rose, build selezionata/preferita di La mia squadra e stato preferito/confronto della carta","","270","medium","","",""
"squadBuildPanel.confirmSetIntro","squadBuildPanel","ui","This changes the saved build used for this squad slot.","Verrà cambiata la build salvata usata per questo slot della rosa.","","","high","","",""
"squadBuildPanel.currentPrefixLabel","squadBuildPanel","ui","Current: ","Attuale: ","","12","medium","","",""
"squadBuildPanel.deletedTemplate","squadBuildPanel","ui","Deleted (buildId {id})","Eliminata (buildId {id})","","29","high","","",""
"squadBuildPanel.afterChangeLabel","squadBuildPanel","ui","After change: ","Dopo la modifica: ","","19","medium","","",""
"squadBuildPanel.ruleVersionTemplate","squadBuildPanel","ui","rulesVersion {version} ({label})","rulesVersion {version} ({label})","","","medium","","",""
"squadBuildPanel.allocationLabel","squadBuildPanel","ui"," · Allocation: "," · Distribuzione: ","","20","medium","","",""
"squadBuildPanel.noAllocation","squadBuildPanel","ui","No allocation","Nessuna distribuzione","","17","medium","","",""
"squadBuildPanel.pomLabel","squadBuildPanel","ui"," · Power of Many: "," · Power of Many: ","","24","medium","","",""
"squadBuildPanel.pomUnspecified","squadBuildPanel","ui","Not specified","Non specificato","","17","medium","","",""
"squadBuildPanel.setChangedItemsLabel","squadBuildPanel","ui","Changed: only this slot's savedBuildId and the squad's updated timestamp","Modificato: solo il savedBuildId di questo slot e la data di aggiornamento della rosa","","94","medium","","",""
"squadBuildPanel.setUnchangedItemsLabel","squadBuildPanel","ui","Not changed: other slots, player cards, placement, coordinates, captain, set pieces, manager, other squads, My Team's selected/favorite build, the saved build itself, or the card's own favorite","Non modificato: altri slot, carte dei giocatori, posizionamento, coordinate, capitano, calci piazzati, allenatore, altre rose, build selezionata/preferita di La mia squadra, la build salvata stessa e lo stato preferito della carta","","251","medium","","",""
"squadBuildPanel.setFooterNote","squadBuildPanel","ui","My Team's selected build and favorite build are not changed.","La build selezionata e la build preferita di La mia squadra non cambiano.","","","medium","","",""
"squadBuildPanel.confirmSetButton","squadBuildPanel","ui","Change","Cambia","","12","high","","",""
"squadBuildPanel.confirmClearButton","squadBuildPanel","ui","Clear","Annulla selezione","","12","high","","",""
"squadBuildPanel.cancelButton","squadBuildPanel","ui","Cancel","Annulla","","12","medium","","",""
"squadBuildPanel.emptyBuildsHeading","squadBuildPanel","ui","No saved builds","Nessuna build salvata","","20","medium","","",""
"squadBuildPanel.emptyBuildsBody","squadBuildPanel","ui","Adjust progression for this card in player detail or player compare, then add one via ""Save this build"".","Regola la progressione di questa carta nel dettaglio giocatore o nel confronto giocatori, poi aggiungine una con ""Salva questa build"".","","","medium","","",""
"squadBuildPanel.playerDetailLink","squadBuildPanel","ui","Player detail","Dettaglio giocatore","","17","medium","","",""
"squadBuildPanel.progressionTabLink","squadBuildPanel","ui","Progression tab","Scheda Progressione","","20","medium","","",""
"squadBuildPanel.myBuildsLink","squadBuildPanel","ui","My Builds","Le mie build","","12","medium","","",""
"squadBuildPanel.searchLabel","squadBuildPanel","ui","Search saved builds (build name / buildId)","Cerca build salvate (nome build / buildId)","","55","medium","","",""
"squadBuildPanel.searchPlaceholder","squadBuildPanel","ui","Finisher / b_xxxx","Finalizzatore / b_xxxx","","23","medium","","",""
"squadBuildPanel.searchAriaLabel","squadBuildPanel","accessibility","Search saved builds","Cerca build salvate","","25","high","","",""
"squadBuildPanel.noSearchResults","squadBuildPanel","ui","No saved builds match your criteria.","Nessuna build salvata corrisponde ai criteri.","","","medium","","",""
"squadBuildPanel.manageInMyBuilds","squadBuildPanel","ui","Manage in My Builds","Gestisci in Le mie build","","25","medium","","",""
"squadBuildPanel.createBuildInProgression","squadBuildPanel","ui","Create a build in Progression","Crea una build in Progressione","","","medium","","",""
"squadBuildPanel.closeButton","squadBuildPanel","ui","Close","Chiudi","","12","medium","","",""
"squadBuildPanel.footerNote","squadBuildPanel","ui","This only sets or clears the squad build for this slot. The existing ""Apply saved build..."" select still works. Renaming, duplicating, deleting, or creating builds is done in My Builds / player detail.","Qui si imposta o annulla solo la build della rosa per questo slot. Il menu esistente ""Applica build salvata..."" continua a funzionare. Rinominare, duplicare, eliminare o creare build si fa in Le mie build / dettaglio giocatore.","","","medium","","",""
"squadBuildPanel.alreadyUsingNotice","squadBuildPanel","ui","This slot is already using this saved build.","Questo slot usa già questa build salvata.","","","medium","","",""
"squadBuildPanel.setSuccessTemplate","squadBuildPanel","ui","Set the saved build used by the squad for {area} ""{slot}"" to ""{buildName}"". My Team's selected build and favorite build were not changed.","La build salvata usata dalla rosa per {area} ""{slot}"" è ora ""{buildName}"". La build selezionata e la build preferita di La mia squadra non sono cambiate.","","","medium","","",""
"squadBuildPanel.alreadyUnsetNotice","squadBuildPanel","ui","This slot has no squad build set.","Questo slot non ha una build della rosa impostata.","","","medium","","",""
"squadBuildPanel.clearSuccessTemplate","squadBuildPanel","ui","Cleared the squad build selection for {area} ""{slot}"". Player card, placement, coordinates, My Team, and the card's own favorite were not changed.","Selezione della build della rosa annullata per {area} ""{slot}"". Carta del giocatore, posizionamento, coordinate, La mia squadra e stato preferito della carta non sono cambiati.","","","medium","","",""
"squadBuildPanel.errorStorage","squadBuildPanel","ui","Cannot save in this browser (localStorage unavailable)","Impossibile salvare in questo browser (localStorage non disponibile)","","","high","","",""
"squadBuildPanel.errorCardId","squadBuildPanel","ui","Invalid card ID","ID carta non valido","","20","high","","",""
"squadBuildPanel.errorSlotMissing","squadBuildPanel","ui","The target slot could not be found (it may have changed in another tab). Please reload.","Impossibile trovare lo slot di destinazione (potrebbe essere cambiato in un'altra scheda). Ricarica.","","","high","","",""
"squadBuildPanel.errorCardMismatch","squadBuildPanel","ui","The card in this slot changed in another tab. Please reopen the panel.","La carta in questo slot è cambiata in un'altra scheda. Riapri il pannello.","","","high","","",""
"squadBuildPanel.errorBuildId","squadBuildPanel","ui","Invalid build ID","ID build non valido","","21","high","","",""
"squadBuildPanel.errorBuildMissing","squadBuildPanel","ui","The target saved build could not be found (it may have been deleted). Please reload.","Impossibile trovare la build salvata (potrebbe essere stata eliminata). Ricarica.","","","high","","",""
"squadBuildPanel.inUseBadge","squadBuildPanel","ui","In use for this slot","In uso per questo slot","","26","medium","","",""
"squadBuildPanel.allocationRowLabel","squadBuildPanel","ui","Progression allocation: ","Distribuzione progressione: ","","32","medium","","",""
"squadBuildPanel.noAllocationBase","squadBuildPanel","ui","No allocation (base abilities)","Nessuna distribuzione (statistiche base)","","","medium","","",""
"squadBuildPanel.allAllocationSummary","squadBuildPanel","ui","All allocations (10 categories)","Tutte le distribuzioni (10 categorie)","","","medium","","",""
"squadBuildPanel.pointsUsedNoTotalTemplate","squadBuildPanel","ui","Used {used} pt / Total —","Usati {used} pt / Totale —","","32","medium","","",""
"squadBuildPanel.pointsUsedTotalTemplate","squadBuildPanel","ui","Used {used} / Total {total} pt","Usati {used} / Totale {total} pt","","","medium","","",""
"squadBuildPanel.remainingUnknown","squadBuildPanel","ui","Remaining —","Rimanenti —","","15","medium","","",""
"squadBuildPanel.remainingTemplate","squadBuildPanel","ui","Remaining {remaining} pt","Rimanenti {remaining} pt","","32","medium","","",""
"squadBuildPanel.overAllocated","squadBuildPanel","ui","Over-allocated","Distribuzione eccessiva","","19","medium","","",""
"squadBuildPanel.pomRowLabel","squadBuildPanel","ui","Power of Many (user-specified): ","Power of Many (indicato dall'utente): ","","42","medium","","",""
"squadBuildPanel.experimentalLabel","squadBuildPanel","ui"," / Experimental estimate: "," / Stima sperimentale: ","","34","medium","","",""
"squadBuildPanel.yes","squadBuildPanel","ui","Yes","Sì","","12","medium","","",""
"squadBuildPanel.no","squadBuildPanel","ui","No","No","","12","medium","","",""
"squadBuildPanel.estimatedOvrLabel","squadBuildPanel","ui","Estimated OVR at save time: ","OVR stimato al salvataggio: ","","37","medium","","",""
"squadBuildPanel.calcModeConfirmed","squadBuildPanel","ui","Base value only","Solo valore base","","20","high","","",""
"squadBuildPanel.calcModeUnsupported","squadBuildPanel","ui","Cannot calculate","Impossibile calcolare","","21","medium","","",""
"squadBuildPanel.calcModeProvisional","squadBuildPanel","ui","Provisional rule","Regola provvisoria","","21","medium","","",""
"squadBuildPanel.totalOvrPlaceholder","squadBuildPanel","ui","Overall (position-specific OVR): — (calculation rule under review)","Complessivo (OVR per ruolo): — (regola di calcolo in revisione)","","86","medium","","",""
"squadBuildPanel.createdUpdatedTemplate","squadBuildPanel","ui","Created {created} / Updated {updated}","Creata {created} / Aggiornata {updated}","","","medium","","",""
"squadBuildPanel.useThisBuild","squadBuildPanel","ui","Use this build for the squad","Usa questa build per la rosa","","","medium","","",""
"squadBuildPanel.cardFallbackNameTemplate","squadBuildPanel","ui","Card {id}","Carta {id}","","12","medium","","",""
"squadEditor.assignErrorInvalidCard","squadEditor","ui","Invalid card ID.","ID carta non valido.","","21","high","","",""
"squadEditor.assignErrorInvalidSlot","squadEditor","ui","Invalid target slot.","Slot di destinazione non valido.","","26","high","","",""
"squadEditor.assignErrorSlotNotFound","squadEditor","ui","Target slot not found.","Slot di destinazione non trovato.","","29","high","","",""
"squadEditor.assignErrorDuplicate","squadEditor","ui","This exact card is already in this squad (a different card of the same player can be added).","Questa carta è già nella rosa (puoi aggiungere una carta diversa dello stesso giocatore).","","","high","","",""
"squadEditor.assignErrorSlotOccupied","squadEditor","ui","This slot already has a player. Remove them first.","Questo slot ha già un giocatore. Rimuovilo prima.","","","high","","",""
"squadEditor.assignErrorBenchFullTemplate","squadEditor","ui","The bench holds a maximum of {max} players.","La panchina può contenere al massimo {max} giocatori.","","","high","","",""
"squadEditor.moveErrorInvalidSquad","squadEditor","ui","The squad state is invalid.","Lo stato della rosa non è valido.","","","high","","",""
"squadEditor.moveErrorInvalidSource","squadEditor","ui","Invalid move source.","Origine dello spostamento non valida.","","26","high","","",""
"squadEditor.moveErrorInvalidTarget","squadEditor","ui","Invalid move target.","Destinazione dello spostamento non valida.","","26","high","","",""
"squadEditor.moveErrorSourceEmpty","squadEditor","ui","There is no player at the move source.","Non c'è nessun giocatore nell'origine dello spostamento.","","","high","","",""
"squadEditor.moveErrorTargetNotFound","squadEditor","ui","Move target not found.","Destinazione dello spostamento non trovata.","","29","high","","",""
"squadEditor.managerFetchFailed","squadEditor","ui","Failed to fetch the manager.","Impossibile recuperare l'allenatore.","","","high","","",""
"squadEditor.storageUnavailableShort","squadEditor","ui","Cannot save the squad in this environment (localStorage unavailable).","Impossibile salvare la rosa in questo ambiente (localStorage non disponibile).","","","medium","","",""
"squadEditor.slotNotFoundReopen","squadEditor","ui","The target slot could not be found. Please reopen the panel.","Impossibile trovare lo slot di destinazione. Riapri il pannello.","","","medium","","",""
"squadEditor.slotCardChangedReopen","squadEditor","ui","The card in this slot has changed. Please reopen the panel.","La carta in questo slot è cambiata. Riapri il pannello.","","","medium","","",""
"squadEditor.buildNotFoundDeleted","squadEditor","ui","The target saved build could not be found (it may have been deleted).","Impossibile trovare la build salvata (potrebbe essere stata eliminata).","","","high","","",""
"squadEditor.reloadedFromStorage","squadEditor","ui","Updated the squad to the latest saved content.","Rosa aggiornata all'ultimo contenuto salvato.","","","medium","","",""
"squadEditor.undoLabelMovedSnap","squadEditor","ui","Changed player position (snapped)","Posizione del giocatore cambiata (agganciata)","","","medium","","",""
"squadEditor.undoLabelMoved","squadEditor","ui","Changed player position","Posizione del giocatore cambiata","","30","medium","","",""
"squadEditor.snapTypeHorizontal","squadEditor","ui","Same line","Stessa linea","","12","medium","","",""
"squadEditor.snapTypeCenter","squadEditor","ui","Center","Centro","","12","medium","","",""
"squadEditor.snapTypeSymmetry","squadEditor","ui","Left-right symmetry","Simmetria sinistra-destra","","25","medium","","",""
"squadEditor.placementRoleToastPrefix","squadEditor","ui","Placement role: ","Ruolo di posizionamento: ","","21","medium","","",""
"squadEditor.placementRoleManualSuffix","squadEditor","ui"," (manually set)"," (impostato manualmente)","","20","medium","","",""
"squadEditor.roleManualOverrideTemplate","squadEditor","ui","Manually set placement role to {role}","Ruolo di posizionamento impostato manualmente su {role}","","","medium","","",""
"squadEditor.roleAutoRestored","squadEditor","ui","Reverted placement role to automatic","Ruolo di posizionamento riportato su automatico","","","medium","","",""
"squadEditor.undoLabelResetToFormation","squadEditor","ui","Reset to formation starting positions","Ripristino alle posizioni iniziali del modulo","","","medium","","",""
"squadEditor.freePositionReset","squadEditor","ui","Reset free player placement to the starting positions.","Posizionamento libero dei giocatori ripristinato alle posizioni iniziali.","","","medium","","",""
"squadEditor.mirrorApplied","squadEditor","ui","Mirrored the starting lineup left-right.","Formazione titolare specchiata sinistra-destra.","","","medium","","",""
"squadEditor.undoDoneTemplate","squadEditor","ui","Reverted ({label})","Annullato ({label})","","24","medium","","",""
"squadEditor.movedToBenchTemplate","squadEditor","ui","Moved {count} player(s) to the bench.","Giocatori spostati in panchina: {count}.","","","medium","","",""
"squadEditor.droppedBenchFullTemplate","squadEditor","ui","Removed {count} player(s) because the bench was full.","Giocatori rimossi perché la panchina era piena: {count}.","","","medium","","",""
"squadEditor.pendingPlacedNotice","squadEditor","ui","Placed the pending player into this slot.","Il giocatore in attesa è stato inserito in questo slot.","","","medium","","",""
"squadEditor.templateSavedNotice","squadEditor","ui","Saved as a template.","Salvata come modello.","","26","medium","","",""
"squadEditor.noStorageTitle","squadEditor","ui","This environment cannot save squads","Questo ambiente non può salvare le rose","","46","medium","","",""
"squadEditor.noStorageDescription","squadEditor","ui","Squad features are unavailable because this browser's localStorage cannot be used (e.g. private browsing mode).","Le funzioni delle rose non sono disponibili perché il localStorage di questo browser non è utilizzabile (ad es. navigazione privata).","","","medium","","",""
"squadEditor.notFoundTitle","squadEditor","ui","Squad not found","Rosa non trovata","","20","medium","","",""
"squadEditor.notFoundDescription","squadEditor","ui","The specified squad does not exist or has been deleted.","La rosa indicata non esiste o è stata eliminata.","","","medium","","",""
"squadEditor.backToSquadList","squadEditor","ui","Back to squad list","Torna all'elenco delle rose","","24","medium","","",""
"squadEditor.squadNameAriaLabel","squadEditor","accessibility","Squad name","Nome della rosa","","13","high","","",""
"squadEditor.savedButtonLabel","squadEditor","ui","Saved","Salvata","","12","medium","","",""
"squadEditor.saveButtonLabel","squadEditor","ui","Save","Salva","","12","medium","","",""
"squadEditor.saveStateSaving","squadEditor","ui","Saving…","Salvataggio…","","12","medium","","",""
"squadEditor.saveStateSaved","squadEditor","ui","Saved","Salvata","","12","medium","","",""
"squadEditor.saveStateError","squadEditor","ui","Save failed","Salvataggio non riuscito","","15","high","","",""
"squadEditor.saveStateIdle","squadEditor","ui","Changes are saved automatically","Le modifiche vengono salvate automaticamente","","","medium","","",""
"squadEditor.retrySaveButton","squadEditor","ui","Retry save","Riprova a salvare","","13","medium","","",""
"squadEditor.duplicateButton","squadEditor","ui","Duplicate","Duplica","","12","medium","","",""
"squadEditor.templateNamePromptLabel","squadEditor","ui","Template name","Nome del modello","","17","medium","","",""
"squadEditor.templateNamePromptSuffix","squadEditor","ui"," Template"," Modello","","12","medium","","",""
"squadEditor.saveAsTemplateButton","squadEditor","ui","Save as template","Salva come modello","","21","medium","","",""
"squadEditor.templateListLink","squadEditor","ui","Template list","Elenco modelli","","17","medium","","",""
"squadEditor.compareWithAnotherLink","squadEditor","ui","Compare with another squad","Confronta con un'altra rosa","","","medium","","",""
"squadEditor.compareWithAnotherTitle","squadEditor","ui","Compare this squad (as A) with another squad (does not change your edits)","Confronta questa rosa (come A) con un'altra rosa (le tue modifiche non cambiano)","","95","medium","","",""
"squadEditor.renamePromptLabel","squadEditor","ui","New squad name","Nuovo nome della rosa","","19","medium","","",""
"squadEditor.renameButton","squadEditor","ui","Rename","Rinomina","","12","medium","","",""
"squadEditor.resetButton","squadEditor","ui","Reset","Reimposta","","12","medium","","",""
"squadEditor.rulesOutdatedNotice","squadEditor","ui","This squad was saved under an older rules version. It is shown recalculated under the current rules (saving will overwrite it with the current rules).","Questa rosa è stata salvata con una versione precedente delle regole. Viene mostrata ricalcolata con le regole attuali (salvando verrà sovrascritta con le regole attuali).","","","medium","","",""
"squadEditor.loadingPlacedCardsTemplate","squadEditor","ui","Loading data for placed players… ({count})","Caricamento dei dati dei giocatori schierati… ({count})","","","medium","","",""
"squadEditor.failedPlacedCardsTemplate","squadEditor","ui","Could not fetch information for placed players ({count}). The slot and player ID are kept.","Impossibile recuperare le informazioni dei giocatori schierati ({count}). Slot e ID giocatore vengono mantenuti.","","","high","","",""
"squadEditor.retryWithIdTemplate","squadEditor","ui","Retry (ID {id})","Riprova (ID {id})","","20","medium","","",""
"squadEditor.confirmResetTemplate","squadEditor","ui","This resets all starters, bench, and manager for squad ""{name}"". Are you sure?","Verranno reimpostati tutti i titolari, la panchina e l'allenatore della rosa ""{name}"". Confermi?","","","high","","",""
"squadEditor.confirmResetButton","squadEditor","ui","Reset","Reimposta","","12","high","","",""
"squadEditor.cancelActionButton","squadEditor","ui","Cancel","Annulla","","12","medium","","",""
"squadEditor.mobileTabPitch","squadEditor","ui","Pitch","Campo","","12","medium","","",""
"squadEditor.mobileTabBench","squadEditor","ui","Bench","Panchina","","12","medium","","",""
"squadEditor.mobileTabManager","squadEditor","ui","Manager","Allenatore","","12","medium","","",""
"squadEditor.mobileTabSummary","squadEditor","ui","Summary","Riepilogo","","12","medium","","",""
"squadEditor.mobileTabLinkUp","squadEditor","ui","Link-Up","Link-Up","","12","medium","","",""
"squadEditor.moveBannerTemplate","squadEditor","ui","Moving {name}. Select an empty slot to move, an occupied slot to swap, or the bench to move to the bench (Esc to cancel).","Stai spostando {name}. Seleziona uno slot vuoto per spostarlo, uno slot occupato per scambiarlo o la panchina per mandarlo in panchina (Esc per annullare).","","","medium","","",""
"squadEditor.moveBannerFallbackName","squadEditor","ui","Player","Giocatore","","12","medium","","",""
"squadEditor.moveBannerCancel","squadEditor","ui","Cancel","Annulla","","12","medium","","",""
"squadEditor.undoBannerTemplate","squadEditor","ui","Last action: {label}","Ultima azione: {label}","","26","medium","","",""
"squadEditor.undoButton","squadEditor","ui","Undo","Annulla azione","","12","medium","","",""
"squadEditor.pendingAlreadyPlacedTemplate","squadEditor","ui","{name} is already in this squad.","{name} è già in questa rosa.","","","medium","","",""
"squadEditor.pendingOkButton","squadEditor","ui","OK","OK","","12","medium","","",""
"squadEditor.pendingChooseTargetTemplate","squadEditor","ui","Choose where to add {name} (tap an open pitch slot, or add to the bench).","Scegli dove aggiungere {name} (tocca uno slot libero sul campo oppure aggiungilo alla panchina).","","","medium","","",""
"squadEditor.pendingBuildNameTemplate","squadEditor","ui","Build to use: {buildName}","Build da usare: {buildName}","","","medium","","",""
"squadEditor.pendingAddToBenchButton","squadEditor","ui","Add to bench","Aggiungi alla panchina","","16","medium","","",""
"squadEditor.pendingCancelButton","squadEditor","ui","Cancel","Annulla","","12","medium","","",""
"squadEditor.pendingBuildNotFoundText","squadEditor","ui","The selected saved build could not be found.","Impossibile trovare la build salvata selezionata.","","","medium","","",""
"squadEditor.pendingGoToMyTeamLink","squadEditor","ui","Back to My Team","Torna a La mia squadra","","20","medium","","",""
"squadEditor.placementAidLabel","squadEditor","ui","Placement aids:","Aiuti al posizionamento:","","20","medium","","",""
"squadEditor.snapToggleTemplate","squadEditor","ui","Snap {state}","Aggancio {state}","","16","medium","","",""
"squadEditor.guidesToggleTemplate","squadEditor","ui","Guides {state}","Guide {state}","","19","medium","","",""
"squadEditor.gridToggleTemplate","squadEditor","ui","Grid {state}","Griglia {state}","","16","medium","","",""
"squadEditor.mirrorPlacementButton","squadEditor","ui","Mirror placement","Specchia posizioni","","21","medium","","",""
"squadEditor.toastWarningsParenTemplate","squadEditor","ui"," ({warnings})"," ({warnings})","","17","high","","",""
"squadEditor.copyPlacementButton","squadEditor","ui","Copy placement","Copia posizioni","","19","medium","","",""
"squadEditor.pastePlacementButton","squadEditor","ui","Paste placement","Incolla posizioni","","20","medium","","",""
"squadEditor.placementCopiedTemplate","squadEditor","ui","Placement copied (paste it into any squad with the same formation, {formationId}).","Posizioni copiate (incollale in qualsiasi rosa con lo stesso modulo, {formationId}).","","","medium","","",""
"squadEditor.placementPasted","squadEditor","ui","Pasted the placement (players, builds, captain and other settings are unchanged).","Posizioni incollate (giocatori, build, capitano e altre impostazioni non cambiano).","","","medium","","",""
"squadEditor.placementPasteMismatchTemplate","squadEditor","ui","The copied placement is for {formationId}. It can only be pasted into a squad with the same formation.","Le posizioni copiate sono per {formationId}. Si possono incollare solo in una rosa con lo stesso modulo.","","","medium","","",""
"squadEditor.placementCopyFailed","squadEditor","ui","Placement cannot be copied in this environment (browser storage is unavailable).","Impossibile copiare le posizioni in questo ambiente (memoria del browser non disponibile).","","","high","","",""
"squadEditor.multiSelectToggleTemplate","squadEditor","ui","Multi-select {state}","Selezione multipla {state}","","26","medium","","",""
"squadEditor.multiSelectHint","squadEditor","ui","Tap players on the pitch to select them (tap again to deselect). You can align, space evenly or mirror only the selected players.","Tocca i giocatori sul campo per selezionarli (tocca di nuovo per deselezionarli). Puoi allineare, distribuire o specchiare solo i giocatori selezionati.","","","medium","","",""
"squadEditor.multiSelectCountTemplate","squadEditor","ui","Selected: {count}","Selezionati: {count}","","23","medium","","",""
"squadEditor.alignRowButton","squadEditor","ui","Align in a row","Allinea in riga","","19","medium","","",""
"squadEditor.alignColumnButton","squadEditor","ui","Align in a column","Allinea in colonna","","23","medium","","",""
"squadEditor.distributeXButton","squadEditor","ui","Space evenly left-right","Distribuisci sinistra-destra","","30","medium","","",""
"squadEditor.distributeYButton","squadEditor","ui","Space evenly top-bottom","Distribuisci alto-basso","","30","medium","","",""
"squadEditor.mirrorSelectedButton","squadEditor","ui","Mirror selection","Specchia selezione","","21","medium","","",""
"squadEditor.clearSelectionButton","squadEditor","ui","Clear selection","Cancella selezione","","20","medium","","",""
"squadEditor.placementAssistAppliedTemplate","squadEditor","ui","{action} ({count} players)","{action} (giocatori: {count})","","","medium","","",""
"squadEditor.placementAssistNoChange","squadEditor","ui","Already in that arrangement.","Sono già disposti così.","","","medium","","",""
"squadEditor.placementAssistMinTemplate","squadEditor","ui","Select at least {min} players for “{action}”.","Seleziona almeno {min} giocatori per “{action}”.","","","medium","","",""
"squadEditor.resetToFormationButton","squadEditor","ui","Reset to formation positions","Ripristina posizioni del modulo","","37","medium","","",""
"squadEditor.pitchCaptionMain","squadEditor","ui","Tap a slot to add or change a player. Player cards can be dragged to any position on the pitch, and the placement role is inferred automatically from the position. When Snap is ON, positions weakly snap to nearby lines, the center, or symmetric positions (hold Alt while dragging to disable temporarily).","Tocca uno slot per aggiungere o cambiare un giocatore. Le carte dei giocatori si possono trascinare in qualsiasi punto del campo e il ruolo di posizionamento viene dedotto automaticamente dalla posizione. Con l'aggancio attivo, le posizioni si agganciano leggermente a linee vicine, al centro o a posizioni simmetriche (tieni premuto Alt durante il trascinamento per disattivarlo temporaneamente).","","","medium","","",""
"squadEditor.pitchLegendMatch","squadEditor","ui","Match / ","Adatto / ","","12","medium","","",""
"squadEditor.pitchLegendUnresolved","squadEditor","ui","Fit unconfirmed / ","Idoneità non confermata / ","","24","medium","","",""
"squadEditor.pitchLegendMismatch","squadEditor","ui","Possible mismatch","Possibile non idoneità","","23","medium","","",""
"squadEditor.confirmMirrorText","squadEditor","ui","This mirrors the starting lineup's placement left-right (x → 100−x). Players, progression builds, booster settings, captain, set-piece roles, and bench are kept.","Le posizioni della formazione titolare verranno specchiate sinistra-destra (x → 100−x). Giocatori, build di progressione, impostazioni dei booster, capitano, ruoli sui calci piazzati e panchina vengono mantenuti.","","","high","","",""
"squadEditor.confirmMirrorButton","squadEditor","ui","Mirror","Specchia","","12","high","","",""
"squadEditor.confirmResetPosTemplate","squadEditor","ui","This resets free player placement to the current formation's ({formationId}) starting positions. Players, bench, progression builds, booster settings, captain, and set-piece roles are not removed.","Il posizionamento libero dei giocatori verrà ripristinato alle posizioni iniziali del modulo attuale ({formationId}). Giocatori, panchina, build di progressione, impostazioni dei booster, capitano e ruoli sui calci piazzati non vengono rimossi.","","","high","","",""
"squadEditor.confirmResetPosButton","squadEditor","ui","Reset to starting positions","Ripristina posizioni iniziali","","36","high","","",""
"squadEditor.posAdjustBanner","squadEditor","ui","Position adjust mode: tap the pitch, or use arrow keys (hold Shift for larger steps) to move. Press Enter or the button again to confirm, Esc to exit.","Modalità regolazione posizione: tocca il campo o usa i tasti freccia (tieni premuto Maiusc per passi più ampi) per spostare. Premi Invio o di nuovo il pulsante per confermare, Esc per uscire.","","","medium","","",""
"squadEditor.posAdjustEndButton","squadEditor","ui","Exit","Esci","","12","medium","","",""
"squadEditor.addPlayerToSlotTitleTemplate","squadEditor","ui","Add player to {position}","Aggiungi giocatore in {position}","","32","medium","","",""
"squadEditor.addPlayerToBenchTitle","squadEditor","ui","Add player to bench","Aggiungi giocatore alla panchina","","25","medium","","",""
"squadEditor.addToSlotLabelTemplate","squadEditor","ui","Add to {position}","Aggiungi in {position}","","23","medium","","",""
"squadEditor.addToBenchLabel","squadEditor","ui","Add to bench","Aggiungi alla panchina","","16","medium","","",""
"squadEditor.emptySlotHeadingSuffix","squadEditor","ui"," slot"," (slot)","","12","medium","","",""
"squadEditor.slotCardFetchFailedTemplate","squadEditor","ui","Could not fetch player information (card ID: {id}). The slot and player ID are kept.","Impossibile recuperare le informazioni del giocatore (ID carta: {id}). Slot e ID giocatore vengono mantenuti.","","","high","","",""
"squadEditor.retryButton","squadEditor","ui","Retry","Riprova","","12","medium","","",""
"squadEditor.removeFromSlotButton","squadEditor","ui","Remove from slot","Rimuovi dallo slot","","21","medium","","",""
"squadEditor.slotCardLoadingTemplate","squadEditor","ui","Loading player data… (card ID: {id})","Caricamento dati del giocatore… (ID carta: {id})","","","medium","","",""
"squadEditor.selectSlotHint","squadEditor","ui","Select a slot to edit that player's progression build, fit, and manager corrections.","Seleziona uno slot per modificare build di progressione, idoneità e correzioni dell'allenatore di quel giocatore.","","","medium","","",""
"squadEditor.compareHeading","squadEditor","ui","Compare (up to 4 players)","Confronta (fino a 4 giocatori)","","33","medium","","",""
"squadEditor.compareSelectedCountTemplate","squadEditor","ui","Selected: {count}","Selezionati: {count}","","23","medium","","",""
"squadEditor.compareSelectedHint","squadEditor","ui","(Select via ""Add to compare"" on each player panel)","(Seleziona con ""Aggiungi al confronto"" nel pannello di ogni giocatore)","","","medium","","",""
"squadEditor.compareGoLink","squadEditor","ui","Go to compare (carries over progression and manager)","Vai al confronto (mantiene progressione e allenatore)","","","medium","","",""
"squadEditor.compareClearButton","squadEditor","ui","Clear selection","Cancella selezione","","20","medium","","",""
"squadEditor.roleSettingsHeading","squadEditor","ui","Role Settings","Impostazioni dei ruoli","","17","medium","","",""
"squadEditor.captainLabel","squadEditor","ui","Captain","Capitano","","12","medium","","",""
"squadEditor.roleUnsetOption","squadEditor","ui","Not set","Non impostato","","12","medium","","",""
"squadEditor.freeKickLabel","squadEditor","ui","Free kicks","Punizioni","","13","medium","","",""
"squadEditor.cornerLabel","squadEditor","ui","Corners","Calci d'angolo","","12","medium","","",""
"squadEditor.penaltyLabel","squadEditor","ui","Penalties","Rigori","","12","medium","","",""
"squadEditor.roleAutoClearNote","squadEditor","ui","This is cleared automatically if the assigned player leaves the starting lineup (not transferred to another player).","Viene annullato automaticamente se il giocatore assegnato esce dalla formazione titolare (non viene trasferito a un altro giocatore).","","","medium","","",""
"squadEditor.warningsHeadingTemplate","squadEditor","ui","Warnings / Notes ({count})","Avvisi / Note ({count})","","","high","","",""
"squadEditor.skeletonLoading","squadEditor","ui","Loading squad…","Caricamento rosa…","","19","medium","","",""
"squadEditor.starterFallbackLabel","squadEditor","ui","Starter","Titolare","","12","medium","","",""
"squadEditor.starterSlotFallbackLabel","squadEditor","ui","Starter slot","Slot titolare","","16","medium","","",""
"squadEditor.benchAreaFallbackLabel","squadEditor","ui","Bench","Panchina","","12","medium","","",""
"squadList.pageTitle","squadList","metadata","Squads","Rose","","12","medium","","",""
"squadList.pageDescriptionTemplate","squadList","ui","Build a squad with 11 starters and a bench, and check formation, progression builds, manager boosters, and Link-Up Play conditions. Supported formations: {formations}.","Crea una rosa con 11 titolari e una panchina, e controlla modulo, build di progressione, booster dell’allenatore e condizioni di Link-Up Play. Moduli supportati: {formations}.","","","medium","","",""
"squadList.goToCompareLink","squadList","ui","Go to player compare","Vai al confronto giocatori","","26","medium","","",""
"squadList.pendingCardBannerBoldTemplate","squadList","ui","My Team's card ""{name}""","Carta di La mia squadra ""{name}""","","30","medium","","",""
"squadList.pendingCardBannerNameLoading","squadList","ui","Loading…","Caricamento…","","12","medium","","",""
"squadList.pendingCardBannerSuffix","squadList","ui"," — choose a squad to add it to (use ""Add this card"" on each squad). After opening a squad, tap an empty slot to add it there."," — scegli una rosa in cui aggiungerla (usa ""Aggiungi questa carta"" su ogni rosa). Dopo aver aperto una rosa, tocca uno slot vuoto per aggiungerla lì.","","","medium","","",""
"squadList.pendingCardDetailLink","squadList","ui","This player's detail","Dettaglio di questo giocatore","","26","medium","","",""
"squadList.scopeLoadingMessage","squadList","ui","Checking your account…","Verifica dell’account in corso…","","29","medium","","",""
"squadList.noStorageTitle","squadList","ui","This environment cannot save squads","In questo ambiente non è possibile salvare rose","","46","medium","","",""
"squadList.noStorageDescription","squadList","ui","This browser's localStorage cannot be used (e.g. private browsing mode). Squads are saved only in this device's browser.","Il localStorage di questo browser non è utilizzabile (ad es. navigazione privata). Le rose vengono salvate solo nel browser di questo dispositivo.","","","medium","","",""
"squadList.templateNamePrompt","squadList","ui","Template name","Nome del modello","","17","medium","","",""
"squadList.templateNamePromptSuffix","squadList","ui"," Template"," (modello)","","12","medium","","",""
"squadList.defaultNewSquadName","squadList","ui","New Squad","Nuova rosa","","12","medium","","",""
"squadList.createFormHeading","squadList","ui","Create a New Squad","Crea una nuova rosa","","24","medium","","",""
"squadList.squadNameLabel","squadList","ui","Squad name","Nome della rosa","","13","medium","","",""
"squadList.squadNameAriaLabel","squadList","accessibility","New squad name","Nome della nuova rosa","","19","high","","",""
"squadList.squadNamePlaceholder","squadList","ui","e.g. Main Squad (1-50 characters)","es. Rosa principale (1-50 caratteri)","","43","medium","","",""
"squadList.formationLabel","squadList","ui","Formation","Modulo","","12","medium","","",""
"squadList.createAndEditButton","squadList","ui","Create and edit","Crea e modifica","","20","medium","","",""
"squadList.heroHeading","squadList","ui","Build a squad with 11 starters + bench","Crea una rosa con 11 titolari + panchina","","50","medium","","",""
"squadList.heroDescription","squadList","ui","Choose a formation and place players from all World cards. Check progression builds, manager corrections, and Link-Up Play conditions on one screen. Calculations reuse the existing progression and manager engines (rules are still being verified). Squads are saved only in this device's browser (localStorage).","Scegli un modulo e posiziona giocatori tra tutte le carte World. Controlla build di progressione, correzioni dell’allenatore e condizioni di Link-Up Play in un’unica schermata. I calcoli riusano i motori esistenti di progressione e allenatore (le regole sono ancora in verifica). Le rose vengono salvate solo nel browser di questo dispositivo (localStorage).","","","medium","","",""
"squadList.createFirstSquadButton","squadList","ui","Create your first squad","Crea la tua prima rosa","","30","medium","","",""
"squadList.createNewSquadButton","squadList","ui","Create a new squad","Crea una nuova rosa","","24","medium","","",""
"squadList.goToCompareButton","squadList","ui","Go to player compare","Vai al confronto giocatori","","26","medium","","",""
"squadList.savedSquadsHeadingTemplate","squadList","ui","Saved Squads{counts}","Rose salvate{counts}","","26","medium","","",""
"squadList.compareSquadsLink","squadList","ui","Compare squads","Confronta rose","","19","medium","","",""
"squadList.templateListLink","squadList","ui","Template list","Elenco modelli","","17","medium","","",""
"squadList.searchByNamePlaceholder","squadList","ui","Search by squad name","Cerca per nome della rosa","","26","medium","","",""
"squadList.searchByNameAriaLabel","squadList","accessibility","Search by squad name","Cerca per nome della rosa","","26","high","","",""
"squadList.searchByPlayerPlaceholder","squadList","ui","Player World ID","ID World del giocatore","","20","medium","","",""
"squadList.searchByPlayerAriaLabel","squadList","accessibility","Filter by player World ID","Filtra per ID World del giocatore","","33","high","","",""
"squadList.formationFilterAriaLabel","squadList","accessibility","Filter by formation","Filtra per modulo","","25","high","","",""
"squadList.formationFilterAll","squadList","ui","All formations","Tutti i moduli","","19","medium","","",""
"squadList.customFilterAriaLabel","squadList","accessibility","Filter by custom placement","Filtra per posizionamento personalizzato","","34","high","","",""
"squadList.customFilterAll","squadList","ui","Placement: All","Posizionamento: tutti","","19","medium","","",""
"squadList.customFilterYes","squadList","ui","Has custom placement","Personalizzato","","26","medium","","",""
"squadList.customFilterNo","squadList","ui","Preset placement","Predefinito","","21","medium","","",""
"squadList.sortAriaLabel","squadList","accessibility","Sort","Ordina","","12","high","","",""
"squadList.sortUpdatedDesc","squadList","ui","Recently updated","Aggiornate di recente","","21","medium","","",""
"squadList.sortCreatedDesc","squadList","ui","Recently created","Create di recente","","21","medium","","",""
"squadList.sortName","squadList","ui","By name","Per nome","","12","medium","","",""
"squadList.sortFormation","squadList","ui","By formation","Per modulo","","16","medium","","",""
"squadList.loading","squadList","ui","Loading…","Caricamento…","","12","medium","","",""
"squadList.emptyTitle","squadList","ui","No saved squads","Nessuna rosa salvata","","20","medium","","",""
"squadList.emptyDescription","squadList","ui","Use the form above to create your first squad.","Usa i campi qui sopra per creare la tua prima rosa.","","","medium","","",""
"squadList.noResultsMatchFilter","squadList","ui","No squads match your criteria.","Nessuna rosa corrisponde ai criteri.","","","medium","","",""
"squadList.customPositioningBadge","squadList","ui","Custom placement","Posizionamento personalizzato","","21","medium","","",""
"squadList.startingCountTemplate","squadList","ui","Starters {count}/11","Titolari {count}/11","","25","medium","","",""
"squadList.benchCountTemplate","squadList","ui","Bench {count}","Panchina {count}","","17","medium","","",""
"squadList.hasManagerLabel","squadList","ui","Has manager","Con allenatore","","15","medium","","",""
"squadList.noManagerLabel","squadList","ui","No manager","Senza allenatore","","13","medium","","",""
"squadList.updatedAtTemplate","squadList","ui","Updated {date}","Aggiornata il {date}","","19","medium","","",""
"squadList.outdatedRulesBadge","squadList","ui","Saved under outdated rules","Salvata con regole obsolete","","34","medium","","",""
"squadList.addThisCardLink","squadList","ui","Add this card","Aggiungi questa carta","","17","medium","","",""
"squadList.openLink","squadList","ui","Open","Apri","","12","medium","","",""
"squadList.compareLink","squadList","ui","Compare","Confronta","","12","medium","","",""
"squadList.compareLinkTitle","squadList","ui","Go to the compare screen with this squad as A","Vai alla schermata di confronto con questa rosa come A","","59","medium","","",""
"squadList.duplicateButton","squadList","ui","Duplicate","Duplica","","12","medium","","",""
"squadList.saveAsTemplateButton","squadList","ui","Save as template","Salva come modello","","21","medium","","",""
"squadList.renameButton","squadList","ui","Rename","Rinomina","","12","medium","","",""
"squadList.deleteButton","squadList","ui","Delete","Elimina","","12","high","","",""
"squadList.renamePrompt","squadList","ui","New squad name","Nuovo nome della rosa","","19","medium","","",""
"squadList.deleteConfirmTemplate","squadList","ui","This deletes squad ""{name}"". Are you sure? (Local browser data on this device only.)","La rosa ""{name}"" verrà eliminata. Confermi? (Solo dati locali del browser su questo dispositivo.)","","","high","","",""
"squadList.deleteConfirmButton","squadList","ui","Delete","Elimina","","12","high","","",""
"squadList.deleteCancelButton","squadList","ui","Cancel","Annulla","","12","high","","",""
"squadList.deleteFailedFallback","squadList","ui","Failed to delete.","Eliminazione non riuscita.","","23","high","","",""
"myTeamBuildPanel.modalTitle","myTeamBuildPanel","ui","Choose Saved Build","Scegli build salvata","","24","medium","","",""
"myTeamBuildPanel.intro","myTeamBuildPanel","ui","Check and change the selected build and favorite build for this card. The selected build and favorite build are independent of each other. Only the My Team setting is changed — this is not automatically applied to saved squads or the card's own favorite.","Controlla e cambia la build selezionata e la build preferita di questa carta. Le due sono indipendenti tra loro. Cambia solo l'impostazione di La mia squadra: non viene applicata automaticamente alle rose salvate né allo stato preferito della carta.","","","medium","","",""
"myTeamBuildPanel.cardDetailAriaTemplate","myTeamBuildPanel","accessibility","Player detail for {name}","Dettaglio giocatore di {name}","","32","high","","",""
"myTeamBuildPanel.cardImageAltTemplate","myTeamBuildPanel","ui","Card image for {name}","Immagine della carta di {name}","","28","medium","","",""
"myTeamBuildPanel.cardImageAltGeneric","myTeamBuildPanel","ui","Card image","Immagine della carta","","13","medium","","",""
"myTeamBuildPanel.cardTypeUnknown","myTeamBuildPanel","ui","Unknown card type","Tipo di carta sconosciuto","","23","medium","","",""
"myTeamBuildPanel.registeredPositionUnknown","myTeamBuildPanel","ui","Unknown registered position","Ruolo registrato sconosciuto","","","medium","","",""
"myTeamBuildPanel.currentSettingsHeading","myTeamBuildPanel","ui","Current Settings","Impostazioni attuali","","21","medium","","",""
"myTeamBuildPanel.selectedBuildLabel","myTeamBuildPanel","ui","Selected build: ","Build selezionata: ","","21","medium","","",""
"myTeamBuildPanel.favoriteBuildLabel","myTeamBuildPanel","ui","Favorite build: ","Build preferita: ","","21","medium","","",""
"myTeamBuildPanel.noneLabel","myTeamBuildPanel","ui","None","Nessuna","","12","medium","","",""
"myTeamBuildPanel.selectedMissingTemplate","myTeamBuildPanel","ui","Selected build not found (deleted · buildId {id})","Build selezionata non trovata (eliminata · buildId {id})","","","medium","","",""
"myTeamBuildPanel.favoriteMissingTemplate","myTeamBuildPanel","ui","Favorite build not found (deleted · buildId {id})","Build preferita non trovata (eliminata · buildId {id})","","","medium","","",""
"myTeamBuildPanel.buildIdSuffixTemplate","myTeamBuildPanel","ui"," (buildId {id})"," (buildId {id})","","20","medium","","",""
"myTeamBuildPanel.clearSelectedButton","myTeamBuildPanel","ui","Clear selection","Annulla selezione","","20","medium","","",""
"myTeamBuildPanel.clearFavoriteButton","myTeamBuildPanel","ui","Clear favorite","Rimuovi preferita","","19","medium","","",""
"myTeamBuildPanel.ownershipUsageTemplate","myTeamBuildPanel","ui","Ownership: {ownership} / Usage: {usage}","Possesso: {ownership} / Utilizzo: {usage}","","","medium","","",""
"myTeamBuildPanel.unknownValuePlaceholder","myTeamBuildPanel","ui","—","—","","12","medium","","",""
"myTeamBuildPanel.savedBuildCountTemplate","myTeamBuildPanel","ui","{count} saved build(s)","Build salvate: {count}","","29","medium","","",""
"myTeamBuildPanel.storageUnavailable","myTeamBuildPanel","ui","Cannot save in this browser (localStorage unavailable). Setting/clearing is disabled.","Impossibile salvare in questo browser (localStorage non disponibile). Impostazione e annullamento sono disattivati.","","","medium","","",""
"myTeamBuildPanel.staleNotice","myTeamBuildPanel","ui","Data was changed in another tab.","I dati sono stati modificati in un'altra scheda.","","","medium","","",""
"myTeamBuildPanel.reloadButton","myTeamBuildPanel","ui","Reload","Ricarica","","12","medium","","",""
"myTeamBuildPanel.confirmClearAria","myTeamBuildPanel","accessibility","Confirm clear","Conferma annullamento","","17","high","","",""
"myTeamBuildPanel.confirmClearTextTemplate","myTeamBuildPanel","ui","This clears the {field} ""{name}"" (resets {fieldKey} to unset).","Verrà annullata la {field} ""{name}"" ({fieldKey} torna non impostato).","","","high","","",""
"myTeamBuildPanel.confirmClearUnchangedTemplate","myTeamBuildPanel","ui","{otherField}, ownership status, usage status, tags, note, registration date, the saved build itself, squads, and the card's own favorite are not changed.","{otherField}, stato di possesso, stato di utilizzo, tag, nota, data di registrazione, la build salvata stessa, le rose e lo stato preferito della carta non cambiano.","","","high","","",""
"myTeamBuildPanel.confirmClearButton","myTeamBuildPanel","ui","Clear","Annulla selezione","","12","high","","",""
"myTeamBuildPanel.cancelButton","myTeamBuildPanel","ui","Cancel","Annulla","","12","medium","","",""
"myTeamBuildPanel.emptyBuildsHeading","myTeamBuildPanel","ui","No saved builds","Nessuna build salvata","","20","medium","","",""
"myTeamBuildPanel.emptyBuildsBody","myTeamBuildPanel","ui","Adjust progression in player detail or player compare, then add one via ""Save this build"".","Regola la progressione nel dettaglio giocatore o nel confronto giocatori, poi aggiungine una con ""Salva questa build"".","","","medium","","",""
"myTeamBuildPanel.playerDetailLink","myTeamBuildPanel","ui","This card's player detail","Dettaglio giocatore di questa carta","","","medium","","",""
"myTeamBuildPanel.progressionTabLink","myTeamBuildPanel","ui","Open Progression tab","Apri scheda Progressione","","26","medium","","",""
"myTeamBuildPanel.compareLink","myTeamBuildPanel","ui","Open player compare","Apri confronto giocatori","","25","medium","","",""
"myTeamBuildPanel.myBuildsLink","myTeamBuildPanel","ui","Open My Builds","Apri Le mie build","","19","medium","","",""
"myTeamBuildPanel.searchLabel","myTeamBuildPanel","ui","Search saved builds (build name / buildId)","Cerca build salvate (nome build / buildId)","","55","medium","","",""
"myTeamBuildPanel.searchPlaceholder","myTeamBuildPanel","ui","Finisher / b_xxxx","Finalizzatore / b_xxxx","","23","medium","","",""
"myTeamBuildPanel.searchAriaLabel","myTeamBuildPanel","accessibility","Search saved builds","Cerca build salvate","","25","high","","",""
"myTeamBuildPanel.noSearchResults","myTeamBuildPanel","ui","No saved builds match your criteria.","Nessuna build salvata corrisponde ai criteri.","","","medium","","",""
"myTeamBuildPanel.manageInMyBuilds","myTeamBuildPanel","ui","Manage in My Builds","Gestisci in Le mie build","","25","medium","","",""
"myTeamBuildPanel.createBuildInProgression","myTeamBuildPanel","ui","Create a build in Progression","Crea una build in Progressione","","","medium","","",""
"myTeamBuildPanel.closeButton","myTeamBuildPanel","ui","Close","Chiudi","","12","medium","","",""
"myTeamBuildPanel.footerNote","myTeamBuildPanel","ui","Renaming, duplicating, deleting, creating, and editing allocations is done in My Builds / player detail. This panel only sets or clears the selected build and favorite build.","Rinominare, duplicare, eliminare, creare build e modificare le distribuzioni si fa in Le mie build / dettaglio giocatore. Questo pannello imposta o annulla solo la build selezionata e la build preferita.","","","medium","","",""
"myTeamBuildPanel.alreadySelectedNotice","myTeamBuildPanel","ui","This is already the selected build.","È già la build selezionata.","","","medium","","",""
"myTeamBuildPanel.alreadyFavoriteNotice","myTeamBuildPanel","ui","This is already the favorite build.","È già la build preferita.","","","medium","","",""
"myTeamBuildPanel.setFailedTemplate","myTeamBuildPanel","ui","Could not set: {error}","Impostazione non riuscita: {error}","","29","high","","",""
"myTeamBuildPanel.unknownError","myTeamBuildPanel","ui","Unknown error","Errore sconosciuto","","17","high","","",""
"myTeamBuildPanel.setSelectedSuccessTemplate","myTeamBuildPanel","ui","Set ""{name}"" as the selected build. The favorite build was not changed.","""{name}"" impostata come build selezionata. La build preferita non è cambiata.","","","medium","","",""
"myTeamBuildPanel.setFavoriteSuccessTemplate","myTeamBuildPanel","ui","Set ""{name}"" as the favorite build. The selected build was not changed.","""{name}"" impostata come build preferita. La build selezionata non è cambiata.","","","medium","","",""
"myTeamBuildPanel.clearFailedTemplate","myTeamBuildPanel","ui","Could not clear: {error}","Annullamento non riuscito: {error}","","32","high","","",""
"myTeamBuildPanel.clearSelectedSuccess","myTeamBuildPanel","ui","Cleared the selected build. Favorite build, ownership status, usage status, tags, and note were not changed.","Build selezionata annullata. Build preferita, stato di possesso, stato di utilizzo, tag e nota non sono cambiati.","","","medium","","",""
"myTeamBuildPanel.clearFavoriteSuccess","myTeamBuildPanel","ui","Cleared the favorite build. Selected build, ownership status, usage status, tags, and note were not changed.","Build preferita rimossa. Build selezionata, stato di possesso, stato di utilizzo, tag e nota non sono cambiati.","","","medium","","",""
"myTeamBuildPanel.deletedBuildFallback","myTeamBuildPanel","ui","(deleted build)","(build eliminata)","","20","high","","",""
"myTeamBuildPanel.selectedBadge","myTeamBuildPanel","ui","Selected","Selezionata","","12","medium","","",""
"myTeamBuildPanel.favoriteBadge","myTeamBuildPanel","ui","Favorite","Preferita","","12","medium","","",""
"myTeamBuildPanel.selectedBuildNoun","myTeamBuildPanel","ui","selected build","build selezionata","","19","medium","","",""
"myTeamBuildPanel.favoriteBuildNoun","myTeamBuildPanel","ui","favorite build","build preferita","","19","medium","","",""
"myTeamBuildPanel.allocationRowLabel","myTeamBuildPanel","ui","Progression allocation: ","Distribuzione progressione: ","","32","medium","","",""
"myTeamBuildPanel.noAllocationBase","myTeamBuildPanel","ui","No allocation (base abilities)","Nessuna distribuzione (statistiche base)","","","medium","","",""
"myTeamBuildPanel.allAllocationSummary","myTeamBuildPanel","ui","All allocations (10 categories)","Tutte le distribuzioni (10 categorie)","","","medium","","",""
"myTeamBuildPanel.pointsUsedNoTotalTemplate","myTeamBuildPanel","ui","Used {used} pt / Total —","Usati {used} pt / Totale —","","32","medium","","",""
"myTeamBuildPanel.pointsUsedTotalTemplate","myTeamBuildPanel","ui","Used {used} / Total {total} pt","Usati {used} / Totale {total} pt","","","medium","","",""
"myTeamBuildPanel.remainingUnknown","myTeamBuildPanel","ui","Remaining —","Rimanenti —","","15","medium","","",""
"myTeamBuildPanel.remainingTemplate","myTeamBuildPanel","ui","Remaining {remaining} pt","Rimanenti {remaining} pt","","32","medium","","",""
"myTeamBuildPanel.overAllocated","myTeamBuildPanel","ui","Over-allocated","Distribuzione eccessiva","","19","medium","","",""
"myTeamBuildPanel.pomRowLabel","myTeamBuildPanel","ui","Power of Many (user-specified): ","Power of Many (indicato dall'utente): ","","42","medium","","",""
"myTeamBuildPanel.pomUnspecified","myTeamBuildPanel","ui","Not specified","Non specificato","","17","medium","","",""
"myTeamBuildPanel.experimentalLabel","myTeamBuildPanel","ui"," / Experimental estimate: "," / Stima sperimentale: ","","34","medium","","",""
"myTeamBuildPanel.yes","myTeamBuildPanel","ui","Yes","Sì","","12","medium","","",""
"myTeamBuildPanel.no","myTeamBuildPanel","ui","No","No","","12","medium","","",""
"myTeamBuildPanel.estimatedOvrLabel","myTeamBuildPanel","ui","Estimated OVR at save time: ","OVR stimato al salvataggio: ","","37","medium","","",""
"myTeamBuildPanel.calcModeConfirmed","myTeamBuildPanel","ui","Base value only","Solo valore base","","20","high","","",""
"myTeamBuildPanel.calcModeUnsupported","myTeamBuildPanel","ui","Cannot calculate","Impossibile calcolare","","21","medium","","",""
"myTeamBuildPanel.calcModeProvisional","myTeamBuildPanel","ui","Provisional rule","Regola provvisoria","","21","medium","","",""
"myTeamBuildPanel.totalOvrPlaceholder","myTeamBuildPanel","ui","Overall (position-specific OVR): — (calculation rule under review)","Complessivo (OVR per ruolo): — (regola di calcolo in revisione)","","86","medium","","",""
"myTeamBuildPanel.createdUpdatedTemplate","myTeamBuildPanel","ui","Created {created} / Updated {updated}","Creata {created} / Aggiornata {updated}","","","medium","","",""
"myTeamBuildPanel.setSelectedButton","myTeamBuildPanel","ui","Set as selected build","Imposta come selezionata","","28","medium","","",""
"myTeamBuildPanel.setFavoriteButton","myTeamBuildPanel","ui","Set as favorite build","Imposta come preferita","","28","medium","","",""
"radarAxis.attack","radarAxis","ui","Shooting","Tiro","","12","medium","","",""
"radarAxis.pass","radarAxis","ui","Passing","Passaggio","","12","medium","","",""
"radarAxis.dribble","radarAxis","ui","Dribbling","Dribbling","","12","medium","","",""
"radarAxis.defense","radarAxis","ui","Defense","Difesa","","12","medium","","",""
"radarAxis.physical","radarAxis","ui","Physical","Fisico","","12","medium","","",""
"radarAxis.speed","radarAxis","ui","Speed","Velocità","","12","medium","","",""
"radarAxis.gk","radarAxis","ui","GK","GK","","12","medium","","",""
"radarMode.base","radarMode","ui","Base","Base","","12","medium","","",""
"radarMode.progressed","radarMode","ui","Progressed","Con progressione","","13","medium","","",""
"radarMode.standard","radarMode","ui","Standard","Standard","","12","medium","","",""
"radarMode.conditional","radarMode","ui","Post-condition","Con condizioni","","19","medium","","",""
"radarMode.experimental","radarMode","ui","Experimental","Sperimentale","","16","medium","","",""
"myBuildCard.selectPlayerDetailAriaTemplate","myBuildCard","accessibility","Player detail for {name}","Dettaglio giocatore di {name}","","32","high","","",""
"myBuildCard.cardImageAltResolving","myBuildCard","ui","Card image (resolving)","Immagine della carta (in caricamento)","","29","medium","","",""
"myBuildCard.maxBaseOvrTemplate","myBuildCard","ui","Max {max} / Base {base}","Max {max} / Base {base}","","30","medium","","",""
"myBuildCard.fetchFailedNote","myBuildCard","ui","Could not fetch card information. Please reload in a moment (the build is kept).","Impossibile recuperare le informazioni della carta. Ricarica tra poco (la build viene mantenuta).","","","high","","",""
"myBuildCard.allocationHeading","myBuildCard","ui","Progression Allocation","Distribuzione della progressione","","29","medium","","",""
"myBuildCard.viewAllAllocationsSummary","myBuildCard","ui","View all allocations (10 categories)","Vedi tutte le distribuzioni (10 categorie)","","","medium","","",""
"myBuildCard.legacyBuildWarningTemplate","myBuildCard","ui","Outdated-rule build (rulesVersion: {version}). No automatic conversion to current rules has been performed.","Build con regole obsolete (rulesVersion: {version}). Non è stata eseguita alcuna conversione automatica alle regole attuali.","","","high","","",""
"myBuildCard.playerBoosterEstimateTemplate","myBuildCard","ui","Has a player booster estimate (ID {id} · not a confirmed in-game spec)","Con stima del booster del giocatore (ID {id} · non è una specifica di gioco confermata)","","","medium","","",""
"myBuildCard.estimatedOvrTemplate","myBuildCard","ui","Estimated OVR at save time: {ovr} ({mode})","OVR stimato al salvataggio: {ovr} ({mode})","","","medium","","",""
"myBuildCard.usageHeading","myBuildCard","ui","Usage","Utilizzo","","12","medium","","",""
"myBuildCard.squadUsingSuffixTemplate","myBuildCard","ui"," ({areas}) — in use"," ({areas}) — in uso","","25","medium","","",""
"myBuildCard.squadUsingLinkTemplate","myBuildCard","ui","Squad ""{name}""","Rosa ""{name}""","","19","medium","","",""
"myBuildCard.noUsageLabel","myBuildCard","ui","Not referenced","Non usata","","19","medium","","",""
"myBuildCard.playerDetailLink","myBuildCard","ui","Player detail","Dettaglio giocatore","","17","medium","","",""
"myBuildCard.openProgressionLink","myBuildCard","ui","Open in Progression","Apri in Progressione","","25","medium","","",""
"myBuildCard.addToCompareButton","myBuildCard","ui","Add to compare","Aggiungi al confronto","","19","medium","","",""
"myBuildCard.useInSquadLink","myBuildCard","ui","Use in squad","Usa in una rosa","","16","medium","","",""
"myBuildCard.myTeamIntegrationHeading","myBuildCard","ui","My Team Integration","Collegamento con La mia squadra","","25","medium","","",""
"myBuildCard.notInMyTeamLabel","myBuildCard","ui","Not in My Team (this card is not in My Team)","Non in La mia squadra (questa carta non è in La mia squadra)","","58","medium","","",""
"myBuildCard.registerToMyTeamButton","myBuildCard","ui","Register to My Team","Registra in La mia squadra","","25","medium","","",""
"myBuildCard.openMyTeamLink","myBuildCard","ui","Open My Team","Apri La mia squadra","","16","medium","","",""
"myBuildCard.registerHintNote","myBuildCard","ui","When registering, you can choose ownership status, usage status, and whether to make this the selected or favorite build. Existing squads and the card's own favorite are not changed.","Durante la registrazione puoi scegliere stato di possesso, stato di utilizzo e se renderla la build selezionata o preferita. Le rose esistenti e il preferito della carta non vengono modificati.","","","medium","","",""
"myBuildCard.selectedBuildLabel","myBuildCard","ui","Selected build:","Build selezionata:","","20","medium","","",""
"myBuildCard.selectedInMyTeamBadge","myBuildCard","ui","Selected in My Team","Selezionata in La mia squadra","","25","medium","","",""
"myBuildCard.clearSelectionButton","myBuildCard","ui","Clear selection","Annulla selezione","","20","medium","","",""
"myBuildCard.useInMyTeamButton","myBuildCard","ui","Use in My Team","Usa in La mia squadra","","19","medium","","",""
"myBuildCard.favoriteBuildLabel","myBuildCard","ui","Favorite build:","Build preferita:","","20","medium","","",""
"myBuildCard.favoriteInMyTeamBadge","myBuildCard","ui","Favorite build in My Team","Build preferita in La mia squadra","","33","medium","","",""
"myBuildCard.clearFavoriteButton","myBuildCard","ui","Clear favorite","Rimuovi preferita","","19","medium","","",""
"myBuildCard.setFavoriteButton","myBuildCard","ui","Set as favorite build","Imposta come build preferita","","28","medium","","",""
"myBuildCard.favoriteHintNote","myBuildCard","ui","This is the saved build's favorite setting. The card's own favorite status and existing squads are not changed.","Questa è l’impostazione di preferita della build salvata. Il preferito della carta e le rose esistenti non vengono modificati.","","","medium","","",""
"myBuildCard.renameButton","myBuildCard","ui","Rename","Rinomina","","12","medium","","",""
"myBuildCard.duplicateButton","myBuildCard","ui","Duplicate","Duplica","","12","medium","","",""
"myBuildCard.deleteButton","myBuildCard","ui","Delete","Elimina","","12","high","","",""
"buildExportModal.launcherHeading","buildExportModal","ui","Export Saved Builds (Local Backup)","Esporta build salvate (backup locale)","","45","medium","","",""
"buildExportModal.launcherDescription","buildExportModal","ui","Bundle your saved builds into a JSON file in this browser and save it to your device. You can export all builds or only the ones you select. Nothing is sent to a server or external service, and exporting does not change your saved builds. Supported browsers will show a save-location picker (we recommend choosing your ""Documents"" folder on Windows). Unsupported browsers will save to the usual download location.","Raccogli le build salvate in un file JSON in questo browser e salvalo sul tuo dispositivo. Puoi esportare tutte le build o solo quelle selezionate. Nulla viene inviato a un server o a un servizio esterno e l’esportazione non modifica le build salvate. I browser supportati mostrano una finestra per scegliere dove salvare (su Windows consigliamo la cartella ""Documenti""). I browser non supportati salvano nella normale posizione dei download.","","","medium","","",""
"buildExportModal.launcherButton","buildExportModal","ui","Export saved builds","Esporta build salvate","","25","medium","","",""
"buildExportModal.noBuildsNote","buildExportModal","ui","You have no saved builds. Add one from ""Save this progression"" on the player detail or compare screen to export it.","Non hai build salvate. Aggiungine una con ""Salva questa progressione"" nella schermata dei dettagli del giocatore o del confronto per poterla esportare.","","","medium","","",""
"buildExportModal.unavailableNote","buildExportModal","ui","This browser doesn't support localStorage, so exporting isn't available.","Questo browser non supporta localStorage, quindi l’esportazione non è disponibile.","","","medium","","",""
"buildExportModal.safetyLine1","buildExportModal","ui","Processed entirely inside this browser — nothing is sent to a server or external service (no uploads).","Elaborato interamente in questo browser: nulla viene inviato a un server o a un servizio esterno (nessun caricamento).","","","medium","","",""
"buildExportModal.safetyLine2","buildExportModal","ui","Exporting does not change your saved builds, My Team, squads, or card favorites.","L’esportazione non modifica le build salvate, La mia squadra, le rose o i preferiti delle carte.","","","medium","","",""
"buildExportModal.safetyLine3","buildExportModal","ui","Only the saved builds' progression data (allocation, rules version, estimated value at save time, etc.) is included.","Sono inclusi solo i dati di progressione delle build salvate (distribuzione, versione delle regole, valore stimato al momento del salvataggio, ecc.).","","","medium","","",""
"buildExportModal.safetyLine4","buildExportModal","ui","My Team notes, tags, ownership/usage status, selected/favorite builds, squads, credentials, and environment information are not included.","Note e tag de La mia squadra, stato di possesso/utilizzo, build selezionate/preferite, rose, credenziali e informazioni sull’ambiente non sono inclusi.","","","medium","","",""
"buildExportModal.staleNoticeText","buildExportModal","ui","Saved builds were updated in another tab. Please reload to check the current content.","Le build salvate sono state aggiornate in un’altra scheda. Ricarica per controllare il contenuto attuale.","","","medium","","",""
"buildExportModal.reloadButton","buildExportModal","ui","Reload","Ricarica","","12","medium","","",""
"buildExportModal.droppedNoticeTemplate","buildExportModal","ui","{count} of your selected saved builds were deleted, so they were removed from the selection.","Alcune build salvate selezionate sono state eliminate ({count}) e quindi rimosse dalla selezione.","","","medium","","",""
"buildExportModal.errorSelectBuilds","buildExportModal","ui","Please select the saved builds to export.","Seleziona le build salvate da esportare.","","","high","","",""
"buildExportModal.errorSelectionChanged","buildExportModal","ui","The state of the selected saved builds has changed. Please reload.","Lo stato delle build salvate selezionate è cambiato. Ricarica.","","","high","","",""
"buildExportModal.conflictListChangedTemplate","buildExportModal","ui","The list of saved builds has changed ({added} added / {removed} deleted). Please reload to check the current content.","L’elenco delle build salvate è cambiato ({added} aggiunte / {removed} eliminate). Ricarica per controllare il contenuto attuale.","","","medium","","",""
"buildExportModal.conflictSelectionNotFound","buildExportModal","ui","The selected saved builds could not be found. Please reload.","Impossibile trovare le build salvate selezionate. Ricarica.","","","medium","","",""
"buildExportModal.conflictSelectionChangedTemplate","buildExportModal","ui","The selected saved builds were changed in another tab ({removed} deleted / {changed} changed). Please reload to check the current content.","Le build salvate selezionate sono state modificate in un’altra scheda ({removed} eliminate / {changed} modificate). Ricarica per controllare il contenuto attuale.","","","medium","","",""
"buildExportModal.saveFailedNote","buildExportModal","ui","The file could not be saved in this environment. Your saved builds have not been changed.","In questo ambiente non è stato possibile salvare il file. Le build salvate non sono state modificate.","","","high","","",""
"buildExportModal.jsonFileTypeDescription","buildExportModal","ui","JSON file","File JSON","","12","medium","","",""
"buildExportModal.titleChoose","buildExportModal","ui","Export saved builds","Esporta build salvate","","25","medium","","",""
"buildExportModal.titleConfirm","buildExportModal","ui","Confirm export content","Conferma il contenuto da esportare","","29","high","","",""
"buildExportModal.titleDone","buildExportModal","ui","Export complete","Esportazione completata","","20","medium","","",""
"buildExportModal.doneMessagePickerTemplate","buildExportModal","ui","Saved {count} saved build(s) as ""{filename}"" to the chosen location. Your saved builds have not been changed.","Build salvate esportate: {count}, salvate come ""{filename}"" nella posizione scelta. Le build salvate non sono state modificate.","","","medium","","",""
"buildExportModal.doneMessageDownloadTemplate","buildExportModal","ui","Downloaded {count} saved build(s) as ""{filename}"". Your saved builds have not been changed.","Build salvate scaricate: {count}, come ""{filename}"". Le build salvate non sono state modificate.","","","medium","","",""
"buildExportModal.downloadFallbackNote","buildExportModal","ui","This browser doesn't support choosing a save location, so the file was saved to the usual download location.","Questo browser non supporta la scelta della posizione di salvataggio, quindi il file è stato salvato nella normale posizione dei download.","","","medium","","",""
"buildExportModal.utcNotePrefix","buildExportModal","ui","The date and time in the filename and ","La data e l’ora nel nome del file e ","","","medium","","",""
"buildExportModal.utcNoteSuffix","buildExportModal","ui"," are both in UTC (Coordinated Universal Time)."," sono entrambe in UTC (tempo coordinato universale).","","","medium","","",""
"buildExportModal.backButton","buildExportModal","ui","Back","Indietro","","12","medium","","",""
"buildExportModal.closeButton","buildExportModal","ui","Close","Chiudi","","12","medium","","",""
"buildExportModal.cancelButton","buildExportModal","ui","Cancel","Annulla","","12","medium","","",""
"buildExportModal.nextButton","buildExportModal","ui","Next (confirm content)","Avanti (conferma contenuto)","","29","medium","","",""
"buildExportModal.choosePickerLocationButton","buildExportModal","ui","Choose save location","Scegli dove salvare","","26","medium","","",""
"buildExportModal.downloadJsonButton","buildExportModal","ui","Download JSON","Scarica JSON","","17","medium","","",""
"buildExportModal.exportMethodLegend","buildExportModal","ui","Export method","Metodo di esportazione","","17","medium","","",""
"buildExportModal.exportAllOptionTemplate","buildExportModal","ui","Export all saved builds ({count})","Esporta tutte le build salvate ({count})","","","medium","","",""
"buildExportModal.exportSelectionOption","buildExportModal","ui","Export only selected saved builds","Esporta solo le build salvate selezionate","","","medium","","",""
"buildExportModal.exportSelectionHint","buildExportModal","ui","This selection is local to this dialog (independent of the search/filters in the My Builds list).","Questa selezione vale solo in questa finestra (indipendente da ricerca/filtri dell’elenco di Le mie build).","","","medium","","",""
"buildExportModal.searchTargetLabel","buildExportModal","ui","Search targets (build name, player name, World ID, buildId)","Cerca in (nome della build, nome del giocatore, World ID, buildId)","","77","medium","","",""
"buildExportModal.searchAriaLabel","buildExportModal","accessibility","Search saved builds to export","Cerca le build salvate da esportare","","38","high","","",""
"buildExportModal.selectAllVisibleTemplate","buildExportModal","ui","Select all visible ({count})","Seleziona tutte le visibili ({count})","","","medium","","",""
"buildExportModal.clearVisibleSelectionButton","buildExportModal","ui","Clear visible selection","Deseleziona le visibili","","30","medium","","",""
"buildExportModal.selectedCountTemplate","buildExportModal","ui","{count} selected","Selezionate: {count}","","21","medium","","",""
"buildExportModal.noSavedBuildsLabel","buildExportModal","ui","You have no saved builds.","Non hai build salvate.","","33","medium","","",""
"buildExportModal.noMatchingBuildsLabel","buildExportModal","ui","No saved builds match your search.","Nessuna build salvata corrisponde alla ricerca.","","45","medium","","",""
"buildExportModal.includeInExportAriaTemplate","buildExportModal","accessibility","Include {buildName} ({name}) in the export","Includi {buildName} ({name}) nell’esportazione","","","high","","",""
"buildExportModal.usedBadge","buildExportModal","ui","In use","In uso","","12","medium","","",""
"buildExportModal.unusedBadge","buildExportModal","ui","Unused","Non usata","","12","medium","","",""
"buildExportModal.updatedTemplate","buildExportModal","ui","Updated {date}","Aggiornata {date}","","19","medium","","",""
"buildExportModal.exportContentHeading","buildExportModal","ui","Content to export","Contenuto da esportare","","23","medium","","",""
"buildExportModal.allBuildsLabel","buildExportModal","ui","All saved builds","Tutte le build salvate","","21","medium","","",""
"buildExportModal.selectedBuildsLabel","buildExportModal","ui","Selected saved builds","Build salvate selezionate","","28","medium","","",""
"buildExportModal.targetPrefixTemplate","buildExportModal","ui","Target: {target} (","Oggetto: {target} (","","24","medium","","",""
"buildExportModal.targetCountSuffix","buildExportModal","ui",")",")","","12","medium","","",""
"buildExportModal.formatLabelPrefix","buildExportModal","ui","Format: ","Formato: ","","12","medium","","",""
"buildExportModal.formatVersionLabelPrefix","buildExportModal","ui"," / formatVersion "," / formatVersion ","","23","medium","","",""
"buildExportModal.formatVersionNote","buildExportModal","ui"," (this is the export file's format version — separate from the saved build's rulesVersion/schemaVersion)"," (è la versione del formato del file di esportazione, distinta da rulesVersion/schemaVersion della build salvata)","","","medium","","",""
"buildExportModal.singleJsonFileNote","buildExportModal","ui","A single UTF-8 JSON file. No ZIP, CSV, encryption, or compression.","Un unico file JSON UTF-8. Nessun ZIP, CSV, crittografia o compressione.","","","medium","","",""
"buildExportModal.exportedAtNoteSuffix","buildExportModal","ui"," and the filename's timestamp are both fixed at save time in UTC (Coordinated Universal Time)."," e il timestamp nel nome del file sono entrambi fissati al momento del salvataggio in UTC (tempo coordinato universale).","","","medium","","",""
"buildExportModal.itemCountNoteMiddle","buildExportModal","ui"," matches the number of items in "," corrisponde al numero di elementi in ","","","medium","","",""
"buildExportModal.itemCountNoteSuffix","buildExportModal","ui",". The order is deterministic (newest updated first, then by buildId).",". L’ordine è deterministico (prima le aggiornate più di recente, poi per buildId).","","","medium","","",""
"buildExportModal.aboutSaveLocationHeading","buildExportModal","ui","About the save location","Informazioni sulla posizione di salvataggio","","30","medium","","",""
"buildExportModal.pickerInstructionPrefix","buildExportModal","ui","Pressing ""Choose save location"" opens a save-location picker. ","Premendo ""Scegli dove salvare"" si apre una finestra per scegliere la posizione di salvataggio. ","","","medium","","",""
"buildExportModal.pickerInstructionBold","buildExportModal","ui","Please choose your ""Documents"" folder on Windows.","Su Windows scegli la cartella ""Documenti"".","","","medium","","",""
"buildExportModal.pickerNote1Prefix","buildExportModal","ui","The save location is ","La posizione di salvataggio è ","","28","medium","","",""
"buildExportModal.pickerNote1Bold","buildExportModal","ui","chosen by you","scelta da te","","17","medium","","",""
"buildExportModal.pickerNote1Suffix","buildExportModal","ui",". The app never silently fixes a save destination.",". L’app non imposta mai una destinazione di salvataggio in modo silenzioso.","","","medium","","",""
"buildExportModal.pickerNote2","buildExportModal","ui","The file is not sent to any external service.","Il file non viene inviato ad alcun servizio esterno.","","","medium","","",""
"buildExportModal.pickerNote3","buildExportModal","ui","The original saved-build data is not changed.","I dati originali delle build salvate non vengono modificati.","","","medium","","",""
"buildExportModal.pickerNote4Prefix","buildExportModal","ui","If you ","Se ","","12","medium","","",""
"buildExportModal.pickerNote4Bold","buildExportModal","ui","cancel the save-location picker, nothing is saved","annulli la finestra di scelta della posizione, non viene salvato nulla","","","medium","","",""
"buildExportModal.pickerNote4Suffix","buildExportModal","ui",".",".","","12","medium","","",""
"buildExportModal.pickerNote5","buildExportModal","ui","If your browser doesn't support the save-location picker, the file is saved to the usual download location.","Se il browser non supporta la scelta della posizione di salvataggio, il file viene salvato nella normale posizione dei download.","","","medium","","",""
"buildExportModal.noPickerNote","buildExportModal","ui","This browser doesn't support the save-location picker, so the file will be saved to the usual download location (as configured in your browser). After downloading, move the file to your ""Documents"" folder if needed. Nothing is sent to an external service, and the original saved-build data is not changed.","Questo browser non supporta la scelta della posizione di salvataggio, quindi il file verrà salvato nella normale posizione dei download (secondo le impostazioni del browser). Dopo il download, sposta il file nella cartella ""Documenti"" se necessario. Nulla viene inviato a un servizio esterno e i dati originali delle build salvate non vengono modificati.","","","medium","","",""
"buildExportModal.pickerNextNoteTemplate","buildExportModal","ui","Pressing ""Choose save location"" fetches your saved builds once more and verifies the target, worldCardId, update time, and format before saving. If there are discrepancies or invalid data, nothing is saved and you'll be asked to reload.","Premendo ""Scegli dove salvare"" le build salvate vengono lette ancora una volta e oggetto, worldCardId, data di aggiornamento e formato vengono verificati prima del salvataggio. In caso di discrepanze o dati non validi, nulla viene salvato e ti verrà chiesto di ricaricare.","","","medium","","",""
"buildExportModal.downloadNextNoteTemplate","buildExportModal","ui","Pressing ""Download JSON"" fetches your saved builds once more and verifies the target, worldCardId, update time, and format before saving. If there are discrepancies or invalid data, nothing is saved and you'll be asked to reload.","Premendo ""Scarica JSON"" le build salvate vengono lette ancora una volta e oggetto, worldCardId, data di aggiornamento e formato vengono verificati prima del salvataggio. In caso di discrepanze o dati non validi, nulla viene salvato e ti verrà chiesto di ricaricare.","","","medium","","",""
"buildExportModal.cancelledNoticeTemplate","buildExportModal","ui","The save-location selection was cancelled. Your saved builds have not been changed. Press ""Choose save location"" again to retry.","La scelta della posizione di salvataggio è stata annullata. Le build salvate non sono state modificate. Premi di nuovo ""Scegli dove salvare"" per riprovare.","","","medium","","",""
"buildExportModal.exportTargetLineTemplate","buildExportModal","ui","Export target: {target} — {count} build(s)","Oggetto dell’esportazione: {target} — build: {count}","","","medium","","",""
"buildExportModal.exportFailureEmpty","buildExportModal","ui","There are no saved builds that can be exported.","Non ci sono build salvate esportabili.","","","medium","","",""
"buildExportModal.exportFailureInvalidTemplate","buildExportModal","ui","{invalid} saved build(s) are invalid (only {valid} can be exported). The export was cancelled for safety. Please check the targets in My Builds.","Build salvate non valide: {invalid} (esportabili solo {valid}). Per sicurezza l’esportazione è stata annullata. Controlla le build interessate in Le mie build.","","","medium","","",""
"buildImportModal.safetyLine1","buildImportModal","ui","Only local JSON files created previously by this app's ""Export saved builds"" are supported.","Sono supportati solo i file JSON locali creati in precedenza con ""Esporta build salvate"" di questa app.","","","medium","","",""
"buildImportModal.safetyLine2","buildImportModal","ui","The file is processed entirely inside this browser — nothing is sent to a server or external service (no uploads).","Il file viene elaborato interamente in questo browser: nulla viene inviato a un server o a un servizio esterno (nessun caricamento).","","","medium","","",""
"buildImportModal.safetyLine3","buildImportModal","ui","Just selecting a file or opening the preview does not save anything. Saving happens only when you press the final confirmation.","Selezionare un file o aprire l’anteprima non salva nulla. Il salvataggio avviene solo quando premi la conferma finale.","","","medium","","",""
"buildImportModal.safetyLine4","buildImportModal","ui","Existing saved builds are never overwritten or deleted. If a buildId collides with an existing one, it's added with a new buildId.","Le build salvate esistenti non vengono mai sovrascritte né eliminate. Se un buildId coincide con uno esistente, la build viene aggiunta con un nuovo buildId.","","","medium","","",""
"buildImportModal.safetyLine5","buildImportModal","ui","Imported builds are not automatically applied to My Team, squads, or card favorites (no references are created either).","Le build importate non vengono applicate automaticamente a La mia squadra, alle rose o ai preferiti delle carte (né vengono creati riferimenti).","","","medium","","",""
"buildImportModal.safetyLine6","buildImportModal","ui","Files with an unsupported formatVersion are rejected without conversion.","I file con un formatVersion non supportato vengono rifiutati senza conversione.","","","medium","","",""
"buildImportModal.safetyLine7","buildImportModal","ui","After importing, manage builds individually in My Builds (they are not automatically set as the selected or favorite build).","Dopo l’importazione, gestisci le build singolarmente in Le mie build (non vengono impostate automaticamente come build selezionata o preferita).","","","medium","","",""
"buildImportModal.launcherHeading","buildImportModal","ui","Import Saved Builds (Local JSON Import)","Importa build salvate (importazione JSON locale)","","51","medium","","",""
"buildImportModal.launcherDescriptionPrefix","buildImportModal","ui","Choose a local JSON file previously exported from this app, and its content will be validated and previewed, then ","Scegli un file JSON locale esportato in precedenza da questa app: il contenuto verrà convalidato e mostrato in anteprima, poi ","","","medium","","",""
"buildImportModal.addBoldLabel","buildImportModal","ui","added","aggiunto","","12","medium","","",""
"buildImportModal.launcherDescriptionSuffix","buildImportModal","ui"," as saved builds after final confirmation. This is a separate operation from exporting."," come build salvate dopo la conferma finale. È un’operazione separata dall’esportazione.","","","medium","","",""
"buildImportModal.launcherButton","buildImportModal","ui","Import saved builds","Importa build salvate","","25","medium","","",""
"buildImportModal.unavailableNote","buildImportModal","ui","This browser doesn't support localStorage, so importing isn't available.","Questo browser non supporta localStorage, quindi l’importazione non è disponibile.","","","medium","","",""
"buildImportModal.validateErrorTemplate","buildImportModal","ui","{invalid} saved build(s) in the file are invalid (valid: {valid}). For safety, this file cannot be imported.","Build salvate non valide nel file: {invalid} (valide: {valid}). Per sicurezza, questo file non può essere importato.","","","high","","",""
"buildImportModal.duplicateErrorTemplate","buildImportModal","ui","The file has duplicate buildId values ({count}). This cannot happen in a proper export file, so this file cannot be imported.","Il file contiene valori buildId duplicati ({count}). In un file di esportazione corretto questo non può accadere, quindi il file non può essere importato.","","","high","","",""
"buildImportModal.parseErrorEmpty","buildImportModal","ui","The file is empty.","Il file è vuoto.","","24","high","","",""
"buildImportModal.parseErrorTooLarge","buildImportModal","ui","The file or the number of builds is too large.","Il file o il numero di build è troppo grande.","","","high","","",""
"buildImportModal.parseErrorNotJson","buildImportModal","ui","This could not be read as JSON.","Impossibile leggerlo come JSON.","","","high","","",""
"buildImportModal.parseErrorNotObject","buildImportModal","ui","This is not the structure of an export file.","Non ha la struttura di un file di esportazione.","","","high","","",""
"buildImportModal.parseErrorUnsafeKeys","buildImportModal","ui","This cannot be imported because it contains unknown or unsafe fields.","Non può essere importato perché contiene campi sconosciuti o non sicuri.","","","high","","",""
"buildImportModal.parseErrorFormatMismatch","buildImportModal","ui","This is not a saved-build export file from this app.","Non è un file di esportazione delle build salvate di questa app.","","","high","","",""
"buildImportModal.parseErrorUnsupportedVersion","buildImportModal","ui","This formatVersion is not supported. An app update is required.","Questo formatVersion non è supportato. È necessario un aggiornamento dell’app.","","","high","","",""
"buildImportModal.parseErrorExportedAt","buildImportModal","ui","The exportedAt timestamp is invalid.","Il timestamp exportedAt non è valido.","","","high","","",""
"buildImportModal.parseErrorItemCount","buildImportModal","ui","itemCount is invalid.","itemCount non è valido.","","28","high","","",""
"buildImportModal.parseErrorItemCountMismatch","buildImportModal","ui","itemCount does not match the actual number of items.","itemCount non corrisponde al numero effettivo di elementi.","","","high","","",""
"buildImportModal.parseErrorGeneric","buildImportModal","ui","This file cannot be imported.","Questo file non può essere importato.","","","high","","",""
"buildImportModal.tooLargeTemplate","buildImportModal","ui","The file is too large (limit: {max}MB).","Il file è troppo grande (limite: {max}MB).","","","medium","","",""
"buildImportModal.noFileApiError","buildImportModal","ui","This browser cannot read files.","Questo browser non può leggere file.","","","high","","",""
"buildImportModal.readFailedError","buildImportModal","ui","The file could not be read.","Impossibile leggere il file.","","","high","","",""
"buildImportModal.importConflictTemplate","buildImportModal","ui","Saved builds were updated in another tab. Please reload the existing data and check the import content again. (existing added: {added} / deleted: {removed} / changed: {changed})","Le build salvate sono state aggiornate in un’altra scheda. Ricarica i dati esistenti e ricontrolla il contenuto da importare. (esistenti aggiunte: {added} / eliminate: {removed} / modificate: {changed})","","","medium","","",""
"buildImportModal.saveConflictNote","buildImportModal","ui","Saved builds were updated in another tab. Please reload and check again.","Le build salvate sono state aggiornate in un’altra scheda. Ricarica e ricontrolla.","","","medium","","",""
"buildImportModal.quotaError","buildImportModal","ui","Could not save — storage capacity may be insufficient. Existing saved builds have not been changed.","Impossibile salvare: lo spazio di archiviazione potrebbe essere insufficiente. Le build salvate esistenti non sono state modificate.","","","high","","",""
"buildImportModal.storageError","buildImportModal","ui","This browser could not save. Existing saved builds have not been changed.","Questo browser non è riuscito a salvare. Le build salvate esistenti non sono state modificate.","","","high","","",""
"buildImportModal.genericSaveError","buildImportModal","ui","Saving failed. Existing saved builds have not been changed.","Salvataggio non riuscito. Le build salvate esistenti non sono state modificate.","","","high","","",""
"buildImportModal.reverifyFailedNote","buildImportModal","ui","Re-verification of the save result failed. Please reload the My Builds list to check.","La nuova verifica del risultato del salvataggio non è riuscita. Ricarica l’elenco di Le mie build per controllare.","","","high","","",""
"buildImportModal.titleSelect","buildImportModal","ui","Import saved builds","Importa build salvate","","25","medium","","",""
"buildImportModal.titleError","buildImportModal","ui","Could not read the file","Impossibile leggere il file","","30","high","","",""
"buildImportModal.titlePreview","buildImportModal","ui","Confirm import content","Conferma il contenuto da importare","","29","medium","","",""
"buildImportModal.titleConfirm","buildImportModal","ui","Final import confirmation","Conferma finale dell’importazione","","","high","","",""
"buildImportModal.titleSaving","buildImportModal","ui","Importing","Importazione","","12","medium","","",""
"buildImportModal.titleDone","buildImportModal","ui","Import complete","Importazione completata","","20","medium","","",""
"buildImportModal.titleSaveFail","buildImportModal","ui","Import failed","Importazione non riuscita","","17","medium","","",""
"buildImportModal.staleBlockedText","buildImportModal","ui","Saved builds were updated in another tab. Please reload the existing data and check the import content again.","Le build salvate sono state aggiornate in un’altra scheda. Ricarica i dati esistenti e ricontrolla il contenuto da importare.","","","medium","","",""
"buildImportModal.reloadExistingButton","buildImportModal","ui","Reload existing data","Ricarica i dati esistenti","","26","medium","","",""
"buildImportModal.savingText","buildImportModal","ui","Importing…","Importazione in corso…","","13","medium","","",""
"buildImportModal.doneMessageTemplate","buildImportModal","ui","Imported {count} saved build(s). Existing builds have not been changed.","Build salvate importate: {count}. Le build esistenti non sono state modificate.","","","medium","","",""
"buildImportModal.doneNewIdsTemplate","buildImportModal","ui","{count} of them were added with a new buildId to avoid colliding with an existing buildId.","Di queste, {count} sono state aggiunte con un nuovo buildId per evitare conflitti con un buildId esistente.","","","medium","","",""
"buildImportModal.doneManageNote","buildImportModal","ui","Imported builds can be managed individually in My Builds. They have not been automatically set as the selected build, favorite build, or in any squad.","Le build importate si possono gestire singolarmente in Le mie build. Non sono state impostate automaticamente come build selezionata, build preferita o in alcuna rosa.","","","medium","","",""
"buildImportModal.saveFailFallback","buildImportModal","ui","Import failed.","Importazione non riuscita.","","19","medium","","",""
"buildImportModal.cancelButton","buildImportModal","ui","Cancel","Annulla","","12","medium","","",""
"buildImportModal.pickAnotherFileButton","buildImportModal","ui","Choose another file","Scegli un altro file","","25","medium","","",""
"buildImportModal.importButtonTemplate","buildImportModal","ui","Import ({count})","Importa ({count})","","21","medium","","",""
"buildImportModal.closeButton","buildImportModal","ui","Close","Chiudi","","12","medium","","",""
"buildImportModal.supportedFilesHeading","buildImportModal","ui","Supported files","File supportati","","20","medium","","",""
"buildImportModal.supportedFile1Prefix","buildImportModal","ui","A JSON file previously created by this app's ""Export saved builds"" (","Un file JSON creato in precedenza con ""Esporta build salvate"" di questa app (","","","medium","","",""
"buildImportModal.supportedFile1Middle","buildImportModal","ui"," / formatVersion "," / formatVersion ","","23","medium","","",""
"buildImportModal.supportedFile1Suffix","buildImportModal","ui",")",")","","12","medium","","",""
"buildImportModal.supportedFile2","buildImportModal","ui","The file extension alone is not used to decide. The content is parsed as JSON, and the format, item count, and each build are validated.","L’estensione del file da sola non basta per decidere. Il contenuto viene analizzato come JSON e vengono convalidati il formato, il numero di elementi e ogni build.","","","medium","","",""
"buildImportModal.supportedFile3Template","buildImportModal","ui","File size limit: {maxSize}MB / item count limit: {maxCount}.","Dimensione massima del file: {maxSize}MB / numero massimo di elementi: {maxCount}.","","","medium","","",""
"buildImportModal.supportedFile4","buildImportModal","ui","Not supported: a standalone SavedBuild JSON / the entire localStorage / My Team / squads / card favorites / CSV / ZIP / TXT / JavaScript / HTML / an unsupported formatVersion.","Non supportati: JSON di una singola SavedBuild / l’intero localStorage / La mia squadra / rose / preferiti delle carte / CSV / ZIP / TXT / JavaScript / HTML / un formatVersion non supportato.","","","medium","","",""
"buildImportModal.selectFileLabel","buildImportModal","ui","Select a JSON file to import","Seleziona un file JSON da importare","","37","medium","","",""
"buildImportModal.selectFileHint","buildImportModal","ui","Just selecting a file does not save anything. Review the content and it will only be saved when you press the final confirmation.","Selezionare un file non salva nulla. Controlla il contenuto: verrà salvato solo quando premi la conferma finale.","","","medium","","",""
"buildImportModal.validatingText","buildImportModal","ui","Validating the file…","Convalida del file…","","26","medium","","",""
"buildImportModal.selectedFileTemplate","buildImportModal","ui","Selected: {name}","Selezionato: {name}","","21","medium","","",""
"buildImportModal.selectedFileSizeTemplate","buildImportModal","ui"," ({size})"," ({size})","","12","medium","","",""
"buildImportModal.validateInfoTemplate","buildImportModal","ui","Invalid: {invalid} / valid: {valid}. Partial imports are not performed.","Non valide: {invalid} / valide: {valid}. Non vengono eseguite importazioni parziali.","","","medium","","",""
"buildImportModal.duplicateIdsTemplate","buildImportModal","ui","Duplicate buildId: {ids}","buildId duplicati: {ids}","","32","medium","","",""
"buildImportModal.fileHeading","buildImportModal","ui","File","File","","12","medium","","",""
"buildImportModal.fileNameLabel","buildImportModal","ui","File name","Nome del file","","12","medium","","",""
"buildImportModal.fileSizeLabel","buildImportModal","ui","Size","Dimensione","","12","medium","","",""
"buildImportModal.validationHeading","buildImportModal","ui","Validation result","Risultato della convalida","","23","medium","","",""
"buildImportModal.validCountLabel","buildImportModal","ui","Valid count","Numero valide","","15","medium","","",""
"buildImportModal.plannedSaveCountLabel","buildImportModal","ui","Planned save count","Numero da salvare","","24","medium","","",""
"buildImportModal.collisionCountLabel","buildImportModal","ui","buildId collisions (new IDs issued)","Conflitti di buildId (nuovi ID assegnati)","","46","medium","","",""
"buildImportModal.saveCountNoteTemplate","buildImportModal","ui","{count} will be added as new saved builds. Existing builds are not changed.","Nuove build salvate da aggiungere: {count}. Le build esistenti non vengono modificate.","","","medium","","",""
"buildImportModal.targetBuildsSummaryTemplate","buildImportModal","ui","Target builds ({count})","Build interessate ({count})","","30","medium","","",""
"buildImportModal.newBuildIdBadge","buildImportModal","ui","New buildId","Nuovo buildId","","15","medium","","",""
"buildImportModal.pomBadge","buildImportModal","ui","Power of Many specified","Power of Many specificato","","30","medium","","",""
"buildImportModal.experimentalBadge","buildImportModal","ui","Experimental estimate","Stima sperimentale","","28","medium","","",""
"buildImportModal.worldIdOriginalTemplate","buildImportModal","ui","World ID {worldId} / original buildId {originalId}","World ID {worldId} / buildId originale {originalId}","","","medium","","",""
"buildImportModal.finalBuildIdTemplate","buildImportModal","ui"," → buildId after import {finalId}"," → buildId dopo l’importazione {finalId}","","","medium","","",""
"buildImportModal.noChangeLabel","buildImportModal","ui"," (unchanged)"," (invariato)","","16","medium","","",""
"buildImportModal.rulesVersionTemplate","buildImportModal","ui","rulesVersion {version}","rulesVersion {version}","","29","medium","","",""
"buildImportModal.allocationLabelTemplate","buildImportModal","ui","Allocation: {allocation}","Distribuzione: {allocation}","","32","medium","","",""
"buildImportModal.createdUpdatedNoteTemplate","buildImportModal","ui","Created {created} / Updated {updated} (timestamps are preserved)","Creata {created} / Aggiornata {updated} (i timestamp vengono mantenuti)","","","medium","","",""
"buildImportModal.unaffectedHeading","buildImportModal","ui","What this import does not change","Cosa non modifica questa importazione","","42","medium","","",""
"buildImportModal.unaffected1","buildImportModal","ui","Existing saved builds (never overwritten or deleted)","Le build salvate esistenti (mai sovrascritte né eliminate)","","","medium","","",""
"buildImportModal.unaffected2","buildImportModal","ui","My Team (selected build, favorite build, ownership/usage status, tags, notes)","La mia squadra (build selezionata, build preferita, stato di possesso/utilizzo, tag, note)","","","medium","","",""
"buildImportModal.unaffected3","buildImportModal","ui","Saved squads (placement, savedBuildId references)","Le rose salvate (disposizione, riferimenti savedBuildId)","","","medium","","",""
"buildImportModal.unaffected4","buildImportModal","ui","The card's own favorite status","Lo stato di preferito della carta stessa","","","medium","","",""
"buildImportModal.unaffected5","buildImportModal","ui","Nothing is sent to an external service","Nulla viene inviato a un servizio esterno","","","medium","","",""
"buildImportModal.unaffectedFootnote","buildImportModal","ui","Imported builds are not automatically set as selectedBuildId / favoriteBuildId / a squad's savedBuildId. They appear as ""Not referenced"" in the My Builds usage status.","Le build importate non vengono impostate automaticamente come selectedBuildId / favoriteBuildId / savedBuildId di una rosa. Compaiono come ""Non referenziata"" nello stato di utilizzo di Le mie build.","","","medium","","",""
"buildImportModal.confirmTitleTemplate","buildImportModal","ui","Add {count} saved build(s)","Aggiungi build salvate ({count})","","","high","","",""
"buildImportModal.confirmNote1","buildImportModal","ui","Existing saved builds are never overwritten or deleted.","Le build salvate esistenti non vengono mai sovrascritte né eliminate.","","","high","","",""
"buildImportModal.confirmCollisionTemplate","buildImportModal","ui","{count} of them will be added with a new buildId to avoid colliding with an existing buildId.","Di queste, {count} verranno aggiunte con un nuovo buildId per evitare conflitti con un buildId esistente.","","","high","","",""
"buildImportModal.confirmNoCollision","buildImportModal","ui","There are no buildId collisions.","Non ci sono conflitti di buildId.","","","high","","",""
"buildImportModal.confirmNote2","buildImportModal","ui","My Team, squads, and card favorites are not changed.","La mia squadra, le rose e i preferiti delle carte non vengono modificati.","","","high","","",""
"buildImportModal.confirmNote3","buildImportModal","ui","Immediately before saving, the existing data is fetched once more to check for conflicts.","Subito prima del salvataggio, i dati esistenti vengono letti ancora una volta per verificare eventuali conflitti.","","","high","","",""
"buildImportModal.confirmButton","buildImportModal","ui","Confirm and import","Conferma e importa","","24","high","","",""
"duplicateReviewTeaser.bodyPrefix","duplicateReviewTeaser","ui","You can safely review ","In Analisi delle build puoi controllare in sicurezza i ","","29","medium","","",""
"duplicateReviewTeaser.duplicateCandidatesLabel","duplicateReviewTeaser","ui","duplicate candidates","possibili duplicati","","26","medium","","",""
"duplicateReviewTeaser.bodySuffix","duplicateReviewTeaser","ui"," for saved builds that may have accumulated from JSON imports or duplication, in Build Inventory. This screen does not delete, merge, or overwrite anything."," delle build salvate che potrebbero essersi accumulati con importazioni JSON o duplicazioni. Questa schermata non elimina, unisce né sovrascrive nulla.","","","medium","","",""
"duplicateReviewTeaser.openInventoryLink","duplicateReviewTeaser","ui","Review duplicate candidates in Build Inventory","Controlla i possibili duplicati in Analisi delle build","","","medium","","",""
"myBuildsView.pageTitle","myBuildsView","metadata","My Builds","Le mie build","","12","medium","","",""
"myBuildsView.pageDescription","myBuildsView","metadata","View, search, rename, duplicate, and delete progression builds saved from the player detail, player compare, My Team, and squad editor screens. The save format is unchanged (saved only in this browser).","Visualizza, cerca, rinomina, duplica ed elimina le build di progressione salvate dalle schermate di dettaglio giocatore, confronto giocatori, La mia squadra ed editor della rosa. Il formato di salvataggio non cambia (salvate solo in questo browser).","","","medium","","",""
"myBuildsView.scopeLoadingMessage","myBuildsView","ui","Checking your account…","Verifica dell’account in corso…","","29","medium","","",""
"myBuildsView.sortUpdatedDesc","myBuildsView","ui","Recently updated","Aggiornate di recente","","21","medium","","",""
"myBuildsView.sortUpdatedAsc","myBuildsView","ui","Oldest updated","Aggiornate meno di recente","","19","medium","","",""
"myBuildsView.sortCreatedDesc","myBuildsView","ui","Recently created","Create di recente","","21","medium","","",""
"myBuildsView.sortCreatedAsc","myBuildsView","ui","Oldest created","Create meno di recente","","19","medium","","",""
"myBuildsView.sortNameAsc","myBuildsView","ui","By build name","Per nome della build","","17","medium","","",""
"myBuildsView.sortPlayerAsc","myBuildsView","ui","By player name","Per nome del giocatore","","19","medium","","",""
"myBuildsView.renameTargetMissing","myBuildsView","ui","The target build could not be found","Build di destinazione non trovata","","","medium","","",""
"myBuildsView.renamedNoticeTemplate","myBuildsView","ui","Renamed the build to ""{name}"".","Build rinominata in ""{name}"".","","","medium","","",""
"myBuildsView.duplicateNameSuffix","myBuildsView","ui"," copy"," copia","","12","medium","","",""
"myBuildsView.duplicateFailedTemplate","myBuildsView","ui","Could not duplicate: {error}","Impossibile duplicare: {error}","","","high","","",""
"myBuildsView.duplicatedNoticeTemplate","myBuildsView","ui","Duplicated as ""{name}"".","Duplicata come ""{name}"".","","30","medium","","",""
"myBuildsView.deleteFailedTemplate","myBuildsView","ui","Could not delete: {error}","Impossibile eliminare: {error}","","","high","","",""
"myBuildsView.deletedNotice","myBuildsView","ui","Deleted the saved build. My Team and squads were not changed.","Build salvata eliminata. La mia squadra e le rose non sono state modificate.","","","high","","",""
"myBuildsView.alreadyRegisteredNotice","myBuildsView","ui","This card is already registered in My Team. Please reload.","Questa carta è già registrata in La mia squadra. Ricarica la pagina.","","","medium","","",""
"myBuildsView.registerFailedTemplate","myBuildsView","ui","Could not register to My Team: {error}","Impossibile registrare in La mia squadra: {error}","","","high","","",""
"myBuildsView.favoriteAlsoSetTemplate","myBuildsView","ui","Also set ""{name}"" as the favorite build.","""{name}"" impostata anche come build preferita.","","","medium","","",""
"myBuildsView.favoriteSetFailedNote","myBuildsView","ui","However, setting the favorite build failed. You can set it again from My Builds (the registration itself succeeded).","Tuttavia, l’impostazione della build preferita non è riuscita. Puoi impostarla di nuovo da Le mie build (la registrazione è comunque riuscita).","","","high","","",""
"myBuildsView.selectedAlsoSetTemplate","myBuildsView","ui","Set ""{name}"" as the selected build.","""{name}"" impostata come build selezionata.","","","medium","","",""
"myBuildsView.registeredNoticeTemplate","myBuildsView","ui","Registered {name} to My Team. {selNote}{favoriteNote}","{name} registrato in La mia squadra. {selNote}{favoriteNote}","","","medium","","",""
"myBuildsView.alreadySelectedNotice","myBuildsView","ui","This build is already the selected build in My Team.","Questa build è già la build selezionata in La mia squadra.","","","medium","","",""
"myBuildsView.assignFailedTemplate","myBuildsView","ui","Could not set in My Team: {error}","Impossibile impostare in La mia squadra: {error}","","","high","","",""
"myBuildsView.assignedNoticeTemplate","myBuildsView","ui","Set ""{name}"" as the selected build in My Team (nothing else was changed).","""{name}"" impostata come build selezionata in La mia squadra (nient’altro è stato modificato).","","","medium","","",""
"myBuildsView.selectionChangedError","myBuildsView","ui","The selection has changed. Please reload.","La selezione è cambiata. Ricarica la pagina.","","","high","","",""
"myBuildsView.clearSelectionFailedTemplate","myBuildsView","ui","Could not clear: {error}","Impossibile rimuovere: {error}","","32","high","","",""
"myBuildsView.clearedSelectionNotice","myBuildsView","ui","Cleared the selected build in My Team (favorite build and other info were not changed).","Build selezionata rimossa da La mia squadra (build preferita e altre informazioni non modificate).","","","medium","","",""
"myBuildsView.alreadyFavoriteNotice","myBuildsView","ui","This build is already the favorite build in My Team.","Questa build è già la build preferita in La mia squadra.","","","medium","","",""
"myBuildsView.setFavoriteFailedTemplate","myBuildsView","ui","Could not set as favorite build: {error}","Impossibile impostare come build preferita: {error}","","","high","","",""
"myBuildsView.setFavoriteNoticeTemplate","myBuildsView","ui","Set ""{name}"" as the favorite build in My Team. The selected build was not changed.","""{name}"" impostata come build preferita in La mia squadra. La build selezionata non è stata modificata.","","","medium","","",""
"myBuildsView.clearFavoriteFailedTemplate","myBuildsView","ui","Could not clear favorite: {error}","Impossibile rimuovere la preferita: {error}","","","high","","",""
"myBuildsView.clearedFavoriteNoticeTemplate","myBuildsView","ui","Cleared ""{name}"" from the favorite build in My Team. The selected build was not changed.","""{name}"" rimossa come build preferita in La mia squadra. La build selezionata non è stata modificata.","","","medium","","",""
"myBuildsView.unknownError","myBuildsView","ui","Unknown error","Errore sconosciuto","","17","high","","",""
"myBuildsView.emptyTitle","myBuildsView","ui","No saved builds","Nessuna build salvata","","20","medium","","",""
"myBuildsView.emptyDescription","myBuildsView","ui","Adjust progression in player detail or player compare, then add one via ""Save this build"".","Regola la progressione nel dettaglio giocatore o nel confronto giocatori, poi aggiungine una con ""Salva questa build"".","","","medium","","",""
"myBuildsView.findPlayersLink","myBuildsView","ui","Find players","Cerca giocatori","","16","medium","","",""
"myBuildsView.openComparelink","myBuildsView","ui","Open player compare","Apri il confronto giocatori","","25","medium","","",""
"myBuildsView.openMyTeamLink","myBuildsView","ui","Open My Team","Apri La mia squadra","","16","medium","","",""
"myBuildsView.openSquadsLink","myBuildsView","ui","Open squads","Apri le rose","","15","medium","","",""
"myBuildsView.storageUnavailableNotice","myBuildsView","ui","Saved builds cannot be shown or changed because this browser cannot use localStorage.","Le build salvate non possono essere mostrate né modificate perché questo browser non può usare localStorage.","","","medium","","",""
"myBuildsView.staleBuildsNotice","myBuildsView","ui","Saved builds were updated in another tab.","Le build salvate sono state aggiornate in un’altra scheda.","","","medium","","",""
"myBuildsView.staleMyTeamNotice","myBuildsView","ui","My Team was updated in another tab.","La mia squadra è stata aggiornata in un’altra scheda.","","","medium","","",""
"myBuildsView.reloadButton","myBuildsView","ui","Reload","Ricarica","","12","medium","","",""
"myBuildsView.statTotalLabel","myBuildsView","ui","Saved builds","Build salvate","","16","medium","","",""
"myBuildsView.statVisibleLabel","myBuildsView","ui","Showing","Visualizzate","","12","medium","","",""
"myBuildsView.statUsedLabel","myBuildsView","ui","In use","In uso","","12","medium","","",""
"myBuildsView.statUnusedLabel","myBuildsView","ui","Unused","Non usate","","12","medium","","",""
"myBuildsView.usedExplanationNote","myBuildsView","ui","""In use"" counts builds referenced as My Team's selected/favorite build, or referenced by a squad's saved build.","""In uso"" conta le build usate come build selezionata/preferita di La mia squadra o come build salvata di una rosa.","","","medium","","",""
"myBuildsView.filterSectionHeading","myBuildsView","ui","Search, Filter & Sort","Cerca, filtra e ordina","","28","medium","","",""
"myBuildsView.filterActiveBadge","myBuildsView","ui","Active","Attivi","","12","medium","","",""
"myBuildsView.searchLabel","myBuildsView","ui","Search (build name, player name, World ID, buildId)","Cerca (nome build, nome giocatore, ID World, buildId)","","67","medium","","",""
"myBuildsView.searchPlaceholder","myBuildsView","ui","Messi / RWF / 89138556575063 / Finisher","Messi / RWF / 89138556575063 / Finisher","","51","medium","","",""
"myBuildsView.searchAriaLabel","myBuildsView","accessibility","Search saved builds","Cerca nelle build salvate","","25","high","","",""
"myBuildsView.cardTypeLabel","myBuildsView","ui","Card type","Tipo di carta","","12","medium","","",""
"myBuildsView.cardTypeAriaLabel","myBuildsView","accessibility","Filter by card type","Filtra per tipo di carta","","25","high","","",""
"myBuildsView.filterAllOption","myBuildsView","ui","All","Tutti","","12","medium","","",""
"myBuildsView.positionLabel","myBuildsView","ui","Registered position","Ruolo registrato","","25","medium","","",""
"myBuildsView.positionAriaLabel","myBuildsView","accessibility","Filter by registered position","Filtra per ruolo registrato","","38","high","","",""
"myBuildsView.rulesLabel","myBuildsView","ui","Rules","Regole","","12","medium","","",""
"myBuildsView.rulesAriaLabel","myBuildsView","accessibility","Filter by rules version","Filtra per versione delle regole","","30","high","","",""
"myBuildsView.pomLabel","myBuildsView","ui","Power of Many","Power of Many","","17","medium","","",""
"myBuildsView.pomAriaLabel","myBuildsView","accessibility","Filter by Power of Many selection","Filtra per selezione Power of Many","","43","high","","",""
"myBuildsView.pomWithOption","myBuildsView","ui","Has selection","Con selezione","","17","medium","","",""
"myBuildsView.experimentalLabel","myBuildsView","ui","Experimental estimate","Stima sperimentale","","28","medium","","",""
"myBuildsView.experimentalAriaLabel","myBuildsView","accessibility","Filter by experimental estimate","Filtra per stima sperimentale","","41","high","","",""
"myBuildsView.experimentalWithOption","myBuildsView","ui","Has estimate","Con stima","","16","medium","","",""
"myBuildsView.usageLabel","myBuildsView","ui","Usage","Utilizzo","","12","medium","","",""
"myBuildsView.usageAriaLabel","myBuildsView","accessibility","Filter by usage","Filtra per utilizzo","","20","high","","",""
"myBuildsView.usageUsedOption","myBuildsView","ui","In use","In uso","","12","medium","","",""
"myBuildsView.usageUnusedOption","myBuildsView","ui","Unused","Non usate","","12","medium","","",""
"myBuildsView.sortLabel","myBuildsView","ui","Sort","Ordina","","12","medium","","",""
"myBuildsView.sortAriaLabel","myBuildsView","accessibility","Sort","Ordina","","12","high","","",""
"myBuildsView.clearFiltersButton","myBuildsView","ui","Clear filters","Azzera filtri","","17","medium","","",""
"myBuildsView.noResultsTitle","myBuildsView","ui","No saved builds match your criteria","Nessuna build salvata corrisponde ai criteri","","46","medium","","",""
"myBuildsView.deleteConfirmTitle","myBuildsView","ui","Delete this saved build?","Eliminare questa build salvata?","","32","high","","",""
"myBuildsView.deleteConfirmButton","myBuildsView","ui","Delete","Elimina","","12","high","","",""
"myBuildsView.clearSelectionConfirmTitle","myBuildsView","ui","Clear the selected build in My Team?","Rimuovere la build selezionata in La mia squadra?","","47","high","","",""
"myBuildsView.clearSelectionConfirmButton","myBuildsView","ui","Clear","Rimuovi","","12","high","","",""
"myBuildsView.clearSelectionBodyTemplate","myBuildsView","ui","This removes {name} from My Team's selected build (resets selectedBuildId to unselected).","{name} verrà rimossa come build selezionata di La mia squadra (selectedBuildId torna a non selezionato).","","","medium","","",""
"myBuildsView.idLineTemplate","myBuildsView","ui","World ID {worldCardId} / buildId {buildId}","ID World {worldCardId} / buildId {buildId}","","","medium","","",""
"myBuildsView.clearSelectionUnchangedNote","myBuildsView","ui","The saved build itself, favorite build, ownership status, usage status, tags, note, squads, and favorite are not changed.","La build salvata stessa, la build preferita, lo stato di possesso, lo stato di utilizzo, i tag, la nota, le rose e il preferito non vengono modificati.","","","medium","","",""
"myBuildsView.clearFavoriteConfirmTitle","myBuildsView","ui","Clear the favorite build in My Team?","Rimuovere la build preferita in La mia squadra?","","47","high","","",""
"myBuildsView.clearFavoriteConfirmButton","myBuildsView","ui","Clear favorite","Rimuovi preferita","","19","high","","",""
"myBuildsView.clearFavoriteBodyTemplate","myBuildsView","ui","This clears {name} from My Team's favorite build (resets favoriteBuildId to unset).","{name} verrà rimossa come build preferita di La mia squadra (favoriteBuildId torna a non impostato).","","","medium","","",""
"myBuildsView.clearFavoriteChangedItem","myBuildsView","ui","Changed: only favoriteBuildId and the updated timestamp","Modificati: solo favoriteBuildId e la data di aggiornamento","","","medium","","",""
"myBuildsView.clearFavoriteUnchangedItemTemplate","myBuildsView","ui","Not changed: selected build (selectedBuildId), ownership status, usage status, tags, note, registration date, other cards' My Team records, the saved build itself, squads, the card's own favorite, and compare state","Non modificati: build selezionata (selectedBuildId), stato di possesso, stato di utilizzo, tag, nota, data di registrazione, record di La mia squadra delle altre carte, la build salvata stessa, rose, preferito della carta e stato del confronto","","","medium","","",""
"myBuildsView.registerModalTitle","myBuildsView","ui","Register to My Team","Registra in La mia squadra","","25","medium","","",""
"myBuildsView.cardImageAltTemplate","myBuildsView","ui","Card image for {name}","Immagine della carta di {name}","","28","medium","","",""
"myBuildsView.cardImageAltGeneric","myBuildsView","ui","Card image","Immagine della carta","","13","medium","","",""
"myBuildsView.cardTypeUnknown","myBuildsView","ui","Unknown card type","Tipo di carta sconosciuto","","23","medium","","",""
"myBuildsView.registeredPositionUnknown","myBuildsView","ui","Unknown registered position","Ruolo registrato sconosciuto","","","medium","","",""
"myBuildsView.alreadyInMyTeamNotice","myBuildsView","ui","This card is already registered in My Team. Please reload.","Questa carta è già registrata in La mia squadra. Ricarica la pagina.","","","medium","","",""
"myBuildsView.buildToUseLabel","myBuildsView","ui","Build to use: ","Build da usare: ","","19","medium","","",""
"myBuildsView.buildIdSuffixTemplate","myBuildsView","ui"," (buildId {id})"," (buildId {id})","","20","medium","","",""
"myBuildsView.allocationLabel","myBuildsView","ui","Progression allocation: ","Distribuzione della progressione: ","","32","medium","","",""
"myBuildsView.noAllocationBase","myBuildsView","ui","No allocation (base abilities)","Nessuna distribuzione (statistiche base)","","","medium","","",""
"myBuildsView.usedPointsLabel","myBuildsView","ui","Points used: {value}","Punti usati: {value}","","26","medium","","",""
"myBuildsView.totalUnknownSuffix","myBuildsView","ui"," pt (total unknown)"," pt (totale sconosciuto)","","25","medium","","",""
"myBuildsView.totalPointsSuffixTemplate","myBuildsView","ui"," / {value} pt"," / {value} pt","","17","medium","","",""
"myBuildsView.pomRowLabel","myBuildsView","ui","Power of Many (user-specified): ","Power of Many (indicato dall’utente): ","","42","medium","","",""
"myBuildsView.pomUnspecified","myBuildsView","ui","Not specified","Non indicato","","17","medium","","",""
"myBuildsView.experimentalRowLabel","myBuildsView","ui","Experimental estimate: ","Stima sperimentale: ","","30","medium","","",""
"myBuildsView.yes","myBuildsView","ui","Yes","Sì","","12","medium","","",""
"myBuildsView.no","myBuildsView","ui","No","No","","12","medium","","",""
"myBuildsView.estimatedOvrLabel","myBuildsView","ui","Estimated OVR at save time: ","OVR stimato al salvataggio: ","","37","medium","","",""
"myBuildsView.calcModeConfirmed","myBuildsView","ui","Base value only","Solo valore base","","20","high","","",""
"myBuildsView.calcModeUnsupported","myBuildsView","ui","Cannot calculate","Non calcolabile","","21","medium","","",""
"myBuildsView.calcModeProvisional","myBuildsView","ui","Provisional rule","Regola provvisoria","","21","medium","","",""
"myBuildsView.totalOvrPlaceholder","myBuildsView","ui","Overall (position-specific OVR): — (calculation rule under review)","Complessivo (OVR per ruolo): — (regola di calcolo in revisione)","","86","medium","","",""
"myBuildsView.ownershipLabel","myBuildsView","ui","Ownership status","Stato di possesso","","21","medium","","",""
"myBuildsView.ownershipHint","myBuildsView","ui","My Team manages cards you actually own. You can change this later from the My Team screen.","La mia squadra gestisce le carte che possiedi davvero. Puoi cambiarlo in seguito dalla schermata La mia squadra.","","","medium","","",""
"myBuildsView.usageStatusLabel","myBuildsView","ui","Usage status","Stato di utilizzo","","16","medium","","",""
"myBuildsView.usageStatusHint","myBuildsView","ui","Separate from actual squad placement. Choosing here does not automatically place it in a squad.","Separato dal posizionamento effettivo nella rosa. Sceglierlo qui non lo inserisce automaticamente in una rosa.","","","medium","","",""
"myBuildsView.associationLegend","myBuildsView","ui","Saved build associations (each is an independent setting)","Associazioni della build salvata (ognuna è un’impostazione indipendente)","","","medium","","",""
"myBuildsView.setSelectedOptionPrefix","myBuildsView","ui","Set this build as the ","Imposta questa build come ","","29","medium","","",""
"myBuildsView.setSelectedOptionSuffix","myBuildsView","ui"," (selectedBuildId)"," (selectedBuildId)","","24","medium","","",""
"myBuildsView.setSelectedHint","myBuildsView","ui","This is the build shown first when you open this card in My Team.","È la build mostrata per prima quando apri questa carta in La mia squadra.","","","medium","","",""
"myBuildsView.setFavoriteOptionPrefix","myBuildsView","ui","Set this build as the ","Imposta questa build come ","","29","medium","","",""
"myBuildsView.setFavoriteOptionSuffix","myBuildsView","ui"," (favoriteBuildId)"," (favoriteBuildId)","","24","medium","","",""
"myBuildsView.setFavoriteHint","myBuildsView","ui","A separate slot from the selected build. Also separate from the card's own favorite status.","Uno spazio separato dalla build selezionata. Separato anche dal preferito della carta.","","","medium","","",""
"myBuildsView.previewHeading","myBuildsView","ui","My Team Record That Will Be Created","Record di La mia squadra che verrà creato","","46","medium","","",""
"myBuildsView.previewOwnershipTemplate","myBuildsView","ui","Ownership: {value}","Possesso: {value}","","24","medium","","",""
"myBuildsView.previewUsageTemplate","myBuildsView","ui","Usage: {value}","Utilizzo: {value}","","19","medium","","",""
"myBuildsView.previewSelectedTemplate","myBuildsView","ui","Selected build: {value}","Build selezionata: {value}","","30","medium","","",""
"myBuildsView.previewFavoriteTemplate","myBuildsView","ui","Favorite build: {value}","Build preferita: {value}","","30","medium","","",""
"myBuildsView.previewTagsNone","myBuildsView","ui","Tags: None","Tag: nessuno","","13","medium","","",""
"myBuildsView.previewNotesNone","myBuildsView","ui","Note: None","Nota: nessuna","","13","medium","","",""
"myBuildsView.previewSquadNoChange","myBuildsView","ui","Squads: No change (not auto-placed or auto-applied)","Rose: nessuna modifica (nessun inserimento o applicazione automatica)","","","medium","","",""
"myBuildsView.previewFavoriteFlagNoChange","myBuildsView","ui","Card's own favorite: No change","Preferito della carta: nessuna modifica","","","medium","","",""
"myBuildsView.previewNoneValue","myBuildsView","ui","None","Nessuna","","12","medium","","",""
"myBuildsView.twoStageNote","myBuildsView","ui","The favorite build is saved with one more step after registration. Even if only that step fails, the registration itself remains valid (you can set it later from My Builds).","La build preferita viene salvata con un passaggio aggiuntivo dopo la registrazione. Anche se fallisce solo quel passaggio, la registrazione resta valida (puoi impostarla in seguito da Le mie build).","","","medium","","",""
"myBuildsView.unchangedListItem1","myBuildsView","ui","Other cards' My Team records, the saved build itself, and saved squads are not changed.","I record di La mia squadra delle altre carte, la build salvata stessa e le rose salvate non vengono modificati.","","","medium","","",""
"myBuildsView.unchangedListItem2","myBuildsView","ui","The card's own favorite status, compare state, and URL are not changed.","Il preferito della carta, lo stato del confronto e l’URL non vengono modificati.","","","medium","","",""
"myBuildsView.confirmStatement","myBuildsView","ui","This registers this card to My Team.","Questa carta verrà registrata in La mia squadra.","","","high","","",""
"myBuildsView.cancelButton","myBuildsView","ui","Cancel","Annulla","","12","medium","","",""
"myBuildsView.registerButton","myBuildsView","ui","Register to My Team","Registra in La mia squadra","","25","medium","","",""
"myBuildsView.changeFavoriteModalTitle","myBuildsView","ui","Change My Team Favorite Build","Cambia la build preferita di La mia squadra","","38","medium","","",""
"myBuildsView.notInMyTeamNotice","myBuildsView","ui","This card is not registered in My Team. Please register it in My Team first.","Questa carta non è registrata in La mia squadra. Registrala prima in La mia squadra.","","","medium","","",""
"myBuildsView.settingBuildLabel","myBuildsView","ui","Build to set: ","Build da impostare: ","","19","medium","","",""
"myBuildsView.currentFavoriteLabel","myBuildsView","ui","Current favorite build: ","Build preferita attuale: ","","32","medium","","",""
"myBuildsView.noneLabel","myBuildsView","ui","None","Nessuna","","12","medium","","",""
"myBuildsView.currentFavoriteMissingTemplate","myBuildsView","ui","The current favorite build could not be found (buildId {id})","Build preferita attuale non trovata (buildId {id})","","","medium","","",""
"myBuildsView.currentSelectedUnchangedLabel","myBuildsView","ui","Current selected build (not changed): ","Build selezionata attuale (non modificata): ","","50","medium","","",""
"myBuildsView.missingBuildFallback","myBuildsView","ui"," (not found)"," (non trovata)","","16","medium","","",""
"myBuildsView.alreadyFavoriteNoChangeNote","myBuildsView","ui","This build is already the favorite. No change will be made.","Questa build è già la preferita. Nessuna modifica verrà effettuata.","","","medium","","",""
"myBuildsView.confirmFavoriteChangeTemplate","myBuildsView","ui","This changes My Team's favorite build to ""{name}"".","La build preferita di La mia squadra diventerà ""{name}"".","","","high","","",""
"myBuildsView.favoriteChangedItem","myBuildsView","ui","Changed: only the My Team record's favoriteBuildId and updated timestamp","Modificati: solo favoriteBuildId e la data di aggiornamento del record di La mia squadra","","","medium","","",""
"myBuildsView.favoriteUnchangedItemTemplate","myBuildsView","ui","Not changed: selected build (selectedBuildId), ownership status, usage status, tags, note, registration date, other cards' My Team records, the saved build itself, squads, the card's own favorite, and compare state","Non modificati: build selezionata (selectedBuildId), stato di possesso, stato di utilizzo, tag, nota, data di registrazione, record di La mia squadra delle altre carte, la build salvata stessa, rose, preferito della carta e stato del confronto","","","medium","","",""
"myBuildsView.favoriteNoAutoApplyNote","myBuildsView","ui","This is not automatically applied to the selected build or existing squads.","Non viene applicata automaticamente alla build selezionata né alle rose esistenti.","","","medium","","",""
"myBuildsView.makeFavoriteButton","myBuildsView","ui","Set as favorite build","Imposta come build preferita","","28","medium","","",""
"myBuildsView.changeSelectedModalTitle","myBuildsView","ui","Change My Team Selected Build","Cambia la build selezionata di La mia squadra","","38","medium","","",""
"myBuildsView.currentSelectedLabel","myBuildsView","ui","Current selected build: ","Build selezionata attuale: ","","32","medium","","",""
"myBuildsView.currentSelectedMissingTemplate","myBuildsView","ui","The current selected build could not be found (buildId {id})","Build selezionata attuale non trovata (buildId {id})","","","medium","","",""
"myBuildsView.alreadySelectedNoChangeNote","myBuildsView","ui","This build is already selected. No change will be made.","Questa build è già selezionata. Nessuna modifica verrà effettuata.","","","medium","","",""
"myBuildsView.confirmSelectedChangeTemplate","myBuildsView","ui","This changes My Team's selected build to ""{name}"".","La build selezionata di La mia squadra diventerà ""{name}"".","","","high","","",""
"myBuildsView.selectedChangedItem","myBuildsView","ui","Changed: only the My Team record's selected build (selectedBuildId) and updated timestamp","Modificati: solo la build selezionata (selectedBuildId) e la data di aggiornamento del record di La mia squadra","","","medium","","",""
"myBuildsView.selectedUnchangedItemTemplate","myBuildsView","ui","Not changed: favorite build, ownership status, usage status, tags, note, registration date, other cards' My Team records, the saved build itself, squads, favorite, and compare state","Non modificati: build preferita, stato di possesso, stato di utilizzo, tag, nota, data di registrazione, record di La mia squadra delle altre carte, la build salvata stessa, rose, preferito e stato del confronto","","","medium","","",""
"myBuildsView.selectedNoAutoApplyNote","myBuildsView","ui","This is not automatically applied to existing squads (each squad's saved build is an independent setting).","Non viene applicata automaticamente alle rose esistenti (la build salvata di ogni rosa è un’impostazione indipendente).","","","medium","","",""
"myBuildsView.makeSelectedButton","myBuildsView","ui","Set as My Team's selected build","Imposta come build selezionata di La mia squadra","","41","medium","","",""
"myBuildsView.renameModalTitle","myBuildsView","ui","Rename Build","Rinomina build","","16","medium","","",""
"myBuildsView.renameDescription","myBuildsView","ui","Only the build name and updated timestamp change. buildId, allocation, rules version, created date, and Power of Many selection are kept.","Cambiano solo il nome della build e la data di aggiornamento. buildId, distribuzione, versione delle regole, data di creazione e selezione Power of Many restano invariati.","","","medium","","",""
"myBuildsView.newNameLabel","myBuildsView","ui","New build name (1-60 characters)","Nuovo nome della build (1-60 caratteri)","","42","medium","","",""
"myBuildsView.newNameAriaLabel","myBuildsView","accessibility","New build name","Nuovo nome della build","","19","high","","",""
"myBuildsView.changeButton","myBuildsView","ui","Change","Cambia","","12","medium","","",""
"myBuildsView.deleteBodyTemplate","myBuildsView","ui","This deletes {name}{playerSuffix}.","Verrà eliminata {name}{playerSuffix}.","","","high","","",""
"myBuildsView.referencedFromLabel","myBuildsView","ui","This build is referenced from the following:","Questa build è usata in:","","58","medium","","",""
"myBuildsView.myTeamSelectedItem","myBuildsView","ui","Selected in My Team","Selezionata in La mia squadra","","25","medium","","",""
"myBuildsView.myTeamFavoriteItem","myBuildsView","ui","Favorite build in My Team","Build preferita in La mia squadra","","","medium","","",""
"myBuildsView.squadReferenceTemplate","myBuildsView","ui","Squad ""{name}"" ({areas})","Rosa ""{name}"" ({areas})","","32","medium","","",""
"myBuildsView.deleteSafeNote","myBuildsView","ui","Deleting does not change My Team, the squad itself, card placement, or favorites. The reference will show as ""deleted"" and you will need to choose another build.","L’eliminazione non modifica La mia squadra, la rosa stessa, il posizionamento delle carte né i preferiti. Il riferimento verrà mostrato come ""eliminata"" e dovrai scegliere un’altra build.","","","high","","",""
"myBuildsView.noReferenceNote","myBuildsView","ui","This build is not referenced anywhere.","Questa build non è usata da nessuna parte.","","","medium","","",""
"myBuildsView.deleteIrreversibleNote","myBuildsView","ui","This action cannot be undone.","Questa azione non può essere annullata.","","","high","","",""
"compareAddButton.fullMessageTemplate","compareAddButton","ui","Compare supports a maximum of {max} players","Il confronto supporta al massimo {max} giocatori","","","medium","","",""
"compareAddButton.removeFromCompareAria","compareAddButton","accessibility","Remove from compare","Rimuovi dal confronto","","25","high","","",""
"compareAddButton.addToCompareAria","compareAddButton","accessibility","Add to compare","Aggiungi al confronto","","19","high","","",""
"compareAddButton.inCompareLabel","compareAddButton","ui","In compare","Nel confronto","","13","medium","","",""
"compareAddButton.compareFullLabel","compareAddButton","ui","Compare full","Confronto pieno","","16","medium","","",""
"compareAddButton.addToCompareLabel","compareAddButton","ui","Add to compare","Aggiungi al confronto","","19","medium","","",""
"compareAddButton.inCompareCheckedLabel","compareAddButton","ui","In compare ✓","Nel confronto ✓","","16","medium","","",""
"compareAddButton.viewCompareTemplate","compareAddButton","ui","View compare ({count})","Vedi confronto ({count})","","29","medium","","",""
"duplicateReviewSection.sortUpdatedDesc","duplicateReviewSection","ui","Newest updated first","Aggiornati di recente","","26","medium","","",""
"duplicateReviewSection.sortCreatedDesc","duplicateReviewSection","ui","Newest created first","Creati di recente","","26","medium","","",""
"duplicateReviewSection.sortSizeDesc","duplicateReviewSection","ui","Largest group first","Gruppi più grandi prima","","25","medium","","",""
"duplicateReviewSection.sortRefsDesc","duplicateReviewSection","ui","Most total references first","Più riferimenti totali prima","","","medium","","",""
"duplicateReviewSection.sortUnusedFirst","duplicateReviewSection","ui","Unused candidates first","Candidati non usati prima","","30","medium","","",""
"duplicateReviewSection.sortUsedFirst","duplicateReviewSection","ui","In-use candidates first","Candidati in uso prima","","30","medium","","",""
"duplicateReviewSection.sortPlayerAsc","duplicateReviewSection","ui","By player name","Per nome del giocatore","","19","medium","","",""
"duplicateReviewSection.sortNameAsc","duplicateReviewSection","ui","By build name","Per nome della build","","17","medium","","",""
"duplicateReviewSection.sortIdStable","duplicateReviewSection","ui","By buildId (stable)","Per buildId (stabile)","","25","medium","","",""
"duplicateReviewSection.headingTemplate","duplicateReviewSection","ui","Saved Build Duplicate Candidates ({count} group(s))","Possibili duplicati delle build salvate (gruppi: {count})","","","medium","","",""
"duplicateReviewSection.intro1","duplicateReviewSection","ui","A read-only list for safely reviewing duplicate candidates among saved builds that may have accumulated from JSON imports or duplication. This screen never deletes, merges, overwrites, bulk-processes, or reassigns saved builds. My Team and squad references are not changed either. Please review and organize individually in My Builds.","Un elenco in sola lettura per esaminare in sicurezza i possibili duplicati tra le build salvate, che possono accumularsi con importazioni JSON o duplicazioni. Questa schermata non elimina, unisce, sovrascrive, elabora in blocco né riassegna mai le build salvate. Anche i riferimenti di La mia squadra e delle rose restano invariati. Esamina e riordina singolarmente in Le mie build.","","","medium","","",""
"duplicateReviewSection.intro2","duplicateReviewSection","ui","An exact-match candidate is a saved build where the World ID (worldCardId), rulesVersion, progression allocation, player booster estimate, and Power of Many specification all match (even if the build name, buildId, created time, or updated time differ, it's still treated as a match).","Un candidato identico è una build salvata in cui ID World (worldCardId), rulesVersion, distribuzione della progressione, stima del booster del giocatore e indicazione di Power of Many coincidono tutti (anche se nome della build, buildId, data di creazione o di aggiornamento sono diversi, è comunque considerata identica).","","","medium","","",""
"duplicateReviewSection.intro3","duplicateReviewSection","ui","Similar candidates are limited in scope to avoid false positives. Only cases where ""only one allocation category differs"" or ""only the player booster estimate/Power of Many specification differs"" are safely detected — other differences are not treated as candidates.","I candidati simili hanno un ambito limitato per evitare falsi positivi. Vengono rilevati in sicurezza solo i casi in cui ""differisce una sola categoria di distribuzione"" oppure ""differisce solo la stima del booster del giocatore/l’indicazione di Power of Many""; le altre differenze non sono considerate candidati.","","","medium","","",""
"duplicateReviewSection.staleNoticeTemplate","duplicateReviewSection","ui","The data used for duplicate detection ({targets}) was updated in another tab.","I dati usati per il rilevamento dei duplicati ({targets}) sono stati aggiornati in un’altra scheda.","","","medium","","",""
"duplicateReviewSection.staleBuildLabel","duplicateReviewSection","ui","saved builds","build salvate","","16","medium","","",""
"duplicateReviewSection.staleMyTeamLabel","duplicateReviewSection","ui","My Team","La mia squadra","","12","medium","","",""
"duplicateReviewSection.staleSquadLabel","duplicateReviewSection","ui","squads","rose","","12","medium","","",""
"duplicateReviewSection.totalBuildsLabel","duplicateReviewSection","ui","Total saved builds","Totale build salvate","","24","medium","","",""
"duplicateReviewSection.exactGroupCountLabel","duplicateReviewSection","ui","Exact-match candidate groups","Gruppi di candidati identici","","37","medium","","",""
"duplicateReviewSection.exactBuildCountLabel","duplicateReviewSection","ui","Exact-match candidate builds","Build candidate identiche","","37","medium","","",""
"duplicateReviewSection.similarGroupCountLabel","duplicateReviewSection","ui","Similar candidate groups","Gruppi di candidati simili","","32","medium","","",""
"duplicateReviewSection.similarBuildCountLabel","duplicateReviewSection","ui","Similar candidate builds","Build candidate simili","","32","medium","","",""
"duplicateReviewSection.noCandidateLabel","duplicateReviewSection","ui","No duplicate candidate","Nessun possibile duplicato","","29","medium","","",""
"duplicateReviewSection.unresolvedLabel","duplicateReviewSection","ui","Undetermined","Non determinate","","16","medium","","",""
"duplicateReviewSection.usedCandidateLabel","duplicateReviewSection","ui","In-use candidates","Candidati in uso","","23","medium","","",""
"duplicateReviewSection.unusedCandidateLabel","duplicateReviewSection","ui","Unused candidates","Candidati non usati","","23","medium","","",""
"duplicateReviewSection.myTeamRefCandidateLabel","duplicateReviewSection","ui","Candidates referenced in My Team","Candidati usati in La mia squadra","","42","medium","","",""
"duplicateReviewSection.squadRefCandidateLabel","duplicateReviewSection","ui","Candidates referenced in squads","Candidati usati nelle rose","","41","medium","","",""
"duplicateReviewSection.unitBuildSuffix","duplicateReviewSection","ui","build(s)","build","","12","medium","","",""
"duplicateReviewSection.unitGroupSuffix","duplicateReviewSection","ui","group(s)","gruppi","","12","medium","","",""
"duplicateReviewSection.footnote","duplicateReviewSection","ui","Units: ""build(s)"" = per saved build, ""group(s)"" = per duplicate-candidate grouping (a similar-candidate group is a pair of 2).","Unità: ""build"" = per build salvata, ""gruppi"" = per raggruppamento di possibili duplicati (un gruppo di candidati simili è una coppia di 2).","","","medium","","",""
"duplicateReviewSection.statusLabel","duplicateReviewSection","ui","Status: ","Stato: ","","12","medium","","",""
"duplicateReviewSection.statusWarning","duplicateReviewSection","ui","Attention (duplicate candidates present)","Attenzione (ci sono possibili duplicati)","","","high","","",""
"duplicateReviewSection.statusNormal","duplicateReviewSection","ui","Normal","Normale","","12","medium","","",""
"duplicateReviewSection.unresolvedSuffix","duplicateReviewSection","ui"," / Undetermined builds present"," / Ci sono build non determinate","","","medium","","",""
"duplicateReviewSection.unresolvedSummaryTemplate","duplicateReviewSection","ui","Undetermined builds ({count} — not included in ""no duplicate candidate"")","Build non determinate ({count} — non incluse in ""nessun possibile duplicato"")","","","medium","","",""
"duplicateReviewSection.worldIdTemplate","duplicateReviewSection","ui","World ID {id}","ID World {id}","","17","medium","","",""
"duplicateReviewSection.worldIdUnknown","duplicateReviewSection","ui","World ID unknown","ID World sconosciuto","","21","medium","","",""
"duplicateReviewSection.buildIdTemplate","duplicateReviewSection","ui","buildId {id}","buildId {id}","","16","medium","","",""
"duplicateReviewSection.buildIdUnknown","duplicateReviewSection","ui","buildId unknown","buildId sconosciuto","","20","medium","","",""
"duplicateReviewSection.unresolvedFootnote","duplicateReviewSection","ui","No auto-repair or auto-deletion is performed. Please check individually in My Builds or this page's list.","Non viene eseguita alcuna riparazione o eliminazione automatica. Controlla singolarmente in Le mie build o nell’elenco di questa pagina.","","","medium","","",""
"duplicateReviewSection.similarUnsupportedNote","duplicateReviewSection","ui","Automatic detection of similar candidates is currently not performed, to avoid false positives.","Il rilevamento automatico dei candidati simili al momento non viene eseguito, per evitare falsi positivi.","","","medium","","",""
"duplicateReviewSection.noBuildsLabel","duplicateReviewSection","ui","You have no saved builds.","Non hai build salvate.","","33","medium","","",""
"duplicateReviewSection.noExactMatchLabel","duplicateReviewSection","ui","There are no exact-match saved-build candidates.","Non ci sono candidati identici tra le build salvate.","","63","medium","","",""
"duplicateReviewSection.noMatchingCandidatesLabel","duplicateReviewSection","ui","No duplicate candidates match your criteria.","Nessun possibile duplicato corrisponde ai criteri.","","58","medium","","",""
"duplicateReviewSection.searchFilterSortHeading","duplicateReviewSection","ui","Search, Filter & Sort","Cerca, filtra e ordina","","28","medium","","",""
"duplicateReviewSection.filterActiveLabel","duplicateReviewSection","ui","Active","Attivi","","12","medium","","",""
"duplicateReviewSection.searchLabel","duplicateReviewSection","ui","Search (player name, build name, World ID, buildId, rulesVersion, squad name)","Cerca (nome giocatore, nome build, ID World, buildId, rulesVersion, nome rosa)","","101","medium","","",""
"duplicateReviewSection.searchAriaLabel","duplicateReviewSection","accessibility","Search duplicate candidates","Cerca nei possibili duplicati","","36","high","","",""
"duplicateReviewSection.kindFilterLabel","duplicateReviewSection","ui","Kind","Tipo","","12","medium","","",""
"duplicateReviewSection.allOption","duplicateReviewSection","ui","All","Tutti","","12","medium","","",""
"duplicateReviewSection.exactOption","duplicateReviewSection","ui","Exact-match candidates","Candidati identici","","29","medium","","",""
"duplicateReviewSection.similarOption","duplicateReviewSection","ui","Similar candidates","Candidati simili","","24","medium","","",""
"duplicateReviewSection.usageFilterLabel","duplicateReviewSection","ui","Usage status","Stato di utilizzo","","16","medium","","",""
"duplicateReviewSection.usedOption","duplicateReviewSection","ui","In use","In uso","","12","medium","","",""
"duplicateReviewSection.unusedOption","duplicateReviewSection","ui","Unused","Non usati","","12","medium","","",""
"duplicateReviewSection.rulesFilterLabel","duplicateReviewSection","ui","Rules","Regole","","12","medium","","",""
"duplicateReviewSection.currentRulesOption","duplicateReviewSection","ui","Current rules","Regole attuali","","17","medium","","",""
"duplicateReviewSection.legacyRulesOption","duplicateReviewSection","ui","Outdated rules","Regole obsolete","","19","medium","","",""
"duplicateReviewSection.cardTypeFilterLabel","duplicateReviewSection","ui","Card type","Tipo di carta","","12","medium","","",""
"duplicateReviewSection.registeredPositionFilterLabel","duplicateReviewSection","ui","Registered position","Ruolo registrato","","25","medium","","",""
"duplicateReviewSection.myTeamRefCheckLabel","duplicateReviewSection","ui","Has My Team reference","Usata in La mia squadra","","28","medium","","",""
"duplicateReviewSection.squadRefCheckLabel","duplicateReviewSection","ui","Has squad reference","Usata in una rosa","","25","medium","","",""
"duplicateReviewSection.multiUseCheckLabel","duplicateReviewSection","ui","Used in multiple places","Usata in più punti","","30","medium","","",""
"duplicateReviewSection.pomCheckLabel","duplicateReviewSection","ui","Has Power of Many specified","Con Power of Many indicato","","36","medium","","",""
"duplicateReviewSection.experimentalCheckLabel","duplicateReviewSection","ui","Has experimental estimate","Con stima sperimentale","","33","medium","","",""
"duplicateReviewSection.sortLabel","duplicateReviewSection","ui","Sort","Ordina","","12","medium","","",""
"duplicateReviewSection.clearSearchButton","duplicateReviewSection","ui","Clear search criteria","Azzera criteri di ricerca","","28","medium","","",""
"duplicateReviewSection.exactBadge","duplicateReviewSection","ui","Exact-match candidate","Candidato identico","","28","medium","","",""
"duplicateReviewSection.similarBadge","duplicateReviewSection","ui","Similar candidate","Candidato simile","","23","medium","","",""
"duplicateReviewSection.anyUsedBadge","duplicateReviewSection","ui","Includes in-use","Include build in uso","","20","medium","","",""
"duplicateReviewSection.allUnusedBadge","duplicateReviewSection","ui","All unused","Tutte non usate","","13","medium","","",""
"duplicateReviewSection.matchingFieldsHeading","duplicateReviewSection","ui","Matching fields","Campi coincidenti","","20","medium","","",""
"duplicateReviewSection.differingFieldsHeading","duplicateReviewSection","ui","Differing fields","Campi diversi","","21","medium","","",""
"duplicateReviewSection.similarReasonTemplate","duplicateReviewSection","ui","Reason for similarity: {reason}","Motivo della somiglianza: {reason}","","","medium","","",""
"duplicateReviewSection.usedRefTemplate","duplicateReviewSection","ui","In use — {count} reference(s)","In uso — riferimenti: {count}","","","medium","","",""
"duplicateReviewSection.unusedBadge","duplicateReviewSection","ui","Unused","Non usata","","12","medium","","",""
"duplicateReviewSection.multiUseBadge","duplicateReviewSection","ui","Multiple places","Più punti","","20","medium","","",""
"duplicateReviewSection.pomBadge","duplicateReviewSection","ui","Power of Many specified","Power of Many indicato","","30","medium","","",""
"duplicateReviewSection.experimentalBadge","duplicateReviewSection","ui","Experimental estimate","Stima sperimentale","","28","medium","","",""
"duplicateReviewSection.selectedBoosterLabel","duplicateReviewSection","ui","selectedPlayerBooster: ","selectedPlayerBooster: ","","30","medium","","",""
"duplicateReviewSection.pomFieldLabel","duplicateReviewSection","ui"," / Power of Many: "," / Power of Many: ","","24","medium","","",""
"duplicateReviewSection.estimatedOvrLabel","duplicateReviewSection","ui","Estimated OVR at save time: ","OVR stimato al salvataggio: ","","37","medium","","",""
"duplicateReviewSection.myTeamSelectedInline","duplicateReviewSection","ui","My Team selected / ","Selezionata in La mia squadra / ","","25","medium","","",""
"duplicateReviewSection.myTeamFavoriteInline","duplicateReviewSection","ui","My Team favorite / ","Preferita in La mia squadra / ","","25","medium","","",""
"duplicateReviewSection.noReferenceLabel","duplicateReviewSection","ui","Not referenced","Non usata","","19","medium","","",""
"duplicateReviewSection.openMyTeamLink","duplicateReviewSection","ui","Open My Team","Apri La mia squadra","","16","medium","","",""
"duplicateReviewSection.openSquadTemplate","duplicateReviewSection","ui","Open ""{name}""","Apri ""{name}""","","17","medium","","",""
"buildInventoryView.pageTitle","buildInventoryView","metadata","Build Analysis","Analisi delle build","","19","medium","","",""
"buildInventoryView.pageDescription","buildInventoryView","metadata","Review saved-build usage status, duplicate candidates, outdated rules, and reference issues. Training allocation, My Team, and squads are not changed. A training intent is added to the matching saved build only when you explicitly save it from Build Analysis.","Controlla stato di utilizzo delle build salvate, possibili duplicati, regole obsolete e problemi di riferimento. Distribuzione della progressione, La mia squadra e rose non vengono modificate. Un obiettivo di progressione viene aggiunto alla build salvata corrispondente solo quando lo salvi esplicitamente da Analisi delle build.","","","medium","","",""
"buildInventoryView.scopeLoadingMessage","buildInventoryView","ui","Checking your account…","Verifica dell'account in corso…","","29","medium","","",""
"buildInventoryView.sortUpdatedDesc","buildInventoryView","ui","Newest updated first","Aggiornate di recente","","26","medium","","",""
"buildInventoryView.sortUpdatedAsc","buildInventoryView","ui","Oldest updated first","Aggiornate meno di recente","","26","medium","","",""
"buildInventoryView.sortCreatedDesc","buildInventoryView","ui","Newest created first","Create di recente","","26","medium","","",""
"buildInventoryView.sortPlayerAsc","buildInventoryView","ui","By player name","Per nome giocatore","","19","medium","","",""
"buildInventoryView.sortNameAsc","buildInventoryView","ui","By build name","Per nome build","","17","medium","","",""
"buildInventoryView.sortRefsDesc","buildInventoryView","ui","Most references first","Più riferimenti prima","","28","medium","","",""
"buildInventoryView.sortRefsAsc","buildInventoryView","ui","Fewest references first","Meno riferimenti prima","","30","medium","","",""
"buildInventoryView.sortProblemFirst","buildInventoryView","ui","Problem builds first","Build con problemi prima","","26","medium","","",""
"buildInventoryView.sortUnusedFirst","buildInventoryView","ui","Unused builds first","Build non usate prima","","25","medium","","",""
"buildInventoryView.issueMissing","buildInventoryView","ui","Deleted reference","Riferimento eliminato","","23","medium","","",""
"buildInventoryView.issueMismatch","buildInventoryView","ui","worldCardId mismatch","worldCardId non corrispondente","","26","medium","","",""
"buildInventoryView.issueInvalidBuildId","buildInventoryView","ui","Invalid buildId","buildId non valido","","20","medium","","",""
"buildInventoryView.issueUnknown","buildInventoryView","ui","Unknown reference","Riferimento sconosciuto","","23","medium","","",""
"buildInventoryView.emptyTitle","buildInventoryView","ui","You have no saved builds","Non hai build salvate","","32","medium","","",""
"buildInventoryView.emptyDescription","buildInventoryView","ui","Adjust progression on the player detail or compare screen, then add it with ""Save this progression.""","Regola la progressione nel dettaglio giocatore o nel confronto, poi aggiungila con ""Salva questa progressione"".","","","medium","","",""
"buildInventoryView.openCompareLink","buildInventoryView","ui","Open player compare","Apri confronto giocatori","","25","medium","","",""
"buildInventoryView.openMyBuildsLink","buildInventoryView","ui","Open My Builds","Apri Le mie build","","19","medium","","",""
"buildInventoryView.openMyTeamLink","buildInventoryView","ui","Open My Team","Apri La mia squadra","","16","medium","","",""
"buildInventoryView.openSquadsLink","buildInventoryView","ui","Open squads","Apri rose","","15","medium","","",""
"buildInventoryView.storageWarningTemplate","buildInventoryView","ui","This browser cannot read {missing} saved data (localStorage unavailable). Analysis results are incomplete to that extent.","Questo browser non può leggere i dati salvati di {missing} (localStorage non disponibile). I risultati dell'analisi sono incompleti in tale misura.","","","high","","",""
"buildInventoryView.missingBuildsLabel","buildInventoryView","ui","saved builds","build salvate","","16","medium","","",""
"buildInventoryView.missingMyTeamLabel","buildInventoryView","ui","My Team","La mia squadra","","12","medium","","",""
"buildInventoryView.missingSquadLabel","buildInventoryView","ui","squad","rosa","","12","medium","","",""
"buildInventoryView.cardsErrorSuffix","buildInventoryView","ui"," (analysis targets are still shown — only card names/images are missing.)"," (gli elementi analizzati sono comunque mostrati — mancano solo nomi e immagini delle carte.)","","","high","","",""
"buildInventoryView.staleNoticeTemplate","buildInventoryView","ui","{targets} were updated in another tab.","Aggiornati in un'altra scheda: {targets}.","","","medium","","",""
"buildInventoryView.staleBuildLabel","buildInventoryView","ui","Saved builds","Build salvate","","16","medium","","",""
"buildInventoryView.staleMyTeamLabel","buildInventoryView","ui","My Team","La mia squadra","","12","medium","","",""
"buildInventoryView.staleSquadLabel","buildInventoryView","ui","Squads","Rose","","12","medium","","",""
"buildInventoryView.summaryHeading","buildInventoryView","ui","Overall Summary","Riepilogo generale","","20","medium","","",""
"buildInventoryView.statusPrefix","buildInventoryView","ui","— Status: ","— Stato: ","","13","medium","","",""
"buildInventoryView.statusWarning","buildInventoryView","ui","Attention (problem references present)","Attenzione (riferimenti con problemi presenti)","","","high","","",""
"buildInventoryView.statusNormal","buildInventoryView","ui","Normal","Normale","","12","medium","","",""
"buildInventoryView.totalBuildsLabel","buildInventoryView","ui","Total saved builds","Build salvate totali","","24","medium","","",""
"buildInventoryView.usedLabel","buildInventoryView","ui","In use","In uso","","12","medium","","",""
"buildInventoryView.unusedLabel","buildInventoryView","ui","Unused","Non usate","","12","medium","","",""
"buildInventoryView.multiUseLabel","buildInventoryView","ui","Used in multiple places","Usate in più punti","","30","medium","","",""
"buildInventoryView.myTeamSelectedLabel","buildInventoryView","ui","Selected in My Team","Selezionate in La mia squadra","","25","medium","","",""
"buildInventoryView.myTeamFavoriteLabel","buildInventoryView","ui","Favorite in My Team","Preferite in La mia squadra","","25","medium","","",""
"buildInventoryView.squadUsedLabel","buildInventoryView","ui","Used in squads","Usate nelle rose","","19","medium","","",""
"buildInventoryView.currentRulesLabel","buildInventoryView","ui","Current rules","Regole attuali","","17","medium","","",""
"buildInventoryView.legacyRulesLabel","buildInventoryView","ui","Outdated rules","Regole obsolete","","19","medium","","",""
"buildInventoryView.unknownRulesLabel","buildInventoryView","ui","Rules unknown","Regole sconosciute","","17","medium","","",""
"buildInventoryView.pomBuildsLabel","buildInventoryView","ui","Has Power of Many specified","Con Power of Many indicato","","36","medium","","",""
"buildInventoryView.experimentalBuildsLabel","buildInventoryView","ui","Has experimental estimate","Con stima sperimentale","","33","medium","","",""
"buildInventoryView.missingMyTeamRefsLabel","buildInventoryView","ui","Deleted My Team references","Riferimenti eliminati in La mia squadra","","34","medium","","",""
"buildInventoryView.missingSquadRefsLabel","buildInventoryView","ui","Deleted squad references","Riferimenti eliminati nelle rose","","32","medium","","",""
"buildInventoryView.mismatchRefsLabel","buildInventoryView","ui","worldCardId mismatches","worldCardId non corrispondenti","","29","medium","","",""
"buildInventoryView.invalidBuildIdRefsLabel","buildInventoryView","ui","Invalid buildIds","buildId non validi","","21","medium","","",""
"buildInventoryView.unknownRefsLabel","buildInventoryView","ui","Unknown references","Riferimenti sconosciuti","","24","medium","","",""
"buildInventoryView.unitBuildSuffix","buildInventoryView","ui","build(s)","build","","12","medium","","",""
"buildInventoryView.unitSlotSuffix","buildInventoryView","ui","slot(s)","slot","","12","medium","","",""
"buildInventoryView.summaryFootnote","buildInventoryView","ui","Units: ""build(s)"" = per saved build, ""count"" = number of normal/problem references, ""slot(s)"" = squad slots. Deleted or worldCardId-mismatched references are not counted as ""in use.""","Unità: ""build"" = per build salvata, ""numero"" = quantità di riferimenti normali/con problemi, ""slot"" = slot delle rose. I riferimenti eliminati o con worldCardId non corrispondente non sono contati come ""in uso"".","","","medium","","",""
"buildInventoryView.legacyGuideHeadingTemplate","buildInventoryView","ui","Outdated-Rule Build Review Guide ({count} build(s))","Guida alla revisione delle build con regole obsolete (build: {count})","","","medium","","",""
"buildInventoryView.legacyGuideIntro","buildInventoryView","ui","A read-only guide for reviewing builds saved under outdated rules (an old rulesVersion) and, if needed, re-adjusting them to current rules yourself, individually. This screen never auto-converts, bulk-converts, overwrites, deletes, unlinks, or reassigns outdated-rule builds. Existing outdated-rule builds are kept as-is. This is not an ""automatic migration feature.""","Una guida in sola lettura per controllare le build salvate con regole obsolete (una vecchia rulesVersion) e, se serve, riadattarle tu stesso alle regole attuali, una per una. Questa schermata non converte mai automaticamente o in blocco, non sovrascrive, non elimina, non scollega e non riassegna le build con regole obsolete. Le build esistenti con regole obsolete restano invariate. Non è una ""funzione di migrazione automatica"".","","","medium","","",""
"buildInventoryView.legacyGuideCaution","buildInventoryView","ui","Caution (this screen is read-only)","Attenzione (questa schermata è in sola lettura)","","","medium","","",""
"buildInventoryView.legacyGuideCautionNotes","buildInventoryView","ui","Outdated-rule builds have not been automatically converted to current rules. The allocation interpretation may differ from current rules.｜This screen never bulk-converts, overwrites, deletes, unlinks, or reassigns outdated-rule builds.｜Points are shown using the outdated rulesVersion's ruleset as saved (not recalculated under current rules).","Le build con regole obsolete non sono state convertite automaticamente alle regole attuali. L'interpretazione della distribuzione può differire dalle regole attuali.｜Questa schermata non converte mai in blocco, non sovrascrive, non elimina, non scollega e non riassegna le build con regole obsolete.｜I punti sono mostrati con il regolamento della rulesVersion obsoleta così come salvato (non ricalcolati con le regole attuali).","","","medium","","",""
"buildInventoryView.legacyStepsHeading","buildInventoryView","ui","Steps to re-verify under current rules (per build)","Passaggi per riverificare con le regole attuali (per build)","","65","medium","","",""
"buildInventoryView.legacyStep1","buildInventoryView","ui","Check the outdated-rule build's allocation, rulesVersion, and usage status in the list below.","Controlla nell'elenco qui sotto distribuzione, rulesVersion e stato di utilizzo della build con regole obsolete.","","","medium","","",""
"buildInventoryView.legacyStep2","buildInventoryView","ui","Open the target player's Progression tab via each build's ""Open in Progression"" (the outdated-rule build's allocation is not loaded automatically).","Apri la scheda Progressione del giocatore tramite ""Apri in Progressione"" di ogni build (la distribuzione della build con regole obsolete non viene caricata automaticamente).","","","medium","","",""
"buildInventoryView.legacyStep3","buildInventoryView","ui","Review and adjust the allocation under current rules.","Controlla e regola la distribuzione con le regole attuali.","","","medium","","",""
"buildInventoryView.legacyStep4","buildInventoryView","ui","Without overwriting the existing outdated-rule build, save it under a new build name (""Save this progression"").","Senza sovrascrivere la build esistente con regole obsolete, salvala con un nuovo nome (""Salva questa progressione"").","","","medium","","",""
"buildInventoryView.legacyStep5","buildInventoryView","ui","Re-select the newly saved build individually in My Team or a squad (the ""Choose a saved build"" panel in My Team / the squad editor).","Seleziona di nuovo, una per una, la build appena salvata in La mia squadra o in una rosa (pannello ""Scegli una build salvata"" in La mia squadra / editor della rosa).","","","medium","","",""
"buildInventoryView.legacyStep6","buildInventoryView","ui","Decide individually in My Builds whether the outdated-rule build is still needed, after confirming references have been removed.","Decidi singolarmente in Le mie build se la build con regole obsolete serve ancora, dopo aver verificato che i riferimenti siano stati rimossi.","","","medium","","",""
"buildInventoryView.legacyNote1","buildInventoryView","ui","Even after saving a new build, the existing outdated-rule build remains as-is.","Anche dopo aver salvato una nuova build, quella esistente con regole obsolete resta invariata.","","","medium","","",""
"buildInventoryView.legacyNote2","buildInventoryView","ui","References in My Team and squads do not switch automatically. Please re-select them manually.","I riferimenti in La mia squadra e nelle rose non cambiano automaticamente. Selezionali di nuovo manualmente.","","","medium","","",""
"buildInventoryView.legacyNote3","buildInventoryView","ui","After reviewing, you can manage it individually (rename, duplicate, delete) from My Builds.","Dopo la revisione puoi gestirla singolarmente (rinominare, duplicare, eliminare) da Le mie build.","","","medium","","",""
"buildInventoryView.legacyUnitFootnote","buildInventoryView","ui","Units: ""build(s)"" = per saved build, ""count"" = reference count, ""slot(s)"" = squad slots.","Unità: ""build"" = per build salvata, ""numero"" = quantità di riferimenti, ""slot"" = slot delle rose.","","","medium","","",""
"buildInventoryView.showLegacyOnlyButton","buildInventoryView","ui","Show only outdated-rule builds","Mostra solo build con regole obsolete","","39","medium","","",""
"buildInventoryView.clearFilterButton","buildInventoryView","ui","Clear filter","Cancella filtro","","16","medium","","",""
"buildInventoryView.manageInMyBuildsLink","buildInventoryView","ui","Manage in My Builds","Gestisci in Le mie build","","25","medium","","",""
"buildInventoryView.perRowGuideNote","buildInventoryView","ui","Each outdated-rule build row below has its own links: ""Player detail / Open in Progression / Manage in My Builds / My Team / squads in use.""","Ogni riga di build con regole obsolete qui sotto ha i propri link: ""Dettaglio giocatore / Apri in Progressione / Gestisci in Le mie build / La mia squadra / rose in cui è usata"".","","","medium","","",""
"buildInventoryView.noLegacyTitle","buildInventoryView","ui","No outdated-rule builds","Nessuna build con regole obsolete","","30","medium","","",""
"buildInventoryView.noLegacyDescription","buildInventoryView","ui","Your saved builds are all under current rules, unknown rules, or there are no saved builds. There are several possible reasons no outdated-rule builds exist, so this does not confirm an explicit migration took place.","Le tue build salvate usano tutte regole attuali o sconosciute, oppure non ci sono build salvate. L'assenza di build con regole obsolete può avere diverse cause, quindi non conferma che sia avvenuta una migrazione esplicita.","","","medium","","",""
"buildInventoryView.issuesSummaryTemplate","buildInventoryView","ui","Deleted or invalid saved-build references ({count})","Riferimenti a build salvate eliminati o non validi ({count})","","","medium","","",""
"buildInventoryView.noIssuesLabel","buildInventoryView","ui","There are no deleted or invalid saved-build references.","Non ci sono riferimenti a build salvate eliminati o non validi.","","72","medium","","",""
"buildInventoryView.allFilterLabel","buildInventoryView","ui","All","Tutti","","12","medium","","",""
"buildInventoryView.searchIssuesPlaceholder","buildInventoryView","ui","Squad name, buildId, World ID","Nome rosa, buildId, World ID","","38","medium","","",""
"buildInventoryView.searchIssuesAriaLabel","buildInventoryView","accessibility","Search problem references","Cerca riferimenti con problemi","","33","high","","",""
"buildInventoryView.noMatchingIssuesLabel","buildInventoryView","ui","No problem references match your criteria.","Nessun riferimento con problemi corrisponde ai criteri.","","55","medium","","",""
"buildInventoryView.issuesFootnote","buildInventoryView","ui","This list is for review only. It does not unlink, reassign, or auto-repair references. Please check and fix them individually in My Team / the target squad / My Builds.","Questo elenco serve solo per la revisione. Non scollega, non riassegna e non ripara automaticamente i riferimenti. Controllali e correggili singolarmente in La mia squadra / nella rosa interessata / in Le mie build.","","","medium","","",""
"buildInventoryView.searchFilterSortHeading","buildInventoryView","ui","Search, Filter & Sort","Ricerca, filtri e ordinamento","","28","medium","","",""
"buildInventoryView.filterActiveLabel","buildInventoryView","ui","Active","Attivo","","12","medium","","",""
"buildInventoryView.searchLabel","buildInventoryView","ui","Search (build name, player name, World ID, buildId, squad name)","Cerca (nome build, nome giocatore, World ID, buildId, nome rosa)","","82","medium","","",""
"buildInventoryView.searchPlaceholderExample","buildInventoryView","ui","Messi / Finisher / 89138556575063 / Main","Messi / Finalizzatore / 89138556575063 / Principale","","","medium","","",""
"buildInventoryView.searchAriaLabel","buildInventoryView","accessibility","Search saved builds","Cerca build salvate","","25","high","","",""
"buildInventoryView.usageFilterLabel","buildInventoryView","ui","Usage status","Stato di utilizzo","","16","medium","","",""
"buildInventoryView.allOption","buildInventoryView","ui","All","Tutte","","12","medium","","",""
"buildInventoryView.usedOption","buildInventoryView","ui","In use","In uso","","12","medium","","",""
"buildInventoryView.unusedOption","buildInventoryView","ui","Unused","Non usate","","12","medium","","",""
"buildInventoryView.rulesFilterLabel","buildInventoryView","ui","Rules","Regole","","12","medium","","",""
"buildInventoryView.currentRulesOption","buildInventoryView","ui","Current rules","Regole attuali","","17","medium","","",""
"buildInventoryView.legacyRulesOption","buildInventoryView","ui","Outdated rules","Regole obsolete","","19","medium","","",""
"buildInventoryView.unknownRulesOption","buildInventoryView","ui","Rules unknown","Regole sconosciute","","17","medium","","",""
"buildInventoryView.cardTypeFilterLabel","buildInventoryView","ui","Card type","Tipo di carta","","12","medium","","",""
"buildInventoryView.registeredPositionFilterLabel","buildInventoryView","ui","Registered position","Ruolo registrato","","25","medium","","",""
"buildInventoryView.myTeamSelectedCheckLabel","buildInventoryView","ui","Selected in My Team","Selezionata in La mia squadra","","25","medium","","",""
"buildInventoryView.myTeamFavoriteCheckLabel","buildInventoryView","ui","Favorite in My Team","Preferita in La mia squadra","","25","medium","","",""
"buildInventoryView.squadUsedCheckLabel","buildInventoryView","ui","Used in a squad","Usata in una rosa","","20","medium","","",""
"buildInventoryView.multiUseCheckLabel","buildInventoryView","ui","Used in multiple places","Usata in più punti","","30","medium","","",""
"buildInventoryView.pomCheckLabel","buildInventoryView","ui","Has Power of Many specified","Con Power of Many indicato","","36","medium","","",""
"buildInventoryView.experimentalCheckLabel","buildInventoryView","ui","Has experimental estimate","Con stima sperimentale","","33","medium","","",""
"buildInventoryView.problemRefCheckLabel","buildInventoryView","ui","Has a problem reference","Con un riferimento problematico","","30","medium","","",""
"buildInventoryView.sortAriaLabel","buildInventoryView","accessibility","Sort","Ordina","","12","high","","",""
"buildInventoryView.clearSearchButton","buildInventoryView","ui","Clear search criteria","Cancella criteri di ricerca","","28","medium","","",""
"buildInventoryView.showingCountPrefix","buildInventoryView","ui","Showing ","Visualizzate ","","12","medium","","",""
"buildInventoryView.showingCountMiddle","buildInventoryView","ui"," of "," di ","","12","medium","","",""
"buildInventoryView.showingCountSuffix","buildInventoryView","ui"," build(s)"," build","","12","medium","","",""
"buildInventoryView.noResultsTitle","buildInventoryView","ui","No saved builds match your criteria","Nessuna build salvata corrisponde ai criteri","","46","medium","","",""
"buildInventoryView.noResultsDescription","buildInventoryView","ui","Try changing your search terms or filters.","Prova a cambiare i termini di ricerca o i filtri.","","","medium","","",""
"buildInventoryView.usageHeadingTemplate","buildInventoryView","ui","Usage (total {count} reference(s))","Utilizzo (riferimenti totali: {count})","","","medium","","",""
"buildInventoryView.myTeamSelectedCountTemplate","buildInventoryView","ui","Selected in My Team ({count})","Selezionata in La mia squadra ({count})","","","medium","","",""
"buildInventoryView.myTeamFavoriteCountTemplate","buildInventoryView","ui","Favorite build in My Team ({count})","Build preferita in La mia squadra ({count})","","","medium","","",""
"buildInventoryView.squadAreaSuffixTemplate","buildInventoryView","ui"," ({areas} · squadId {squadId})"," ({areas} · squadId {squadId})","","","medium","","",""
"buildInventoryView.starterSlotsTemplate","buildInventoryView","ui","{count} starter slot(s)","Slot titolari: {count}","","30","medium","","",""
"buildInventoryView.benchSlotsTemplate","buildInventoryView","ui","{count} bench slot(s)","Slot panchina: {count}","","28","medium","","",""
"buildInventoryView.notUsedLabel","buildInventoryView","ui","Not referenced anywhere (unused).","Non referenziata da nessuna parte (non usata).","","43","medium","","",""
"buildInventoryView.myTeamLinkLabel","buildInventoryView","ui","My Team","La mia squadra","","12","medium","","",""
"buildInventoryView.usedRefTemplate","buildInventoryView","ui","In use — {count} reference(s)","In uso — riferimenti: {count}","","","medium","","",""
"buildInventoryView.multiUseBadge","buildInventoryView","ui","Multiple places","Più punti","","20","medium","","",""
"buildInventoryView.mismatchRefTemplate","buildInventoryView","ui","worldCardId mismatch x{count}","worldCardId non corrispondente x{count}","","","medium","","",""
"buildInventoryView.starterAreaLabel","buildInventoryView","ui","Starter","Titolare","","12","medium","","",""
"buildInventoryView.benchAreaLabel","buildInventoryView","ui","Bench","Panchina","","12","medium","","",""
"buildInventoryView.squadSourceTemplate","buildInventoryView","ui","{area} · {squadName} ({squadId}) · {slot}","{area} · {squadName} ({squadId}) · {slot}","","","medium","","",""
"buildInventoryView.myTeamSelectedSourceTemplate","buildInventoryView","ui","My Team selected (teamCardId {teamCardId})","Selezionata in La mia squadra (teamCardId {teamCardId})","","","medium","","",""
"buildInventoryView.myTeamFavoriteSourceTemplate","buildInventoryView","ui","My Team favorite (teamCardId {teamCardId})","Preferita in La mia squadra (teamCardId {teamCardId})","","","medium","","",""
"buildInventoryView.openSquadLink","buildInventoryView","ui","Open target squad","Apri la rosa interessata","","23","medium","","",""
"buildInventoryView.experimentalSuffixTemplate","buildInventoryView","ui"," / Experimental estimate: {value}"," / Stima sperimentale: {value}","","","medium","","",""
"buildInventoryView.experimentalYesLabel","buildInventoryView","ui","Yes","Sì","","12","medium","","",""
"buildInventoryView.experimentalNoLabel","buildInventoryView","ui","No","No","","12","medium","","",""
"buildAnalysis.analyzeButtonLabel","buildAnalysis","ui","Analyze This Build","Analizza questa build","","24","medium","","",""
"buildAnalysis.analyzingStatusLabel","buildAnalysis","ui","Analyzing","Analisi in corso","","12","medium","","",""
"buildAnalysis.panelHeadingTemplate","buildAnalysis","ui","Individual analysis for {name}","Analisi individuale di {name}","","","medium","","",""
"buildAnalysis.closePanelAriaTemplate","buildAnalysis","accessibility","Close analysis for {name}","Chiudi l’analisi di {name}","","","high","","",""
"buildAnalysis.normalModeLabel","buildAnalysis","ui","Normal","Normale","","12","medium","","",""
"buildAnalysis.harshModeLabel","buildAnalysis","ui","Harsh","Schietto","","12","medium","","",""
"buildAnalysis.modeToggleGroupAriaLabel","buildAnalysis","accessibility","Switch review mode","Cambia modalità di valutazione","","24","high","","",""
"buildAnalysis.pointsHeading","buildAnalysis","ui","Progression Points","Punti progressione","","24","medium","","",""
"buildAnalysis.trainingFocusHeading","buildAnalysis","ui","Training Focus","Focus della progressione","","19","medium","","",""
"buildAnalysis.strongestGrowthHeading","buildAnalysis","ui","Strongest Growth Areas","Aree con la crescita maggiore","","29","medium","","",""
"buildAnalysis.underinvestedHeading","buildAnalysis","ui","Relatively Underinvested Areas","Aree relativamente poco investite","","39","medium","","",""
"buildAnalysis.strengthsHeading","buildAnalysis","ui","Strengths","Punti di forza","","12","medium","","",""
"buildAnalysis.concernsHeading","buildAnalysis","ui","Concerns","Criticità","","12","medium","","",""
"buildAnalysis.normalReviewHeading","buildAnalysis","ui","Normal Review","Valutazione normale","","17","medium","","",""
"buildAnalysis.harshReviewHeading","buildAnalysis","ui","Harsh Review","Valutazione schietta","","16","medium","","",""
"buildAnalysis.improvementHeading","buildAnalysis","ui","Improvement Suggestions","Suggerimenti di miglioramento","","30","medium","","",""
"buildAnalysis.comparisonHeading","buildAnalysis","ui","Comparison with Other Builds (Same Card)","Confronto con le altre build (stessa carta)","","52","medium","","",""
"buildAnalysis.limitationsHeading","buildAnalysis","ui","Analysis Limitations","Limiti dell’analisi","","26","medium","","",""
"buildAnalysis.confidenceLabel","buildAnalysis","ui","Analysis Confidence","Affidabilità dell’analisi","","25","medium","","",""
"buildAnalysis.confidenceHigh","buildAnalysis","ui","High","Alta","","12","medium","","",""
"buildAnalysis.confidenceMedium","buildAnalysis","ui","Medium","Media","","12","medium","","",""
"buildAnalysis.confidenceLimited","buildAnalysis","ui","Limited","Limitata","","12","medium","","",""
"buildAnalysis.confidenceUnavailable","buildAnalysis","ui","Unavailable","Non disponibile","","15","medium","","",""
"buildAnalysis.noStrengthsText","buildAnalysis","ui","No clear strengths can be confirmed at this time.","Al momento non si possono confermare punti di forza evidenti.","","","medium","","",""
"buildAnalysis.noConcernsText","buildAnalysis","ui","No clear concerns can be confirmed at this time.","Al momento non si possono confermare criticità evidenti.","","","medium","","",""
"buildAnalysis.noSuggestionsText","buildAnalysis","ui","There are no improvement suggestions to show at this time.","Al momento non ci sono suggerimenti di miglioramento da mostrare.","","","medium","","",""
"buildAnalysis.noComparisonText","buildAnalysis","ui","There are no other saved builds for this card.","Non ci sono altre build salvate per questa carta.","","","medium","","",""
"buildAnalysis.noLimitationsText","buildAnalysis","ui","No notable limitations.","Nessun limite rilevante.","","30","medium","","",""
"buildAnalysis.priorityLabelTemplate","buildAnalysis","ui","Priority {priority}","Priorità {priority}","","25","medium","","",""
"buildAnalysis.suggestionTargetTemplate","buildAnalysis","ui","Target area: {category}","Area interessata: {category}","","30","medium","","",""
"buildAnalysis.suggestionReasonLabel","buildAnalysis","ui","Reason: ","Motivo: ","","12","medium","","",""
"buildAnalysis.suggestionRecheckLabel","buildAnalysis","ui","Recheck: ","Da ricontrollare: ","","12","medium","","",""
"buildAnalysis.suggestionPreserveLabel","buildAnalysis","ui","Preserve: ","Da mantenere: ","","13","medium","","",""
"buildAnalysis.suggestionPreserveNoneText","buildAnalysis","ui","None in particular","Niente in particolare","","24","medium","","",""
"buildAnalysis.improvementSourceIntentLabel","buildAnalysis","ui","Improvement candidate based on your selected training intent","Miglioramento proposto in base all’intenzione di progressione scelta","","78","medium","","",""
"buildAnalysis.generalSuggestionsToggleLabel","buildAnalysis","ui","See general-perspective improvement candidates too","Mostra anche i miglioramenti da un punto di vista generale","","65","medium","","",""
"buildAnalysis.comparisonUsedPointsMoreTemplate","buildAnalysis","ui","The current build uses {diff}pt more than ""{other}"".","La build attuale usa {diff} pt in più rispetto a ""{other}"".","","","medium","","",""
"buildAnalysis.comparisonUsedPointsLessTemplate","buildAnalysis","ui","The current build uses {diff}pt less than ""{other}"".","La build attuale usa {diff} pt in meno rispetto a ""{other}"".","","","medium","","",""
"buildAnalysis.comparisonUsedPointsSameText","buildAnalysis","ui","The current build and ""{other}"" use the same amount of points.","La build attuale e ""{other}"" usano lo stesso numero di punti.","","","medium","","",""
"buildAnalysis.comparisonRemainingPointsDiffUnknownText","buildAnalysis","ui","Remaining points diff: unknown","Differenza dei punti rimanenti: sconosciuta","","","medium","","",""
"buildAnalysis.comparisonRemainingPointsMoreTemplate","buildAnalysis","ui","The current build has {diff}pt more remaining points than ""{other}"".","La build attuale ha {diff} pt rimanenti in più rispetto a ""{other}"".","","","medium","","",""
"buildAnalysis.comparisonRemainingPointsLessTemplate","buildAnalysis","ui","The current build has {diff}pt fewer remaining points than ""{other}"".","La build attuale ha {diff} pt rimanenti in meno rispetto a ""{other}"".","","","medium","","",""
"buildAnalysis.comparisonRemainingPointsSameText","buildAnalysis","ui","The current build and ""{other}"" have the same remaining points.","La build attuale e ""{other}"" hanno gli stessi punti rimanenti.","","","medium","","",""
"buildAnalysis.comparisonOvrMoreTemplate","buildAnalysis","ui","The current build's saved estimated OVR is {diff} higher than ""{other}"".","L’OVR stimato salvato della build attuale è superiore di {diff} rispetto a ""{other}"".","","","medium","","",""
"buildAnalysis.comparisonOvrLessTemplate","buildAnalysis","ui","The current build's saved estimated OVR is {diff} lower than ""{other}"".","L’OVR stimato salvato della build attuale è inferiore di {diff} rispetto a ""{other}"".","","","medium","","",""
"buildAnalysis.comparisonOvrSameText","buildAnalysis","ui","The current build and ""{other}"" have the same saved estimated OVR.","La build attuale e ""{other}"" hanno lo stesso OVR stimato salvato.","","","medium","","",""
"buildAnalysis.comparisonOvrDiffUnknownText","buildAnalysis","ui","Saved estimated OVR diff: unknown","Differenza dell’OVR stimato salvato: sconosciuta","","","medium","","",""
"buildAnalysis.comparisonFocusDifferentTemplate","buildAnalysis","ui","Training focus differs: this build centers on {current}, the other on {other}.","Il focus della progressione è diverso: questa build punta su {current}, l’altra su {other}.","","","medium","","",""
"buildAnalysis.comparisonFocusSameText","buildAnalysis","ui","This build's training focus may be similar to the other one.","Il focus della progressione di questa build potrebbe essere simile a quello dell’altra.","","","medium","","",""
"buildAnalysis.comparisonUsedStatusUsed","buildAnalysis","ui","In use","In uso","","12","medium","","",""
"buildAnalysis.comparisonUsedStatusUnused","buildAnalysis","ui","Not in use","Non in uso","","13","medium","","",""
"buildAnalysis.comparisonUpdatedAtTemplate","buildAnalysis","ui","Updated: {updatedAt}","Aggiornata: {updatedAt}","","26","medium","","",""
"buildAnalysis.trainingFocusNoneText","buildAnalysis","ui","No progression points have been allocated yet.","Non sono ancora stati assegnati punti progressione.","","","medium","","",""
"buildAnalysis.trainingFocusSingleTemplate","buildAnalysis","ui","Focused on {category} (Lv.{level}).","Concentrata su {category} (Liv. {level}).","","","medium","","",""
"buildAnalysis.trainingFocusDominantTemplate","buildAnalysis","ui","Centered on {category} (Lv.{level}), with some allocation to {secondary} as well.","Incentrata su {category} (Liv. {level}), con qualche punto anche su {secondary}.","","","medium","","",""
"buildAnalysis.trainingFocusDominantNoSecondaryTemplate","buildAnalysis","ui","Centered on {category} (Lv.{level}).","Incentrata su {category} (Liv. {level}).","","","medium","","",""
"buildAnalysis.trainingFocusBalancedTemplate","buildAnalysis","ui","Allocated evenly across multiple areas rather than concentrating on one.","Punti distribuiti in modo uniforme su più aree invece che concentrati su una sola.","","","medium","","",""
"buildAnalysis.strongestGrowthNoneText","buildAnalysis","ui","No area has been meaningfully strengthened yet.","Nessuna area è stata ancora rafforzata in modo significativo.","","","medium","","",""
"buildAnalysis.underinvestedNoneText","buildAnalysis","ui","No area is notably underinvested.","Nessuna area risulta particolarmente poco investita.","","","medium","","",""
"buildAnalysis.completionLabel","buildAnalysis","ui","Completion State","Stato di completamento","","21","medium","","",""
"buildAnalysis.completionUnallocated","buildAnalysis","ui","Not started (no allocation)","Non iniziata (nessuna distribuzione)","","","medium","","",""
"buildAnalysis.completionInProgress","buildAnalysis","ui","In progress","In corso","","15","medium","","",""
"buildAnalysis.completionNearComplete","buildAnalysis","ui","Nearly complete","Quasi completa","","20","medium","","",""
"buildAnalysis.completionComplete","buildAnalysis","ui","Allocation complete","Distribuzione completa","","25","medium","","",""
"buildAnalysis.completionUnknown","buildAnalysis","ui","Unknown (missing maximum level data)","Sconosciuto (mancano i dati del livello massimo)","","","medium","","",""
"buildAnalysis.findingNoAllocationNormal","buildAnalysis","ui","No progression points have been allocated yet.","Non sono ancora stati assegnati punti progressione.","","","medium","","",""
"buildAnalysis.findingNoAllocationHarsh","buildAnalysis","ui","No progression points have been allocated at all — this saved build hasn't shown its intent yet.","Non è stato assegnato nemmeno un punto progressione: questa build salvata non mostra ancora alcuna intenzione.","","","medium","","",""
"buildAnalysis.findingFocusedPrimaryCategoryNormal","buildAnalysis","ui","A clear training direction: focused on strengthening {category} (Lv.{level}).","Una direzione di progressione chiara: punta a rafforzare {category} (Liv. {level}).","","","medium","","",""
"buildAnalysis.findingFocusedPrimaryCategoryHarsh","buildAnalysis","ui","Heavily concentrated on {category} (Lv.{level}) alone, leaving other areas largely untouched. Worth rechecking whether that matches the intended use.","Molto concentrata solo su {category} (Liv. {level}), lasciando le altre aree quasi intatte. Conviene ricontrollare se corrisponde all’uso previsto.","","","medium","","",""
"buildAnalysis.findingBalancedAllocationNormal","buildAnalysis","ui","Allocated evenly across {count} areas.","Punti distribuiti in modo uniforme su {count} aree.","","","medium","","",""
"buildAnalysis.findingBalancedAllocationHarsh","buildAnalysis","ui","Allocation is spread across {count} areas. Without a stated priority area or primary goal, this distribution alone cannot be judged as fitting or not fitting any particular use.","La distribuzione è sparsa su {count} aree. Senza un’area prioritaria o un obiettivo principale indicati, questa distribuzione da sola non permette di giudicare se sia adatta o meno a un uso specifico.","","","medium","","",""
"buildAnalysis.findingNearFullyAllocated","buildAnalysis","ui","Few points remain, so this allocation is nearly complete.","Restano pochi punti, quindi questa distribuzione è quasi completa.","","","medium","","",""
"buildAnalysis.findingManyRemainingPointsNormal","buildAnalysis","ui","{remaining}pt remain unused, so there's still room to allocate.","Restano {remaining} pt inutilizzati, quindi c’è ancora margine per distribuirli.","","","medium","","",""
"buildAnalysis.findingManyRemainingPointsHarsh","buildAnalysis","ui","{remaining}pt are still sitting unused — it's too early to treat this allocation as finished.","Ci sono ancora {remaining} pt inutilizzati: è troppo presto per considerare conclusa questa distribuzione.","","","medium","","",""
"buildAnalysis.findingUnderinvestedAreaPresentNormal","buildAnalysis","ui","Allocation to {category} is relatively low, though that doesn't necessarily mean the stats themselves are low.","La distribuzione su {category} è relativamente bassa, ma questo non significa necessariamente che le statistiche stesse siano basse.","","","medium","","",""
"buildAnalysis.findingUnderinvestedAreaPresentHarsh","buildAnalysis","ui","There's currently no allocation to {category}. Worth rechecking whether that's really unnecessary for the intended use.","Al momento non ci sono punti su {category}. Conviene ricontrollare se per l’uso previsto non servano davvero.","","","medium","","",""
"buildAnalysis.findingLegacyOrUnknownRulesNormal","buildAnalysis","ui","This build was saved under legacy or unknown rules. Rechecking it under the current rules is recommended.","Questa build è stata salvata con regole precedenti o sconosciute. Si consiglia di ricontrollarla con le regole attuali.","","","medium","","",""
"buildAnalysis.findingLegacyOrUnknownRulesHarsh","buildAnalysis","ui","Still saved under legacy rules, without a recheck under the current rules.","È ancora salvata con le regole precedenti e non è stata ricontrollata con quelle attuali.","","","medium","","",""
"buildAnalysis.findingReferenceAnomalyNormal","buildAnalysis","ui","A data mismatch was found where this saved build is referenced. See the inventory results for details.","È stata trovata un’incongruenza nei dati dove questa build salvata è referenziata. Vedi i risultati dell’inventario per i dettagli.","","","medium","","",""
"buildAnalysis.findingReferenceAnomalyHarsh","buildAnalysis","ui","There's a reference anomaly on this saved build. Fixing the reference should take priority over a detailed training analysis.","Questa build salvata ha un’anomalia di riferimento. Correggere il riferimento ha la precedenza su un’analisi dettagliata della progressione.","","","medium","","",""
"buildAnalysis.findingExperimentalTrialIncluded","buildAnalysis","ui","Includes an experimental player booster trial.","Include una prova sperimentale di booster del giocatore.","","","medium","","",""
"buildAnalysis.findingPowerOfManyIncluded","buildAnalysis","ui","The Power of Many selection is a user-entered trial value, not one automatically verified in-game.","La selezione di Power of Many è un valore di prova inserito dall’utente, non verificato automaticamente nel gioco.","","","medium","","",""
"buildAnalysis.findingUniqueVsSiblings","buildAnalysis","ui","A training direction not shared by the other saved builds for this card.","Una direzione di progressione che le altre build salvate di questa carta non hanno.","","","medium","","",""
"buildAnalysis.findingOverlapsWithSiblingNormal","buildAnalysis","ui","Training focus looks close to ""{siblingName}"". It may help to confirm how you're using each one.","Il focus della progressione sembra vicino a ""{siblingName}"". Può essere utile verificare come usi ciascuna delle due.","","","medium","","",""
"buildAnalysis.findingOverlapsWithSiblingHarsh","buildAnalysis","ui","Training focus is close to ""{siblingName}"" — the reason for keeping them as separate saves is weak.","Il focus della progressione è vicino a ""{siblingName}"": il motivo per tenerle come salvataggi separati è debole.","","","medium","","",""
"buildAnalysis.findingOverlapsWithSiblingAbilityConfirmedHarsh","buildAnalysis","ui","Both the training focus and the main 26-ability composition are close to ""{siblingName}"" — based on what can currently be confirmed, there isn't a clear reason to keep these saved separately for different uses.","Sia il focus della progressione sia la composizione delle 26 statistiche principali sono vicini a ""{siblingName}"": in base a ciò che si può confermare ora, non c’è un motivo chiaro per tenerle salvate separatamente per usi diversi.","","","high","","",""
"buildAnalysis.findingInsufficientData","buildAnalysis","ui","Some analysis isn't possible because card information is missing.","Una parte dell’analisi non è possibile perché mancano informazioni sulla carta.","","","medium","","",""
"buildAnalysis.findingOverAllocatedPoints","buildAnalysis","ui","Used points exceed total points ({used} / {total}).","I punti usati superano i punti totali ({used} / {total}).","","","medium","","",""
"buildAnalysis.suggestionTitleReferenceAnomaly","buildAnalysis","ui","Fix the saved build reference anomaly","Correggi l’anomalia di riferimento della build salvata","","","medium","","",""
"buildAnalysis.suggestionTitleStartAllocation","buildAnalysis","ui","Set a progression allocation","Imposta una distribuzione dei punti progressione","","","medium","","",""
"buildAnalysis.suggestionTitleUseRemainingPoints","buildAnalysis","ui","Consider how to use the remaining points","Valuta come usare i punti rimanenti","","","medium","","",""
"buildAnalysis.suggestionTitleConsiderUnderinvestedArea","buildAnalysis","ui","Consider allocating to {category}","Valuta di assegnare punti a {category}","","","medium","","",""
"buildAnalysis.suggestionTitleRecheckUnderCurrentRules","buildAnalysis","ui","Recheck under the current rules","Ricontrolla con le regole attuali","","","medium","","",""
"buildAnalysis.suggestionTitleDifferentiateFromSibling","buildAnalysis","ui","Reconsider the role split with ""{siblingName}""","Rivedi la divisione dei ruoli con ""{siblingName}""","","","medium","","",""
"buildAnalysis.suggestionReasonReferenceAnomaly","buildAnalysis","ui","A deleted or mismatched reference was found for this saved build.","È stato trovato un riferimento eliminato o non corrispondente per questa build salvata.","","","medium","","",""
"buildAnalysis.suggestionReasonNoAllocation","buildAnalysis","ui","No progression points have been allocated yet.","Non sono ancora stati assegnati punti progressione.","","","medium","","",""
"buildAnalysis.suggestionReasonManyRemainingPoints","buildAnalysis","ui","{remaining}pt remain unused.","Restano {remaining} pt inutilizzati.","","","medium","","",""
"buildAnalysis.suggestionReasonUnderinvestedArea","buildAnalysis","ui","There is currently no allocation to {category}.","Al momento non ci sono punti su {category}.","","","medium","","",""
"buildAnalysis.suggestionReasonLegacyRules","buildAnalysis","ui","Saved under legacy or unknown rules.","Salvata con regole precedenti o sconosciute.","","","medium","","",""
"buildAnalysis.suggestionReasonOverlapsWithSibling","buildAnalysis","ui","Training focus is close to ""{siblingName}"".","Il focus della progressione è vicino a ""{siblingName}"".","","","medium","","",""
"buildAnalysis.suggestionRecheckReferenceAnomaly","buildAnalysis","ui","Check the Build Analysis inventory results to confirm how the reference and this saved build should line up.","Controlla i risultati dell’inventario in Analisi delle build per verificare come devono corrispondere il riferimento e questa build salvata.","","","medium","","",""
"buildAnalysis.suggestionRecheckNoAllocation","buildAnalysis","ui","Check this card's registered position and current stats to consider a training direction.","Controlla il ruolo registrato e le statistiche attuali di questa carta per decidere una direzione di progressione.","","","medium","","",""
"buildAnalysis.suggestionRecheckManyRemainingPoints","buildAnalysis","ui","Whether to use the remaining points depends on the current intended use (starter / bench / trial, etc.).","Se usare i punti rimanenti dipende dall’uso previsto attuale (titolare / panchina / prova, ecc.).","","","medium","","",""
"buildAnalysis.suggestionRecheckUnderinvestedArea","buildAnalysis","ui","Check whether this area is actually needed for the current intended use.","Verifica se quest’area serve davvero per l’uso previsto attuale.","","","medium","","",""
"buildAnalysis.suggestionRecheckLegacyRules","buildAnalysis","ui","Allocation and point costs can differ from legacy rules under the current rules, so recheck this build.","Con le regole attuali la distribuzione e il costo in punti possono differire da quelle precedenti, quindi ricontrolla questa build.","","","medium","","",""
"buildAnalysis.suggestionRecheckOverlapsWithSibling","buildAnalysis","ui","Check whether both builds are still needed given the difference in intended use.","Verifica se servono ancora entrambe le build, considerata la differenza nell’uso previsto.","","","medium","","",""
"buildAnalysis.findingAbilityGainReflectsFocus","buildAnalysis","ui","The allocation to {category} has actually shown up as a meaningful ability gain (total +{delta}).","La distribuzione su {category} si è tradotta in un aumento significativo delle statistiche (totale +{delta}).","","","medium","","",""
"buildAnalysis.findingAbilityGainHighlight","buildAnalysis","ui","The most improved ability is {ability}, up +{delta} from before training.","La statistica migliorata di più è {ability}, salita di +{delta} rispetto a prima della progressione.","","","medium","","",""
"buildAnalysis.findingOverinvestmentCandidateNormal","buildAnalysis","ui","{category} was already high before training (avg. around {baseAverage}) and received heavy allocation. Whether this area truly deserved top priority is worth rechecking.","{category} era già alta prima della progressione (media intorno a {baseAverage}) e ha ricevuto molti punti. Conviene ricontrollare se quest’area meritasse davvero la priorità massima.","","","medium","","",""
"buildAnalysis.findingOverinvestmentCandidateHarsh","buildAnalysis","ui","{category} was already high before training (avg. around {baseAverage}), yet received the heaviest allocation — whether that was really the top priority is worth rechecking.","{category} era già alta prima della progressione (media intorno a {baseAverage}), eppure ha ricevuto la distribuzione più pesante: conviene ricontrollare se fosse davvero la priorità massima.","","","medium","","",""
"buildAnalysis.findingUnderinvestedButHighFinal","buildAnalysis","ui","Allocation to {category} is relatively low, but the current final ability value is already around {finalAverage} on average — the stats themselves aren't necessarily low.","La distribuzione su {category} è relativamente bassa, ma il valore finale attuale è già in media intorno a {finalAverage}: le statistiche stesse non sono necessariamente basse.","","","medium","","",""
"buildAnalysis.findingUnderinvestedAndLowFinal","buildAnalysis","ui","Allocation to {category} is low, and the current final ability value is also around {finalAverage} on average — relatively low within this build. Whether this area is actually needed for the current use still needs separate confirmation.","La distribuzione su {category} è bassa e anche il valore finale attuale è in media intorno a {finalAverage}, relativamente basso in questa build. Se quest’area serva davvero per l’uso attuale va comunque verificato a parte.","","","medium","","",""
"buildAnalysis.findingUnderinvestedContextUnknown","buildAnalysis","ui","Allocation to {category} is low, but there isn't enough ability data to judge the situation in detail.","La distribuzione su {category} è bassa, ma non ci sono abbastanza dati sulle statistiche per valutare la situazione nel dettaglio.","","","medium","","",""
"buildAnalysis.findingAbilityDataUnavailable","buildAnalysis","ui","Ability data could not be retrieved, so this analysis does not include ability-based findings.","Non è stato possibile recuperare i dati delle statistiche, quindi questa analisi non include osservazioni basate sulle statistiche.","","","medium","","",""
"buildAnalysis.findingAbilityComparisonPracticallySame","buildAnalysis","ui","The main 26-ability composition is also practically close to ""{siblingName}"".","Anche la composizione delle 26 statistiche principali è in pratica vicina a ""{siblingName}"".","","","medium","","",""
"buildAnalysis.findingAbilityComparisonDifferentFocus","buildAnalysis","ui","The main ability composition is clearly different from ""{siblingName}"".","La composizione delle statistiche principali è chiaramente diversa da ""{siblingName}"".","","","medium","","",""
"buildAnalysis.suggestionTitleOverinvestmentCandidate","buildAnalysis","ui","Recheck the allocation to {category}","Ricontrolla la distribuzione su {category}","","","medium","","",""
"buildAnalysis.suggestionReasonOverinvestmentCandidate","buildAnalysis","ui","It was already high before training (avg. around {baseAverage}) and received heavy allocation.","Era già alta prima della progressione (media intorno a {baseAverage}) e ha ricevuto molti punti.","","","medium","","",""
"buildAnalysis.suggestionRecheckOverinvestmentCandidate","buildAnalysis","ui","Recheck whether this additional investment was really the top priority for the current use.","Ricontrolla se questo investimento aggiuntivo fosse davvero la priorità massima per l’uso attuale.","","","medium","","",""
"buildAnalysis.abilityMainEffectsHeading","buildAnalysis","ui","Main Ability Effects","Effetti principali sulle statistiche","","26","medium","","",""
"buildAnalysis.abilityLargestGainsLabel","buildAnalysis","ui","Most Improved Abilities","Statistiche migliorate di più","","30","medium","","",""
"buildAnalysis.abilityHighestFinalLabel","buildAnalysis","ui","Highest Final Abilities","Statistiche finali più alte","","30","medium","","",""
"buildAnalysis.abilityNoGainsText","buildAnalysis","ui","No training-driven gains can be confirmed yet.","Non si possono ancora confermare aumenti dovuti alla progressione.","","","medium","","",""
"buildAnalysis.abilityNoDataText","buildAnalysis","ui","Ability data could not be retrieved.","Non è stato possibile recuperare i dati delle statistiche.","","","medium","","",""
"buildAnalysis.abilityLoadingText","buildAnalysis","ui","Loading ability data…","Caricamento dei dati delle statistiche…","","28","medium","","",""
"buildAnalysis.abilityBeforeLabel","buildAnalysis","ui","Before","Prima","","12","medium","","",""
"buildAnalysis.abilityTrainedLabel","buildAnalysis","ui","After Training (allocation only)","Dopo la progressione (solo distribuzione)","","42","medium","","",""
"buildAnalysis.abilityFinalLabel","buildAnalysis","ui","Final (as saved)","Finale (come salvato)","","21","medium","","",""
"buildAnalysis.abilityGainValueTemplate","buildAnalysis","ui","+{value}","+{value}","","12","medium","","",""
"buildAnalysis.abilityDetailToggleLabel","buildAnalysis","ui","View 26-ability detail","Vedi il dettaglio delle 26 statistiche","","29","medium","","",""
"buildAnalysis.abilityDetailRowTemplate","buildAnalysis","ui","{ability}: {before} → {trained} (trained) / {final} (final)  gain {delta}","{ability}: {before} → {trained} (progressione) / {final} (finale)  aumento {delta}","","","medium","","",""
"buildAnalysis.abilityComparisonDiffHeading","buildAnalysis","ui","Main Ability Differences vs Other Build","Principali differenze di statistiche rispetto all’altra build","","51","medium","","",""
"buildAnalysis.abilityComparisonNoDataText","buildAnalysis","ui","No ability comparison data is available.","Non ci sono dati per confrontare le statistiche.","","","medium","","",""
"buildAnalysis.abilityComparisonConditionLegacyText","buildAnalysis","ui","Includes a build saved under legacy or unknown rules, so a simple comparison isn't possible.","Include una build salvata con regole precedenti o sconosciute, quindi non è possibile un confronto semplice.","","","medium","","",""
"buildAnalysis.abilityComparisonConditionUnallocatedText","buildAnalysis","ui","One build has no allocation, so a simple comparison isn't possible.","Una delle build non ha punti assegnati, quindi non è possibile un confronto semplice.","","","medium","","",""
"buildAnalysis.abilityComparisonDiffRowTemplate","buildAnalysis","ui","{ability}: current {currentValue} / other {otherValue} (diff {diff})","{ability}: attuale {currentValue} / altra {otherValue} (diff. {diff})","","","medium","","",""
"buildAnalysis.intentSectionHeading","buildAnalysis","ui","Analysis Intent","Intenzione dell’analisi","","20","medium","","",""
"buildAnalysis.intentUnsavedNote","buildAnalysis","ui","This input is not saved (it is not written to the saved build or localStorage, and is cleared when you leave this screen).","Questi dati non vengono salvati (non vengono scritti nella build salvata né nel localStorage e si cancellano quando esci da questa schermata).","","","medium","","",""
"buildAnalysis.intentPositionLabel","buildAnalysis","ui","Intended Position","Ruolo previsto","","23","medium","","",""
"buildAnalysis.intentPositionNoneOption","buildAnalysis","ui","Unspecified","Non specificato","","15","medium","","",""
"buildAnalysis.intentPrimaryGoalLabel","buildAnalysis","ui","Primary Goal","Obiettivo principale","","16","medium","","",""
"buildAnalysis.intentGroupPrioritiesHeading","buildAnalysis","ui","Priority by Ability Area","Priorità per area di statistiche","","32","medium","","",""
"buildAnalysis.intentFieldPlayersHeading","buildAnalysis","ui","Field Player Ability Areas","Aree di statistiche dei giocatori di movimento","","34","medium","","",""
"buildAnalysis.intentGoalkeepingHeading","buildAnalysis","ui","Goalkeeper Ability Areas","Aree di statistiche del portiere","","32","medium","","",""
"buildAnalysis.intentStatePriority","buildAnalysis","ui","Priority","Priorità","","12","medium","","",""
"buildAnalysis.intentStateNormal","buildAnalysis","ui","Normal","Normale","","12","medium","","",""
"buildAnalysis.intentStateLow","buildAnalysis","ui","Low Priority","Bassa priorità","","16","medium","","",""
"buildAnalysis.buildIntentFreeTextLabel","buildAnalysis","ui","Build Intent","Intenzione della build","","16","medium","","",""
"buildAnalysis.buildIntentFreeTextDescription","buildAnalysis","ui","Describe what you want from this build in your own words. Use ""Read Build Intent"" to analyze it, then review and confirm before it affects the evaluation (nothing changes until you confirm).","Descrivi con parole tue cosa vuoi da questa build. Usa ""Leggi l’intenzione della build"" per analizzarla, poi controlla e conferma prima che influisca sulla valutazione (non cambia nulla finché non confermi).","","","medium","","",""
"buildAnalysis.buildIntentFreeTextPlaceholder","buildAnalysis","ui","e.g. I want to play as RWF. I want to prioritize dribbling and quickness, and beat a defender one-on-one on the wing. Speed is already high, so it doesn't need to go much higher. Keep shooting at a minimum, and I don't care much about aerial ability or defending. I want to lean more toward breakthrough dribbling than Build 2.","Es.: voglio usarlo come RWF. Voglio dare priorità a dribbling e rapidità e superare l’avversario nell’uno contro uno sulla fascia. La velocità è già alta, quindi non serve alzarla molto. Tiro al minimo, e gioco aereo e difesa non mi interessano molto. Voglio puntare più sul dribbling di sfondamento rispetto alla Build 2.","","426","medium","","",""
"buildAnalysis.buildIntentExampleToggleLabel","buildAnalysis","ui","See an example","Vedi un esempio","","19","medium","","",""
"buildAnalysis.buildIntentExampleText","buildAnalysis","ui","I want to play as RWF. I want to prioritize dribbling and quickness, and beat a defender one-on-one on the wing. Speed is already high, so it doesn't need to go much higher. Keep shooting at a minimum, and I don't care much about aerial ability or defending. I want to lean more toward breakthrough dribbling than Build 2.","Voglio usarlo come RWF. Voglio dare priorità a dribbling e rapidità e superare l’avversario nell’uno contro uno sulla fascia. La velocità è già alta, quindi non serve alzarla molto. Tiro al minimo, e gioco aereo e difesa non mi interessano molto. Voglio puntare più sul dribbling di sfondamento rispetto alla Build 2.","","","medium","","",""
"buildAnalysis.buildIntentAnalyzeButtonLabel","buildAnalysis","ui","Read Build Intent","Leggi l’intenzione della build","","23","medium","","",""
"buildAnalysis.buildIntentAnalyzingLabel","buildAnalysis","ui","Analyzing…","Analisi in corso…","","13","medium","","",""
"buildAnalysis.buildIntentCancelLabel","buildAnalysis","ui","Cancel","Annulla","","12","medium","","",""
"buildAnalysis.buildIntentRetryLabel","buildAnalysis","ui","Read Again","Leggi di nuovo","","13","medium","","",""
"buildAnalysis.buildIntentDiscardLabel","buildAnalysis","ui","Discard Interpretation","Scarta l’interpretazione","","29","medium","","",""
"buildAnalysis.buildIntentConfirmButtonLabel","buildAnalysis","ui","Use This for Analysis","Usa per l’analisi","","28","high","","",""
"buildAnalysis.buildIntentInterpretationHeading","buildAnalysis","ui","Build Intent Read From Your Input","Intenzione della build letta dal tuo testo","","43","medium","","",""
"buildAnalysis.buildIntentStaleNotice","buildAnalysis","ui","Your build intent has changed. Read it again to get an up-to-date interpretation.","L’intenzione della build è cambiata. Leggila di nuovo per un’interpretazione aggiornata.","","","medium","","",""
"buildAnalysis.buildIntentNotConfiguredNotice","buildAnalysis","ui","Automatic build intent analysis isn't available right now. You can still analyze by specifying the detailed settings manually.","L’analisi automatica dell’intenzione della build non è disponibile al momento. Puoi comunque analizzare indicando manualmente le impostazioni dettagliate.","","","medium","","",""
"buildAnalysis.buildIntentFailedNotice","buildAnalysis","ui","We couldn't read your build intent. Try again, or specify the detailed settings manually.","Non è stato possibile leggere l’intenzione della build. Riprova oppure indica manualmente le impostazioni dettagliate.","","","high","","",""
"buildAnalysis.buildIntentConfirmedNotice","buildAnalysis","ui","This evaluation uses your confirmed build intent.","Questa valutazione usa l’intenzione della build che hai confermato.","","","high","","",""
"buildAnalysis.buildIntentManualDetailsToggleLabel","buildAnalysis","ui","Adjust the Reading in Detailed Settings","Modifica la lettura nelle impostazioni dettagliate","","51","medium","","",""
"buildAnalysis.buildIntentAvoidOverinvestmentLabel","buildAnalysis","ui","Avoid Overinvestment","Evita di investire troppo","","26","medium","","",""
"buildAnalysis.buildIntentIntentionallyIgnoreLabel","buildAnalysis","ui","Excluded","Escluse","","12","medium","","",""
"buildAnalysis.buildIntentComparisonTargetLabel","buildAnalysis","ui","Comparison Target Build","Build da confrontare","","30","medium","","",""
"buildAnalysis.buildIntentComparisonTargetNoneOption","buildAnalysis","ui","Unspecified","Non specificata","","15","medium","","",""
"buildAnalysis.buildIntentStrengthsToPreserveLabel","buildAnalysis","ui","Strengths to Preserve","Punti di forza da mantenere","","28","medium","","",""
"buildAnalysis.buildIntentAmbiguitiesHeading","buildAnalysis","ui","Needs Confirmation","Da confermare","","24","medium","","",""
"buildAnalysis.buildIntentAmbiguitiesNoneText","buildAnalysis","ui","None","Nessuno","","12","medium","","",""
"buildAnalysis.buildIntentConfidenceLabel","buildAnalysis","ui","Interpretation Confidence","Affidabilità dell’interpretazione","","33","medium","","",""
"buildAnalysis.buildIntentConfidenceHigh","buildAnalysis","ui","High","Alta","","12","medium","","",""
"buildAnalysis.buildIntentConfidenceMedium","buildAnalysis","ui","Medium","Media","","12","medium","","",""
"buildAnalysis.buildIntentConfidenceLow","buildAnalysis","ui","Low","Bassa","","12","medium","","",""
"buildAnalysis.buildIntentInterpPositionLabel","buildAnalysis","ui","Intended Position","Ruolo previsto","","23","medium","","",""
"buildAnalysis.buildIntentInterpGoalLabel","buildAnalysis","ui","Primary Goal","Obiettivo principale","","16","medium","","",""
"buildAnalysis.buildIntentInterpPriorityLabel","buildAnalysis","ui","Top Priority","Priorità massima","","16","medium","","",""
"buildAnalysis.buildIntentInterpSecondaryLabel","buildAnalysis","ui","Secondary Priority","Priorità secondaria","","24","medium","","",""
"buildAnalysis.buildIntentInterpAvoidOverinvestmentLabel","buildAnalysis","ui","Avoid Overinvesting In","Da non sovrainvestire","","29","medium","","",""
"buildAnalysis.buildIntentInterpIgnoredLabel","buildAnalysis","ui","Excluded From This Evaluation","Escluse da questa valutazione","","38","medium","","",""
"buildAnalysis.buildIntentInterpComparisonTargetLabel","buildAnalysis","ui","Build to Compare","Build da confrontare","","21","medium","","",""
"buildAnalysis.buildIntentInterpComparisonFocusLabel","buildAnalysis","ui","Comparison Focus","Focus del confronto","","21","medium","","",""
"buildAnalysis.buildIntentInterpPreserveLabel","buildAnalysis","ui","Strengths to Preserve","Punti di forza da mantenere","","28","medium","","",""
"buildAnalysis.buildIntentInterpNoneValue","buildAnalysis","ui","Unspecified","Non specificato","","15","medium","","",""
"buildAnalysis.buildIntentReadHeading","buildAnalysis","ui","What We Read","Cosa abbiamo letto","","16","medium","","",""
"buildAnalysis.buildIntentUnspecifiedCollapsedLabel","buildAnalysis","ui","Other items are unspecified","Le altre voci non sono specificate","","36","medium","","",""
"buildAnalysis.buildIntentClarificationHeading","buildAnalysis","ui","Please Confirm","Conferma","","19","medium","","",""
"buildAnalysis.clarificationNoneOptionLabel","buildAnalysis","ui","None of these","Nessuna di queste","","17","medium","","",""
"buildAnalysis.clarificationNoneOptionDescription","buildAnalysis","ui","Don't select any of these options. Use the detailed settings below to specify this manually if needed.","Non selezionare nessuna di queste opzioni. Se serve, indicalo manualmente nelle impostazioni dettagliate qui sotto.","","","medium","","",""
"buildAnalysis.buildIntentClarificationPendingNotice","buildAnalysis","ui","Answer everything above to enable ""Use This for Analysis"".","Rispondi a tutte le domande qui sopra per attivare ""Usa per l’analisi"".","","","medium","","",""
"buildAnalysis.clarificationCrossRoleQuestion","buildAnalysis","ui","""Cross""-related wording can mean more than one thing. Which is closer to what you mean?","Le espressioni legate al ""cross"" possono avere più significati. Quale si avvicina di più a ciò che intendi?","","","medium","","",""
"buildAnalysis.clarificationCrossRoleReason","buildAnalysis","ui","Cross-related phrases can mean either supplying crosses from the wing or scoring from crosses, so we need to confirm which one you mean.","Le espressioni legate al cross possono indicare sia crossare dalla fascia sia segnare su cross, quindi dobbiamo confermare quale intendi.","","","medium","","",""
"buildAnalysis.clarificationCrossSupplyLabel","buildAnalysis","ui","Supplying crosses from the wing","Crossare dalla fascia","","41","medium","","",""
"buildAnalysis.clarificationCrossSupplyDescription","buildAnalysis","ui","Treated as a use-case that emphasizes passing and chance creation.","Considerato un uso che privilegia il passaggio e la creazione di occasioni.","","","medium","","",""
"buildAnalysis.clarificationCrossReceiveLabel","buildAnalysis","ui","Scoring from crosses","Segnare su cross","","26","medium","","",""
"buildAnalysis.clarificationCrossReceiveDescription","buildAnalysis","ui","Treated as a use-case that emphasizes aerial ability and shooting.","Considerato un uso che privilegia il gioco aereo e il tiro.","","","medium","","",""
"buildAnalysis.clarificationCrossWideAttackLabel","buildAnalysis","ui","Wide attacking play overall","Gioco offensivo sulle fasce in generale","","36","medium","","",""
"buildAnalysis.clarificationCrossWideAttackDescription","buildAnalysis","ui","Treated as a use-case that emphasizes passing and chance creation while contributing to wide attacks.","Considerato un uso che privilegia il passaggio e la creazione di occasioni contribuendo all’attacco sulle fasce.","","","medium","","",""
"buildAnalysis.clarificationCrossReceiveFocusQuestion","buildAnalysis","ui","When scoring from crosses, which matters more to you?","Quando segni su cross, cosa conta di più per te?","","","medium","","",""
"buildAnalysis.clarificationCrossReceiveFocusReason","buildAnalysis","ui","Scoring from crosses can mean emphasizing aerial ability or emphasizing shooting, so we need to confirm which one you mean.","Segnare su cross può significare privilegiare il gioco aereo oppure il tiro, quindi dobbiamo confermare quale intendi.","","","medium","","",""
"buildAnalysis.clarificationCrossReceiveAerialLabel","buildAnalysis","ui","Emphasize aerial ability","Privilegia il gioco aereo","","32","medium","","",""
"buildAnalysis.clarificationCrossReceiveAerialDescription","buildAnalysis","ui","Emphasizes aerial strength and heading.","Privilegia il gioco aereo e il colpo di testa.","","","medium","","",""
"buildAnalysis.clarificationCrossReceiveShootingLabel","buildAnalysis","ui","Emphasize shooting","Privilegia il tiro","","24","medium","","",""
"buildAnalysis.clarificationCrossReceiveShootingDescription","buildAnalysis","ui","Emphasizes shooting and finishing.","Privilegia il tiro e la finalizzazione.","","","medium","","",""
"buildAnalysis.clarificationCrossReceiveBothLabel","buildAnalysis","ui","Emphasize both","Privilegia entrambi","","19","medium","","",""
"buildAnalysis.clarificationCrossReceiveBothDescription","buildAnalysis","ui","Treated as a use-case that emphasizes both aerial ability and shooting.","Considerato un uso che privilegia sia il gioco aereo sia il tiro.","","","medium","","",""
"buildAnalysis.buildIntentUnanalyzedHeading","buildAnalysis","ui","What We Couldn't Read","Cosa non siamo riusciti a leggere","","28","medium","","",""
"buildAnalysis.buildIntentUnanalyzedIntro","buildAnalysis","ui","We couldn't safely interpret the following. To avoid setting anything incorrectly, we haven't assigned any ability area for it automatically.","Non siamo riusciti a interpretare con sicurezza quanto segue. Per evitare impostazioni errate, non abbiamo assegnato automaticamente alcuna area di statistiche.","","","medium","","",""
"buildAnalysis.buildIntentUnanalyzedZeroHeading","buildAnalysis","ui","We couldn't fully organize your input","Non siamo riusciti a organizzare del tutto il tuo testo","","49","medium","","",""
"buildAnalysis.buildIntentUnanalyzedZeroBody","buildAnalysis","ui","We couldn't safely read a build intent from what you wrote. Try rewriting it using one of the examples below, or specify it directly in the detailed settings.","Non siamo riusciti a leggere con sicurezza un’intenzione della build da ciò che hai scritto. Prova a riscriverlo seguendo uno degli esempi qui sotto oppure indicalo direttamente nelle impostazioni dettagliate.","","","medium","","",""
"buildAnalysis.buildIntentManualSettingsHintText","buildAnalysis","ui","You can specify the position or ability areas directly from ""Adjust the Reading in Detailed Settings"" below.","Puoi indicare direttamente il ruolo o le aree di statistiche da ""Modifica la lettura nelle impostazioni dettagliate"" qui sotto.","","","medium","","",""
"buildAnalysis.buildIntentAdditionalExamplesHeading","buildAnalysis","ui","More Examples to Try","Altri esempi da provare","","26","medium","","",""
"buildAnalysis.buildIntentAdditionalExampleInsertLabel","buildAnalysis","ui","Add this example","Aggiungi questo esempio","","21","medium","","",""
"buildAnalysis.buildIntentAdditionalExampleCrossSupplyLabel","buildAnalysis","ui","Example: supplying crosses from the wing","Esempio: crossare dalla fascia","","52","medium","","",""
"buildAnalysis.buildIntentAdditionalExampleCrossSupplyText","buildAnalysis","ui","I want to play as RWF. I want to deliver crosses. Passing is my top priority.","Voglio usarlo come RWF. Voglio fare cross. Il passaggio è la mia priorità massima.","","","medium","","",""
"buildAnalysis.buildIntentAdditionalExampleCrossReceiveLabel","buildAnalysis","ui","Example: scoring from crosses","Esempio: segnare su cross","","38","medium","","",""
"buildAnalysis.buildIntentAdditionalExampleCrossReceiveText","buildAnalysis","ui","I want to play as CF. I want to score from crosses. Aerial strength and shooting are my top priority.","Voglio usarlo come CF. Voglio segnare su cross. Gioco aereo e tiro sono la mia priorità massima.","","","medium","","",""
"buildAnalysis.buildIntentAdditionalExampleCrossAmbiguousLabel","buildAnalysis","ui","Example: haven't decided on a role yet","Esempio: ruolo non ancora deciso","","50","medium","","",""
"buildAnalysis.buildIntentAdditionalExampleCrossAmbiguousText","buildAnalysis","ui","I want cross-focused play.","Voglio un gioco basato sui cross.","","","medium","","",""
"buildAnalysis.presetCategoryScoringTitle","buildAnalysis","ui","Scoring","Gol","","12","medium","","",""
"buildAnalysis.presetCategoryDribblingPossessionTitle","buildAnalysis","ui","Dribbling & Ball Retention","Dribbling e tenuta palla","","34","medium","","",""
"buildAnalysis.presetCategoryPassingCreationTitle","buildAnalysis","ui","Passing & Chance Creation","Passaggi e creazione di occasioni","","33","medium","","",""
"buildAnalysis.presetCategoryWideCrossingTitle","buildAnalysis","ui","Wide Play & Crossing","Gioco sulle fasce e cross","","26","medium","","",""
"buildAnalysis.presetCategorySpeedCounterTitle","buildAnalysis","ui","Speed & Counterattacking","Velocità e contropiede","","32","medium","","",""
"buildAnalysis.presetCategoryPhysicalAerialTitle","buildAnalysis","ui","Physical & Aerial","Fisico e gioco aereo","","23","medium","","",""
"buildAnalysis.presetCategoryDefendingTitle","buildAnalysis","ui","Defending","Difesa","","12","medium","","",""
"buildAnalysis.presetCategoryGoalkeepingTitle","buildAnalysis","ui","Goalkeeping","Portiere","","15","medium","","",""
"buildAnalysis.presetCategoryBalancedAdjustmentTitle","buildAnalysis","ui","Balanced & Adjustment","Equilibrio e rifinitura","","28","medium","","",""
"buildAnalysis.presetTagScoring","buildAnalysis","ui","scoring","gol","","12","medium","","",""
"buildAnalysis.presetTagShooting","buildAnalysis","ui","shooting","tiro","","12","medium","","",""
"buildAnalysis.presetTagFinisher","buildAnalysis","ui","finisher","finalizzatore","","12","medium","","",""
"buildAnalysis.presetTagBox","buildAnalysis","ui","penalty box","area di rigore","","15","medium","","",""
"buildAnalysis.presetTagDribbling","buildAnalysis","ui","dribbling","dribbling","","12","medium","","",""
"buildAnalysis.presetTagCross","buildAnalysis","ui","cross","cross","","12","medium","","",""
"buildAnalysis.presetTagAerial","buildAnalysis","ui","aerial","gioco aereo","","12","medium","","",""
"buildAnalysis.presetTagPossession","buildAnalysis","ui","possession","possesso","","13","medium","","",""
"buildAnalysis.presetTagCentral","buildAnalysis","ui","central","centrale","","12","medium","","",""
"buildAnalysis.presetTagWide","buildAnalysis","ui","wide","fascia","","12","medium","","",""
"buildAnalysis.presetTagSpeed","buildAnalysis","ui","speed","velocità","","12","medium","","",""
"buildAnalysis.presetTagPassing","buildAnalysis","ui","passing","passaggio","","12","medium","","",""
"buildAnalysis.presetTagFullback","buildAnalysis","ui","fullback","terzino","","12","medium","","",""
"buildAnalysis.presetTagDefending","buildAnalysis","ui","defending","difesa","","12","medium","","",""
"buildAnalysis.presetTagCounter","buildAnalysis","ui","counter","contropiede","","12","medium","","",""
"buildAnalysis.presetTagPhysical","buildAnalysis","ui","physical","fisico","","12","medium","","",""
"buildAnalysis.presetTagTarget","buildAnalysis","ui","target man","punta di riferimento","","13","medium","","",""
"buildAnalysis.presetTagGoalkeeping","buildAnalysis","ui","goalkeeper","portiere","","13","medium","","",""
"buildAnalysis.presetTagBalance","buildAnalysis","ui","balance","equilibrio","","12","medium","","",""
"buildAnalysis.presetScoringSpecialistTitle","buildAnalysis","ui","Scoring Specialist","Specialista del gol","","24","medium","","",""
"buildAnalysis.presetScoringSpecialistShort","buildAnalysis","ui","Prioritizes shooting to maximize goal output.","Privilegia il tiro per massimizzare i gol.","","","medium","","",""
"buildAnalysis.presetScoringSpecialistDetail","buildAnalysis","ui","Prioritizes the shooting ability area (finishing, set piece taking, curl). Suited for improving raw finishing quality.","Privilegia l’area di statistiche del tiro (finalizzazione, calci piazzati, effetto). Adatto a migliorare la qualità pura della finalizzazione.","","","medium","","",""
"buildAnalysis.presetBoxFinisherTitle","buildAnalysis","ui","Box Finisher","Finalizzatore d’area","","16","medium","","",""
"buildAnalysis.presetBoxFinisherShort","buildAnalysis","ui","Prioritizes shooting with quickness as a secondary focus.","Privilegia il tiro, con la rapidità come focus secondario.","","","medium","","",""
"buildAnalysis.presetBoxFinisherDetail","buildAnalysis","ui","Assumes quick reactions inside the box. Prioritizes shooting, with quickness as a secondary focus.","Presuppone reazioni rapide in area. Privilegia il tiro, con la rapidità come focus secondario.","","","medium","","",""
"buildAnalysis.presetDribbleToShotTitle","buildAnalysis","ui","Dribble to Shot","Dal dribbling al tiro","","20","medium","","",""
"buildAnalysis.presetDribbleToShotShort","buildAnalysis","ui","Prioritizes shooting with dribbling as a secondary focus.","Privilegia il tiro, con il dribbling come focus secondario.","","","medium","","",""
"buildAnalysis.presetDribbleToShotDetail","buildAnalysis","ui","Assumes creating your own shooting chance via dribbling. Prioritizes shooting, with dribbling as a secondary focus.","Presuppone di crearsi da solo l’occasione di tiro con il dribbling. Privilegia il tiro, con il dribbling come focus secondario.","","","medium","","",""
"buildAnalysis.presetCrossReceiveScoringTitle","buildAnalysis","ui","Score From Crosses","Segnare su cross","","24","medium","","",""
"buildAnalysis.presetCrossReceiveScoringShort","buildAnalysis","ui","Prioritizes shooting with aerial strength as a secondary focus.","Privilegia il tiro, con il gioco aereo come focus secondario.","","","medium","","",""
"buildAnalysis.presetCrossReceiveScoringDetail","buildAnalysis","ui","Assumes finishing crosses. Prioritizes shooting, with aerial strength as a secondary focus.","Presuppone di finalizzare i cross. Privilegia il tiro, con il gioco aereo come focus secondario.","","","medium","","",""
"buildAnalysis.presetAerialScoringTitle","buildAnalysis","ui","Aerial Scoring","Gol di testa","","19","medium","","",""
"buildAnalysis.presetAerialScoringShort","buildAnalysis","ui","Prioritizes aerial strength with shooting as a secondary focus.","Privilegia il gioco aereo, con il tiro come focus secondario.","","","medium","","",""
"buildAnalysis.presetAerialScoringDetail","buildAnalysis","ui","Centers scoring around aerial duel strength itself. Prioritizes aerial strength, with shooting as a secondary focus.","Basa i gol sulla forza nei duelli aerei. Privilegia il gioco aereo, con il tiro come focus secondario.","","","medium","","",""
"buildAnalysis.presetDribbleBreakthroughTitle","buildAnalysis","ui","Dribble Breakthrough","Sfondamento in dribbling","","26","medium","","",""
"buildAnalysis.presetDribbleBreakthroughShort","buildAnalysis","ui","Prioritizes dribbling to improve breakthrough ability.","Privilegia il dribbling per migliorare la capacità di sfondamento.","","","medium","","",""
"buildAnalysis.presetDribbleBreakthroughDetail","buildAnalysis","ui","Prioritizes the dribbling ability area (ball control, dribbling, tight possession).","Privilegia l’area di statistiche del dribbling (controllo palla, dribbling, controllo stretto).","","","medium","","",""
"buildAnalysis.presetBeatOneOnWingTitle","buildAnalysis","ui","Beat a Defender on the Wing","Saltare l’uomo sulla fascia","","36","medium","","",""
"buildAnalysis.presetBeatOneOnWingShort","buildAnalysis","ui","Prioritizes dribbling with quickness as a secondary focus.","Privilegia il dribbling, con la rapidità come focus secondario.","","","medium","","",""
"buildAnalysis.presetBeatOneOnWingDetail","buildAnalysis","ui","Assumes beating a defender one-on-one on the wing. Prioritizes dribbling, with quickness as a secondary focus.","Presuppone di superare l’avversario nell’uno contro uno sulla fascia. Privilegia il dribbling, con la rapidità come focus secondario.","","","medium","","",""
"buildAnalysis.presetTightSpacePossessionTitle","buildAnalysis","ui","Hold the Ball in Tight Spaces","Tenere palla negli spazi stretti","","38","medium","","",""
"buildAnalysis.presetTightSpacePossessionShort","buildAnalysis","ui","Aims for possession, prioritizing dribbling.","Punta al possesso, privilegiando il dribbling.","","","medium","","",""
"buildAnalysis.presetTightSpacePossessionDetail","buildAnalysis","ui","Sets possession as the primary goal and prioritizes the dribbling ability area (including tight possession).","Imposta il possesso come obiettivo principale e privilegia l’area di statistiche del dribbling (incluso il controllo stretto).","","","medium","","",""
"buildAnalysis.presetHardToDispossessTitle","buildAnalysis","ui","Avoid Losing the Ball","Non perdere palla","","28","medium","","",""
"buildAnalysis.presetHardToDispossessShort","buildAnalysis","ui","Aims for possession, prioritizing dribbling with lower body strength as a secondary focus.","Punta al possesso, privilegiando il dribbling, con la forza nelle gambe come focus secondario.","","","medium","","",""
"buildAnalysis.presetHardToDispossessDetail","buildAnalysis","ui","Sets possession as the primary goal, prioritizes dribbling, with the lower body strength area (including balance) as a secondary focus.","Imposta il possesso come obiettivo principale e privilegia il dribbling, con l’area della forza nelle gambe (incluso l’equilibrio) come focus secondario.","","","medium","","",""
"buildAnalysis.presetCarryThroughCenterTitle","buildAnalysis","ui","Carry the Ball Through the Center","Portare palla per vie centrali","","43","medium","","",""
"buildAnalysis.presetCarryThroughCenterShort","buildAnalysis","ui","Prioritizes dribbling with quickness as a secondary focus.","Privilegia il dribbling, con la rapidità come focus secondario.","","","medium","","",""
"buildAnalysis.presetCarryThroughCenterDetail","buildAnalysis","ui","Assumes carrying the ball through the central midfield. Prioritizes dribbling, with quickness as a secondary focus.","Presuppone di portare palla attraverso il centrocampo. Privilegia il dribbling, con la rapidità come focus secondario.","","","medium","","",""
"buildAnalysis.presetCutInsideAttackTitle","buildAnalysis","ui","Cut Inside to Attack","Accentrarsi per attaccare","","26","medium","","",""
"buildAnalysis.presetCutInsideAttackShort","buildAnalysis","ui","Prioritizes dribbling with shooting as a secondary focus.","Privilegia il dribbling, con il tiro come focus secondario.","","","medium","","",""
"buildAnalysis.presetCutInsideAttackDetail","buildAnalysis","ui","Assumes cutting inside from the wing. Prioritizes dribbling, with shooting as a secondary focus.","Presuppone di accentrarsi dalla fascia. Privilegia il dribbling, con il tiro come focus secondario.","","","medium","","",""
"buildAnalysis.presetReceiveAndDistributeTitle","buildAnalysis","ui","Receive and Distribute","Ricevere e smistare","","29","medium","","",""
"buildAnalysis.presetReceiveAndDistributeShort","buildAnalysis","ui","Aims for possession, prioritizing dribbling with passing as a secondary focus.","Punta al possesso, privilegiando il dribbling, con il passaggio come focus secondario.","","","medium","","",""
"buildAnalysis.presetReceiveAndDistributeDetail","buildAnalysis","ui","Assumes receiving at your feet before distributing. Prioritizes dribbling, with passing as a secondary focus.","Presuppone di ricevere palla sui piedi prima di smistarla. Privilegia il dribbling, con il passaggio come focus secondario.","","","medium","","",""
"buildAnalysis.presetQuicknessFocusTitle","buildAnalysis","ui","Quickness Focus","Focus sulla rapidità","","20","medium","","",""
"buildAnalysis.presetQuicknessFocusShort","buildAnalysis","ui","Prioritizes quickness.","Privilegia la rapidità.","","29","medium","","",""
"buildAnalysis.presetQuicknessFocusDetail","buildAnalysis","ui","Prioritizes the quickness ability area (acceleration, speed).","Privilegia l’area di statistiche della rapidità (accelerazione, velocità).","","","medium","","",""
"buildAnalysis.presetPassingSpecialistTitle","buildAnalysis","ui","Passing Specialist","Specialista del passaggio","","24","medium","","",""
"buildAnalysis.presetPassingSpecialistShort","buildAnalysis","ui","Prioritizes passing to improve chance creation.","Privilegia il passaggio per migliorare la creazione di occasioni.","","","medium","","",""
"buildAnalysis.presetPassingSpecialistDetail","buildAnalysis","ui","Prioritizes the passing ability area (low pass, lofted pass, offensive awareness).","Privilegia l’area di statistiche del passaggio (passaggio rasoterra, passaggio alto, attitudine offensiva).","","","medium","","",""
"buildAnalysis.presetGameMakingTitle","buildAnalysis","ui","Game Making","Regia","","15","medium","","",""
"buildAnalysis.presetGameMakingShort","buildAnalysis","ui","Prioritizes passing with dribbling as a secondary focus.","Privilegia il passaggio, con il dribbling come focus secondario.","","","medium","","",""
"buildAnalysis.presetGameMakingDetail","buildAnalysis","ui","Assumes building attacking play. Prioritizes passing, with dribbling as a secondary focus.","Presuppone di costruire il gioco offensivo. Privilegia il passaggio, con il dribbling come focus secondario.","","","medium","","",""
"buildAnalysis.presetForwardServiceTitle","buildAnalysis","ui","Service to the Forward Line","Servire il reparto offensivo","","36","medium","","",""
"buildAnalysis.presetForwardServiceShort","buildAnalysis","ui","Prioritizes passing.","Privilegia il passaggio.","","26","medium","","",""
"buildAnalysis.presetForwardServiceDetail","buildAnalysis","ui","Assumes distributing the ball forward from a deeper position. Prioritizes passing.","Presuppone di distribuire palla in avanti da una posizione più arretrata. Privilegia il passaggio.","","","medium","","",""
"buildAnalysis.presetDistributeTheBallTitle","buildAnalysis","ui","Spread the Play","Smistare il gioco","","20","medium","","",""
"buildAnalysis.presetDistributeTheBallShort","buildAnalysis","ui","Prioritizes passing with quickness as a secondary focus.","Privilegia il passaggio, con la rapidità come focus secondario.","","","medium","","",""
"buildAnalysis.presetDistributeTheBallDetail","buildAnalysis","ui","Assumes spreading play at a quick tempo. Prioritizes passing, with quickness as a secondary focus.","Presuppone di smistare il gioco a ritmo elevato. Privilegia il passaggio, con la rapidità come focus secondario.","","","medium","","",""
"buildAnalysis.presetPossessionAnchorTitle","buildAnalysis","ui","Possession Anchor","Perno del possesso","","23","medium","","",""
"buildAnalysis.presetPossessionAnchorShort","buildAnalysis","ui","Aims for possession, prioritizing passing with dribbling as a secondary focus.","Punta al possesso, privilegiando il passaggio, con il dribbling come focus secondario.","","","medium","","",""
"buildAnalysis.presetPossessionAnchorDetail","buildAnalysis","ui","Assumes acting as the anchor of possession play. Prioritizes passing, with dribbling as a secondary focus.","Presuppone di fare da perno nel gioco di possesso. Privilegia il passaggio, con il dribbling come focus secondario.","","","medium","","",""
"buildAnalysis.presetCrossSupplyTitle","buildAnalysis","ui","Supply Crosses","Fornire cross","","19","medium","","",""
"buildAnalysis.presetCrossSupplyShort","buildAnalysis","ui","Prioritizes passing.","Privilegia il passaggio.","","26","medium","","",""
"buildAnalysis.presetCrossSupplyDetail","buildAnalysis","ui","Assumes supplying crosses from the wing. Prioritizes passing. Suggested positions include wing forward, side midfield, and full-back roles.","Presuppone di crossare dalla fascia. Privilegia il passaggio. Ruoli suggeriti: ali, esterni di centrocampo e terzini.","","","medium","","",""
"buildAnalysis.presetDribbleThenCrossTitle","buildAnalysis","ui","Beat a Man Then Cross","Saltare l’uomo e crossare","","28","medium","","",""
"buildAnalysis.presetDribbleThenCrossShort","buildAnalysis","ui","Prioritizes passing with dribbling as a secondary focus.","Privilegia il passaggio, con il dribbling come focus secondario.","","","medium","","",""
"buildAnalysis.presetDribbleThenCrossDetail","buildAnalysis","ui","Assumes beating a defender down the line before crossing. Prioritizes passing, with dribbling as a secondary focus.","Presuppone di superare l’avversario lungo la fascia prima di crossare. Privilegia il passaggio, con il dribbling come focus secondario.","","","medium","","",""
"buildAnalysis.presetWideChanceCreationTitle","buildAnalysis","ui","Wide Chance Creation","Creare occasioni dalla fascia","","26","medium","","",""
"buildAnalysis.presetWideChanceCreationShort","buildAnalysis","ui","Prioritizes passing with quickness as a secondary focus.","Privilegia il passaggio, con la rapidità come focus secondario.","","","medium","","",""
"buildAnalysis.presetWideChanceCreationDetail","buildAnalysis","ui","Assumes creating chances from wide areas. Prioritizes passing, with quickness as a secondary focus.","Presuppone di creare occasioni dalle zone laterali. Privilegia il passaggio, con la rapidità come focus secondario.","","","medium","","",""
"buildAnalysis.presetCarryDownLineTitle","buildAnalysis","ui","Carry the Ball Down the Line","Portare palla lungo la fascia","","37","medium","","",""
"buildAnalysis.presetCarryDownLineShort","buildAnalysis","ui","Prioritizes dribbling with quickness as a secondary focus.","Privilegia il dribbling, con la rapidità come focus secondario.","","","medium","","",""
"buildAnalysis.presetCarryDownLineDetail","buildAnalysis","ui","Assumes carrying the ball down the touchline. Prioritizes dribbling, with quickness as a secondary focus.","Presuppone di portare palla lungo la linea laterale. Privilegia il dribbling, con la rapidità come focus secondario.","","","medium","","",""
"buildAnalysis.presetCutInsideShootTitle","buildAnalysis","ui","Cut Inside and Shoot","Accentrarsi e tirare","","26","medium","","",""
"buildAnalysis.presetCutInsideShootShort","buildAnalysis","ui","Prioritizes shooting with dribbling as a secondary focus.","Privilegia il tiro, con il dribbling come focus secondario.","","","medium","","",""
"buildAnalysis.presetCutInsideShootDetail","buildAnalysis","ui","Assumes cutting inside from the wing to shoot. Prioritizes shooting, with dribbling as a secondary focus.","Presuppone di accentrarsi dalla fascia per tirare. Privilegia il tiro, con il dribbling come focus secondario.","","","medium","","",""
"buildAnalysis.presetAttackingFullbackTitle","buildAnalysis","ui","Attacking Full-back","Terzino offensivo","","25","medium","","",""
"buildAnalysis.presetAttackingFullbackShort","buildAnalysis","ui","Prioritizes passing with quickness as a secondary focus.","Privilegia il passaggio, con la rapidità come focus secondario.","","","medium","","",""
"buildAnalysis.presetAttackingFullbackDetail","buildAnalysis","ui","Assumes a full-back joining the attack. Prioritizes passing, with quickness as a secondary focus.","Presuppone un terzino che si unisce all’attacco. Privilegia il passaggio, con la rapidità come focus secondario.","","","medium","","",""
"buildAnalysis.presetDefensiveFullbackTitle","buildAnalysis","ui","Defensive Full-back","Terzino difensivo","","25","medium","","",""
"buildAnalysis.presetDefensiveFullbackShort","buildAnalysis","ui","Prioritizes defending.","Privilegia la difesa.","","29","medium","","",""
"buildAnalysis.presetDefensiveFullbackDetail","buildAnalysis","ui","Assumes a defense-focused full-back. Prioritizes defending. No other ability area is auto-set based on position alone.","Presuppone un terzino orientato alla difesa. Privilegia la difesa. Nessun’altra area di statistiche viene impostata automaticamente in base al solo ruolo.","","","medium","","",""
"buildAnalysis.presetSpeedBreakthroughTitle","buildAnalysis","ui","Speed Breakthrough","Sfondamento in velocità","","24","medium","","",""
"buildAnalysis.presetSpeedBreakthroughShort","buildAnalysis","ui","Prioritizes quickness.","Privilegia la rapidità.","","29","medium","","",""
"buildAnalysis.presetSpeedBreakthroughDetail","buildAnalysis","ui","Prioritizes the quickness ability area (acceleration, speed).","Privilegia l’area di statistiche della rapidità (accelerazione, velocità).","","","medium","","",""
"buildAnalysis.presetRunInBehindTitle","buildAnalysis","ui","Run in Behind","Attaccare la profondità","","17","medium","","",""
"buildAnalysis.presetRunInBehindShort","buildAnalysis","ui","Prioritizes quickness with shooting as a secondary focus.","Privilegia la rapidità, con il tiro come focus secondario.","","","medium","","",""
"buildAnalysis.presetRunInBehindDetail","buildAnalysis","ui","Assumes running in behind the defense. Prioritizes quickness, with shooting as a secondary focus.","Presuppone di inserirsi alle spalle della difesa. Privilegia la rapidità, con il tiro come focus secondario.","","","medium","","",""
"buildAnalysis.presetCounterOutletTitle","buildAnalysis","ui","Counterattack Outlet","Sbocco per il contropiede","","26","medium","","",""
"buildAnalysis.presetCounterOutletShort","buildAnalysis","ui","Aims for counterattacking, prioritizing quickness with dribbling as a secondary focus.","Punta al contropiede, privilegiando la rapidità, con il dribbling come focus secondario.","","","medium","","",""
"buildAnalysis.presetCounterOutletDetail","buildAnalysis","ui","Sets counterattacking as the primary goal, prioritizing quickness with dribbling as a secondary focus. Since counterattacking depends on team tactics, this is treated as reference information in single-build analysis.","Imposta il contropiede come obiettivo principale, privilegiando la rapidità, con il dribbling come focus secondario. Poiché il contropiede dipende dalla tattica di squadra, nell’analisi di una singola build viene trattato come informazione di riferimento.","","","medium","","",""
"buildAnalysis.presetSprintDownWingTitle","buildAnalysis","ui","Sprint Down the Wing","Volare sulla fascia","","26","medium","","",""
"buildAnalysis.presetSprintDownWingShort","buildAnalysis","ui","Prioritizes quickness with passing as a secondary focus.","Privilegia la rapidità, con il passaggio come focus secondario.","","","medium","","",""
"buildAnalysis.presetSprintDownWingDetail","buildAnalysis","ui","Assumes sprinting down the wing. Prioritizes quickness, with passing as a secondary focus.","Presuppone di scattare lungo la fascia. Privilegia la rapidità, con il passaggio come focus secondario.","","","medium","","",""
"buildAnalysis.presetAerialSpecialistTitle","buildAnalysis","ui","Aerial Specialist","Specialista del gioco aereo","","23","medium","","",""
"buildAnalysis.presetAerialSpecialistShort","buildAnalysis","ui","Prioritizes aerial strength.","Privilegia il gioco aereo.","","","medium","","",""
"buildAnalysis.presetAerialSpecialistDetail","buildAnalysis","ui","Prioritizes the aerial strength ability area (heading, jumping, physical contact).","Privilegia l’area di statistiche del gioco aereo (colpo di testa, elevazione, contatto fisico).","","","medium","","",""
"buildAnalysis.presetTargetManTitle","buildAnalysis","ui","Target Man","Punta di riferimento","","13","medium","","",""
"buildAnalysis.presetTargetManShort","buildAnalysis","ui","Prioritizes aerial strength with lower body strength as a secondary focus.","Privilegia il gioco aereo, con la forza nelle gambe come focus secondario.","","","medium","","",""
"buildAnalysis.presetTargetManDetail","buildAnalysis","ui","Assumes being the target man up front. Prioritizes aerial strength, with lower body strength as a secondary focus.","Presuppone di fare da punta di riferimento in attacco. Privilegia il gioco aereo, con la forza nelle gambe come focus secondario.","","","medium","","",""
"buildAnalysis.presetPostPlayTitle","buildAnalysis","ui","Post-Up Play","Gioco spalle alla porta","","16","medium","","",""
"buildAnalysis.presetPostPlayShort","buildAnalysis","ui","Aims for possession, prioritizing lower body strength with dribbling as a secondary focus.","Punta al possesso, privilegiando la forza nelle gambe, con il dribbling come focus secondario.","","","medium","","",""
"buildAnalysis.presetPostPlayDetail","buildAnalysis","ui","Assumes holding up the ball with your back to goal. Sets possession as the primary goal, prioritizes lower body strength, with dribbling as a secondary focus.","Presuppone di proteggere palla spalle alla porta. Imposta il possesso come obiettivo principale e privilegia la forza nelle gambe, con il dribbling come focus secondario.","","","medium","","",""
"buildAnalysis.presetResistPhysicalContactTitle","buildAnalysis","ui","Resist Physical Contact","Reggere il contatto fisico","","30","medium","","",""
"buildAnalysis.presetResistPhysicalContactShort","buildAnalysis","ui","Prioritizes lower body strength.","Privilegia la forza nelle gambe.","","","medium","","",""
"buildAnalysis.presetResistPhysicalContactDetail","buildAnalysis","ui","Prioritizes the lower body strength ability area (kicking power, balance, stamina).","Privilegia l’area di statistiche della forza nelle gambe (potenza di tiro, equilibrio, resistenza).","","","medium","","",""
"buildAnalysis.presetBallWinningSpecialistTitle","buildAnalysis","ui","Ball-Winning Specialist","Specialista del recupero palla","","30","medium","","",""
"buildAnalysis.presetBallWinningSpecialistShort","buildAnalysis","ui","Prioritizes defending.","Privilegia la difesa.","","29","medium","","",""
"buildAnalysis.presetBallWinningSpecialistDetail","buildAnalysis","ui","Prioritizes the defending ability area (defensive awareness, tackling, ball winning).","Privilegia l’area di statistiche della difesa (attitudine difensiva, contrasto, recupero palla).","","","medium","","",""
"buildAnalysis.presetMidfieldDestroyerTitle","buildAnalysis","ui","Midfield Destroyer","Incontrista di centrocampo","","24","medium","","",""
"buildAnalysis.presetMidfieldDestroyerShort","buildAnalysis","ui","Prioritizes defending with lower body strength as a secondary focus.","Privilegia la difesa, con la forza nelle gambe come focus secondario.","","","medium","","",""
"buildAnalysis.presetMidfieldDestroyerDetail","buildAnalysis","ui","Assumes breaking up attacks in midfield. Prioritizes defending, with lower body strength as a secondary focus.","Presuppone di interrompere le azioni avversarie a centrocampo. Privilegia la difesa, con la forza nelle gambe come focus secondario.","","","medium","","",""
"buildAnalysis.presetManMarkingFocusTitle","buildAnalysis","ui","Man-Marking Focus","Focus sulla marcatura a uomo","","23","medium","","",""
"buildAnalysis.presetManMarkingFocusShort","buildAnalysis","ui","Prioritizes defending with quickness as a secondary focus.","Privilegia la difesa, con la rapidità come focus secondario.","","","medium","","",""
"buildAnalysis.presetManMarkingFocusDetail","buildAnalysis","ui","Assumes strong one-on-one defending. Prioritizes defending, with quickness as a secondary focus.","Presuppone una difesa forte nell’uno contro uno. Privilegia la difesa, con la rapidità come focus secondario.","","","medium","","",""
"buildAnalysis.presetBacklineStabilityTitle","buildAnalysis","ui","Backline Stability","Solidità della linea difensiva","","24","medium","","",""
"buildAnalysis.presetBacklineStabilityShort","buildAnalysis","ui","Prioritizes defending with aerial strength as a secondary focus.","Privilegia la difesa, con il gioco aereo come focus secondario.","","","medium","","",""
"buildAnalysis.presetBacklineStabilityDetail","buildAnalysis","ui","Assumes stabilizing the back line. Prioritizes defending, with aerial strength as a secondary focus.","Presuppone di stabilizzare la linea difensiva. Privilegia la difesa, con il gioco aereo come focus secondario.","","","medium","","",""
"buildAnalysis.presetShotStoppingFocusTitle","buildAnalysis","ui","Shot-Stopping Focus","Focus sulle parate","","25","medium","","",""
"buildAnalysis.presetShotStoppingFocusShort","buildAnalysis","ui","Prioritizes Goalkeeping 1 (reflexes).","Privilegia Portiere 1 (riflessi).","","","medium","","",""
"buildAnalysis.presetShotStoppingFocusDetail","buildAnalysis","ui","Prioritizes the Goalkeeping 1 ability area (GK awareness, GK reflexes). Since there is no dedicated GK primary goal in the existing model, the primary goal is treated as reference-only (""other"").","Privilegia l’area di statistiche Portiere 1 (attitudine portiere, riflessi portiere). Poiché il modello attuale non ha un obiettivo principale dedicato al portiere, l’obiettivo principale viene trattato solo come riferimento (""altro"").","","","medium","","",""
"buildAnalysis.presetHighBallFocusTitle","buildAnalysis","ui","High Ball Handling","Gestione dei palloni alti","","24","medium","","",""
"buildAnalysis.presetHighBallFocusShort","buildAnalysis","ui","Prioritizes Goalkeeping 3 (reach).","Privilegia Portiere 3 (estensione).","","","medium","","",""
"buildAnalysis.presetHighBallFocusDetail","buildAnalysis","ui","Prioritizes the Goalkeeping 3 ability area (reach). The primary goal is treated as reference-only (""other"").","Privilegia l’area di statistiche Portiere 3 (estensione). L’obiettivo principale viene trattato solo come riferimento (""altro"").","","","medium","","",""
"buildAnalysis.presetCatchingFocusTitle","buildAnalysis","ui","Catching Focus","Focus sulla presa","","19","medium","","",""
"buildAnalysis.presetCatchingFocusShort","buildAnalysis","ui","Prioritizes Goalkeeping 2 (catching).","Privilegia Portiere 2 (presa).","","","medium","","",""
"buildAnalysis.presetCatchingFocusDetail","buildAnalysis","ui","Prioritizes the Goalkeeping 2 ability area (catching, parrying). The primary goal is treated as reference-only (""other"").","Privilegia l’area di statistiche Portiere 2 (presa, respinta). L’obiettivo principale viene trattato solo come riferimento (""altro"").","","","medium","","",""
"buildAnalysis.presetSweeperKeeperTitle","buildAnalysis","ui","Sweeper Keeper","Portiere libero","","19","medium","","",""
"buildAnalysis.presetSweeperKeeperShort","buildAnalysis","ui","Prioritizes Goalkeeping 1 with Goalkeeping 3 as a secondary focus.","Privilegia Portiere 1, con Portiere 3 come focus secondario.","","","medium","","",""
"buildAnalysis.presetSweeperKeeperDetail","buildAnalysis","ui","Assumes actively coming off the line. Prioritizes Goalkeeping 1, with Goalkeeping 3 as a secondary focus. The primary goal is treated as reference-only (""other"").","Presuppone di uscire spesso dai pali. Privilegia Portiere 1, con Portiere 3 come focus secondario. L’obiettivo principale viene trattato solo come riferimento (""altro"").","","","medium","","",""
"buildAnalysis.presetDistributingGkTitle","buildAnalysis","ui","Distributing Goalkeeper","Portiere costruttore","","30","medium","","",""
"buildAnalysis.presetDistributingGkShort","buildAnalysis","ui","Prioritizes passing with Goalkeeping 1 as a secondary focus.","Privilegia il passaggio, con Portiere 1 come focus secondario.","","","medium","","",""
"buildAnalysis.presetDistributingGkDetail","buildAnalysis","ui","Assumes also contributing to distribution. Prioritizes passing, with Goalkeeping 1 as a secondary focus.","Presuppone di contribuire anche all’impostazione. Privilegia il passaggio, con Portiere 1 come focus secondario.","","","medium","","",""
"buildAnalysis.presetBalancedTypeTitle","buildAnalysis","ui","Balanced Type","Tipo equilibrato","","17","medium","","",""
"buildAnalysis.presetBalancedTypeShort","buildAnalysis","ui","Choose this for even, balanced allocation without focusing on a single area.","Scegli questo per una distribuzione uniforme ed equilibrata, senza concentrarti su un’unica area.","","","medium","","",""
"buildAnalysis.presetBalancedTypeDetail","buildAnalysis","ui","Does not prioritize any single ability area. Treats the primary goal as balanced.","Non privilegia nessuna singola area di statistiche. Considera l’obiettivo principale come equilibrato.","","","medium","","",""
"buildAnalysis.presetAttackLeaningBalanceTitle","buildAnalysis","ui","Attack-Leaning Balanced Type","Equilibrato offensivo","","37","medium","","",""
"buildAnalysis.presetAttackLeaningBalanceShort","buildAnalysis","ui","Keeps the primary goal balanced, with shooting and dribbling as secondary focuses.","Mantiene equilibrato l’obiettivo principale, con tiro e dribbling come focus secondari.","","","medium","","",""
"buildAnalysis.presetAttackLeaningBalanceDetail","buildAnalysis","ui","Treats the primary goal as balanced while giving secondary focus to shooting and dribbling.","Considera l’obiettivo principale come equilibrato, dando un focus secondario a tiro e dribbling.","","","medium","","",""
"buildAnalysis.presetDefenseLeaningBalanceTitle","buildAnalysis","ui","Defense-Leaning Balanced Type","Equilibrato difensivo","","38","medium","","",""
"buildAnalysis.presetDefenseLeaningBalanceShort","buildAnalysis","ui","Keeps the primary goal balanced, with defending and aerial strength as secondary focuses.","Mantiene equilibrato l’obiettivo principale, con difesa e gioco aereo come focus secondari.","","","medium","","",""
"buildAnalysis.presetDefenseLeaningBalanceDetail","buildAnalysis","ui","Treats the primary goal as balanced while giving secondary focus to defending and aerial strength.","Considera l’obiettivo principale come equilibrato, dando un focus secondario a difesa e gioco aereo.","","","medium","","",""
"buildAnalysis.presetSectionHeading","buildAnalysis","ui","Training Intent","Intenzione di progressione","","20","medium","","",""
"buildAnalysis.presetSearchLabel","buildAnalysis","ui","Search training intents","Cerca intenzioni di progressione","","30","medium","","",""
"buildAnalysis.presetSearchPlaceholder","buildAnalysis","ui","e.g. cross, dribbling, defending","Es.: cross, dribbling, difesa","","42","medium","","",""
"buildAnalysis.presetSearchNoResults","buildAnalysis","ui","No matching training intent was found. Choose from a category, or use the detailed settings.","Nessuna intenzione di progressione corrispondente. Scegli da una categoria o usa le impostazioni dettagliate.","","","medium","","",""
"buildAnalysis.presetRecommendedHeading","buildAnalysis","ui","Recommended Intents","Intenzioni consigliate","","25","medium","","",""
"buildAnalysis.presetCategoryFilterLabel","buildAnalysis","ui","Filter by category","Filtra per categoria","","24","medium","","",""
"buildAnalysis.presetCategoryAllLabel","buildAnalysis","ui","All","Tutte","","12","medium","","",""
"buildAnalysis.presetPrimaryAbilityAreasLabel","buildAnalysis","ui","Ability areas this affects","Aree di statistiche interessate","","34","medium","","",""
"buildAnalysis.presetMainSelectLabel","buildAnalysis","ui","Select as main intent","Scegli come intenzione principale","","28","medium","","",""
"buildAnalysis.presetMainSelectedBadge","buildAnalysis","ui","Main Intent","Intenzione principale","","15","medium","","",""
"buildAnalysis.presetSubSelectLabel","buildAnalysis","ui","Select as sub intent","Scegli come intenzione secondaria","","26","medium","","",""
"buildAnalysis.presetSubSelectedBadge","buildAnalysis","ui","Sub Intent","Intenzione secondaria","","13","medium","","",""
"buildAnalysis.presetSubMaxReachedNotice","buildAnalysis","ui","You can select up to 2 sub intents.","Puoi scegliere fino a 2 intenzioni secondarie.","","","medium","","",""
"buildAnalysis.presetClearSelectionLabel","buildAnalysis","ui","Clear selection","Cancella la selezione","","20","medium","","",""
"buildAnalysis.presetPreviewHeading","buildAnalysis","ui","Settings Preview","Anteprima delle impostazioni","","21","medium","","",""
"buildAnalysis.presetPreviewMainLabel","buildAnalysis","ui","Selected training intent","Intenzione di progressione scelta","","32","medium","","",""
"buildAnalysis.presetPreviewSubLabel","buildAnalysis","ui","Selected sub intents","Intenzioni secondarie scelte","","26","medium","","",""
"buildAnalysis.presetPreviewNoneSelectedText","buildAnalysis","ui","None selected","Nessuna selezione","","17","medium","","",""
"buildAnalysis.presetPreviewDerivedHeading","buildAnalysis","ui","What this sets","Cosa imposta","","19","medium","","",""
"buildAnalysis.presetSourcePresetLabel","buildAnalysis","ui","Set by preset","Impostato dal preset","","17","medium","","",""
"buildAnalysis.presetSourceUserLabel","buildAnalysis","ui","Changed by you","Modificato da te","","19","medium","","",""
"buildAnalysis.presetSourceUnspecifiedLabel","buildAnalysis","ui","Unspecified","Non specificato","","15","medium","","",""
"buildAnalysis.presetDetailSettingsToggleLabel","buildAnalysis","ui","Adjust the Settings Created From Your Intent","Modifica le impostazioni create dalla tua intenzione","","58","medium","","",""
"buildAnalysis.presetResetToPresetDefaultsLabel","buildAnalysis","ui","Reset to Intent Defaults","Ripristina i valori dell’intenzione","","32","medium","","",""
"buildAnalysis.presetDiscardManualEditsLabel","buildAnalysis","ui","Discard All Manual Edits","Scarta tutte le modifiche manuali","","32","medium","","",""
"buildAnalysis.presetConflictHeading","buildAnalysis","ui","Your Selected Intent Conflicts With Detailed Settings","L’intenzione scelta è in conflitto con le impostazioni dettagliate","","69","medium","","",""
"buildAnalysis.presetConflictTargetLabel","buildAnalysis","ui","Affected area","Area interessata","","17","medium","","",""
"buildAnalysis.presetConflictMainGoalLabel","buildAnalysis","ui","Selected intent","Intenzione scelta","","20","medium","","",""
"buildAnalysis.presetConflictManualSettingLabel","buildAnalysis","ui","Detailed setting","Impostazione dettagliata","","21","medium","","",""
"buildAnalysis.presetConflictUsePresetLabel","buildAnalysis","ui","Use the Intent's Setting","Usa l’impostazione dell’intenzione","","32","medium","","",""
"buildAnalysis.presetConflictUseManualLabel","buildAnalysis","ui","Use My Manual Setting","Usa la mia impostazione manuale","","28","medium","","",""
"buildAnalysis.presetConflictEditManualLabel","buildAnalysis","ui","Edit in Detailed Settings","Modifica nelle impostazioni dettagliate","","33","medium","","",""
"buildAnalysis.presetConflictBlocksConfirmNotice","buildAnalysis","ui","You cannot confirm ""Analyze with This Intent"" until the conflict is resolved.","Non puoi confermare ""Analizza con questa intenzione"" finché il conflitto non è risolto.","","","high","","",""
"buildAnalysis.presetConfirmButtonLabel","buildAnalysis","ui","Analyze with This Intent","Analizza con questa intenzione","","32","high","","",""
"buildAnalysis.presetConfirmedNoticeHeading","buildAnalysis","ui","This evaluation uses your selected training intent.","Questa valutazione usa l’intenzione di progressione scelta.","","67","high","","",""
"buildAnalysis.presetConfirmedMainLabel","buildAnalysis","ui","Selected training intent","Intenzione di progressione scelta","","32","high","","",""
"buildAnalysis.presetConfirmedSubLabel","buildAnalysis","ui","Sub intents","Intenzioni secondarie","","15","high","","",""
"buildAnalysis.presetConfirmedUserModifiedLabel","buildAnalysis","ui","Manual changes","Modifiche manuali","","19","high","","",""
"buildAnalysis.presetConfirmedUserModifiedYes","buildAnalysis","ui","Yes","Sì","","12","high","","",""
"buildAnalysis.presetConfirmedUserModifiedNo","buildAnalysis","ui","No","No","","12","high","","",""
"buildAnalysis.presetReturnToGeneralAnalysisLabel","buildAnalysis","ui","Return to General Analysis","Torna all’analisi generale","","34","medium","","",""
"buildAnalysis.presetChangeIntentButtonLabel","buildAnalysis","ui","Change Intent","Cambia intenzione","","17","medium","","",""
"buildAnalysis.presetChangedNotConfirmedNotice","buildAnalysis","ui","Your training intent selection has changed. The current evaluation still uses the previously confirmed intent.","La selezione dell’intenzione di progressione è cambiata. La valutazione attuale usa ancora l’intenzione confermata in precedenza.","","","high","","",""
"buildAnalysis.presetChangedCurrentSelectionLabel","buildAnalysis","ui","Currently selected intent","Intenzione selezionata ora","","33","medium","","",""
"buildAnalysis.presetChangedInUseLabel","buildAnalysis","ui","Intent used in the current evaluation","Intenzione usata nella valutazione attuale","","49","medium","","",""
"buildAnalysis.presetAnalyzeWithNewLabel","buildAnalysis","ui","Analyze With the New Intent","Analizza con la nuova intenzione","","36","medium","","",""
"buildAnalysis.presetRevertToPreviousLabel","buildAnalysis","ui","Revert to the Previous Intent","Torna all’intenzione precedente","","38","medium","","",""
"buildAnalysis.presetDetailChangedNotice","buildAnalysis","ui","Your detailed settings have changed. Apply the new settings to the evaluation.","Le impostazioni dettagliate sono cambiate. Applica le nuove impostazioni alla valutazione.","","","medium","","",""
"buildAnalysis.presetAnalyzeWithChangedSettingsLabel","buildAnalysis","ui","Analyze With the Changed Settings","Analizza con le impostazioni modificate","","43","medium","","",""
"buildAnalysis.presetRevertDetailChangesLabel","buildAnalysis","ui","Revert the Changes","Annulla le modifiche","","24","medium","","",""
"buildAnalysis.presetDeselectedNotice","buildAnalysis","ui","Your training intent selection has been cleared. Update to fall back to general analysis only.","La selezione dell’intenzione di progressione è stata cancellata. Aggiorna per tornare alla sola analisi generale.","","","medium","","",""
"buildAnalysis.presetKeepPreviousSelectionLabel","buildAnalysis","ui","Keep the Previous Intent","Mantieni l’intenzione precedente","","32","medium","","",""
"buildAnalysis.presetReflectionHeading","buildAnalysis","ui","Settings Used in the Evaluation","Impostazioni usate nella valutazione","","41","medium","","",""
"buildAnalysis.presetReflectionSourceLabel","buildAnalysis","ui","Source","Origine","","12","medium","","",""
"buildAnalysis.presetReflectionSourcePresetPlusUser","buildAnalysis","ui","Preset + Manual Changes","Preset + modifiche manuali","","30","medium","","",""
"buildAnalysis.presetReflectionSourcePresetOnly","buildAnalysis","ui","Preset Only","Solo preset","","15","medium","","",""
"buildAnalysis.presetReflectionSourceManualOnly","buildAnalysis","ui","Manual Settings Only","Solo impostazioni manuali","","26","medium","","",""
"buildAnalysis.presetReflectionSourceNone","buildAnalysis","ui","Not Set","Non impostato","","12","medium","","",""
"buildAnalysis.presetReflectionStatusLabel","buildAnalysis","ui","Status","Stato","","12","medium","","",""
"buildAnalysis.presetReflectionStatusConfirmed","buildAnalysis","ui","Confirmed","Confermato","","12","high","","",""
"buildAnalysis.presetReflectionUnconfirmedNotice","buildAnalysis","ui","There are unconfirmed changes","Ci sono modifiche non confermate","","","high","","",""
"buildAnalysis.presetReflectionUnconfirmedMainChange","buildAnalysis","ui","Main intent","Intenzione principale","","15","high","","",""
"buildAnalysis.presetReflectionUnconfirmedDetailChange","buildAnalysis","ui","Detailed settings","Impostazioni dettagliate","","23","high","","",""
"buildAnalysis.presetCarriedOverNotice","buildAnalysis","ui","Your training intent has carried over to another build on the same card.","La tua intenzione di progressione è stata trasferita a un’altra build della stessa carta.","","","medium","","",""
"buildAnalysis.buildIntentStatusNotInputText","buildAnalysis","ui","Not Entered","Non inserita","","15","medium","","",""
"buildAnalysis.buildIntentStatusNotAnalyzedText","buildAnalysis","ui","Not Analyzed","Non analizzata","","16","medium","","",""
"buildAnalysis.buildIntentStatusAnalyzingText","buildAnalysis","ui","Analyzing","Analisi in corso","","12","medium","","",""
"buildAnalysis.buildIntentStatusAwaitingConfirmationText","buildAnalysis","ui","Awaiting Confirmation","In attesa di conferma","","28","high","","",""
"buildAnalysis.buildIntentStatusConfirmedText","buildAnalysis","ui","Confirmed","Confermata","","12","high","","",""
"buildAnalysis.buildIntentStatusStaleText","buildAnalysis","ui","Outdated (Input Changed)","Non aggiornata (testo modificato)","","32","medium","","",""
"buildAnalysis.buildIntentStatusFailedText","buildAnalysis","ui","Analysis Failed","Analisi non riuscita","","20","high","","",""
"buildAnalysis.buildIntentStatusNotConfiguredText","buildAnalysis","ui","Analysis Not Configured","Analisi non configurata","","30","medium","","",""
"buildAnalysis.buildIntentStatusManualText","buildAnalysis","ui","Using Manual Settings","Impostazioni manuali in uso","","28","medium","","",""
"buildAnalysis.intentUserNoteCounterTemplate","buildAnalysis","ui","{count} / {max} characters","{count} / {max} caratteri","","","medium","","",""
"buildAnalysis.intentGoalUnspecified","buildAnalysis","ui","Unspecified","Non specificato","","15","medium","","",""
"buildAnalysis.intentGoalScoring","buildAnalysis","ui","Scoring","Gol","","12","medium","","",""
"buildAnalysis.intentGoalDribbling","buildAnalysis","ui","Dribbling","Dribbling","","12","medium","","",""
"buildAnalysis.intentGoalPassing","buildAnalysis","ui","Passing / Chance Creation","Passaggio / creazione di occasioni","","","medium","","",""
"buildAnalysis.intentGoalSpeed","buildAnalysis","ui","Speed","Velocità","","12","medium","","",""
"buildAnalysis.intentGoalPossession","buildAnalysis","ui","Ball Possession","Possesso palla","","20","medium","","",""
"buildAnalysis.intentGoalPhysical","buildAnalysis","ui","Physical","Fisico","","12","medium","","",""
"buildAnalysis.intentGoalAerial","buildAnalysis","ui","Aerial","Gioco aereo","","12","medium","","",""
"buildAnalysis.intentGoalDefense","buildAnalysis","ui","Defense","Difesa","","12","medium","","",""
"buildAnalysis.intentGoalPress","buildAnalysis","ui","Press","Pressing","","12","medium","","",""
"buildAnalysis.intentGoalCounter","buildAnalysis","ui","Counter-Attack","Contropiede","","19","medium","","",""
"buildAnalysis.intentGoalBalance","buildAnalysis","ui","Balance","Equilibrio","","12","medium","","",""
"buildAnalysis.intentGoalOther","buildAnalysis","ui","Other","Altro","","12","medium","","",""
"buildAnalysis.intentReflectionHeading","buildAnalysis","ui","How Your Input Is Reflected","Come vengono usati i tuoi dati","","36","medium","","",""
"buildAnalysis.intentReflectionUnspecifiedToggleLabel","buildAnalysis","ui","See other unspecified items","Vedi le altre voci non specificate","","36","medium","","",""
"buildAnalysis.intentReflectionFieldPrimaryGoal","buildAnalysis","ui","Central Analysis Goal","Obiettivo centrale dell’analisi","","28","medium","","",""
"buildAnalysis.intentReflectionFieldPosition","buildAnalysis","ui","Intended Position","Ruolo previsto","","23","medium","","",""
"buildAnalysis.intentReflectionFieldPriorityGroups","buildAnalysis","ui","Priority Areas","Aree prioritarie","","19","medium","","",""
"buildAnalysis.intentReflectionFieldLowerPriorityGroups","buildAnalysis","ui","Lower-Priority Areas","Aree a bassa priorità","","26","medium","","",""
"buildAnalysis.intentReflectionFieldAvoidOverinvestmentGroups","buildAnalysis","ui","Areas to Avoid Overinvesting In","Aree da non sovrainvestire","","","medium","","",""
"buildAnalysis.intentReflectionFieldIntentionallyIgnoredGroups","buildAnalysis","ui","Excluded From This Evaluation","Escluse da questa valutazione","","","medium","","",""
"buildAnalysis.intentReflectionFieldComparisonTarget","buildAnalysis","ui","Comparison Intent","Intenzione del confronto","","23","medium","","",""
"buildAnalysis.intentReflectionFieldFreeText","buildAnalysis","ui","Build Intent","Intenzione della build","","16","medium","","",""
"buildAnalysis.intentReflectionFieldStrengthsToPreserve","buildAnalysis","ui","Strengths to preserve","Punti di forza da mantenere","","28","medium","","",""
"buildAnalysis.intentReflectionStatusUsed","buildAnalysis","ui","Used in Analysis","Usato nell’analisi","","21","medium","","",""
"buildAnalysis.intentReflectionStatusReferenceOnly","buildAnalysis","ui","Reference Only","Solo riferimento","","19","medium","","",""
"buildAnalysis.intentReflectionStatusDisplayOnly","buildAnalysis","ui","Displayed Only, Not Analyzed","Solo mostrato, non analizzato","","","medium","","",""
"buildAnalysis.intentReflectionStatusNotSpecified","buildAnalysis","ui","Not Specified","Non specificato","","17","medium","","",""
"buildAnalysis.intentReflectionStatusLimitedByData","buildAnalysis","ui","Limited by Missing Data","Limitato da dati mancanti","","30","medium","","",""
"buildAnalysis.intentAlignmentLabel","buildAnalysis","ui","Intent Alignment","Corrispondenza con l’intenzione","","21","medium","","",""
"buildAnalysis.intentAlignmentHigh","buildAnalysis","ui","High","Alta","","12","medium","","",""
"buildAnalysis.intentAlignmentMostlyAligned","buildAnalysis","ui","Mostly Aligned","In gran parte in linea","","19","medium","","",""
"buildAnalysis.intentAlignmentPartiallyAligned","buildAnalysis","ui","Partially Aligned","Parzialmente in linea","","23","medium","","",""
"buildAnalysis.intentAlignmentPoorlyAligned","buildAnalysis","ui","Poorly Aligned","Poco in linea","","19","medium","","",""
"buildAnalysis.intentAlignmentInsufficientInformation","buildAnalysis","ui","Insufficient Information","Informazioni insufficienti","","32","medium","","",""
"buildAnalysis.generalEvaluationHeading","buildAnalysis","ui","General Build Evaluation","Valutazione generale della build","","32","medium","","",""
"buildAnalysis.intentEvaluationHeading","buildAnalysis","ui","Evaluation Against Your Intent","Valutazione rispetto alla tua intenzione","","39","medium","","",""
"buildAnalysis.intentEvaluationEmptyGuidance","buildAnalysis","ui","Select a primary goal or priority areas to evaluate how well this build matches your intent.","Scegli un obiettivo principale o delle aree prioritarie per valutare quanto questa build corrisponde alla tua intenzione.","","","medium","","",""
"buildAnalysis.intentConclusionHeading","buildAnalysis","ui","Conclusion","Conclusione","","13","medium","","",""
"buildAnalysis.intentAlignedHeading","buildAnalysis","ui","Achievements Aligned with Your Intent","Risultati in linea con la tua intenzione","","49","medium","","",""
"buildAnalysis.intentMisalignmentHeading","buildAnalysis","ui","Clear Mismatches With Your Intent","Discrepanze evidenti con la tua intenzione","","43","medium","","",""
"buildAnalysis.intentOverinvestmentHeading","buildAnalysis","ui","Possible Overinvestment for This Intent","Possibile sovrainvestimento per questa intenzione","","51","medium","","",""
"buildAnalysis.intentAcceptableLowHeading","buildAnalysis","ui","Not a Concern for This Use Case","Non è un problema per questo uso","","41","medium","","",""
"buildAnalysis.intentNotAProblemHeading","buildAnalysis","ui","Areas Not Treated as a Problem for This Use Case","Aree non considerate un problema per questo uso","","63","medium","","",""
"buildAnalysis.intentComparisonHeading","buildAnalysis","ui","Fit vs Other Builds for This Card","Corrispondenza rispetto alle altre build di questa carta","","43","medium","","",""
"buildAnalysis.intentImprovementHeading","buildAnalysis","ui","Improvement Priorities for This Intent","Priorità di miglioramento per questa intenzione","","50","medium","","",""
"buildAnalysis.intentFinalHeading","buildAnalysis","ui","Final Verdict","Verdetto finale","","17","medium","","",""
"buildAnalysis.intentNoneText","buildAnalysis","ui","None","Nessuno","","12","medium","","",""
"buildAnalysis.buildIntentEvidenceHeading","buildAnalysis","ui","Text That Supports This Reading","Testo su cui si basa questa lettura","","41","medium","","",""
"buildAnalysis.intentContextTemplate","buildAnalysis","ui","a build aimed at {goal}","una build orientata a {goal}","","30","medium","","",""
"buildAnalysis.intentContextWithPositionTemplate","buildAnalysis","ui","a build aimed at {goal} as {position}","una build orientata a {goal} come {position}","","","medium","","",""
"buildAnalysis.intentConclusionWithIssueTemplate","buildAnalysis","ui","Conclusion: This is {context}, but {issue}","Conclusione: è {context}, ma {issue}","","","medium","","",""
"buildAnalysis.intentConclusionNoIssueTemplate","buildAnalysis","ui","Conclusion: This is {context}, and allocation to your priority areas is broadly aligned with your intent.","Conclusione: è {context} e la distribuzione sulle aree prioritarie è in gran parte in linea con la tua intenzione.","","","medium","","",""
"buildAnalysis.intentConclusionIssueNotReflectedTemplate","buildAnalysis","ui","allocation to {category}, which relates to your primary goal, is not reflected yet.","la distribuzione su {category}, legata al tuo obiettivo principale, non è ancora presente.","","","medium","","",""
"buildAnalysis.intentConclusionIssueUnderprioritizedTemplate","buildAnalysis","ui","allocation to {category}, which relates to your primary goal, is weaker than your other priority areas.","la distribuzione su {category}, legata al tuo obiettivo principale, è più debole rispetto alle altre aree prioritarie.","","","medium","","",""
"buildAnalysis.intentConclusionIssueAvoidOverinvestmentTemplate","buildAnalysis","ui","allocation to {category}, which you asked not to overinvest in, has become large.","la distribuzione su {category}, su cui avevi chiesto di non investire troppo, è diventata ampia.","","","medium","","",""
"buildAnalysis.intentConclusionIssueOverinvestmentTemplate","buildAnalysis","ui","allocation to {category}, which isn't a priority, has become large.","la distribuzione su {category}, che non è prioritaria, è diventata ampia.","","","medium","","",""
"buildAnalysis.intentConclusionAlignmentHigh","buildAnalysis","ui","The allocation priority matches your intent well.","La priorità della distribuzione corrisponde bene alla tua intenzione.","","","medium","","",""
"buildAnalysis.intentConclusionAlignmentMostlyAligned","buildAnalysis","ui","The allocation priority is broadly aligned with your intent.","La priorità della distribuzione è in gran parte in linea con la tua intenzione.","","","medium","","",""
"buildAnalysis.intentConclusionAlignmentPartiallyAligned","buildAnalysis","ui","The allocation priority isn't fully aligned with your intent.","La priorità della distribuzione non è del tutto in linea con la tua intenzione.","","","medium","","",""
"buildAnalysis.intentConclusionAlignmentPoorlyAligned","buildAnalysis","ui","The allocation priority is significantly off from your intent.","La priorità della distribuzione si discosta molto dalla tua intenzione.","","","medium","","",""
"buildAnalysis.intentConclusionAlignmentInsufficientInformation","buildAnalysis","ui","With the current data, it isn't possible to fully judge whether the allocation priority matches your intent.","Con i dati attuali non è possibile stabilire del tutto se la priorità della distribuzione corrisponda alla tua intenzione.","","","medium","","",""
"buildAnalysis.intentConclusionAlignmentAndImprovementTemplate","buildAnalysis","ui","{alignment} The top improvement candidate is {category}.","{alignment} Il principale candidato al miglioramento è {category}.","","","medium","","",""
"buildAnalysis.intentAlignedGroupStronglyWithAbilitiesTemplate","buildAnalysis","ui","{categories} were marked as priority areas, and related abilities — including {abilityList} — have actually improved, aligning well with your intent.","{categories}: indicate come aree prioritarie, le statistiche correlate, tra cui {abilityList}, sono effettivamente migliorate, in piena linea con la tua intenzione.","","","medium","","",""
"buildAnalysis.intentAlignedGroupStronglyTemplate","buildAnalysis","ui","{categories} were marked as priority areas and are being strengthened as allocated, aligning well with your intent.","{categories}: indicate come aree prioritarie, vengono rafforzate secondo la distribuzione, in piena linea con la tua intenzione.","","","medium","","",""
"buildAnalysis.intentAlignedGroupMostlyWithAbilitiesTemplate","buildAnalysis","ui","{categories} were marked as priority areas, and related abilities — including {abilityList} — show confirmed improvement, broadly aligning with your intent.","{categories}: indicate come aree prioritarie, le statistiche correlate, tra cui {abilityList}, mostrano un miglioramento confermato, in gran parte in linea con la tua intenzione.","","","medium","","",""
"buildAnalysis.intentAlignedGroupMostlyTemplate","buildAnalysis","ui","{categories} were marked as priority areas and broadly align with your intent.","{categories}: indicate come aree prioritarie, sono in gran parte in linea con la tua intenzione.","","","medium","","",""
"buildAnalysis.intentAlignedNoneText","buildAnalysis","ui","No priority area can currently be described as clearly aligned with your intent.","Al momento nessuna area prioritaria può dirsi chiaramente in linea con la tua intenzione.","","","medium","","",""
"buildAnalysis.intentMisalignmentNoneText","buildAnalysis","ui","No allocation currently stands out as significantly off from your intent.","Al momento nessuna distribuzione si discosta in modo evidente dalla tua intenzione.","","","medium","","",""
"buildAnalysis.intentNotAProblemNoneText","buildAnalysis","ui","No areas are marked as lower priority.","Nessuna area è indicata come a bassa priorità.","","","medium","","",""
"buildAnalysis.intentAbilityDeltaItemTemplate","buildAnalysis","ui","{ability}{delta}","{ability}{delta}","","21","medium","","",""
"buildAnalysis.intentAbilityListSeparator","buildAnalysis","ui",", ",", ","","12","medium","","",""
"buildAnalysis.intentFindingPriorityNotReflected","buildAnalysis","ui","You marked {category} as a priority, but there's currently no allocation to it. Check whether the priorities match your intent.","Hai indicato {category} come prioritaria, ma al momento non ha punti assegnati. Verifica se le priorità corrispondono alla tua intenzione.","","","medium","","",""
"buildAnalysis.intentFindingPriorityUnderprioritized","buildAnalysis","ui","There is allocation to your priority area, {category}, but it's lower than your other priority areas, making it too weak to serve as the main focus for your intent.","La tua area prioritaria {category} ha dei punti, ma meno delle altre aree prioritarie, quindi è troppo debole per essere il focus principale della tua intenzione.","","","medium","","",""
"buildAnalysis.intentFindingPriorityInsufficientData","buildAnalysis","ui","Allocation to {category} is present, but ability data is insufficient, so its fit with your intent can't be judged.","Ci sono punti su {category}, ma i dati delle statistiche sono insufficienti, quindi non si può valutare la corrispondenza con la tua intenzione.","","","medium","","",""
"buildAnalysis.intentFindingPrimaryGoalReflected","buildAnalysis","ui","For a balance-focused intent, the allocation isn't concentrated on a specific area.","Per un’intenzione orientata all’equilibrio, la distribuzione non è concentrata su un’area specifica.","","","medium","","",""
"buildAnalysis.intentFindingPrimaryGoalMismatch","buildAnalysis","ui","For a balance-focused intent, allocation to {category} stands out disproportionately.","Per un’intenzione orientata all’equilibrio, la distribuzione su {category} risulta sproporzionata.","","","medium","","",""
"buildAnalysis.intentFindingLowerPriorityLowAllocationGood","buildAnalysis","ui","Allocation to {category} is low, but since you marked it as lower priority for this intent, it isn't treated as a major concern.","La distribuzione su {category} è bassa, ma poiché l’hai indicata come a bassa priorità per questa intenzione, non è considerata una criticità importante.","","","medium","","",""
"buildAnalysis.intentAcceptableLowOnlyTemplate","buildAnalysis","ui","{categories} are marked as lower priority, so they aren't treated as a major concern for this use case.","{categories}: indicate come a bassa priorità, non sono considerate una criticità importante per questo uso.","","","medium","","",""
"buildAnalysis.intentAcceptableExcludedOnlyTemplate","buildAnalysis","ui","{categories} are marked as excluded from this evaluation, so this low allocation isn't treated as a major concern.","{categories}: escluse da questa valutazione, quindi la distribuzione bassa non è considerata una criticità importante.","","","medium","","",""
"buildAnalysis.intentAcceptableLowAndExcludedTemplate","buildAnalysis","ui","{lowCategories} are marked as lower priority. {excludedCategories} are excluded from this evaluation, so these low allocations aren't treated as a major concern.","{lowCategories}: indicate come a bassa priorità. {excludedCategories}: escluse da questa valutazione. Per questo queste distribuzioni basse non sono considerate una criticità importante.","","","medium","","",""
"buildAnalysis.intentFindingNearComplete","buildAnalysis","ui","The allocation aligned with your intent is nearly complete, with few points remaining.","La distribuzione in linea con la tua intenzione è quasi completa: restano pochi punti.","","","medium","","",""
"buildAnalysis.intentFindingSpreadNotAProblem","buildAnalysis","ui","Allocation spans {count} areas, but since it is centered on your priority areas, this does not indicate an unclear purpose.","La distribuzione copre {count} aree, ma poiché è incentrata sulle tue aree prioritarie, non indica uno scopo poco chiaro.","","","medium","","",""
"buildAnalysis.intentFindingOverinvestmentOutsidePriorityNormal","buildAnalysis","ui","Allocation to {category} (notably {ability}), which isn't a priority, has become a large share. Whether this should take precedence over your intent is worth rechecking.","La distribuzione su {category} (soprattutto {ability}), che non è prioritaria, è diventata una quota ampia. Conviene ricontrollare se debba avere la precedenza sulla tua intenzione.","","","medium","","",""
"buildAnalysis.intentFindingOverinvestmentOutsidePriorityHarsh","buildAnalysis","ui","{category} isn't one of your priority areas, yet related abilities such as {ability} were already high before training (avg. around {baseAverage}) and received heavy additional allocation. Whether this is really necessary for your intent is worth rechecking.","{category} non è tra le tue aree prioritarie, eppure statistiche correlate come {ability} erano già alte prima della progressione (media intorno a {baseAverage}) e hanno ricevuto molti punti in più. Conviene ricontrollare se sia davvero necessario per la tua intenzione.","","","medium","","",""
"buildAnalysis.intentFindingGoalAuxiliaryOnly","buildAnalysis","ui","Press and counter-attack have limited evaluable scope from a single saved build's ability values alone. Treat this analysis as supplementary reference only.","Pressing e contropiede si possono valutare solo in parte a partire dai valori delle statistiche di una singola build salvata. Considera questa analisi solo come riferimento supplementare.","","","medium","","",""
"buildAnalysis.intentFindingInsufficientAbilityData","buildAnalysis","ui","Ability data is insufficient, so this intent-fit assessment is limited.","I dati delle statistiche sono insufficienti, quindi questa valutazione della corrispondenza con l’intenzione è limitata.","","","medium","","",""
"buildAnalysis.intentFindingPriorityCountMany","buildAnalysis","ui","With {count} priority areas selected, a focused, intent-specific evaluation becomes limited.","Con {count} aree prioritarie selezionate, una valutazione mirata alla singola intenzione diventa limitata.","","","medium","","",""
"buildAnalysis.intentFindingPriorityCountAll","buildAnalysis","ui","Every ability area is marked as a priority, so a per-intent priority ranking can't be determined.","Tutte le aree di statistiche sono indicate come prioritarie, quindi non si può stabilire un ordine di priorità per l’intenzione.","","","medium","","",""
"buildAnalysis.intentFindingLowerPriorityCountMost","buildAnalysis","ui","With {count} areas marked as lower priority, there isn't enough remaining basis to judge what should be prioritized.","Con {count} aree indicate come a bassa priorità, non restano basi sufficienti per stabilire cosa privilegiare.","","","medium","","",""
"buildAnalysis.intentComparisonCurrentCloserTemplate","buildAnalysis","ui","The current build may be closer to this intent than ""{siblingName}"".","La build attuale potrebbe essere più vicina a questa intenzione rispetto a ""{siblingName}"".","","","medium","","",""
"buildAnalysis.intentComparisonCurrentCloserDetailedTemplate","buildAnalysis","ui","The current build may be closer to this intent than ""{siblingName}"", with higher ability in priority areas including {abilityList}.","La build attuale potrebbe essere più vicina a questa intenzione rispetto a ""{siblingName}"", con statistiche più alte nelle aree prioritarie, tra cui {abilityList}.","","","medium","","",""
"buildAnalysis.intentComparisonOtherCloserTemplate","buildAnalysis","ui","""{siblingName}"" may be closer to this intent.","""{siblingName}"" potrebbe essere più vicina a questa intenzione.","","","medium","","",""
"buildAnalysis.intentComparisonOtherCloserDetailedTemplate","buildAnalysis","ui","""{siblingName}"" may be closer to this intent, with higher ability in priority areas including {abilityList}.","""{siblingName}"" potrebbe essere più vicina a questa intenzione, con statistiche più alte nelle aree prioritarie, tra cui {abilityList}.","","","medium","","",""
"buildAnalysis.intentComparisonSimilarTemplate","buildAnalysis","ui","The difference from ""{siblingName}"" is small, so it isn't clear which is closer to this intent.","La differenza rispetto a ""{siblingName}"" è piccola, quindi non è chiaro quale sia più vicina a questa intenzione.","","","medium","","",""
"buildAnalysis.intentComparisonSimilarWithGroupsTemplate","buildAnalysis","ui","The final ability difference from ""{siblingName}"" in {categories} is small, so differentiation as a {goal} build is still insufficient. You'll need to decide where in your priority areas to create a clear difference.","La differenza nelle statistiche finali rispetto a ""{siblingName}"" in {categories} è piccola, quindi la differenziazione come build orientata a {goal} è ancora insufficiente. Dovrai decidere in quale delle tue aree prioritarie creare una differenza netta.","","","medium","","",""
"buildAnalysis.intentComparisonConditionDiffersTemplate","buildAnalysis","ui","Comparison conditions differ from ""{siblingName}"", so a simple intent-fit comparison isn't possible.","Le condizioni di confronto con ""{siblingName}"" sono diverse, quindi non è possibile un confronto semplice della corrispondenza con l’intenzione.","","","medium","","",""
"buildAnalysis.intentComparisonInsufficientDataTemplate","buildAnalysis","ui","Ability data for ""{siblingName}"" is insufficient, so an intent-fit comparison isn't possible.","I dati delle statistiche di ""{siblingName}"" sono insufficienti, quindi non è possibile confrontare la corrispondenza con l’intenzione.","","","medium","","",""
"buildAnalysis.intentTopIssueNotReflectedTemplate","buildAnalysis","ui","The top priority is to actually allocate to {category}, which you marked as a priority.","La priorità massima è assegnare davvero punti a {category}, che hai indicato come prioritaria.","","","medium","","",""
"buildAnalysis.intentTopIssueUnderprioritizedTemplate","buildAnalysis","ui","The top priority is to recheck allocation to {category} so it can serve as a main focus on par with your other priority areas.","La priorità massima è ricontrollare la distribuzione su {category}, perché possa essere un focus principale al pari delle altre aree prioritarie.","","","medium","","",""
"buildAnalysis.intentTopIssueAvoidOverinvestmentTemplate","buildAnalysis","ui","The top priority is to hold back allocation to {category}, which you asked not to overinvest in.","La priorità massima è contenere la distribuzione su {category}, su cui avevi chiesto di non investire troppo.","","","medium","","",""
"buildAnalysis.intentTopIssueOverinvestmentTemplate","buildAnalysis","ui","The top priority is to recheck allocation to {category}.","La priorità massima è ricontrollare la distribuzione su {category}.","","","medium","","",""
"buildAnalysis.intentTopIssueNoneTemplate","buildAnalysis","ui","No major changes are needed for the current allocation.","Non servono modifiche importanti alla distribuzione attuale.","","","medium","","",""
"buildAnalysis.intentPreserveTemplate","buildAnalysis","ui","The ability gains achieved in {category} are a strength of this build — keep them.","Gli aumenti di statistiche ottenuti in {category} sono un punto di forza di questa build: mantienili.","","","medium","","",""
"buildAnalysis.intentPreserveNoneTemplate","buildAnalysis","ui","No standout strength to preserve is clear at this time.","Al momento non c’è un punto di forza evidente da mantenere.","","","medium","","",""
"buildAnalysis.intentStateSecondary","buildAnalysis","ui","Secondary Priority","Priorità secondaria","","24","medium","","",""
"buildAnalysis.buildIntentStatusConfirmedModifiedText","buildAnalysis","ui","Using your edited version of the reading","In uso la tua versione modificata della lettura","","","high","","",""
"buildAnalysis.intentReflectionFieldSecondaryPriorityGroups","buildAnalysis","ui","Secondary priority areas","Aree a priorità secondaria","","32","medium","","",""
"buildAnalysis.intentConclusionIssueSecondaryNotReflectedTemplate","buildAnalysis","ui","Allocation to {category}, which you marked as a secondary priority, is not reflected yet.","La distribuzione su {category}, che hai indicato come priorità secondaria, non è ancora presente.","","","medium","","",""
"buildAnalysis.intentConclusionIssuePriorityInversionTemplate","buildAnalysis","ui","Allocation to {category}, a secondary priority, has exceeded your top priority areas.","La distribuzione su {category}, una priorità secondaria, ha superato le tue aree a priorità massima.","","","medium","","",""
"buildAnalysis.intentTopIssueSecondaryNotReflectedTemplate","buildAnalysis","ui","The next thing to consider is allocating to {category}, your secondary priority.","Il prossimo passo da valutare è assegnare punti a {category}, la tua priorità secondaria.","","","medium","","",""
"buildAnalysis.intentTopIssuePriorityInversionTemplate","buildAnalysis","ui","The top priority is to recheck the balance between {category} (a secondary priority) and your top priority areas.","La priorità massima è ricontrollare l’equilibrio tra {category} (priorità secondaria) e le tue aree a priorità massima.","","","medium","","",""
"buildAnalysis.intentFindingSecondaryNotReflected","buildAnalysis","ui","You marked {category} as a secondary priority, but the current allocation does not reflect it yet.","Hai indicato {category} come priorità secondaria, ma la distribuzione attuale non ne tiene ancora conto.","","","medium","","",""
"buildAnalysis.intentFindingSecondaryPriorityInversion","buildAnalysis","ui","Allocation to {category} (secondary priority, {level}) exceeds your top priority allocation ({maxLevel}). Consider rechecking the priority order.","La distribuzione su {category} (priorità secondaria, {level}) supera quella della tua priorità massima ({maxLevel}). Valuta di ricontrollare l’ordine delle priorità.","","","medium","","",""
"buildAnalysis.intentFindingSecondaryPriorityInversionReview","buildAnalysis","ui","Allocation to {category} (secondary priority, {level}) is slightly above your top priority allocation ({maxLevel}). Since your top priority areas still show ability gains, this isn't treated as a clear mismatch — just check whether the allocation matches your intent.","La distribuzione su {category} (priorità secondaria, {level}) è leggermente superiore a quella della tua priorità massima ({maxLevel}). Poiché le aree a priorità massima mostrano comunque aumenti di statistiche, non è considerata una discrepanza evidente: verifica solo che la distribuzione corrisponda alla tua intenzione.","","","medium","","",""
"buildAnalysis.intentConfirmationHeading","buildAnalysis","ui","Priority Order to Confirm","Ordine di priorità da confermare","","33","high","","",""
"buildAnalysis.intentSecondaryHeading","buildAnalysis","ui","Secondary priority achievements","Risultati delle priorità secondarie","","41","medium","","",""
"buildAnalysis.intentSecondaryAlignedWithAbilitiesTemplate","buildAnalysis","ui","{categories} were marked as a secondary priority, and gains in {abilityList} are confirmed. This isn't the primary goal, but it's a supporting result that matches your intent.","{categories}: indicate come priorità secondaria, con aumenti confermati in {abilityList}. Non è l’obiettivo principale, ma è un risultato di supporto in linea con la tua intenzione.","","","medium","","",""
"buildAnalysis.intentSecondaryAlignedTemplate","buildAnalysis","ui","{categories} are allocated as a secondary priority.","{categories}: punti assegnati come priorità secondaria.","","","medium","","",""
"buildAnalysis.intentSecondaryInsufficientDataTemplate","buildAnalysis","ui","You marked {categories} as a secondary priority, but current ability data isn't enough to confirm the result.","Hai indicato {categories} come priorità secondaria, ma i dati attuali delle statistiche non bastano a confermare il risultato.","","","medium","","",""
"buildAnalysis.intentPreserveSecondaryTemplate","buildAnalysis","ui","{category} shows a confirmed secondary strength that matches your intent.","{category} mostra un punto di forza secondario confermato, in linea con la tua intenzione.","","","medium","","",""
"buildAnalysis.intentPreserveUnconfirmedTemplate","buildAnalysis","ui","You asked to preserve {category}, but current ability data alone isn't enough to confirm it as a clear strength.","Hai chiesto di mantenere {category}, ma i soli dati attuali delle statistiche non bastano a confermarlo come punto di forza evidente.","","","high","","",""
"buildAnalysis.buildIntentManualNotice","buildAnalysis","ui","This analysis uses the intent settings you entered manually.","Questa analisi usa le impostazioni dell’intenzione inserite manualmente.","","","medium","","",""
"buildAnalysis.buildIntentConfirmedModifiedNotice","buildAnalysis","ui","This evaluation uses your edited version of the reading.","Questa valutazione usa la tua versione modificata della lettura.","","","high","","",""
"buildAnalysis.buildIntentStaleUsingPreviousNotice","buildAnalysis","ui","This evaluation is based on the previously confirmed build intent. Your latest free text hasn't been re-analyzed yet.","Questa valutazione si basa sull’intenzione della build confermata in precedenza. Il tuo ultimo testo libero non è ancora stato rianalizzato.","","","medium","","",""
"buildAnalysis.intentReflectionSourceLabel","buildAnalysis","ui","Source used for this analysis","Origine usata per questa analisi","","38","medium","","",""
"buildAnalysis.buildIntentSourceAiConfirmedLabel","buildAnalysis","ui","Confirmed reading","Lettura confermata","","23","high","","",""
"buildAnalysis.buildIntentSourceAiModifiedLabel","buildAnalysis","ui","Reading, edited by you","Lettura modificata da te","","29","medium","","",""
"buildAnalysis.buildIntentSourceManualLabel","buildAnalysis","ui","Fully manual settings","Impostazioni completamente manuali","","28","medium","","",""
"buildAnalysis.buildIntentSourceStaleLabel","buildAnalysis","ui","Outdated reading","Lettura non aggiornata","","21","medium","","",""
"buildAnalysis.buildIntentSourceNotConfiguredLabel","buildAnalysis","ui","Analysis not configured","Analisi non configurata","","30","medium","","",""
"buildAnalysis.buildIntentSourceGeneralOnlyLabel","buildAnalysis","ui","General analysis only","Solo analisi generale","","28","medium","","",""
"buildAnalysis.buildIntentMethodNotice","buildAnalysis","ui","Standard Analysis (Rule-Based) — not sent to an external AI service, no additional AI fees apply.","Analisi standard (basata su regole): nessun invio a servizi di IA esterni e nessun costo aggiuntivo di IA.","","","medium","","",""
"buildAnalysis.comparisonSummaryHeading","buildAnalysis","ui","Comparison summary","Riepilogo del confronto","","24","medium","","",""
"buildAnalysis.comparisonTargetBadgeLabel","buildAnalysis","ui","Selected comparison target","Build di confronto scelta","","34","medium","","",""
"buildAnalysis.comparisonTargetNotFoundText","buildAnalysis","ui","The build you selected as a comparison target can't be found. It may have been deleted, or it may belong to a different card.","La build scelta per il confronto non è stata trovata. Potrebbe essere stata eliminata o appartenere a un’altra carta.","","","medium","","",""
"buildAnalysis.comparisonDetailsToggleLabel","buildAnalysis","ui","View comparison details","Vedi i dettagli del confronto","","30","medium","","",""
"buildAnalysis.comparisonPurposeClosenessLabel","buildAnalysis","ui","Purpose closeness","Vicinanza di scopo","","23","medium","","",""
"buildAnalysis.comparisonPurposeDiffLabel","buildAnalysis","ui","Purpose-area difference","Differenza nelle aree dello scopo","","30","medium","","",""
"buildAnalysis.comparisonMajorDiffLabel","buildAnalysis","ui","Main differences","Differenze principali","","21","medium","","",""
"buildAnalysis.comparisonDifferentiationLabel","buildAnalysis","ui","Differentiation","Differenziazione","","20","medium","","",""
"buildAnalysis.comparisonRecommendationLabel","buildAnalysis","ui","Recommendation","Consiglio","","19","medium","","",""
"buildAnalysis.comparisonOverallSimilarityLabel","buildAnalysis","ui","Overall similarity","Somiglianza complessiva","","24","medium","","",""
"buildAnalysis.comparisonPurposeSimilaritySamePurposeText","buildAnalysis","ui","Very close","Molto vicino","","13","medium","","",""
"buildAnalysis.comparisonPurposeSimilarityClosePurposeText","buildAnalysis","ui","Mostly close","Abbastanza vicino","","16","medium","","",""
"buildAnalysis.comparisonPurposeSimilarityDifferentPurposeText","buildAnalysis","ui","Clearly different","Chiaramente diverso","","23","medium","","",""
"buildAnalysis.comparisonPurposeSimilarityNotSetText","buildAnalysis","ui","Not determinable (no goal set)","Non determinabile (nessun obiettivo)","","","medium","","",""
"buildAnalysis.comparisonPurposeSimilarityUnknownText","buildAnalysis","ui","Can't be determined","Non determinabile","","25","medium","","",""
"buildAnalysis.comparisonPurposeDiffVerySmallText","buildAnalysis","ui","Very small","Molto piccola","","13","medium","","",""
"buildAnalysis.comparisonPurposeDiffSmallText","buildAnalysis","ui","Small","Piccola","","12","medium","","",""
"buildAnalysis.comparisonPurposeDiffSomeText","buildAnalysis","ui","Some difference","Qualche differenza","","20","medium","","",""
"buildAnalysis.comparisonPurposeDiffClearText","buildAnalysis","ui","Clear difference","Differenza netta","","21","medium","","",""
"buildAnalysis.comparisonPurposeDiffInsufficientDataText","buildAnalysis","ui","Insufficient data","Dati insufficienti","","23","medium","","",""
"buildAnalysis.comparisonDifferentiationWellText","buildAnalysis","ui","Clearly differentiated for the goal","Ben differenziata per l’obiettivo","","","medium","","",""
"buildAnalysis.comparisonDifferentiationPartialText","buildAnalysis","ui","Partially differentiated","Parzialmente differenziata","","32","medium","","",""
"buildAnalysis.comparisonDifferentiationLimitedText","buildAnalysis","ui","Differentiation is limited","Differenziazione limitata","","","medium","","",""
"buildAnalysis.comparisonDifferentiationNotAssessableText","buildAnalysis","ui","Can't be assessed","Non valutabile","","23","medium","","",""
"buildAnalysis.comparisonOverallVerySimilarText","buildAnalysis","ui","Very similar","Molto simili","","16","medium","","",""
"buildAnalysis.comparisonOverallSimilarText","buildAnalysis","ui","Similar","Simili","","12","medium","","",""
"buildAnalysis.comparisonOverallPartiallyDifferentText","buildAnalysis","ui","Partially different","In parte diverse","","25","medium","","",""
"buildAnalysis.comparisonOverallClearlyDifferentText","buildAnalysis","ui","Clearly different","Chiaramente diverse","","23","medium","","",""
"buildAnalysis.comparisonOverallUnknownText","buildAnalysis","ui","Can't be confirmed","Non verificabile","","24","medium","","",""
"buildAnalysis.comparisonGeneralOnlyNoticeText","buildAnalysis","ui","No training goal is set, so this compares the overall ability composition instead.","Non è impostato alcun obiettivo di progressione, quindi viene confrontata la composizione complessiva delle statistiche.","","","medium","","",""
"buildAnalysis.comparisonInsufficientAbilityDataText","buildAnalysis","ui","Required ability data is missing, so this build can't be compared.","Mancano dati necessari sulle statistiche, quindi questa build non può essere confrontata.","","","medium","","",""
"buildAnalysis.comparisonPartiallyComparableGeneralOnlyText","buildAnalysis","ui","A detailed purpose-fit comparison isn't available for this pair. Showing a general ability comparison only.","Per questa coppia non è disponibile un confronto dettagliato in base allo scopo. Viene mostrato solo un confronto generale delle statistiche.","","","medium","","",""
"buildAnalysis.comparisonMajorDiffCurrentHigherTemplate","buildAnalysis","ui","{ability}: this build is +{diff} higher","{ability}: questa build è più alta di +{diff}","","","medium","","",""
"buildAnalysis.comparisonMajorDiffOtherHigherTemplate","buildAnalysis","ui","{ability}: the comparison target is +{diff} higher","{ability}: la build di confronto è più alta di +{diff}","","","medium","","",""
"buildAnalysis.comparisonNoMajorDiffText","buildAnalysis","ui","Purpose-relevant abilities are nearly equal.","Le statistiche rilevanti per lo scopo sono quasi uguali.","","","medium","","",""
"buildAnalysis.comparisonRecommendationMaintainText","buildAnalysis","ui","Keeping the current role split is fine.","La divisione dei ruoli attuale va bene così.","","","medium","","",""
"buildAnalysis.comparisonRecommendationDifferentiateTemplate","buildAnalysis","ui","Consider differentiating in {category}.","Valuta di differenziarle in {category}.","","","medium","","",""
"buildAnalysis.comparisonRecommendationSetPurposeText","buildAnalysis","ui","Check the comparison target setting to review the purpose-fit comparison for this pair.","Controlla l’impostazione della build di confronto per rivedere il confronto in base allo scopo di questa coppia.","","","medium","","",""
"buildAnalysis.comparisonRecommendationInsufficientDataText","buildAnalysis","ui","A recommendation isn't available due to insufficient ability data.","Nessun consiglio disponibile perché i dati delle statistiche sono insufficienti.","","","medium","","",""
"buildAnalysis.comparisonRecommendationNotComparableText","buildAnalysis","ui","A recommendation isn't available because this build can't be compared.","Nessun consiglio disponibile perché questa build non può essere confrontata.","","","medium","","",""
"buildAnalysis.comparisonRecommendationGeneralOnlyText","buildAnalysis","ui","Set a training goal to see a purpose-based comparison and recommendation.","Imposta un obiettivo di progressione per vedere un confronto e un consiglio in base allo scopo.","","","medium","","",""
"buildAnalysis.comparisonDetailUsedPointsLabel","buildAnalysis","ui","Used points","Punti usati","","15","medium","","",""
"buildAnalysis.comparisonDetailRemainingPointsLabel","buildAnalysis","ui","Remaining points","Punti rimanenti","","21","medium","","",""
"buildAnalysis.comparisonDetailOvrLabel","buildAnalysis","ui","Saved-time estimated OVR","OVR stimato al salvataggio","","32","medium","","",""
"buildAnalysis.comparisonDetailAllocationDiffLabel","buildAnalysis","ui","Training allocation difference","Differenza nella distribuzione","","39","medium","","",""
"buildAnalysis.comparisonDetailAbilityDiffLabel","buildAnalysis","ui","Final ability difference","Differenza nelle statistiche finali","","32","medium","","",""
"buildAnalysis.comparisonDetailCurrentHigherLabel","buildAnalysis","ui","Abilities higher on this build","Statistiche più alte in questa build","","39","medium","","",""
"buildAnalysis.comparisonDetailOtherHigherLabel","buildAnalysis","ui","Abilities higher on the comparison target","Statistiche più alte nella build di confronto","","54","medium","","",""
"buildAnalysis.comparisonDetailNoDiffText","buildAnalysis","ui","No differences","Nessuna differenza","","19","medium","","",""
"buildAnalysis.comparisonDetailLimitationsLabel","buildAnalysis","ui","Comparison limitations","Limiti del confronto","","29","medium","","",""
"buildAnalysis.diagnosisCardHeading","buildAnalysis","ui","Diagnosis card","Scheda della diagnosi","","19","medium","","",""
"buildAnalysis.diagnosisCardShowLabel","buildAnalysis","ui","Show card","Mostra la scheda","","12","medium","","",""
"buildAnalysis.diagnosisCardHideLabel","buildAnalysis","ui","Hide card","Nascondi la scheda","","12","medium","","",""
"buildAnalysis.diagnosisCardGuidanceNoIntentText","buildAnalysis","ui","Confirm a training goal to see the goal-based diagnosis card.","Conferma un obiettivo di progressione per vedere la scheda della diagnosi basata sull’obiettivo.","","","medium","","",""
"buildAnalysis.diagnosisCardPendingChangesNotice","buildAnalysis","ui","There are unconfirmed changes. This card reflects the last confirmed settings.","Ci sono modifiche non confermate. Questa scheda riflette le ultime impostazioni confermate.","","","medium","","",""
"buildAnalysis.diagnosisCardAlignmentLabel","buildAnalysis","ui","Purpose fit","Corrispondenza con lo scopo","","15","medium","","",""
"buildAnalysis.diagnosisCardAlignmentHighText","buildAnalysis","ui","Well aligned","Ben in linea","","16","medium","","",""
"buildAnalysis.diagnosisCardAlignmentMostlyText","buildAnalysis","ui","Mostly aligned","In gran parte in linea","","19","medium","","",""
"buildAnalysis.diagnosisCardAlignmentPartiallyText","buildAnalysis","ui","Partially misaligned","In parte non in linea","","26","medium","","",""
"buildAnalysis.diagnosisCardAlignmentPoorlyText","buildAnalysis","ui","Clearly misaligned","Chiaramente non in linea","","24","medium","","",""
"buildAnalysis.diagnosisCardAlignmentAbilityDataText","buildAnalysis","ui","Ability data insufficient","Dati delle statistiche insufficienti","","","medium","","",""
"buildAnalysis.diagnosisCardAlignmentNeedsConfirmationText","buildAnalysis","ui","Needs confirmation","Da confermare","","24","high","","",""
"buildAnalysis.diagnosisCardHeadlineInsufficientAbilityDataTemplate","buildAnalysis","ui","Purpose fit for the {goal} build can't be confirmed because ability data is insufficient.","La corrispondenza con lo scopo della build orientata a {goal} non è verificabile perché i dati delle statistiche sono insufficienti.","","","medium","","",""
"buildAnalysis.diagnosisCardHeadlineWellAlignedNormalTemplate","buildAnalysis","ui","Your {goal} goal is reflected in the ability composition.","Il tuo obiettivo ({goal}) si riflette nella composizione delle statistiche.","","","medium","","",""
"buildAnalysis.diagnosisCardHeadlineWellAlignedHarshTemplate","buildAnalysis","ui","This build's allocation matches its {goal} goal well.","La distribuzione di questa build corrisponde bene al suo obiettivo ({goal}).","","","medium","","",""
"buildAnalysis.diagnosisCardHeadlineWellAlignedImprovementNormalTemplate","buildAnalysis","ui","Your {goal} goal is mostly reflected, though {category} is worth a look.","Il tuo obiettivo ({goal}) si riflette in gran parte, ma vale la pena dare un’occhiata a {category}.","","","medium","","",""
"buildAnalysis.diagnosisCardHeadlineWellAlignedImprovementHarshTemplate","buildAnalysis","ui","This build is mostly aligned with its {goal} goal, but the {category} allocation is worth reconsidering.","Questa build è in gran parte in linea con il suo obiettivo ({goal}), ma la distribuzione su {category} va riconsiderata.","","","medium","","",""
"buildAnalysis.diagnosisCardHeadlineClearIssueNormalTemplate","buildAnalysis","ui","For your {goal} goal, the {category} allocation may be worth reconsidering.","Per il tuo obiettivo ({goal}), potrebbe valere la pena riconsiderare la distribuzione su {category}.","","","medium","","",""
"buildAnalysis.diagnosisCardHeadlineClearIssueHarshTemplate","buildAnalysis","ui","As a {goal} build, the {category} allocation should be reconsidered.","Come build orientata a {goal}, la distribuzione su {category} andrebbe riconsiderata.","","","medium","","",""
"buildAnalysis.diagnosisCardHeadlineConfirmationNormalTemplate","buildAnalysis","ui","For your {goal} goal, please check whether the {category} allocation is intentional.","Per il tuo obiettivo ({goal}), verifica se la distribuzione su {category} è voluta.","","","high","","",""
"buildAnalysis.diagnosisCardHeadlineConfirmationHarshTemplate","buildAnalysis","ui","As a {goal} build, whether the {category} allocation is intentional needs to be confirmed.","Come build orientata a {goal}, va confermato se la distribuzione su {category} è voluta.","","","high","","",""
"buildAnalysis.diagnosisCardHeadlineNeedsReviewNormalTemplate","buildAnalysis","ui","The allocation for your {goal} goal may be worth reviewing again.","Potrebbe valere la pena rivedere la distribuzione per il tuo obiettivo ({goal}).","","","medium","","",""
"buildAnalysis.diagnosisCardHeadlineNeedsReviewHarshTemplate","buildAnalysis","ui","As a {goal} build, the overall allocation is worth reconsidering.","Come build orientata a {goal}, la distribuzione complessiva va riconsiderata.","","","medium","","",""
"buildAnalysis.achievementsHeading","buildAnalysis","ui","Key results","Risultati principali","","15","medium","","",""
"buildAnalysis.diagnosisCardNoAchievementsText","buildAnalysis","ui","No clear results matching the goal have been confirmed yet.","Non sono ancora stati confermati risultati chiari in linea con l’obiettivo.","","","medium","","",""
"buildAnalysis.concernHeading","buildAnalysis","ui","Biggest concern","Criticità principale","","20","medium","","",""
"buildAnalysis.diagnosisCardConcernInsufficientDataText","buildAnalysis","ui","Some purpose-fit checks can't be confirmed because ability data is insufficient.","Alcune verifiche della corrispondenza con lo scopo non sono possibili perché i dati delle statistiche sono insufficienti.","","","medium","","",""
"buildAnalysis.diagnosisCardConcernNoneText","buildAnalysis","ui","No major issues have been found for this goal.","Non sono stati trovati problemi importanti per questo obiettivo.","","","medium","","",""
"buildAnalysis.preserveHighlightHeading","buildAnalysis","ui","Strength to keep","Punto di forza da mantenere","","21","medium","","",""
"buildAnalysis.diagnosisCardPreserveUnconfirmedText","buildAnalysis","ui","You intended to keep this strength, but it can't yet be confirmed from the current ability values alone.","Volevi mantenere questo punto di forza, ma i soli valori attuali delle statistiche non bastano ancora a confermarlo.","","","high","","",""
"buildAnalysis.imageSaveButtonLabel","buildAnalysis","ui","Save as image","Salva come immagine","","17","medium","","",""
"buildAnalysis.imageSaveButtonAriaLabel","buildAnalysis","accessibility","Save the diagnosis as an image","Salva la diagnosi come immagine","","39","high","","",""
"buildAnalysis.imagePreviewHeading","buildAnalysis","ui","Image preview","Anteprima dell’immagine","","17","medium","","",""
"buildAnalysis.imageOrientationLabel","buildAnalysis","ui","Image orientation","Orientamento dell’immagine","","23","medium","","",""
"buildAnalysis.imageOrientationPortraitLabel","buildAnalysis","ui","Portrait","Verticale","","12","medium","","",""
"buildAnalysis.imageOrientationLandscapeLabel","buildAnalysis","ui","Landscape","Orizzontale","","12","medium","","",""
"buildAnalysis.imageModeGroupAriaLabel","buildAnalysis","accessibility","Image normal/harsh switch","Scelta immagine normale/schietta","","33","high","","",""
"buildAnalysis.imageSaveConfirmLabel","buildAnalysis","ui","Save PNG","Salva PNG","","12","high","","",""
"buildAnalysis.imageGeneratingText","buildAnalysis","ui","Generating image…","Generazione dell’immagine…","","23","medium","","",""
"buildAnalysis.imageSuccessText","buildAnalysis","ui","PNG image saved","Immagine PNG salvata","","20","medium","","",""
"buildAnalysis.imageFailedText","buildAnalysis","ui","Couldn't generate the image. Please try again.","Impossibile generare l’immagine. Riprova.","","","high","","",""
"buildAnalysis.imagePendingChangesBlockedText","buildAnalysis","ui","Analyze with the updated settings before saving the image.","Analizza con le impostazioni aggiornate prima di salvare l’immagine.","","","medium","","",""
"buildAnalysis.imageNormalDiagnosisLabel","buildAnalysis","ui","Normal diagnosis","Diagnosi normale","","21","medium","","",""
"buildAnalysis.imageHarshDiagnosisLabel","buildAnalysis","ui","Harsh diagnosis","Diagnosi schietta","","20","medium","","",""
"buildAnalysis.imageFooterText","buildAnalysis","ui","Based on confirmed analysis settings.","Basata sulle impostazioni di analisi confermate.","","","medium","","",""
"buildAnalysis.savedIntentHeading","buildAnalysis","ui","Save status","Stato del salvataggio","","15","medium","","",""
"buildAnalysis.savedIntentStatusSaved","buildAnalysis","ui","Saved","Salvata","","12","medium","","",""
"buildAnalysis.savedIntentStatusUnsaved","buildAnalysis","ui","Not saved","Non salvata","","12","medium","","",""
"buildAnalysis.savedIntentSaveGroupAriaLabel","buildAnalysis","accessibility","Training intent save actions","Azioni di salvataggio dell’intenzione di progressione","","37","high","","",""
"buildAnalysis.savedIntentSavingText","buildAnalysis","ui","Saving…","Salvataggio…","","12","medium","","",""
"buildAnalysis.savedIntentSaveButtonLabel","buildAnalysis","ui","Save training intent","Salva l’intenzione","","26","medium","","",""
"buildAnalysis.savedIntentUpdateButtonLabel","buildAnalysis","ui","Update saved intent","Aggiorna l’intenzione salvata","","25","medium","","",""
"buildAnalysis.savedIntentRevertToSavedLabel","buildAnalysis","ui","Revert to saved settings","Torna alle impostazioni salvate","","32","medium","","",""
"buildAnalysis.savedIntentDeleteConfirmText","buildAnalysis","ui","This removes the training intent saved to this build. The training allocation and the saved build itself are not deleted.","Verrà rimossa l’intenzione di progressione salvata in questa build. La distribuzione dei punti e la build salvata non vengono eliminate.","","","high","","",""
"buildAnalysis.savedIntentDeleteOnlyLabel","buildAnalysis","ui","Delete intent only","Elimina solo l’intenzione","","24","high","","",""
"buildAnalysis.savedIntentDeleteCancelLabel","buildAnalysis","ui","Cancel","Annulla","","12","high","","",""
"buildAnalysis.savedIntentDeletingText","buildAnalysis","ui","Deleting…","Eliminazione…","","12","medium","","",""
"buildAnalysis.savedIntentDeleteButtonLabel","buildAnalysis","ui","Delete saved intent","Elimina l’intenzione salvata","","25","high","","",""
"buildAnalysis.savedIntentUnsavedNoticeText","buildAnalysis","ui","This training intent hasn't been saved yet.","Questa intenzione di progressione non è ancora stata salvata.","","","medium","","",""
"buildAnalysis.savedIntentNoConfirmedIntentText","buildAnalysis","ui","Confirm a training goal to be able to save it.","Conferma un obiettivo di progressione per poterlo salvare.","","","high","","",""
"buildAnalysis.savedIntentUpToDateText","buildAnalysis","ui","Using the saved training intent.","È in uso l’intenzione di progressione salvata.","","","medium","","",""
"buildAnalysis.savedIntentDivergedText","buildAnalysis","ui","The current analysis settings differ from the saved training intent.","Le impostazioni di analisi attuali sono diverse dall’intenzione di progressione salvata.","","","medium","","",""
"buildAnalysis.savedIntentPendingChangesText","buildAnalysis","ui","There are unconfirmed changes. Press ""Analyze with this goal"" before saving.","Ci sono modifiche non confermate. Premi ""Analizza con questa intenzione"" prima di salvare.","","","medium","","",""
"buildAnalysis.savedIntentSaveSuccessText","buildAnalysis","ui","Training intent saved.","Intenzione di progressione salvata.","","29","medium","","",""
"buildAnalysis.savedIntentSaveFailedText","buildAnalysis","ui","Couldn't save the training intent. Please try again.","Impossibile salvare l’intenzione di progressione. Riprova.","","","high","","",""
"buildAnalysis.savedIntentDeleteFailedText","buildAnalysis","ui","Couldn't delete the training intent. Please try again.","Impossibile eliminare l’intenzione di progressione. Riprova.","","","high","","",""
"buildAnalysis.savedIntentPresetUnresolvedText","buildAnalysis","ui","The previously saved training goal preset can't be found. Only the saved detailed settings were restored.","Il preset dell’obiettivo di progressione salvato in precedenza non è stato trovato. Sono state ripristinate solo le impostazioni dettagliate salvate.","","","medium","","",""
"buildAnalysis.savedIntentComparisonTargetMissingText","buildAnalysis","ui","The saved comparison target can't be found, so it was restored with no comparison target.","La build di confronto salvata non è stata trovata, quindi è stata ripristinata senza build di confronto.","","","medium","","",""
"worldPlayerSearchCard.disabledAriaTemplate","worldPlayerSearchCard","accessibility","{name} ({identity}) {reason}","{name} ({identity}) {reason}","","","high","","",""
"worldPlayerSearchCard.enabledAriaTemplate","worldPlayerSearchCard","accessibility","{action} {name} ({identity})","{action} {name} ({identity})","","","high","","",""
"worldPlayerSearchCard.cannotAddFallback","worldPlayerSearchCard","ui","cannot be added","non può essere aggiunto","","20","medium","","",""
"worldPlayerSearchCard.ovrTooltip","worldPlayerSearchCard","ui","The card's overall OVR as saved (not position-specific)","OVR complessivo della carta come salvato (non per ruolo)","","","medium","","",""
"worldPlayerSearchCard.noEnglishName","worldPlayerSearchCard","ui","(No English name)","(Nessun nome inglese)","","23","medium","","",""
"worldPlayerSearchCard.maxOvrLabel","worldPlayerSearchCard","ui","Max {value}","Max {value}","","15","medium","","",""
"worldPlayerSearchCard.levelCapLabel","worldPlayerSearchCard","ui","Lv cap {value}","Lv max {value}","","19","medium","","",""
"worldPlayerSearchCard.noTeamInfo","worldPlayerSearchCard","ui","No team / nationality info","Nessuna info su squadra / nazionalità","","","medium","","",""
"worldPlayerSearchCard.pomTooltip","worldPlayerSearchCard","ui","Power of Many (gold, depends on Game Plan; not automatically applied to standard values in any mode)","Power of Many (oro, dipende dal Piano di gioco; in nessuna modalità viene applicato automaticamente ai valori standard)","","","medium","","",""
"worldPlayerSearchCard.fixedProvisionalTooltip","worldPlayerSearchCard","ui","Fixed-type (estimated): the effect content is externally cross-verified. Applied provisionally as fixed-type to standard values since there is no concrete evidence it's Power of Many.","Tipo fisso (stimato): il contenuto dell’effetto è verificato con fonti esterne. Applicato provvisoriamente come tipo fisso ai valori standard, perché non ci sono prove concrete che sia Power of Many.","","","medium","","",""
"worldPlayerSearchCard.fixedTooltip","worldPlayerSearchCard","ui","Fixed-type (blue, applied to standard values under standard mode)","Tipo fisso (blu, applicato ai valori standard in modalità standard)","","","medium","","",""
"worldPlayerSearchCard.unresolvedTooltip","worldPlayerSearchCard","ui","Attached booster whose activation method and effect could not be confirmed (not added to standard values)","Booster associato di cui non è stato possibile confermare modalità di attivazione ed effetto (non aggiunto ai valori standard)","","","medium","","",""
"worldPlayerSearchCard.pomChipTemplate","worldPlayerSearchCard","ui","Power of Many {nameEn} max +{level}","Power of Many {nameEn} max +{level}","","","medium","","",""
"worldPlayerSearchCard.fixedProvisionalChipTemplate","worldPlayerSearchCard","ui","{nameEn} +{level} (fixed-type estimate)","{nameEn} +{level} (tipo fisso stimato)","","","medium","","",""
"worldPlayerSearchCard.fixedChipTemplate","worldPlayerSearchCard","ui","{nameEn} +{level} (fixed-type)","{nameEn} +{level} (tipo fisso)","","","medium","","",""
"worldPlayerSearchCard.unresolvedChip","worldPlayerSearchCard","ui","Unresolved booster","Booster non risolto","","24","medium","","",""
"worldPlayerSearchCard.noAttachedBoosters","worldPlayerSearchCard","ui","No attached boosters","Nessun booster associato","","26","medium","","",""
"worldPlayerSearchCard.detailLink","worldPlayerSearchCard","ui","Detail","Dettagli","","12","medium","","",""
"worldPlayerSearchCard.detailNewTabSuffix","worldPlayerSearchCard","ui"," (new tab)"," (nuova scheda)","","13","medium","","",""
"worldPlayerSearchCard.unknownCardType","worldPlayerSearchCard","ui","Unknown card type","Tipo di carta sconosciuto","","23","medium","","",""
"worldPlayerSearchCard.unknownPosition","worldPlayerSearchCard","ui","Unknown position","Ruolo sconosciuto","","21","medium","","",""
"worldPlayerSearchCard.maxOvrTemplate","worldPlayerSearchCard","ui","Max OVR {value}","OVR max {value}","","20","medium","","",""
"worldPlayerSearchCard.noOvrInfoLabel","worldPlayerSearchCard","ui","No OVR info","Nessuna info OVR","","15","medium","","",""
"worldPlayerSearchCard.cardImageAltTemplate","worldPlayerSearchCard","ui","{name} {cardType} card image","Immagine della carta {cardType} di {name}","","","medium","","",""
"addPlayerSearch.selectCardHeadingTemplate","addPlayerSearch","ui","Select a card to add for {slot}","Scegli una carta da aggiungere per {slot}","","","medium","","",""
"addPlayerSearch.closeButton","addPlayerSearch","ui","Close","Chiudi","","12","medium","","",""
"addPlayerSearch.maxPlayersNoteTemplate","addPlayerSearch","ui","Compare supports a maximum of {max} players. Remove one before adding another.","Il confronto supporta al massimo {max} giocatori. Rimuovine uno prima di aggiungerne un altro.","","","medium","","",""
"addPlayerSearch.searchPlaceholder","addPlayerSearch","ui","Search by player name, World ID, or position...","Cerca per nome del giocatore, ID World o ruolo...","","62","medium","","",""
"addPlayerSearch.searchAriaLabelTemplate","addPlayerSearch","accessibility","Search for a player to add for {slot}","Cerca un giocatore da aggiungere per {slot}","","","high","","",""
"addPlayerSearch.duplicateNote","addPlayerSearch","ui","The same card (matching World ID) cannot be added twice. Different cards of the same player (different World ID) can still be compared. Order: name match → highest max OVR.","La stessa carta (stesso ID World) non può essere aggiunta due volte. Carte diverse dello stesso giocatore (ID World diverso) possono comunque essere confrontate. Ordine: corrispondenza del nome → OVR max più alto.","","","medium","","",""
"addPlayerSearch.minLengthPromptTemplate","addPlayerSearch","ui","Enter a player name, World ID, or position ({min}+ characters).","Inserisci un nome di giocatore, un ID World o un ruolo (almeno {min} caratteri).","","","medium","","",""
"addPlayerSearch.tooShortTemplate","addPlayerSearch","ui","Enter {remaining} more character(s) (to avoid listing all cards at once).","Caratteri ancora necessari: {remaining} (per non elencare tutte le carte insieme).","","","medium","","",""
"addPlayerSearch.searchFailedError","addPlayerSearch","ui","Could not search for players.","Impossibile cercare i giocatori.","","","high","","",""
"addPlayerSearch.retryButton","addPlayerSearch","ui","Retry","Riprova","","12","medium","","",""
"addPlayerSearch.noResults","addPlayerSearch","ui","No cards match your criteria.","Nessuna carta corrisponde ai criteri.","","","medium","","",""
"addPlayerSearch.resultCountTemplate","addPlayerSearch","ui","{count} result(s)","Risultati: {count}","","23","medium","","",""
"addPlayerSearch.addingLabel","addPlayerSearch","ui","Adding…","Aggiunta…","","12","medium","","",""
"addPlayerSearch.addToSlotTemplate","addPlayerSearch","ui","Add for {slot}","Aggiungi per {slot}","","19","medium","","",""
"addPlayerSearch.alreadyAddedReason","addPlayerSearch","ui","Already added to compare","Già aggiunto al confronto","","32","medium","","",""
"addPlayerSearch.processingReason","addPlayerSearch","ui","Adding in progress","Aggiunta in corso","","24","medium","","",""
"addPlayerSearch.addFailedError","addPlayerSearch","ui","Could not add this player to compare. Please try again.","Impossibile aggiungere questo giocatore al confronto. Riprova.","","","high","","",""
"playerSearchPanel.searchAriaLabel","playerSearchPanel","accessibility","Search for a player to add to the squad","Cerca un giocatore da aggiungere alla rosa","","51","high","","",""
"playerSearchPanel.duplicateNotePrefix","playerSearchPanel","ui","The same card cannot be placed twice. Different cards of the same player (different World ID) can still be added.","La stessa carta non può essere schierata due volte. Puoi comunque aggiungere carte diverse dello stesso giocatore (World ID diverso).","","","medium","","",""
"playerSearchPanel.sortNoteWithPositionTemplate","playerSearchPanel","ui"," Order: name match → {position} match → highest OVR."," Ordine: corrispondenza nome → corrispondenza {position} → OVR più alto.","","","medium","","",""
"playerSearchPanel.sortNoteDefault","playerSearchPanel","ui"," Order: name match → highest OVR."," Ordine: corrispondenza nome → OVR più alto.","","","medium","","",""
"playerSearchPanel.placedLabel","playerSearchPanel","ui","Placed","Schierato","","12","medium","","",""
"playerSearchPanel.placedWithLocationTemplate","playerSearchPanel","ui","Placed: {where}","Schierato: {where}","","20","medium","","",""
"formationSelect.ariaLabel","formationSelect","accessibility","Select formation","Scegli il modulo","","21","high","","",""
"squadTemplatesBoard.pageTitle","squadTemplatesBoard","metadata","Squad templates","Modelli di rosa","","20","medium","","",""
"squadTemplatesBoard.pageDescription","squadTemplatesBoard","metadata","Save a formation and player placement (including free-placement coordinates) as a template to use as the starting point for new squads. Templates are stored only in this device's browser (localStorage), separately from your regular squads.","Salva un modulo e la disposizione dei giocatori (incluse le coordinate del posizionamento libero) come modello da usare come base per nuove rose. I modelli sono salvati solo nel browser di questo dispositivo (localStorage), separati dalle rose normali.","","","medium","","",""
"squadTemplatesBoard.scopeLoadingMessage","squadTemplatesBoard","ui","Checking your account…","Verifica dell’account…","","29","medium","","",""
"squadTemplatesBoard.storageUnavailableHeading","squadTemplatesBoard","ui","Templates cannot be saved in this environment","In questo ambiente non è possibile salvare i modelli","","59","medium","","",""
"squadTemplatesBoard.storageUnavailableNote","squadTemplatesBoard","ui","This browser cannot use localStorage (e.g. private browsing mode).","Questo browser non può usare localStorage (ad es. in navigazione privata).","","","medium","","",""
"squadTemplatesBoard.backToSquadListLink","squadTemplatesBoard","ui","← Back to squad list","← Torna all’elenco delle rose","","26","medium","","",""
"squadTemplatesBoard.createEmptyHeading","squadTemplatesBoard","ui","Create an empty template (formation only)","Crea un modello vuoto (solo modulo)","","54","medium","","",""
"squadTemplatesBoard.createEmptyNote","squadTemplatesBoard","ui","A ""full template"" that includes players can be created from any squad's ""Save as template"" in the squad list (free-placement coordinates are saved too).","Un ""modello completo"" con i giocatori si crea da ""Salva come modello"" di qualsiasi rosa nell’elenco delle rose (vengono salvate anche le coordinate del posizionamento libero).","","","medium","","",""
"squadTemplatesBoard.templateNameLabel","squadTemplatesBoard","ui","Template name","Nome del modello","","17","medium","","",""
"squadTemplatesBoard.newTemplateNameAria","squadTemplatesBoard","accessibility","New template name","Nome del nuovo modello","","23","high","","",""
"squadTemplatesBoard.formationLabel","squadTemplatesBoard","ui","Formation","Modulo","","12","medium","","",""
"squadTemplatesBoard.createButton","squadTemplatesBoard","ui","Create","Crea","","12","medium","","",""
"squadTemplatesBoard.defaultEmptyTemplateName","squadTemplatesBoard","ui","Empty template","Modello vuoto","","19","medium","","",""
"squadTemplatesBoard.templatesHeadingTemplate","squadTemplatesBoard","ui","Templates{countSuffix}","Modelli{countSuffix}","","29","medium","","",""
"squadTemplatesBoard.templatesCountSuffixTemplate","squadTemplatesBoard","ui"," ({count})"," ({count})","","13","medium","","",""
"squadTemplatesBoard.loadingText","squadTemplatesBoard","ui","Loading…","Caricamento…","","12","medium","","",""
"squadTemplatesBoard.noTemplatesNote","squadTemplatesBoard","ui","There are no templates yet.","Non ci sono ancora modelli.","","","medium","","",""
"squadTemplatesBoard.emptyTypeBadge","squadTemplatesBoard","ui","Empty","Vuoto","","12","medium","","",""
"squadTemplatesBoard.fullTypeBadge","squadTemplatesBoard","ui","Full","Completo","","12","medium","","",""
"squadTemplatesBoard.customPlacementBadge","squadTemplatesBoard","ui","Custom placement","Disposizione personalizzata","","21","medium","","",""
"squadTemplatesBoard.startersTemplate","squadTemplatesBoard","ui","Starters {count}/11","Titolari {count}/11","","25","medium","","",""
"squadTemplatesBoard.benchTemplate","squadTemplatesBoard","ui","Bench {count}","Panchina {count}","","17","medium","","",""
"squadTemplatesBoard.hasManagerLabel","squadTemplatesBoard","ui","Has manager","Con allenatore","","15","medium","","",""
"squadTemplatesBoard.noManagerLabel","squadTemplatesBoard","ui","No manager","Senza allenatore","","13","medium","","",""
"squadTemplatesBoard.createFromTemplateButton","squadTemplatesBoard","ui","Create from this template","Crea da questo modello","","33","medium","","",""
"squadTemplatesBoard.renameButton","squadTemplatesBoard","ui","Rename","Rinomina","","12","medium","","",""
"squadTemplatesBoard.deleteButton","squadTemplatesBoard","ui","Delete","Elimina","","12","high","","",""
"squadTemplatesBoard.newSquadNamePrompt","squadTemplatesBoard","ui","New squad name","Nome della nuova rosa","","19","medium","","",""
"squadTemplatesBoard.templateNamePrompt","squadTemplatesBoard","ui","Template name","Nome del modello","","17","medium","","",""
"squadTemplatesBoard.deleteConfirmTemplate","squadTemplatesBoard","ui","This will delete the template ""{name}"" (only this template — squads already created from it are not affected).","Il modello ""{name}"" verrà eliminato (solo questo modello: le rose già create da esso non vengono modificate).","","","high","","",""
"squadTemplatesBoard.deleteConfirmButton","squadTemplatesBoard","ui","Delete","Elimina","","12","high","","",""
"squadTemplatesBoard.cancelDeleteButton","squadTemplatesBoard","ui","Cancel","Annulla","","12","high","","",""
"squadTemplatesBoard.backToSquadListButton","squadTemplatesBoard","ui","Back to squad list","Torna all’elenco delle rose","","24","medium","","",""
"slotPlayerPanel.slotSuffix","slotPlayerPanel","ui","slot","slot","","12","medium","","",""
"slotPlayerPanel.movingCancelButton","slotPlayerPanel","ui","Selecting move destination… Cancel","Scelta della destinazione… Annulla","","45","medium","","",""
"slotPlayerPanel.emptySlotNote","slotPlayerPanel","ui","This slot is empty.","Questo slot è vuoto.","","25","medium","","",""
"slotPlayerPanel.addPlayerButton","slotPlayerPanel","ui","+ Add player","+ Aggiungi giocatore","","16","medium","","",""
"slotPlayerPanel.placementRoleLabel","slotPlayerPanel","ui","Placement role: ","Ruolo assegnato: ","","21","medium","","",""
"slotPlayerPanel.autoInferredTemplate","slotPlayerPanel","ui"," (auto-inferred: {role} / manually overridden)"," (dedotto automaticamente: {role} / modificato manualmente)","","","medium","","",""
"slotPlayerPanel.suitabilityLabelTemplate","slotPlayerPanel","ui","Player suitability: {label} (registered {position})","Idoneità del giocatore: {label} (registrato {position})","","","medium","","",""
"slotPlayerPanel.adjustPositionButton","slotPlayerPanel","ui","Adjust position","Regola ruolo","","20","medium","","",""
"slotPlayerPanel.roleLabel","slotPlayerPanel","ui","Role","Ruolo","","12","medium","","",""
"slotPlayerPanel.roleAriaLabelTemplate","slotPlayerPanel","accessibility","Placement role for {position}","Ruolo assegnato per {position}","","","high","","",""
"slotPlayerPanel.autoRoleOptionTemplate","slotPlayerPanel","ui","Auto ({role})","Auto ({role})","","17","medium","","",""
"slotPlayerPanel.baseToDisplayedOvrPrefixTemplate","slotPlayerPanel","ui","Base OVR {base} → Displayed OVR ","OVR base {base} → OVR mostrato ","","","medium","","",""
"slotPlayerPanel.estimateNote","slotPlayerPanel","ui"," (estimate, under verification)"," (stima, in verifica)","","","medium","","",""
"slotPlayerPanel.progressionDeltaTemplate","slotPlayerPanel","ui","Progression {delta}","Progressione {delta}","","25","medium","","",""
"slotPlayerPanel.playerBoosterDeltaTemplate","slotPlayerPanel","ui","Player booster (standard-applied, incl. presumed-fixed) {delta}","Booster del giocatore (applicazione standard, incl. presunti fissi) {delta}","","","medium","","",""
"slotPlayerPanel.managerDeltaTemplate","slotPlayerPanel","ui","Manager {delta}","Allenatore {delta}","","20","medium","","",""
"slotPlayerPanel.cannotProgressNote","slotPlayerPanel","ui","This card cannot be progressed (max level).","Questa carta non può progredire (livello massimo).","","","medium","","",""
"slotPlayerPanel.attachedBoosterSlotTemplate","slotPlayerPanel","ui","Attached {slot}:","{slot} equipaggiato:","","21","medium","","",""
"slotPlayerPanel.powerOfManyNote","slotPlayerPanel","ui","Gold, variable (Game Plan-dependent) — not reflected in team totals","Oro, variabile (dipende dal Game Plan) — non incluso nei totali della squadra","","","medium","","",""
"slotPlayerPanel.verifiedScreenTemplate","slotPlayerPanel","ui","Measured on a reference screen{fixedNote} — reflected in team","Misurato su una schermata di riferimento{fixedNote} — incluso nella squadra","","","medium","","",""
"slotPlayerPanel.externalVerifiedTemplate","slotPlayerPanel","ui","Externally cross-verified (not KONAMI-confirmed){fixedNote} — reflected in team","Verificato con fonti esterne (non confermato da KONAMI){fixedNote} — incluso nella squadra","","","medium","","",""
"slotPlayerPanel.underVerificationNote","slotPlayerPanel","ui","Effect under verification — not reflected","Effetto in verifica — non incluso","","","medium","","",""
"slotPlayerPanel.fixedTypeEstimateSuffix","slotPlayerPanel","ui",", presumed fixed-type",", presunto di tipo fisso","","28","medium","","",""
"slotPlayerPanel.experimentalBoosterPrefix","slotPlayerPanel","ui","Experimental booster estimate (overrides attached — ","Stima sperimentale del booster (sostituisce quello equipaggiato — ","","","medium","","",""
"slotPlayerPanel.experimentalBoosterTeamNote","slotPlayerPanel","ui","does not affect team totals","non influisce sui totali della squadra","","","medium","","",""
"slotPlayerPanel.experimentalBoosterSuffix","slotPlayerPanel","ui",")",")","","12","medium","","",""
"slotPlayerPanel.noBoosterOption","slotPlayerPanel","ui","None","Nessuno","","12","medium","","",""
"slotPlayerPanel.boosterIdMismatchNote","slotPlayerPanel","ui","This card's numeric ID does not match the public booster table's numbering scheme, so it cannot be auto-detected. It is not applied to other cards.","L’ID numerico di questa carta non corrisponde allo schema di numerazione della tabella pubblica dei booster, quindi non può essere rilevato automaticamente. Non viene applicato ad altre carte.","","","medium","","",""
"slotPlayerPanel.progressionPolicyLabel","slotPlayerPanel","ui","Progression policy","Criterio di progressione","","24","medium","","",""
"slotPlayerPanel.buildModeAriaTemplate","slotPlayerPanel","accessibility","Progression policy for {position}","Criterio di progressione per {position}","","","high","","",""
"slotPlayerPanel.savedBuildOptionTemplate","slotPlayerPanel","ui","Saved build: {name}","Build salvata: {name}","","25","medium","","",""
"slotPlayerPanel.savedBuildAriaTemplate","slotPlayerPanel","accessibility","Apply a saved build for {position}","Applica una build salvata per {position}","","","high","","",""
"slotPlayerPanel.applySavedBuildOption","slotPlayerPanel","ui","Apply a saved build...","Applica una build salvata...","","29","medium","","",""
"slotPlayerPanel.legacyRuleSuffix","slotPlayerPanel","ui"," (outdated rules)"," (regole obsolete)","","23","medium","","",""
"slotPlayerPanel.squadBuildLabel","slotPlayerPanel","ui","Squad build:","Build della rosa:","","16","medium","","",""
"slotPlayerPanel.notSetLabel","slotPlayerPanel","ui","Not set","Non impostata","","12","medium","","",""
"slotPlayerPanel.notFoundDeletedLabel","slotPlayerPanel","ui","Not found (deleted)","Non trovata (eliminata)","","25","high","","",""
"slotPlayerPanel.chooseSavedBuildButton","slotPlayerPanel","ui","Choose a saved build","Scegli una build salvata","","26","medium","","",""
"slotPlayerPanel.staleBuildNote","slotPlayerPanel","ui","This saved build uses outdated rules. Recalculating with current rules (allocation interpretation may change).","Questa build salvata usa regole obsolete. Ricalcolo con le regole attuali (l’interpretazione della distribuzione può cambiare).","","","medium","","",""
"slotPlayerPanel.moveSwapButton","slotPlayerPanel","ui","Move / swap","Sposta / scambia","","15","medium","","",""
"slotPlayerPanel.moveToBenchButton","slotPlayerPanel","ui","To bench","In panchina","","12","medium","","",""
"slotPlayerPanel.removeFromSlotButton","slotPlayerPanel","ui","Remove from slot","Togli dallo slot","","21","medium","","",""
"slotPlayerPanel.clearCaptainButton","slotPlayerPanel","ui","Clear captain","Togli capitano","","17","medium","","",""
"slotPlayerPanel.setCaptainButton","slotPlayerPanel","ui","Set as captain","Nomina capitano","","19","medium","","",""
"slotPlayerPanel.compareFullLabel","slotPlayerPanel","ui","Compare supports up to 4","Il confronto supporta fino a 4","","32","medium","","",""
"slotPlayerPanel.playerDetailLink","slotPlayerPanel","ui","Player detail","Dettaglio giocatore","","17","medium","","",""
"slotPlayerPanel.progressionLinkLabel","slotPlayerPanel","ui","Progression","Progressione","","15","medium","","",""
"slotPlayerPanel.boosterSlotAriaTemplate","slotPlayerPanel","accessibility","Player booster for {position}","Booster del giocatore per {position}","","","high","","",""
"slotPlayerPanel.boosterLevelAriaTemplate","slotPlayerPanel","accessibility","Booster level for {position}","Livello del booster per {position}","","","high","","",""
"squadPitch.compatExactTitle","squadPitch","ui","Matches registered position","Corrisponde al ruolo registrato","","36","medium","","",""
"squadPitch.compatRelatedTitle","squadPitch","ui","Suitability unconfirmed (nearby position)","Idoneità non confermata (ruolo vicino)","","54","medium","","",""
"squadPitch.compatUnresolvedTitle","squadPitch","ui","Suitability unconfirmed","Idoneità non confermata","","30","medium","","",""
"squadPitch.compatMismatchTitle","squadPitch","ui","Possible mismatch","Possibile incompatibilità","","23","medium","","",""
"squadPitch.compatEmptyTitle","squadPitch","ui","Unplaced","Non schierato","","12","medium","","",""
"squadPitch.snapLabelTemplate","squadPitch","ui","Snapped: {types}","Agganciato: {types}","","21","medium","","",""
"squadPitch.freePlacementLabel","squadPitch","ui","Free placement","Posizionamento libero","","19","medium","","",""
"squadPitch.guideHorizontalLabel","squadPitch","ui","Same line","Stessa linea","","12","medium","","",""
"squadPitch.guideCenterLabel","squadPitch","ui","Center","Centro","","12","medium","","",""
"squadPitch.guideSymmetryLabel","squadPitch","ui","Left-right symmetry","Simmetria sinistra-destra","","25","medium","","",""
"squadPitch.moveTargetPrefix","squadPitch","ui","Move target — ","Destinazione — ","","19","medium","","",""
"squadPitch.moveSourcePrefix","squadPitch","ui","Moving — ","In spostamento — ","","12","medium","","",""
"squadPitch.occupiedSlotAriaTemplate","squadPitch","accessibility","{position}: {name} ({compat})","{position}: {name} ({compat})","","","high","","",""
"squadPitch.moveTargetSwapSuffix","squadPitch","ui"," · select to swap"," · seleziona per scambiare","","23","medium","","",""
"squadPitch.emptySlotAriaTemplate","squadPitch","accessibility","{position}: Empty slot. ","{position}: posto vuoto. ","","32","high","","",""
"squadPitch.moveTargetMoveHereLabel","squadPitch","ui","Select to move here","Seleziona per spostare qui","","25","medium","","",""
"squadPitch.addPlayerLabel","squadPitch","ui","Add player","Aggiungi giocatore","","13","medium","","",""
"compareSaveBuildDialog.defaultName","compareSaveBuildDialog","ui","Progression from Compare","Progressione dal confronto","","32","medium","","",""
"compareSaveBuildDialog.nameRequiredError","compareSaveBuildDialog","ui","Please enter a build name (1-60 characters).","Inserisci un nome per la build (1-60 caratteri).","","","high","","",""
"compareSaveBuildDialog.saveFailedTemplate","compareSaveBuildDialog","ui","Could not save: {error}","Impossibile salvare: {error}","","30","high","","",""
"compareSaveBuildDialog.saveErrorGeneric","compareSaveBuildDialog","ui","An error occurred while saving (localStorage may be unavailable). The compare allocation is unchanged.","Si è verificato un errore durante il salvataggio (localStorage potrebbe non essere disponibile). La distribuzione del confronto non è cambiata.","","","high","","",""
"compareSaveBuildDialog.modalTitleTemplate","compareSaveBuildDialog","ui","Save progression for Player {index} {name}","Salva la progressione del giocatore {index} {name}","","","medium","","",""
"compareSaveBuildDialog.intro","compareSaveBuildDialog","ui","Saves this allocation as a saved build. Once saved, you can select it from player detail, My Team, and each squad editor. It is not automatically applied to existing squads.","Salva questa distribuzione come build salvata. Una volta salvata, puoi sceglierla dal dettaglio giocatore, da La mia squadra e dall’editor di ogni rosa. Non viene applicata automaticamente alle rose esistenti.","","","medium","","",""
"compareSaveBuildDialog.allocationHeadingTemplate","compareSaveBuildDialog","ui","Progression allocation (used {used} / total {total}pt)","Distribuzione della progressione (usati {used} / totale {total}pt)","","","medium","","",""
"compareSaveBuildDialog.buildNameLabel","compareSaveBuildDialog","ui","Build name","Nome della build","","13","medium","","",""
"compareSaveBuildDialog.buildNameAriaLabel","compareSaveBuildDialog","accessibility","Name of the progression build to save","Nome della build di progressione da salvare","","49","high","","",""
"compareSaveBuildDialog.saveMethodLegend","compareSaveBuildDialog","ui","Save method","Modalità di salvataggio","","15","medium","","",""
"compareSaveBuildDialog.saveAsNewOption","compareSaveBuildDialog","ui","Save as a new build","Salva come nuova build","","25","medium","","",""
"compareSaveBuildDialog.overwriteExistingOption","compareSaveBuildDialog","ui","Overwrite an existing saved build","Sovrascrivi una build salvata esistente","","","medium","","",""
"compareSaveBuildDialog.overwriteSelectAriaLabel","compareSaveBuildDialog","accessibility","Saved build to overwrite","Build salvata da sovrascrivere","","32","high","","",""
"compareSaveBuildDialog.includePomLabel","compareSaveBuildDialog","ui","Include the user-specified Power of Many stage","Includi il livello di Power of Many indicato dall’utente","","60","medium","","",""
"compareSaveBuildDialog.pomCurrentTemplate","compareSaveBuildDialog","ui"," (current: {tier})"," (attuale: {tier})","","24","medium","","",""
"compareSaveBuildDialog.pomUnspecifiedNote","compareSaveBuildDialog","ui"," (not specified for this card)"," (non indicato per questa carta)","","","medium","","",""
"compareSaveBuildDialog.pomNoSpecificValue","compareSaveBuildDialog","ui","Specified","Indicato","","12","medium","","",""
"compareSaveBuildDialog.footnote","compareSaveBuildDialog","ui","Experimental estimates and manager settings are not included in saved builds (existing saved-build spec). Fixed boosters are resolved from card data and are not saved.","Le stime sperimentali e le impostazioni dell’allenatore non sono incluse nelle build salvate (specifica esistente delle build salvate). I booster fissi vengono ricavati dai dati della carta e non vengono salvati.","","","medium","","",""
"compareSaveBuildDialog.cancelButton","compareSaveBuildDialog","ui","Cancel","Annulla","","12","medium","","",""
"compareSaveBuildDialog.overwriteWarningTemplate","compareSaveBuildDialog","ui","This overwrites ""{name}"" (cannot be automatically reverted to the original allocation).","""{name}"" verrà sovrascritta (non è possibile tornare automaticamente alla distribuzione originale).","","","high","","",""
"compareSaveBuildDialog.overwriteSaveButton","compareSaveBuildDialog","ui","Overwrite and save","Sovrascrivi e salva","","24","medium","","",""
"compareSaveBuildDialog.confirmOverwriteButton","compareSaveBuildDialog","ui","Confirm overwrite","Conferma sovrascrittura","","23","high","","",""
"compareSaveBuildDialog.savingButton","compareSaveBuildDialog","ui","Saving…","Salvataggio…","","12","medium","","",""
"compareSaveBuildDialog.saveButton","compareSaveBuildDialog","ui","Save","Salva","","12","medium","","",""
"compareCategoryPreview.headingTemplate","compareCategoryPreview","ui","Abilities affected by {label} ({mode})","Statistiche influenzate da {label} ({mode})","","","medium","","",""
"compareCategoryPreview.headingHint","compareCategoryPreview","ui","Pre-progression → Current (diff)","Prima della progressione → Attuale (diff.)","","","medium","","",""
"compareCategoryPreview.noInfoTemplate","compareCategoryPreview","ui","Player {index}: No info","Giocatore {index}: nessuna informazione","","30","medium","","",""
"compareCategoryPreview.valueAriaLabelTemplate","compareCategoryPreview","accessibility","Player {index} {name} pre-progression {before} current {now} diff {diff}","Giocatore {index} {name} prima della progressione {before} attuale {now} differenza {diff}","","","high","","",""
"compareCategoryPreview.personPrefixTemplate","compareCategoryPreview","ui","Player {index}: ","Giocatore {index}: ","","21","medium","","",""
"compareCategoryPreview.diffLabelTemplate","compareCategoryPreview","ui","Player 1 − Player 2: ","Giocatore 1 − Giocatore 2: ","","28","medium","","",""
"compareCategoryPreview.statusLineTemplate","compareCategoryPreview","ui","Player {index} {label} Lv {level} · used {used} / remaining {remaining}pt","Giocatore {index} {label} Liv. {level} · usati {used} / rimanenti {remaining}pt","","","medium","","",""
"compareCategoryPreview.footnote","compareCategoryPreview","ui","Values are the result of the existing progression calculation (calculateBuild). Fixed boosters, Power of Many, and manager corrections are included in the Standard / Post-condition mode values (expand a row in the 26-ability table to see the per-layer breakdown).","I valori sono il risultato del calcolo di progressione esistente (calculateBuild). Booster fissi, Power of Many e correzioni dell'allenatore sono inclusi nei valori delle modalità Standard / Post-condizione (espandi una riga della tabella delle 26 statistiche per vedere il dettaglio per livello).","","","medium","","",""
"compareRadarChart.seriesStyleSolid","compareRadarChart","ui","Solid · Circle","Continua · Cerchio","","19","medium","","",""
"compareRadarChart.seriesStyleDashedSquare","compareRadarChart","ui","Dashed · Square","Tratteggiata · Quadrato","","20","medium","","",""
"compareRadarChart.seriesStyleDottedTriangle","compareRadarChart","ui","Dotted · Triangle","Punteggiata · Triangolo","","23","medium","","",""
"compareRadarChart.seriesStyleDashDotDiamond","compareRadarChart","ui","Dash-dot · Diamond","Tratto-punto · Rombo","","24","medium","","",""
"compareRadarChart.altLinePersonTemplate","compareRadarChart","ui","Player {index} {name} ({cardType}): ","Giocatore {index} {name} ({cardType}): ","","","medium","","",""
"compareRadarChart.graphDisplayLabel","compareRadarChart","ui","Graph display:","Grafico:","","19","medium","","",""
"compareRadarChart.personOrdinalTemplate","compareRadarChart","ui","Player {n}","Giocatore {n}","","13","medium","","",""
"compareRadarChart.showPreBuildTemplate","compareRadarChart","ui","Show pre-progression ({target})","Mostra prima della progressione ({target})","","","medium","","",""
"compareRadarChart.showPreBuildFallback","compareRadarChart","ui","Selected","Selezionato","","12","medium","","",""
"compareRadarChart.chartAriaLabelTemplate","compareRadarChart","accessibility","Ability radar ({mode}, simple category average, not position-specific OVR). {altLines}","Radar delle statistiche ({mode}, media semplice per categoria, non OVR per ruolo). {altLines}","","","high","","",""
"compareRadarChart.legendPersonTemplate","compareRadarChart","ui","Player {index} {name} ({cardType} · {styleLabel})","Giocatore {index} {name} ({cardType} · {styleLabel})","","","medium","","",""
"compareRadarChart.categoryValuesSummaryTemplate","compareRadarChart","ui","Category values (numeric, {mode})","Valori per categoria (numerici, {mode})","","","medium","","",""
"compareRadarChart.playerHeader","compareRadarChart","ui","Player","Giocatore","","12","medium","","",""
"compareRadarChart.managerNote","compareRadarChart","ui","Some series include manager corrections (Standard / Post-condition modes).","Alcune serie includono correzioni dell’allenatore (modalità Standard / Con condizioni).","","","medium","","",""
"comparisonTables.deltaProgressionPrefix","comparisonTables","ui","Prog","Prog","","12","medium","","",""
"comparisonTables.deltaPlayerBoosterPrefix","comparisonTables","ui","Bst","Bst","","12","medium","","",""
"comparisonTables.deltaConditionalPrefix","comparisonTables","ui","Cond","Cond","","12","medium","","",""
"comparisonTables.deltaManagerBoosterPrefix","comparisonTables","ui","Mgr","All","","12","medium","","",""
"comparisonTables.rulesLabel","comparisonTables","ui","Rules: ","Regole: ","","12","medium","","",""
"comparisonTables.estimatedOvrLabel","comparisonTables","ui","Estimated OVR (under verification): ","OVR stimato (in verifica): ","","47","medium","","",""
"comparisonTables.boosterModePrefix","comparisonTables","ui","Booster mode: ","Modalità booster: ","","19","medium","","",""
"comparisonTables.boosterModeStandard","comparisonTables","ui","Standard","Standard","","12","medium","","",""
"comparisonTables.boosterModeNoteSuffix","comparisonTables","ui"," (reflects in ranking boosters cross-checked against two external sources for the card's built-in effect. Includes effects assumed to be fixed-type since there is no concrete evidence they are Power of Many. Not confirmed by KONAMI. User-specified Power of Many values and manual estimates are not included in ranking.)"," (applica alla classifica i booster il cui effetto integrato nella carta è stato verificato incrociando due fonti esterne. Include effetti ipotizzati di tipo fisso, perché non ci sono prove concrete che siano Power of Many. Non confermato da KONAMI. I valori Power of Many indicati dall’utente e le stime manuali non sono inclusi nella classifica.)","","","medium","","",""
"comparisonTables.basicInfoHeading","comparisonTables","ui","Basic Info","Informazioni di base","","13","medium","","",""
"comparisonTables.itemHeader","comparisonTables","ui","Item","Voce","","12","medium","","",""
"comparisonTables.positionMatchLabel","comparisonTables","ui","Position match: ","Corrispondenza del ruolo: ","","21","medium","","",""
"comparisonTables.yes","comparisonTables","ui","Yes","Sì","","12","medium","","",""
"comparisonTables.no","comparisonTables","ui","No","No","","12","medium","","",""
"comparisonTables.categoryHeading","comparisonTables","ui","Category Comparison","Confronto per categoria","","25","medium","","",""
"comparisonTables.categoryHeadingHint","comparisonTables","ui","simple total/average, not an official rating","totale/media semplice, non una valutazione ufficiale","","","medium","","",""
"comparisonTables.categoryHeader","comparisonTables","ui","Category","Categoria","","12","medium","","",""
"comparisonTables.diffHeader","comparisonTables","ui","Diff","Diff.","","12","medium","","",""
"comparisonTables.avgTemplate","comparisonTables","ui","(avg {value})","(media {value})","","17","medium","","",""
"comparisonTables.totalRowLabel","comparisonTables","ui","Overall (simple total)","Complessivo (totale semplice)","","29","medium","","",""
"comparisonTables.abilitiesHeading","comparisonTables","ui","Abilities (26 items)","Statistiche (26 voci)","","26","medium","","",""
"comparisonTables.conditionalToggleLabel","comparisonTables","ui","Compare including user-specified conditions (reflects manual gold/variable booster stages; not auto-determined)","Confronta includendo le condizioni indicate dall’utente (applica i livelli manuali dei booster oro/variabili; non determinati automaticamente)","","145","medium","","",""
"comparisonTables.conditionalNote","comparisonTables","ui","This table shows ""post-condition"" values. This is an estimate based on stages the user specified after checking their own Game Plan — it is not a value the app auto-verified against squad composition. It is not included in the regular compare ranking (default view).","Questa tabella mostra i valori ""dopo le condizioni"". È una stima basata sui livelli che l’utente ha indicato dopo aver controllato il proprio Piano di gioco, non un valore verificato automaticamente dall’app rispetto alla composizione della rosa. Non è inclusa nella normale classifica del confronto (vista predefinita).","","","medium","","",""
"comparisonTables.abilityHeader","comparisonTables","ui","Ability","Statistica","","12","medium","","",""
"comparisonTables.legendPrefix","comparisonTables","ui","Small labels: ","Etichette piccole: ","","19","medium","","",""
"comparisonTables.legendProgression","comparisonTables","ui","Prog = progression delta","Prog = variazione dalla progressione","","32","medium","","",""
"comparisonTables.legendPlayerBooster","comparisonTables","ui"," / Bst = card-attached booster ("," / Bst = booster associato alla carta (","","","medium","","",""
"comparisonTables.legendStandardMode","comparisonTables","ui","Standard mode","Modalità standard","","17","medium","","",""
"comparisonTables.legendPlayerBoosterDetailSuffix","comparisonTables","ui",": 2 types measured via screenshot plus 27 types cross-checked between eFootball World and EFScout. Includes effects assumed to be fixed-type. Not confirmed by KONAMI. Excludes ones under verification or manual estimates)",": 2 tipi misurati tramite screenshot più 27 tipi verificati incrociando eFootball World ed EFScout. Include effetti ipotizzati di tipo fisso. Non confermati da KONAMI. Esclusi quelli in verifica e le stime manuali)","","","medium","","",""
"comparisonTables.legendConditional","comparisonTables","ui"," / Cond = Total Package user-specified stage (shown only in ""post-condition"" view; not auto-determined)"," / Cond = livello Total Package indicato dall’utente (mostrato solo nella vista ""dopo le condizioni""; non determinato automaticamente)","","","medium","","",""
"comparisonTables.legendManagerBooster","comparisonTables","ui"," / Mgr = manager booster. "," / All = booster dell’allenatore. ","","","medium","","",""
"comparisonTables.legendSuffix","comparisonTables","ui","The default ranking does not include manual Total Package stages. The highest value is shown in ","La classifica predefinita non include i livelli Total Package manuali. Il valore più alto è mostrato in ","","","medium","","",""
"comparisonTables.legendHighestColor","comparisonTables","ui","green","verde","","12","medium","","",""
"comparisonTables.legendDisplaySuffix","comparisonTables","ui",".",".","","12","medium","","",""
"comparisonTables.skillsHeading","comparisonTables","ui","Skill Comparison","Confronto abilità","","21","medium","","",""
"comparisonTables.playerSkillsTitle","comparisonTables","ui","Player Skills","Abilità del giocatore","","17","medium","","",""
"comparisonTables.aiStylesTitle","comparisonTables","ui","AI Playing Styles","Stili di gioco IA","","23","medium","","",""
"comparisonTables.countLabel","comparisonTables","ui","Count: ","Numero: ","","12","medium","","",""
"comparisonTables.sharedByAllTemplate","comparisonTables","ui","Shared by all ({count})","Comuni a tutti ({count})","","30","medium","","",""
"comparisonTables.noneLabel","comparisonTables","ui","None","Nessuna","","12","medium","","",""
"comparisonTables.partialTitle","comparisonTables","ui","Held by some only","Possedute solo da alcuni","","23","medium","","",""
"comparisonTables.uniqueToPlayerTemplate","comparisonTables","ui","Unique to {name} ({count})","Solo di {name} ({count})","","","medium","","",""
"comparisonCockpit.abilitiesTableLink","comparisonCockpit","ui","To 26-ability table ↓","Alla tabella delle 26 statistiche ↓","","28","medium","","",""
"comparisonCockpit.backToTrainingLink","comparisonCockpit","ui","Back to progression ↑","Torna alla progressione ↑","","28","medium","","",""
"comparisonCockpit.ariaLabel","comparisonCockpit","accessibility","Compare cockpit (progression, ability radar, category preview)","Cockpit di confronto (progressione, radar delle statistiche, anteprima per categoria)","","81","high","","",""
"comparisonCockpit.heading","comparisonCockpit","ui","Compare Cockpit","Cockpit di confronto","","20","medium","","",""
"comparisonCockpit.headingHint","comparisonCockpit","ui","Moving a progression slider instantly updates the radar, category values, and the 26-ability table.","Spostando un cursore di progressione si aggiornano subito il radar, i valori per categoria e la tabella delle 26 statistiche.","","","medium","","",""
"comparisonCockpit.selectPlayerAriaLabel","comparisonCockpit","accessibility","Select player to train","Scegli il giocatore da allenare","","29","high","","",""
"comparisonCockpit.playerTabTemplate","comparisonCockpit","ui","Player {index} {name}","Giocatore {index} {name}","","28","medium","","",""
"comparisonCockpit.activeSuffix","comparisonCockpit","ui"," (training)"," (in allenamento)","","15","medium","","",""
"compareTrainingPanel.cannotProgressNote","compareTrainingPanel","ui","This card cannot be trained (abilities stay at base values).","Questa carta non può essere allenata (le statistiche restano ai valori base).","","","medium","","",""
"compareTrainingPanel.autoAllocatedAnnounceTemplate","compareTrainingPanel","ui","{name}: applied the {mode} allocation.","{name}: applicata la distribuzione {mode}.","","","medium","","",""
"compareTrainingPanel.resetButton","compareTrainingPanel","ui","Reset","Reimposta","","12","medium","","",""
"compareTrainingPanel.resetAnnounceTemplate","compareTrainingPanel","ui","{name}: reset progression.","{name}: progressione reimpostata.","","","medium","","",""
"compareTrainingPanel.saveThisBuildButton","compareTrainingPanel","ui","Save this build","Salva questa build","","20","medium","","",""
"compareTrainingPanel.autoAllocateNote","compareTrainingPanel","ui","Auto-allocate is a heuristic for ""allocation policy."" It differs from in-game auto-allocation or OVR maximization. You can still adjust with the sliders afterward.","La distribuzione automatica è un’euristica di ""criterio di distribuzione"". È diversa dalla distribuzione automatica del gioco e dalla massimizzazione dell’OVR. Puoi comunque regolarla in seguito con i cursori.","","","medium","","",""
"compareTrainingPanel.usedPointsLabel","compareTrainingPanel","ui","Used {value}pt","Usati {value}pt","","19","medium","","",""
"compareTrainingPanel.remainingPointsLabel","compareTrainingPanel","ui","Remaining {value}pt","Rimanenti {value}pt","","25","medium","","",""
"compareTrainingPanel.overAllocatedLabel","compareTrainingPanel","ui","Over-allocated","Distribuzione eccessiva","","19","medium","","",""
"compareTrainingPanel.totalPointsLabel","compareTrainingPanel","ui","Total {value}pt","Totale {value}pt","","20","medium","","",""
"compareTrainingPanel.gkHeading","compareTrainingPanel","ui","GK Training (3 items)","Allenamento GK (3 voci)","","28","medium","","",""
"compareTrainingPanel.gkLevelLabelTemplate","compareTrainingPanel","ui","Allocated Lv {level}","Lv distribuito {level}","","26","medium","","",""
"compareTrainingPanel.gkExpandedSuffix","compareTrainingPanel","ui"," (GK, expanded by default)"," (GK, espanso per impostazione predefinita)","","","medium","","",""
"compareTrainingPanel.gkCollapsedSuffix","compareTrainingPanel","ui"," (non-GK, collapsed by default)"," (non GK, compresso per impostazione predefinita)","","","medium","","",""
"compareTrainingPanel.definitionNote","compareTrainingPanel","ui","Category target abilities, step costs, and caps use the same definitions as the player detail progression screen. The same allocation yields the same 26 abilities.","Statistiche interessate da ogni categoria, costi per livello e limiti usano le stesse definizioni della schermata di progressione nei dettagli del giocatore. La stessa distribuzione produce le stesse 26 statistiche.","","","medium","","",""
"compareTrainingPanel.manualSuffix","compareTrainingPanel","ui"," (manual)"," (manuale)","","12","medium","","",""
"compareTrainingPanel.embeddedHeadingTemplate","compareTrainingPanel","ui","Progression for {name}","Progressione di {name}","","29","medium","","",""
"compareTrainingPanel.collapsedHeading","compareTrainingPanel","ui","Adjust progression","Regola la progressione","","24","medium","","",""
"comparePlayerIdentityCard.cardImageAltTemplate","comparePlayerIdentityCard","ui","{name} {cardType} card image","Immagine della carta {cardType} di {name}","","","medium","","",""
"comparePlayerIdentityCard.noEnglishName","comparePlayerIdentityCard","ui","(No English name)","(Nessun nome inglese)","","23","medium","","",""
"comparePlayerIdentityCard.ovrTooltip","comparePlayerIdentityCard","ui","The card's overall OVR as saved (not position-specific)","L'OVR complessivo della carta come salvato (non specifico per ruolo)","","","medium","","",""
"comparePlayerIdentityCard.ovrLineTemplate","comparePlayerIdentityCard","ui","Max {max} / Base {base}","Max {max} / Base {base}","","30","medium","","",""
"comparePlayerIdentityCard.pomChipTooltip","comparePlayerIdentityCard","ui","Power of Many (gold, depends on Game Plan; not automatically reflected in compare ranking)","Power of Many (oro, dipende dal Game Plan; non riflesso automaticamente nella classifica del confronto)","","","medium","","",""
"comparePlayerIdentityCard.fixedProvisionalTooltip","comparePlayerIdentityCard","ui","Fixed-type (estimated): the effect content is externally cross-verified. Applied provisionally as fixed-type to standard values since there is no concrete evidence it's Power of Many.","Tipo fisso (stimato): il contenuto dell'effetto è verificato con fonti esterne. Applicato provvisoriamente come tipo fisso ai valori standard, poiché non ci sono prove concrete che sia Power of Many.","","","medium","","",""
"comparePlayerIdentityCard.fixedTooltip","comparePlayerIdentityCard","ui","Fixed-type (reflected in standard values under standard mode)","Tipo fisso (riflesso nei valori standard in modalità standard)","","","medium","","",""
"comparePlayerIdentityCard.unresolvedTooltip","comparePlayerIdentityCard","ui","Attached booster whose activation method and effect could not be confirmed","Booster associato di cui non è stato possibile confermare modalità di attivazione ed effetto","","","medium","","",""
"comparePlayerIdentityCard.pomChipTemplate","comparePlayerIdentityCard","ui","{nameEn} max +{level}","{nameEn} max +{level}","","28","medium","","",""
"comparePlayerIdentityCard.fixedChipTemplate","comparePlayerIdentityCard","ui","{nameEn} +{level}","{nameEn} +{level}","","23","medium","","",""
"comparePlayerIdentityCard.provisionalSuffix","comparePlayerIdentityCard","ui"," (estimated)"," (stimato)","","16","medium","","",""
"comparePlayerIdentityCard.unresolvedChip","comparePlayerIdentityCard","ui","Unresolved","Non risolto","","13","medium","","",""
"comparePlayerIdentityCard.noAttachedBoosters","comparePlayerIdentityCard","ui","No attached boosters","Nessun booster associato","","26","medium","","",""
"comparePlayerIdentityCard.pomSelectionLabelTemplate","comparePlayerIdentityCard","ui","Power of Many selection: {tier} (user-specified, conditional value only)","Selezione Power of Many: {tier} (indicata dall'utente, solo valore condizionale)","","","medium","","",""
"comparePlayerIdentityCard.currentTrainingTemplate","comparePlayerIdentityCard","ui","Current: {label}","Attuale: {label}","","21","medium","","",""
"comparePlayerIdentityCard.playerDetailLink","comparePlayerIdentityCard","ui","Player detail","Dettaglio giocatore","","17","medium","","",""
"comparePlayerIdentityCard.progressionScreenLink","comparePlayerIdentityCard","ui","Progression screen","Schermata Progressione","","24","medium","","",""
"playerControlColumn.removeAriaTemplate","playerControlColumn","accessibility","Remove {name} from compare","Rimuovi {name} dal confronto","","","high","","",""
"playerControlColumn.savedBuildTrainingLabelTemplate","playerControlColumn","ui","Saved build: {name}","Build salvata: {name}","","25","medium","","",""
"playerControlColumn.manualTrainingLabel","playerControlColumn","ui","Manual progression","Progressione manuale","","24","medium","","",""
"playerControlColumn.followsPolicyLabel","playerControlColumn","ui","Follows progression policy","Segue il criterio di progressione","","34","medium","","",""
"playerControlColumn.trainingPolicyLabel","playerControlColumn","ui","Progression policy","Criterio di progressione","","24","medium","","",""
"playerControlColumn.trainingPolicyAriaTemplate","playerControlColumn","accessibility","Progression policy for {name}","Criterio di progressione per {name}","","","high","","",""
"playerControlColumn.savedBuildOptionTemplate","playerControlColumn","ui","Saved build: {name}","Build salvata: {name}","","25","medium","","",""
"playerControlColumn.manualTrainingOption","playerControlColumn","ui","Manual progression (slider below)","Progressione manuale (cursore sotto)","","","medium","","",""
"playerControlColumn.applyBuildAriaTemplate","playerControlColumn","accessibility","Apply saved build for {name}","Applica una build salvata a {name}","","","high","","",""
"playerControlColumn.applyBuildDefaultOption","playerControlColumn","ui","Apply saved build...","Applica build salvata...","","26","medium","","",""
"playerControlColumn.trainingConsolidatedNoteTemplate","playerControlColumn","ui","Progression sliders can be operated together below in the ""Compare Cockpit"" ({mode} · using {used}/{total}pt).","I cursori della progressione si regolano insieme più in basso nel ""Cockpit di confronto"" ({mode} · usati {used}/{total}pt).","","","medium","","",""
"playerControlColumn.positionFitSummary","playerControlColumn","ui","Position Fit","Idoneità al ruolo","","16","medium","","",""
"playerControlColumn.registeredPositionLabel","playerControlColumn","ui","Registered position: ","Ruolo registrato: ","","28","medium","","",""
"playerControlColumn.currentOverallLabel","playerControlColumn","ui","Position-specific overall with current progression: ","Valutazione complessiva per ruolo con la progressione attuale: ","","68","medium","","",""
"playerControlColumn.currentOverallValue","playerControlColumn","ui","—","—","","12","medium","","",""
"playerControlColumn.currentOverallNote","playerControlColumn","ui"," (calculation rule under review)"," (regola di calcolo in verifica)","","","medium","","",""
"playerControlColumn.overallExplanation","playerControlColumn","ui","Current progression is reflected in the 26-ability comparison above. Position-specific overall values are not shown because KONAMI has not published the formula, ability weighting, or rounding rules, and there are not enough sample display values across cards to estimate reliably (we do not show made-up numbers).","La progressione attuale è applicata al confronto delle 26 statistiche qui sopra. Le valutazioni complessive per ruolo non vengono mostrate perché KONAMI non ha pubblicato la formula, il peso delle statistiche né le regole di arrotondamento, e non ci sono abbastanza valori di esempio visualizzati su più carte per stimarle in modo affidabile (non mostriamo numeri inventati).","","","medium","","",""
"playerControlColumn.attachedBoosterPrefixTemplate","playerControlColumn","ui","Attached {slot}: ","{slot} associato: ","","23","medium","","",""
"playerControlColumn.powerOfManyNote","playerControlColumn","ui","Variable booster (gold, depends on Game Plan) · not reflected in compare ranking","Booster variabile (oro, dipende dal Piano di gioco) · non applicato alla classifica del confronto","","","medium","","",""
"playerControlColumn.verifiedScreenshotNoteTemplate","playerControlColumn","ui","Confirmed via reference screenshots{fixedSuffix} · reflected in compare","Confermato tramite screenshot di riferimento{fixedSuffix} · applicato al confronto","","","medium","","",""
"playerControlColumn.fixedEstimateSuffix","playerControlColumn","ui"," · estimated fixed-type"," · tipo fisso stimato","","30","medium","","",""
"playerControlColumn.externalCrossVerifiedNoteTemplate","playerControlColumn","ui","Externally cross-verified (not KONAMI-confirmed){fixedSuffix} · reflected in compare","Verificato con fonti esterne (non confermato da KONAMI){fixedSuffix} · applicato al confronto","","","medium","","",""
"playerControlColumn.underVerificationNote","playerControlColumn","ui","Effect under verification · not reflected in compare","Effetto in verifica · non applicato al confronto","","","medium","","",""
"playerControlColumn.additionalBoosterPrefix","playerControlColumn","ui","Additional booster (B2, overrides the attached one; ","Booster aggiuntivo (B2, sostituisce quello associato; ","","","medium","","",""
"playerControlColumn.additionalBoosterHighlight","playerControlColumn","ui","confirmed ones affect the compare ranking","quelli confermati influiscono sulla classifica del confronto","","","medium","","",""
"playerControlColumn.additionalBoosterSuffix","playerControlColumn","ui",")",")","","12","medium","","",""
"playerControlColumn.boosterLevelAriaTemplate","playerControlColumn","accessibility","Booster level for {name}","Livello del booster per {name}","","32","high","","",""
"playerControlColumn.additionalBoosterAriaTemplate","playerControlColumn","accessibility","Additional booster (B2) for {name}","Booster aggiuntivo (B2) per {name}","","","high","","",""
"playerControlColumn.noneOption","playerControlColumn","ui","None","Nessuno","","12","medium","","",""
"playerControlColumn.boosterFootnotePrefix","playerControlColumn","ui","Card-attached boosters are reflected in compare under ","I booster associati alla carta sono applicati al confronto in ","","","medium","","",""
"playerControlColumn.boosterFootnoteHighlight","playerControlColumn","ui","Standard mode","modalità Standard","","17","medium","","",""
"playerControlColumn.boosterFootnoteSuffix","playerControlColumn","ui"," (2 types measured via screenshot plus 27 types cross-checked between eFootball World and EFScout; includes effects assumed to be fixed-type; not confirmed by KONAMI). The additional booster (B2) applies only to that card and overrides the slot's attached effect. Confirmed B2 boosters (all of the ones listed here) also affect the normal final values and compare ranking."," (2 tipi misurati tramite screenshot più 27 tipi verificati incrociando eFootball World ed EFScout; include effetti ipotizzati di tipo fisso; non confermati da KONAMI). Il booster aggiuntivo (B2) vale solo per quella carta e sostituisce l’effetto associato allo slot. I booster B2 confermati (tutti quelli elencati qui) influiscono anche sui normali valori finali e sulla classifica del confronto.","","","medium","","",""
"playerControlColumn.managerLabel","playerControlColumn","ui","Manager","Allenatore","","12","medium","","",""
"playerControlColumn.managerClearButton","playerControlColumn","ui","Clear","Rimuovi","","12","medium","","",""
"playerControlColumn.noManagerLabel","playerControlColumn","ui","No manager","Nessun allenatore","","13","medium","","",""
"playerControlColumn.managerChangeButton","playerControlColumn","ui","Change","Cambia","","12","medium","","",""
"playerControlColumn.managerChooseButton","playerControlColumn","ui","Choose from manager list","Scegli dall’elenco degli allenatori","","32","medium","","",""
"comparisonBoard.sameTrainingLabel","comparisonBoard","ui","Same progression for all:","Stessa progressione per tutti:","","33","medium","","",""
"comparisonBoard.sameManagerLabel","comparisonBoard","ui","Same manager for all:","Stesso allenatore per tutti:","","28","medium","","",""
"comparisonBoard.chooseFromManagerListButton","comparisonBoard","ui","Choose from manager list","Scegli dall'elenco allenatori","","32","medium","","",""
"comparisonBoard.clearAllManagersButton","comparisonBoard","ui","Clear all managers","Rimuovi tutti gli allenatori","","24","medium","","",""
"comparisonBoard.perPlayerManagerNote","comparisonBoard","ui","To set a different manager per player, use each player's own column.","Per impostare un allenatore diverso per ogni giocatore, usa la colonna di ciascun giocatore.","","","medium","","",""
"comparisonBoard.sharedManagerPickerTitle","comparisonBoard","ui","Select manager to apply to all","Seleziona l'allenatore da applicare a tutti","","39","medium","","",""
"comparisonBoard.perPlayerManagerPickerTitleTemplate","comparisonBoard","ui","Select manager for {name}","Seleziona l'allenatore per {name}","","","medium","","",""
"comparisonBoard.fallbackPlayerName","comparisonBoard","ui","Player","Giocatore","","12","medium","","",""
"comparisonBoard.maxPlayersErrorTemplate","comparisonBoard","ui","Compare supports a maximum of {max} players.","Il confronto supporta al massimo {max} giocatori.","","","high","","",""
"comparisonBoard.duplicateCardError","comparisonBoard","ui","The same card cannot be added twice.","La stessa carta non può essere aggiunta due volte.","","","high","","",""
"comparisonBoard.fetchPlayerFailedError","comparisonBoard","ui","Could not fetch the player.","Impossibile recuperare il giocatore.","","","high","","",""
"comparisonBoard.fetchPlayerErrorGeneric","comparisonBoard","ui","Failed to fetch the player.","Recupero del giocatore non riuscito.","","","high","","",""
"comparisonBoard.buildSavedNoticeTemplate","comparisonBoard","ui","Saved ""{name}"" (selectable from player detail, My Team, and squads).","""{name}"" salvata (selezionabile da dettaglio giocatore, La mia squadra e rose).","","","medium","","",""
"comparisonBoard.confirmOverwriteWarningTemplate","comparisonBoard","ui","Some columns have manual allocations or saved builds. Applying ""{mode}"" to everyone will overwrite them.","Alcune colonne hanno distribuzioni manuali o build salvate. Applicando ""{mode}"" a tutti verranno sovrascritte.","","","high","","",""
"comparisonBoard.overwriteTargetsLabel","comparisonBoard","ui","Will be overwritten: ","Verranno sovrascritti: ","","28","medium","","",""
"comparisonBoard.overwriteTargetTemplate","comparisonBoard","ui","Player {index} ({name})","Giocatore {index} ({name})","","30","medium","","",""
"comparisonBoard.overwriteApplyButton","comparisonBoard","ui","Overwrite and apply","Sovrascrivi e applica","","25","medium","","",""
"comparisonBoard.overwriteCancelButton","comparisonBoard","ui","Cancel","Annulla","","12","medium","","",""
"comparisonBoard.selectSlotOrdinalTemplate","comparisonBoard","ui","Select player {n}","Seleziona giocatore {n}","","23","medium","","",""
"comparisonBoard.addPlayerToSlotButtonTemplate","comparisonBoard","ui","+ Add player {n}","+ Aggiungi giocatore {n}","","21","medium","","",""
"comparisonBoard.maxPlayersNoteTemplate","comparisonBoard","ui","Compare supports a maximum of {max} players. To add another, remove one with ✕ first.","Il confronto supporta al massimo {max} giocatori. Per aggiungerne un altro, rimuovine prima uno con ✕.","","","medium","","",""
"comparisonBoard.needTwoPlayersTitle","comparisonBoard","ui","Select 2 or more players to compare","Seleziona 2 o più giocatori da confrontare","","46","medium","","",""
"comparisonBoard.needTwoPlayersDescriptionTemplate","comparisonBoard","ui","Use an empty slot above to add a player (up to {max}). Different cards of the same player can also be compared.","Usa uno slot vuoto qui sopra per aggiungere un giocatore (fino a {max}). Si possono confrontare anche carte diverse dello stesso giocatore.","","","medium","","",""
"comparisonBoard.browseHighOvrButton","comparisonBoard","ui","Browse high-OVR cards","Sfoglia carte con OVR alto","","28","medium","","",""
"comparePage.title","comparePage","ui","Player Compare","Confronto giocatori","","19","medium","","",""
"comparePage.description","comparePage","ui","Compare 2-4 World cards side by side: basic info, 26 abilities, skills, progression builds, and manager corrections. Progression and manager corrections reuse the existing calculation engine (rules are still being verified). Players, progression policy, and manager are stored in the URL so you can share it.","Confronta da 2 a 4 carte World affiancate: informazioni di base, 26 statistiche, abilità, build di progressione e correzioni dell’allenatore. Progressione e correzioni dell’allenatore riusano il motore di calcolo esistente (regole ancora in verifica). Giocatori, criterio di progressione e allenatore sono salvati nell’URL, così puoi condividerlo.","","","medium","","",""
"comparePage.backToPlayers","comparePage","ui","Back to player list","Torna all’elenco dei giocatori","","25","medium","","",""
"comparePage.dataUnavailableTitle","comparePage","ui","Data unavailable","Dati non disponibili","","21","medium","","",""
"comparePage.dataUnavailableDescription","comparePage","ui","World data has not been imported into SQLite.","I dati World non sono stati importati in SQLite.","","","medium","","",""
"worldPlayerHero.backToList","worldPlayerHero","ui","Back to player list","Torna all'elenco giocatori","","25","medium","","",""
"worldPlayerHero.noImage","worldPlayerHero","ui","No image","Nessuna immagine","","12","medium","","",""
"worldPlayerHero.maxOvrLabel","worldPlayerHero","ui","Max OVR","OVR max","","12","medium","","",""
"worldPlayerHero.baseAndCapTemplate","worldPlayerHero","ui","Base {base} / Lv cap {cap}","Base {base} / Liv. max {cap}","","","medium","","",""
"worldPlayerHero.noEnglishName","worldPlayerHero","ui","(No English name)","(Nessun nome inglese)","","23","medium","","",""
"worldPlayerHero.idBadgeTemplate","worldPlayerHero","ui","ID {id}","ID {id}","","12","medium","","",""
"worldPlayerHero.baseOvrLabel","worldPlayerHero","ui","Base OVR","OVR base","","12","medium","","",""
"worldPlayerHero.maxOvrFactLabel","worldPlayerHero","ui","Max OVR","OVR max","","12","medium","","",""
"worldPlayerHero.maxLevelLabel","worldPlayerHero","ui","Max level","Livello massimo","","12","medium","","",""
"worldPlayerHero.preferredFootLabel","worldPlayerHero","ui","Preferred foot","Piede preferito","","19","medium","","",""
"worldPlayerHero.heightWeightTemplate","worldPlayerHero","ui","Height / Weight","Altezza / Peso","","20","medium","","",""
"worldPlayerHero.teamLabel","worldPlayerHero","ui","Team","Squadra","","12","medium","","",""
"playerDetailPage.worldDataUnavailableTitle","playerDetailPage","ui","World data is unavailable","Dati World non disponibili","","33","medium","","",""
"playerDetailPage.worldDataUnavailableDescription","playerDetailPage","ui","World data has not been imported into SQLite.","I dati World non sono stati importati in SQLite.","","","medium","","",""
"playerDetailPage.backToPlayerList","playerDetailPage","ui","Back to player list","Torna all’elenco dei giocatori","","25","medium","","",""
"playerDetailPage.analysisScopeWorldEfhub","playerDetailPage","ui","World + eFHUB detail","World + dettagli eFHUB","","26","medium","","",""
"playerDetailPage.analysisScopeWorld","playerDetailPage","ui","World data","Dati World","","13","medium","","",""
"playerDetailPage.nationalityLabel","playerDetailPage","ui","Nationality","Nazionalità","","15","medium","","",""
"playerDetailPage.regionLabel","playerDetailPage","ui","Region","Regione","","12","medium","","",""
"playerDetailPage.leagueLabel","playerDetailPage","ui","League","Campionato","","12","medium","","",""
"playerDetailPage.teamLabel","playerDetailPage","ui","Team","Squadra","","12","medium","","",""
"playerDetailPage.ageLabel","playerDetailPage","ui","Age","Età","","12","medium","","",""
"playerDetailPage.heightLabel","playerDetailPage","ui","Height","Altezza","","12","medium","","",""
"playerDetailPage.weightLabel","playerDetailPage","ui","Weight","Peso","","12","medium","","",""
"playerDetailPage.preferredFootLabel","playerDetailPage","ui","Preferred foot","Piede preferito","","19","medium","","",""
"playerDetailPage.playingStyleLabel","playerDetailPage","ui","Attacking playing style","Stile di gioco offensivo","","30","medium","","",""
"playerDetailPage.playingStyleDefLabel","playerDetailPage","ui","Defensive playing style","Stile di gioco difensivo","","30","medium","","",""
"playerDetailPage.booster1Label","playerDetailPage","ui","Booster 1 (ID)","Booster 1 (ID)","","19","medium","","",""
"playerDetailPage.booster2Label","playerDetailPage","ui","Booster 2 (ID)","Booster 2 (ID)","","19","medium","","",""
"playerDetailPage.basicInfoHeading","playerDetailPage","ui","Basic Info","Informazioni di base","","13","medium","","",""
"playerDetailPage.statsHeading","playerDetailPage","ui","Abilities (26 items, World values)","Statistiche (26 voci, valori World)","","45","medium","","",""
"playerDetailPage.statsHint","playerDetailPage","ui","Excludes progression and manager corrections","Escluse progressione e correzioni dell’allenatore","","","medium","","",""
"playerDetailPage.playerSkillsHeading","playerDetailPage","ui","Player Skills","Abilità del giocatore","","17","medium","","",""
"playerDetailPage.noSkills","playerDetailPage","ui","No skill information.","Nessuna informazione sulle abilità.","","28","medium","","",""
"playerDetailPage.aiStylesHeading","playerDetailPage","ui","AI Playing Styles","Stili di gioco IA","","23","medium","","",""
"playerDetailPage.noAiStyles","playerDetailPage","ui","No AI styles.","Nessuno stile IA.","","17","medium","","",""
"playerDetailPage.progressionHeading","playerDetailPage","ui","Progression (under verification)","Progressione (in verifica)","","42","medium","","",""
"playerDetailPage.dataProvenanceHeading","playerDetailPage","ui","Data Provenance","Provenienza dei dati","","20","medium","","",""
"playerDetailPage.dataSourceLabel","playerDetailPage","ui","Data source","Fonte dei dati","","15","medium","","",""
"playerDetailPage.sourceUrlLabel","playerDetailPage","ui","Source URL","URL di origine","","13","medium","","",""
"playerDetailPage.appearanceUpdatedLabel","playerDetailPage","ui","Updated at (appearance)","Aggiornato il (aspetto)","","30","medium","","",""
"playerDetailPage.fetchedAtLabel","playerDetailPage","ui","Fetched at","Recuperato il","","13","medium","","",""
"playerDetailPage.efhubDiffHeading","playerDetailPage","ui","Differences from eFHUB values (reference only, not auto-applied)","Differenze rispetto ai valori eFHUB (solo riferimento, non applicate automaticamente)","","84","medium","","",""
"playerDetailPage.tableItemHeader","playerDetailPage","ui","Item","Voce","","12","medium","","",""
"playerDetailPage.tableWorldHeader","playerDetailPage","ui","World","World","","12","medium","","",""
"playerDetailPage.tableEfhubHeader","playerDetailPage","ui","eFHUB","eFHUB","","12","medium","","",""
"playerDetailPage.notYetHeading","playerDetailPage","ui","Not Yet Available (under investigation)","Non ancora disponibile (in analisi)","","51","medium","","",""
"playerDetailPage.notYetHint","playerDetailPage","ui","Items not included in the players/search API","Voci non incluse nell’API players/search","","","medium","","",""
"playerDetailPage.notYetZeroNote","playerDetailPage","ui","Not shown when the value is 0 or empty.","Non mostrato quando il valore è 0 o vuoto.","","","medium","","",""
"playerDetailPage.notYetBadgeSuffix","playerDetailPage","ui",": under investigation",": in analisi","","28","medium","","",""
"playerDetailPage.notYetSecondaryPosition","playerDetailPage","ui","Secondary position fit","Idoneità al ruolo secondario","","29","medium","","",""
"playerDetailPage.tabsAriaLabel","playerDetailPage","accessibility","Player detail","Dettagli del giocatore","","17","high","","",""
"playerDetailPage.tabOverview","playerDetailPage","ui","Overview","Panoramica","","12","medium","","",""
"playerDetailPage.tabStats","playerDetailPage","ui","Abilities","Statistiche","","12","medium","","",""
"playerDetailPage.tabSkills","playerDetailPage","ui","Skills","Abilità","","12","medium","","",""
"playerDetailPage.tabProgression","playerDetailPage","ui","Progression","Progressione","","15","medium","","",""
"playerDetailPage.tabData","playerDetailPage","ui","Data","Dati","","12","medium","","",""
"legacyPlayerDetail.backToList","legacyPlayerDetail","ui","← Back to player list","← Torna all’elenco giocatori","","28","medium","","",""
"legacyPlayerDetail.noJapaneseName","legacyPlayerDetail","ui","(No Japanese name)","(Nessun nome giapponese)","","24","medium","","",""
"legacyPlayerDetail.noEnglishName","legacyPlayerDetail","ui","(No English name)","(Nessun nome inglese)","","23","medium","","",""
"legacyPlayerDetail.efhubIdLabel","legacyPlayerDetail","ui","Player ID (eFHUB)","ID giocatore (eFHUB)","","23","medium","","",""
"legacyPlayerDetail.ovrLabel","legacyPlayerDetail","ui","OVR","OVR","","12","medium","","",""
"legacyPlayerDetail.provenanceHeading","legacyPlayerDetail","ui","Data Provenance","Provenienza dei dati","","20","medium","","",""
"legacyPlayerDetail.dataSourceLabel","legacyPlayerDetail","ui","Data source","Fonte dei dati","","15","medium","","",""
"legacyPlayerDetail.sourceUrlLabel","legacyPlayerDetail","ui","Source URL","URL di origine","","13","medium","","",""
"legacyPlayerDetail.httpMethodLabel","legacyPlayerDetail","ui","HTTP method","Metodo HTTP","","15","medium","","",""
"legacyPlayerDetail.fetchedAtLabel","legacyPlayerDetail","ui","Fetched at","Recuperato il","","13","medium","","",""
"legacyPlayerDetail.noSourceInfo","legacyPlayerDetail","ui","No source information available.","Nessuna informazione sulla fonte disponibile.","","","medium","","",""
"legacyPlayerDetail.futureHeading","legacyPlayerDetail","ui","Planned for a Future Version","Previsto in una versione futura","","37","medium","","",""
"legacyPlayerDetail.futureDescription","legacyPlayerDetail","ui","Abilities (attack/defense/physical), skills, playing styles, position-specific overall, progression, boosters, tiers, and player compare. These will be implemented after further research into eFHUB's per-player data (Phase 1-2 of docs/efootball-team-ai-design.md).","Statistiche (attacco/difesa/fisico), abilità, stili di gioco, valutazione complessiva per ruolo, progressione, booster, tier e confronto giocatori. Verranno implementati dopo ulteriori ricerche sui dati per giocatore di eFHUB (Fase 1-2 di docs/efootball-team-ai-design.md).","","","medium","","",""
"legacyPlayerDetail.imageProxyNote","legacyPlayerDetail","ui","Player images are fetched from efimg.com via our own proxy (/api/player-image/[id]).","Le immagini dei giocatori vengono recuperate da efimg.com tramite il nostro proxy (/api/player-image/[id]).","","","medium","","",""
"worldFilters.sortOvrMaxDesc","worldFilters","ui","Max OVR (high to low)","OVR max (dal più alto)","","28","medium","","",""
"worldFilters.sortOvrMaxAsc","worldFilters","ui","Max OVR (low to high)","OVR max (dal più basso)","","28","medium","","",""
"worldFilters.sortOvrBaseDesc","worldFilters","ui","Base OVR (high to low)","OVR base (dal più alto)","","29","medium","","",""
"worldFilters.sortOvrBaseAsc","worldFilters","ui","Base OVR (low to high)","OVR base (dal più basso)","","29","medium","","",""
"worldFilters.sortName","worldFilters","ui","By name (English)","Per nome (inglese)","","23","medium","","",""
"worldFilters.sortUpdatedDesc","worldFilters","ui","Recently updated","Aggiornati di recente","","21","medium","","",""
"worldFilters.filterLabelQ","worldFilters","ui","Search","Cerca","","12","medium","","",""
"worldFilters.filterLabelPosition","worldFilters","ui","Position","Ruolo","","12","medium","","",""
"worldFilters.filterLabelCardType","worldFilters","ui","Card type","Tipo di carta","","12","medium","","",""
"worldFilters.filterLabelPlayingStyle","worldFilters","ui","Attacking PS","Stile offensivo","","16","medium","","",""
"worldFilters.filterLabelPlayingStyleDef","worldFilters","ui","Defensive PS","Stile difensivo","","16","medium","","",""
"worldFilters.filterLabelMinOvr","worldFilters","ui","Max OVR ≥","OVR max ≥","","12","medium","","",""
"worldFilters.filterLabelMaxOvr","worldFilters","ui","Max OVR ≤","OVR max ≤","","12","medium","","",""
"worldFilters.filterLabelBooster","worldFilters","ui","Booster","Booster","","12","medium","","",""
"worldFilters.searchPlaceholder","worldFilters","ui","Japanese name / English name / World ID / eFHUB ID","Nome giapponese / nome inglese / ID World / ID eFHUB","","65","medium","","",""
"worldFilters.searchAriaLabel","worldFilters","accessibility","Search players","Cerca giocatori","","19","high","","",""
"worldFilters.sortAriaLabel","worldFilters","accessibility","Sort","Ordina","","12","high","","",""
"worldFilters.filterToggleTemplate","worldFilters","ui","Filters{count}","Filtri{count}","","19","medium","","",""
"worldFilters.positionAriaLabel","worldFilters","accessibility","Position","Ruolo","","12","high","","",""
"worldFilters.positionAll","worldFilters","ui","Position: All","Ruolo: tutti","","17","medium","","",""
"worldFilters.cardTypeAriaLabel","worldFilters","accessibility","Card type","Tipo di carta","","12","high","","",""
"worldFilters.cardTypeAll","worldFilters","ui","Type: All","Tipo: tutti","","12","medium","","",""
"worldFilters.playingStyleAriaLabel","worldFilters","accessibility","Attacking playing style","Stile di gioco offensivo","","30","high","","",""
"worldFilters.playingStyleAll","worldFilters","ui","Attacking PS: All","Stile offensivo: tutti","","23","medium","","",""
"worldFilters.playingStyleDefAriaLabel","worldFilters","accessibility","Defensive playing style","Stile di gioco difensivo","","30","high","","",""
"worldFilters.playingStyleDefAll","worldFilters","ui","Defensive PS: All","Stile difensivo: tutti","","23","medium","","",""
"worldFilters.minOvrPlaceholder","worldFilters","ui","Max OVR ≥","OVR max ≥","","12","medium","","",""
"worldFilters.minOvrAriaLabel","worldFilters","accessibility","Max OVR lower bound","Limite inferiore OVR max","","25","high","","",""
"worldFilters.maxOvrPlaceholder","worldFilters","ui","Max OVR ≤","OVR max ≤","","12","medium","","",""
"worldFilters.maxOvrAriaLabel","worldFilters","accessibility","Max OVR upper bound","Limite superiore OVR max","","25","high","","",""
"worldFilters.clearAllButton","worldFilters","ui","Clear all","Azzera tutto","","12","medium","","",""
"worldPlayerCard.noEnglishName","worldPlayerCard","ui","(No English name)","(Nessun nome inglese)","","23","medium","","",""
"worldPlayerCard.baseOvrLabel","worldPlayerCard","ui","Base {value}","Base {value}","","16","medium","","",""
"worldPlayerCard.levelCapLabel","worldPlayerCard","ui","Lv cap {value}","Liv. max {value}","","19","medium","","",""
"worldPagination.ariaLabel","worldPagination","accessibility","Pagination","Paginazione","","13","high","","",""
"worldPagination.rangeTemplate","worldPagination","ui","Showing {from}–{to} of {total}","{from}–{to} di {total}","","","medium","","",""
"worldPagination.prevLabel","worldPagination","ui","← Previous","← Precedente","","13","medium","","",""
"worldPagination.nextLabel","worldPagination","ui","Next →","Successiva →","","12","medium","","",""
"worldPagination.pageOfTemplate","worldPagination","ui","{page} / {totalPages}","{page} / {totalPages}","","28","medium","","",""
"playersPage.title","playersPage","ui","Players","Giocatori","","12","medium","","",""
"playersPage.metaTemplate","playersPage","ui","{count} players","Giocatori: {count}","","20","medium","","",""
"playersPage.descriptionTemplate","playersPage","ui","Search and filter all eFootball World cards. {importedAt}","Cerca e filtra tutte le carte eFootball World. {importedAt}","","","medium","","",""
"playersPage.importedAtPrefix","playersPage","ui","Imported: ","Importato: ","","13","medium","","",""
"playersPage.compareLink","playersPage","ui","Go to player compare","Vai al confronto giocatori","","26","medium","","",""
"playersPage.noDataTitle","playersPage","ui","World data has not been set up yet","I dati World non sono ancora configurati","","45","medium","","",""
"playersPage.noDataDescription","playersPage","ui","Run `node scripts/sync-world-players-initial.mjs` in the terminal to import it into SQLite.","Esegui `node scripts/sync-world-players-initial.mjs` nel terminale per importarli in SQLite.","","","medium","","",""
"playersPage.loadErrorTitle","playersPage","ui","Could not load player data","Impossibile caricare i dati dei giocatori","","34","high","","",""
"playersPage.loadErrorDescription","playersPage","ui","Please reload in a moment. If the problem persists, check the SQLite database.","Ricarica tra un momento. Se il problema persiste, controlla il database SQLite.","","","high","","",""
"playersPage.noResultsTitle","playersPage","ui","No players match your criteria","Nessun giocatore corrisponde ai criteri","","39","medium","","",""
"playersPage.noResultsDescription","playersPage","ui","Try changing your search term or filters. Click a filter chip to clear it individually.","Prova a cambiare il termine di ricerca o i filtri. Fai clic su un chip di filtro per rimuoverlo singolarmente.","","","medium","","",""
"playersPage.clearAllFiltersButton","playersPage","ui","Clear all filters","Cancella tutti i filtri","","23","medium","","",""
"playersPage.noCardsTitle","playersPage","ui","No cards to display","Nessuna carta da mostrare","","25","medium","","",""
"playersPage.noCardsDescription","playersPage","ui","Check that World data has been imported.","Verifica che i dati World siano stati importati.","","","medium","","",""
"playersPage.showingRangeTemplate","playersPage","ui","Showing {from}–{to} of {total}","{from}–{to} di {total}","","","medium","","",""
"playersPage.dataSourcePrefix","playersPage","ui","Data source: ","Fonte dei dati: ","","17","medium","","",""
"playersPage.defaultSourceName","playersPage","ui","eFootball World","eFootball World","","20","medium","","",""
"tagEditor.duplicateTag","tagEditor","ui","This tag already exists.","Questo tag esiste già.","","32","medium","","",""
"tagEditor.maxTagsTemplate","tagEditor","ui","You can add up to {max} tags.","Puoi aggiungere fino a {max} tag.","","","medium","","",""
"tagEditor.labelTemplate","tagEditor","ui","Tags (optional, up to {maxTags}, {maxLen} characters each)","Tag (facoltativi, fino a {maxTags}, {maxLen} caratteri ciascuno)","","","medium","","",""
"tagEditor.removeTagAriaTemplate","tagEditor","accessibility","Remove tag ""{tag}""","Rimuovi il tag ""{tag}""","","24","high","","",""
"tagEditor.placeholder","tagEditor","ui","e.g. Main / Dribbler / Progression candidate","Es.: Principale / Dribblatore / Candidato alla progressione","","","medium","","",""
"tagEditor.addButton","tagEditor","ui","Add","Aggiungi","","12","medium","","",""
"myTeamAddDialog.editTitle","myTeamAddDialog","ui","Edit My Team Record","Modifica scheda de La mia squadra","","25","medium","","",""
"myTeamAddDialog.addTitle","myTeamAddDialog","ui","Add to My Team","Aggiungi a La mia squadra","","19","medium","","",""
"myTeamAddDialog.saveFailedFallback","myTeamAddDialog","ui","Could not save.","Impossibile salvare.","","20","high","","",""
"myTeamAddDialog.introAddTemplate","myTeamAddDialog","ui","This adds {playerName} (ID {worldCardId}) to My Team. My Team manages cards you actually own. It is independent of Favorites — adding here does not add it to Favorites.","{playerName} (ID {worldCardId}) verrà aggiunto a La mia squadra. La mia squadra gestisce le carte che possiedi davvero. È indipendente dai Preferiti: aggiungerlo qui non lo aggiunge ai Preferiti.","","","medium","","",""
"myTeamAddDialog.introEditTemplate","myTeamAddDialog","ui","This edits the My Team record for {playerName} (ID {worldCardId}). My Team manages cards you actually own, independent of Favorites.","Stai modificando la scheda de La mia squadra di {playerName} (ID {worldCardId}). La mia squadra gestisce le carte che possiedi davvero, in modo indipendente dai Preferiti.","","","medium","","",""
"myTeamAddDialog.ownershipLabel","myTeamAddDialog","ui","Ownership status","Stato di possesso","","21","medium","","",""
"myTeamAddDialog.usageLabel","myTeamAddDialog","ui","Usage status (optional)","Stato di utilizzo (facoltativo)","","30","medium","","",""
"myTeamAddDialog.usageNote","myTeamAddDialog","ui","Usage status is separate from actual squad placement. Setting it to ""Main"" does not automatically place the card in a squad.","Lo stato di utilizzo è distinto dalla disposizione effettiva nella rosa. Impostarlo su ""Principale"" non inserisce automaticamente la carta in una rosa.","","","medium","","",""
"myTeamAddDialog.noteLabelTemplate","myTeamAddDialog","ui","Note (optional, up to {max} characters)","Nota (facoltativa, fino a {max} caratteri)","","","medium","","",""
"myTeamAddDialog.notePlaceholder","myTeamAddDialog","ui","e.g. Planned as ST / strong 1v1 / adjust progression next","ad es. Previsto come ST / forte nell’1 contro 1 / regolare la progressione dopo","","75","medium","","",""
"myTeamAddDialog.noteCountTemplate","myTeamAddDialog","ui","{count} / {max}","{count} / {max}","","20","medium","","",""
"myTeamAddDialog.cancelButton","myTeamAddDialog","ui","Cancel","Annulla","","12","medium","","",""
"myTeamAddDialog.saveButton","myTeamAddDialog","ui","Save","Salva","","12","medium","","",""
"myTeamAddDialog.addButton","myTeamAddDialog","ui","Add to My Team","Aggiungi a La mia squadra","","19","medium","","",""
"myTeamButton.registeredAria","myTeamButton","accessibility","Registered in My Team","Registrato in La mia squadra","","28","high","","",""
"myTeamButton.registeredLabel","myTeamButton","ui","Registered in My Team","In La mia squadra","","28","medium","","",""
"myTeamButton.openInMyTeamLink","myTeamButton","ui","Open in My Team","Apri in La mia squadra","","20","medium","","",""
"myTeamButton.addButton","myTeamButton","ui","Add to My Team","Aggiungi a La mia squadra","","19","medium","","",""
"myTeamButton.unavailableNote","myTeamButton","ui","This browser cannot save","Questo browser non può salvare","","32","medium","","",""
"favoritesView.pageTitle","favoritesView","metadata","Favorites","Preferiti","","12","medium","","",""
"favoritesView.pageDescription","favoritesView","metadata","Save cards you're interested in, and check their progression and compare them later. Cards you don't own can be registered too.","Salva le carte che ti interessano e controllane progressione e confronto in seguito. Puoi registrare anche carte che non possiedi.","","","medium","","",""
"favoritesView.emptyTitle","favoritesView","ui","You have no favorites yet","Non hai ancora preferiti","","33","medium","","",""
"favoritesView.emptyDescription","favoritesView","ui","Add cards using the star icon in the players list or on a player's detail page. Cards you don't own can be favorited too.","Aggiungi carte con l’icona a stella nell’elenco dei giocatori o nella pagina di dettaglio di un giocatore. Puoi aggiungere ai preferiti anche carte che non possiedi.","","","medium","","",""
"favoritesView.noResultsTitle","favoritesView","ui","No favorites match your criteria","Nessun preferito corrisponde ai criteri","","42","medium","","",""
"favoritesView.removeLabel","favoritesView","ui","Remove from favorites","Rimuovi dai preferiti","","28","medium","","",""
"favoritesView.scopeLoadingMessage","favoritesView","ui","Checking your account…","Verifica dell’account in corso…","","29","medium","","",""
"favoriteButton.saveFailedFallback","favoriteButton","ui","Could not save","Impossibile salvare","","19","high","","",""
"favoriteButton.removeLabel","favoriteButton","ui","Remove from favorites","Rimuovi dai preferiti","","28","medium","","",""
"favoriteButton.addLabel","favoriteButton","ui","Add to favorites","Aggiungi ai preferiti","","21","medium","","",""
"favoriteButton.favoritedCompactLabel","favoriteButton","ui","Favorited","Nei preferiti","","12","medium","","",""
"favoriteButton.notFavoritedCompactLabel","favoriteButton","ui","Favorite","Preferito","","12","medium","","",""
"favoriteButton.favoritedLabel","favoriteButton","ui","Favorited","Nei preferiti","","12","medium","","",""
"favoriteButton.addFavoriteLabel","favoriteButton","ui","Add to favorites","Aggiungi ai preferiti","","21","medium","","",""
"favoriteButton.unavailableNote","favoriteButton","ui","This browser cannot save (lost when closed)","Questo browser non può salvare (si perde alla chiusura)","","","medium","","",""
"userCardFilters.sortAddedDesc","userCardFilters","ui","Recently added","Aggiunte di recente","","19","medium","","",""
"userCardFilters.sortAddedAsc","userCardFilters","ui","Oldest added","Aggiunte meno di recente","","16","medium","","",""
"userCardFilters.sortOvrDesc","userCardFilters","ui","OVR (high to low)","OVR (dal più alto)","","23","medium","","",""
"userCardFilters.sortOvrAsc","userCardFilters","ui","OVR (low to high)","OVR (dal più basso)","","23","medium","","",""
"userCardFilters.sortName","userCardFilters","ui","By name","Per nome","","12","medium","","",""
"userCardFilters.sortPosition","userCardFilters","ui","By position","Per ruolo","","15","medium","","",""
"userCardFilters.searchSrLabel","userCardFilters","ui","Search","Cerca","","12","medium","","",""
"userCardFilters.searchPlaceholder","userCardFilters","ui","Player name / team / nationality / card ID","Nome giocatore / squadra / nazionalità / ID carta","","55","medium","","",""
"userCardFilters.sortAriaLabel","userCardFilters","accessibility","Sort","Ordina","","12","high","","",""
"userCardFilters.positionFilterAriaLabel","userCardFilters","accessibility","Filter by position","Filtra per ruolo","","24","high","","",""
"userCardFilters.positionFilterAll","userCardFilters","ui","Position: All","Ruolo: tutti","","17","medium","","",""
"userCardFilters.cardTypeFilterAriaLabel","userCardFilters","accessibility","Filter by card type","Filtra per tipo di carta","","25","high","","",""
"userCardFilters.cardTypeFilterAll","userCardFilters","ui","Card type: All","Tipo di carta: tutti","","19","medium","","",""
"userCardFilters.ownershipFilterAriaLabel","userCardFilters","accessibility","Filter by ownership status","Filtra per stato di possesso","","34","high","","",""
"userCardFilters.ownershipFilterAll","userCardFilters","ui","Ownership: All","Possesso: tutti","","19","medium","","",""
"userCardFilters.ownershipOwned","userCardFilters","ui","Owned","Posseduta","","12","medium","","",""
"userCardFilters.ownershipWanted","userCardFilters","ui","Wanted","Desiderata","","12","medium","","",""
"userCardFilters.ownershipReleased","userCardFilters","ui","Released","Svincolata","","12","medium","","",""
"userCardFilters.ownershipUnknown","userCardFilters","ui","Not set","Non impostato","","12","medium","","",""
"userCardFilters.inTeamFilterAriaLabel","userCardFilters","accessibility","Filter by ownership","Filtra per presenza in La mia squadra","","25","high","","",""
"userCardFilters.inTeamFilterAll","userCardFilters","ui","Ownership: All","Possesso: tutti","","19","medium","","",""
"userCardFilters.inTeamFilterYes","userCardFilters","ui","In My Team","In La mia squadra","","13","medium","","",""
"userCardFilters.inTeamFilterNo","userCardFilters","ui","Not in My Team","Non in La mia squadra","","19","medium","","",""
"userCardFilters.boosterFilterAriaLabel","userCardFilters","accessibility","Filter by booster","Filtra per booster","","23","high","","",""
"userCardFilters.boosterFilterAll","userCardFilters","ui","Booster: All","Booster: tutti","","16","medium","","",""
"userCardFilters.boosterFilterHas","userCardFilters","ui","Has booster","Con booster","","15","medium","","",""
"userCardFilters.boosterFilterPom","userCardFilters","ui","Has Power of Many","Con Power of Many","","23","medium","","",""
"userCardFilters.clearFiltersButton","userCardFilters","ui","Clear filters","Azzera filtri","","17","medium","","",""
"userCardFilters.countTemplate","userCardFilters","ui","{shown} / {total}","{shown} / {total}","","23","medium","","",""
"userCardTile.compareAddedMsg","userCardTile","ui","Added to compare.","Aggiunto al confronto.","","23","medium","","",""
"userCardTile.compareAlreadyMsg","userCardTile","ui","Already in compare.","Già nel confronto.","","25","medium","","",""
"userCardTile.compareFullMsg","userCardTile","ui","Compare is at the maximum number of players.","Il confronto ha raggiunto il numero massimo di giocatori.","","","medium","","",""
"userCardTile.compareFailedMsg","userCardTile","ui","Could not add.","Impossibile aggiungere.","","19","high","","",""
"userCardTile.resolvingCardInfo","userCardTile","ui","Resolving card information…","Recupero delle informazioni della carta…","","","medium","","",""
"userCardTile.boosterGold","userCardTile","ui","Gold","Oro","","12","medium","","",""
"userCardTile.boosterBlue","userCardTile","ui","Blue","Blu","","12","medium","","",""
"userCardTile.noBuildsSaved","userCardTile","ui","No builds in TeamAIXI","Nessuna build in TeamAIXI","","28","medium","","",""
"userCardTile.selectedBuildTemplate","userCardTile","ui","Selected build: {name} ({count} saved)","Build selezionata: {name} (salvate: {count})","","","medium","","",""
"userCardTile.buildsSavedTemplate","userCardTile","ui","Builds saved in TeamAIXI ({count})","Build salvate in TeamAIXI ({count})","","","medium","","",""
"userCardTile.usedInSquadsCountTemplate","userCardTile","ui","In use in {count} squad(s): ","In uso in rose ({count}): ","","","medium","","",""
"userCardTile.detailLink","userCardTile","ui","Details","Dettagli","","12","medium","","",""
"userCardTile.progressionLink","userCardTile","ui","Progression","Progressione","","15","medium","","",""
"userCardTile.addToCompareButton","userCardTile","ui","Add to compare","Aggiungi al confronto","","19","medium","","",""
"userCardTile.defaultRemoveLabel","userCardTile","ui","Remove","Rimuovi","","12","medium","","",""
"userCardTile.ownershipOwned","userCardTile","ui","Owned","Posseduta","","12","medium","","",""
"userCardTile.ownershipWanted","userCardTile","ui","Wanted","Desiderata","","12","medium","","",""
"userCardTile.ownershipReleased","userCardTile","ui","Released","Svincolata","","12","medium","","",""
"userCardTile.ownershipUnknown","userCardTile","ui","Not set","Non impostato","","12","medium","","",""
"userCardTile.usageMain","userCardTile","ui","Main","Principale","","12","medium","","",""
"userCardTile.usageRotation","userCardTile","ui","Rotation","Rotazione","","12","medium","","",""
"userCardTile.usageReserve","userCardTile","ui","Reserve","Riserva","","12","medium","","",""
"userCardTile.usageUnused","userCardTile","ui","Unused","Non usata","","12","medium","","",""
"userCardTile.usageUnknown","userCardTile","ui","Not set","Non impostato","","12","medium","","",""
"localStorageNotice.whatFavorites","localStorageNotice","ui","Favorites","Preferiti","","12","medium","","",""
"localStorageNotice.whatMyTeam","localStorageNotice","ui","My Team","La mia squadra","","12","medium","","",""
"localStorageNotice.whatBuilds","localStorageNotice","ui","Saved progression builds","Build di progressione salvate","","32","medium","","",""
"localStorageNotice.whatFavoritesAndMyTeam","localStorageNotice","ui","Favorites and My Team","Preferiti e La mia squadra","","28","medium","","",""
"localStorageNotice.bodyPrefixTemplate","localStorageNotice","ui","{what} is currently saved ","{what}: i dati sono attualmente salvati ","","","medium","","",""
"localStorageNotice.bodyBold","localStorageNotice","ui","only in this browser","solo in questo browser","","26","medium","","",""
"localStorageNotice.bodySuffix","localStorageNotice","ui",". Syncing or backing up to another device, or saving to a server, is not yet supported. Login and account sync are planned for a future version.",". La sincronizzazione o il backup su un altro dispositivo e il salvataggio su un server non sono ancora supportati. Accesso e sincronizzazione dell’account sono previsti in una versione futura.","","","medium","","",""
"localStorageNotice.bodySuffixMyTeam","localStorageNotice","ui",". After logging in, you can use an alpha trial feature on the account screen to explicitly save and retrieve My Team from the cloud. This is not automatic sync across devices.",". Dopo l’accesso, puoi usare una funzione di prova alpha nella schermata dell’account per salvare e recuperare esplicitamente La mia squadra dal cloud. Non è una sincronizzazione automatica tra dispositivi.","","","medium","","",""
"myTeam.pageTitle","myTeam","metadata","My Team","La mia squadra","","12","medium","","",""
"myTeam.pageDescription","myTeam","metadata","Manage cards you actually own and connect them to progression builds, compare, and squads. Managed independently from Favorites.","Gestisci le carte che possiedi davvero e collegale a build di progressione, confronto e rose. Gestita separatamente dai Preferiti.","","","medium","","",""
"myTeam.emptyTitle","myTeam","ui","My Team has no cards yet","La mia squadra non ha ancora carte","","32","medium","","",""
"myTeam.emptyDescription","myTeam","ui","Add cards you own to connect them to progression builds and squads.","Aggiungi le carte che possiedi per collegarle a build di progressione e rose.","","","medium","","",""
"myTeam.findPlayersLink","myTeam","ui","Find players","Trova giocatori","","16","medium","","",""
"myTeam.viewFavoritesLink","myTeam","ui","View favorites","Vedi i preferiti","","19","medium","","",""
"myTeam.notAvailableNotice","myTeam","ui","Cannot save in this browser. Additions and changes may be lost when you close the page.","Impossibile salvare in questo browser. Aggiunte e modifiche potrebbero andare perse alla chiusura della pagina.","","","medium","","",""
"myTeam.ownedCardCountLabel","myTeam","ui","Owned cards","Carte possedute","","15","medium","","",""
"myTeam.totalFavoriteCountLabel","myTeam","ui","Favorites (overall)","Preferiti (totale)","","25","medium","","",""
"myTeam.mainCardCountLabel","myTeam","ui","Main cards","Carte principali","","13","medium","","",""
"myTeam.buildsSavedCountLabel","myTeam","ui","Builds saved in TeamAIXI","Build salvate in TeamAIXI","","32","medium","","",""
"myTeam.buildsSavedNote","myTeam","ui","""Builds saved"" reflects storage state within TeamAIXI — it is separate from actual in-game progression.","""Build salvate"" indica lo stato di salvataggio in TeamAIXI ed è distinto dalla progressione effettiva nel gioco.","","","medium","","",""
"myTeam.noResultsTitle","myTeam","ui","No cards match your criteria","Nessuna carta corrisponde ai criteri","","37","medium","","",""
"myTeam.noResultsDescription","myTeam","ui","Try changing your search term or filters.","Prova a cambiare il termine di ricerca o i filtri.","","","medium","","",""
"myTeam.clearFiltersButton","myTeam","ui","Clear filters","Azzera filtri","","17","medium","","",""
"myTeam.resolvingCards","myTeam","ui","Resolving card information…","Recupero delle informazioni sulle carte…","","","medium","","",""
"myTeam.editButton","myTeam","ui","Edit","Modifica","","12","medium","","",""
"myTeam.useInSquadLink","myTeam","ui","Use in squad","Usa nella rosa","","16","medium","","",""
"myTeam.removeFromMyTeamLabel","myTeam","ui","Remove from My Team","Rimuovi da La mia squadra","","25","medium","","",""
"myTeam.savedBuildHeading","myTeam","ui","Saved Build","Build salvata","","15","medium","","",""
"myTeam.selectedPrefix","myTeam","ui","Selected: ","Selezionata: ","","13","medium","","",""
"myTeam.favoritePrefix","myTeam","ui","Favorite: ","Preferita: ","","13","medium","","",""
"myTeam.noneLabel","myTeam","ui","None","Nessuna","","12","medium","","",""
"myTeam.buildMissingLabel","myTeam","ui","Not found (deleted)","Non trovata (eliminata)","","25","medium","","",""
"myTeam.savedCountSuffix","myTeam","ui","{count} saved","Salvate: {count}","","17","medium","","",""
"myTeam.quickSelectLabel","myTeam","ui","Quick select:","Selezione rapida:","","17","medium","","",""
"myTeam.quickSelectNone","myTeam","ui","None","Nessuna","","12","medium","","",""
"myTeam.legacyRulesSuffix","myTeam","ui"," (outdated rules)"," (regole obsolete)","","23","medium","","",""
"myTeam.chooseBuildButton","myTeam","ui","Choose saved build","Scegli build salvata","","24","medium","","",""
"myTeam.openInProgressionLink","myTeam","ui","Open in Progression","Apri in Progressione","","25","medium","","",""
"myTeam.removeConfirmTitle","myTeam","ui","Remove from My Team?","Rimuovere da La mia squadra?","","26","high","","",""
"myTeam.removeConfirmButton","myTeam","ui","Remove from My Team","Rimuovi da La mia squadra","","25","high","","",""
"myTeam.removeConfirmBodyTemplate","myTeam","ui","This removes {name} from My Team.","{name} verrà rimosso da La mia squadra.","","","high","","",""
"myTeam.removeConfirmNote","myTeam","ui","Favorites, saved progression builds, saved squads, and compare state are not deleted (only the association is removed).","Preferiti, build di progressione salvate, rose salvate e stato del confronto non vengono eliminati (viene rimosso solo il collegamento).","","","high","","",""
"myTeam.customUsageSuffix","myTeam","ui"," · Custom"," · Personalizzato","","12","medium","","",""
"myTeam.starterUsageTemplate","myTeam","ui","Starter {role}","Titolare {role}","","19","medium","","",""
"myTeam.captainUsageSuffix","myTeam","ui"," · C"," · C","","12","medium","","",""
"myTeam.benchUsageLabel","myTeam","ui","Bench","Panchina","","12","medium","","",""
"myTeam.selectedBuildAriaTemplate","myTeam","accessibility","Selected build for {name}","Build selezionata per {name}","","","high","","",""
"myTeam.scopeLoadingMessage","myTeam","ui","Checking your account…","Verifica dell’account…","","29","medium","","",""
"myTeam.legacyNoticeTemplate","myTeam","ui","There are {count} My Team item(s) saved to this browser from before account separation. This data has not been deleted. To use it under your current account, open the local data migration screen.","Elementi de La mia squadra salvati in questo browser prima della separazione degli account: {count}. Questi dati non sono stati eliminati. Per usarli con l’account attuale, apri la schermata di migrazione dei dati locali.","","","medium","","",""
"myTeam.migrationLinkLabel","myTeam","ui","Open local data migration screen","Apri la schermata di migrazione dei dati locali","","42","medium","","",""
"bench.modeNone","bench","ui","No progression","Nessuna progressione","","19","medium","","",""
"bench.modeAttack","bench","ui","Attack","Attacco","","12","medium","","",""
"bench.modeDefense","bench","ui","Defense","Difesa","","12","medium","","",""
"bench.modeBalance","bench","ui","Balance","Equilibrio","","12","medium","","",""
"bench.modeGk","bench","ui","GK","GK","","12","medium","","",""
"bench.heading","bench","ui","Bench","Panchina","","12","medium","","",""
"bench.addButton","bench","ui","+ Add bench player","+ Aggiungi riserva","","24","medium","","",""
"bench.empty","bench","ui","No bench players registered.","Nessuna riserva registrata.","","","medium","","",""
"bench.moveCandidatePrefix","bench","ui","Move target — ","Destinazione — ","","19","medium","","",""
"bench.movingPrefix","bench","ui","Moving — ","Spostamento — ","","12","medium","","",""
"bench.benchSlotLabel","bench","ui","Bench","Panchina","","12","medium","","",""
"bench.moveSwapSuffix","bench","ui"," · Select to swap"," · Seleziona per scambiare","","23","medium","","",""
"bench.moveStartSuffix","bench","ui"," · Select to start move/substitution"," · Seleziona per spostare/sostituire","","","medium","","",""
"bench.positionUnknown","bench","ui","?","?","","12","medium","","",""
"bench.displayedOvrPrefix","bench","ui","Displayed OVR ","OVR mostrato ","","19","medium","","",""
"bench.ovrUnknown","bench","ui","–","–","","12","medium","","",""
"bench.loadingLabel","bench","ui","Loading…","Caricamento…","","12","medium","","",""
"bench.errorLabel","bench","ui","Failed to load","Caricamento non riuscito","","19","high","","",""
"bench.moveUpAriaTemplate","bench","accessibility","Move {name} up","Sposta {name} in su","","19","high","","",""
"bench.moveDownAriaTemplate","bench","accessibility","Move {name} down","Sposta {name} in giù","","21","high","","",""
"bench.removeButton","bench","ui","Remove","Rimuovi","","12","medium","","",""
"bench.staleBuildLabel","bench","ui","Outdated-rule build","Build con regole vecchie","","25","medium","","",""
"bench.buildModeAriaTemplate","bench","accessibility","Bench progression focus for {name}","Focus della progressione in panchina per {name}","","","high","","",""
"bench.squadBuildLabelPrefix","bench","ui","Squad build: ","Build della rosa: ","","17","medium","","",""
"bench.buildNotSet","bench","ui","Not set","Non impostata","","12","medium","","",""
"bench.buildDeleted","bench","ui","Deleted","Eliminata","","12","high","","",""
"bench.chooseBuildButton","bench","ui","Choose saved build","Scegli una build salvata","","24","medium","","",""
"bench.moveToBenchAria","bench","accessibility","Move target — move to bench","Destinazione — sposta in panchina","","36","high","","",""
"bench.moveToBenchButton","bench","ui","Move here (to bench)","Sposta qui (in panchina)","","26","medium","","",""
"bestXi.pageTitle","bestXi","metadata","AI Best XI | TeamAIXI","AI Best XI | TeamAIXI","","28","medium","","",""
"bestXi.heading","bestXi","ui","AI Best XI","AI Best XI","","13","medium","","",""
"bestXi.description","bestXi","ui","Selects a starting XI from your saved players and builds using deterministic rules.","Seleziona un undici titolare tra i giocatori e le build che hai salvato, usando regole deterministiche.","","","medium","","",""
"bestXi.disclaimerNotAi","bestXi","ui","AI Best XI uses your saved data and deterministic selection rules. It does not use generative AI and never sends data to an external AI service.","AI Best XI usa i tuoi dati salvati e regole di selezione deterministiche. Non usa l’IA generativa e non invia mai dati a un servizio di IA esterno.","","","medium","","",""
"bestXi.modeLabel","bestXi","ui","Overall / whole-team optimization","Ottimizzazione complessiva / di tutta la squadra","","43","medium","","",""
"bestXi.modeDescription","bestXi","ui","Overall / whole-team optimization compares all 11 slots together, so no single extremely high rating can hide other weak slots, and selects a 4-3-3 starting XI from your saved candidates (no weighted-sum ""AI score"" is used).","L’ottimizzazione complessiva / di tutta la squadra confronta insieme tutti gli 11 posti, così che una singola valutazione altissima non nasconda altri posti deboli, e seleziona un undici titolare in 4-3-3 tra i candidati salvati (non viene usato alcun ""punteggio IA"" a somma ponderata).","","","medium","","",""
"bestXi.formationNotice","bestXi","ui","This initial version always selects using a 4-3-3 formation.","Questa versione iniziale seleziona sempre con il modulo 4-3-3.","","","medium","","",""
"bestXi.criteriaHeading","bestXi","ui","Selection criteria (in priority order)","Criteri di selezione (in ordine di priorità)","","50","medium","","",""
"bestXi.criteriaFilledSlots","bestXi","ui","1. Maximize the number of required slots that can be filled","1. Massimizzare il numero di posti richiesti che si possono coprire","","","medium","","",""
"bestXi.criteriaExactPosition","bestXi","ui","2. Maximize the number of players placed in their exact registered position","2. Massimizzare il numero di giocatori schierati esattamente nel loro ruolo registrato","","","medium","","",""
"bestXi.criteriaRelatedMinimized","bestXi","ui","3. Keep placements in a related (non-exact) position to the necessary minimum","3. Limitare al minimo indispensabile gli schieramenti in un ruolo affine (non esatto)","","","medium","","",""
"bestXi.criteriaPositionRatingBalance","bestXi","ui","4. Compare each position's estimated rating by raising the weakest slot first, so one standout player never hides the rest","4. Confrontare la valutazione stimata di ogni ruolo alzando prima il posto più debole, così che un singolo giocatore eccezionale non nasconda gli altri","","","medium","","",""
"bestXi.criteriaAbilityDataConfidence","bestXi","ui","5. Prefer candidates whose ability data could be confirmed","5. Preferire i candidati i cui dati delle statistiche sono stati confermati","","","medium","","",""
"bestXi.criteriaIntentSupplementary","bestXi","ui","6. Use any saved development intent (intended position) only as a supplementary factor that never overrides actual suitability or rating","6. Usare l’eventuale obiettivo di sviluppo salvato (ruolo previsto) solo come fattore aggiuntivo, che non prevale mai sull’idoneità o sulla valutazione effettive","","","medium","","",""
"bestXi.resultStatsTemplate","bestXi","ui","{filled} / 11 slots filled (exact position: {exact}, related position: {related})","{filled} / 11 posti coperti (ruolo esatto: {exact}, ruolo affine: {related})","","","medium","","",""
"bestXi.candidatePoolTemplate","bestXi","ui","Candidates: {playerCount} saved players, {buildCount} available builds","Candidati: giocatori salvati {playerCount}, build disponibili {buildCount}","","","medium","","",""
"bestXi.generateButton","bestXi","ui","Build Best XI","Crea Best XI","","17","medium","","",""
"bestXi.regenerateButton","bestXi","ui","Re-select","Riseleziona","","12","medium","","",""
"bestXi.generatingText","bestXi","ui","Selecting…","Selezione in corso…","","13","medium","","",""
"bestXi.staleNoticeText","bestXi","ui","Your candidate data may have changed. Re-select to use the latest data.","I dati dei candidati potrebbero essere cambiati. Riseleziona per usare i dati più recenti.","","","medium","","",""
"bestXi.emptyMyTeamHeading","bestXi","ui","No players registered in My Team","Nessun giocatore registrato in La mia squadra","","42","medium","","",""
"bestXi.emptyMyTeamBody","bestXi","ui","AI Best XI selects from the player cards and saved builds registered in My Team. Add players to My Team first.","AI Best XI seleziona tra le carte giocatore e le build salvate registrate in La mia squadra. Aggiungi prima dei giocatori a La mia squadra.","","","medium","","",""
"bestXi.goToMyTeamLink","bestXi","ui","Go to My Team","Vai a La mia squadra","","17","medium","","",""
"bestXi.goToBuildInventoryLink","bestXi","ui","View saved builds","Vedi le build salvate","","23","medium","","",""
"bestXi.unfilledSlotsHeading","bestXi","ui","Open slots","Posti scoperti","","13","medium","","",""
"bestXi.unfilledSlotNoCandidate","bestXi","ui","No candidates found.","Nessun candidato trovato.","","26","medium","","",""
"bestXi.unfilledSlotOnlyIneligibleCandidates","bestXi","ui","No eligible candidates found.","Nessun candidato idoneo trovato.","","","medium","","",""
"bestXi.needMorePlayersTemplate","bestXi","ui","{count} more candidates are needed to complete the starting XI.","Servono altri {count} candidati per completare l’undici titolare.","","","medium","","",""
"bestXi.needOnePlayerText","bestXi","ui","1 more candidate is needed to complete the starting XI.","Serve 1 altro candidato per completare l’undici titolare.","","","medium","","",""
"bestXi.addPlayersHint","bestXi","ui","Add players to My Team, or create a saved build.","Aggiungi giocatori a La mia squadra o crea una build salvata.","","","medium","","",""
"bestXi.selectedBuildLabel","bestXi","ui","Build used","Build usata","","13","medium","","",""
"bestXi.noSavedBuildLabel","bestXi","ui","No saved build (currently confirmable ability values)","Nessuna build salvata (statistiche attualmente confermabili)","","69","medium","","",""
"bestXi.suitabilityLabel","bestXi","ui","Position suitability","Idoneità al ruolo","","26","medium","","",""
"bestXi.suitabilityExact","bestXi","ui","Natural position","Ruolo naturale","","21","medium","","",""
"bestXi.suitabilityRelated","bestXi","ui","Unconfirmed (nearby position)","Non confermata (ruolo vicino)","","","medium","","",""
"bestXi.suitabilityUnresolved","bestXi","ui","Unconfirmed","Non confermata","","15","medium","","",""
"bestXi.positionRatingLabel","bestXi","ui","Estimated rating for this position","Valutazione stimata per questo ruolo","","45","medium","","",""
"bestXi.positionRatingUnavailable","bestXi","ui","Unavailable","Non disponibile","","15","medium","","",""
"bestXi.reasonsHeading","bestXi","ui","Selection reasons","Motivi della selezione","","23","medium","","",""
"bestXi.reasonExactPosition","bestXi","ui","Matches the registered position.","Corrisponde al ruolo registrato.","","","medium","","",""
"bestXi.reasonTopPositionRating","bestXi","ui","The highest-rated candidate for this position among the pool.","Il candidato con la valutazione più alta per questo ruolo tra quelli disponibili.","","","medium","","",""
"bestXi.reasonOnlyEligibleCandidate","bestXi","ui","The only eligible candidate for this slot.","L’unico candidato idoneo per questo posto.","","","medium","","",""
"bestXi.reasonBestBuildAmongOwnBuilds","bestXi","ui","The best-fitting build among this player's multiple saved builds.","La build più adatta tra le diverse build salvate di questo giocatore.","","","medium","","",""
"bestXi.reasonFullAbilityDataConfirmed","bestXi","ui","The saved build's ability data could be confirmed.","I dati delle statistiche della build salvata sono stati confermati.","","","high","","",""
"bestXi.reasonNoSavedBuildUsesBaseStats","bestXi","ui","No saved build exists, so the currently confirmable ability values are used.","Non esiste una build salvata, quindi vengono usate le statistiche attualmente confermabili.","","","medium","","",""
"bestXi.reasonIntentPositionMatch","bestXi","ui","Matches the intended position declared in the saved development intent (a supplementary reason).","Corrisponde al ruolo previsto indicato nell’obiettivo di sviluppo salvato (motivo aggiuntivo).","","","medium","","",""
"bestXi.reasonOptimalOverallPlacement","bestXi","ui","Not this player's individually best position, but this slot was chosen to optimize the team as a whole.","Non è il ruolo migliore di questo giocatore preso singolarmente, ma questo posto è stato scelto per ottimizzare la squadra nel suo insieme.","","","medium","","",""
"bestXi.alternativesHeading","bestXi","ui","Notable alternatives","Alternative degne di nota","","26","medium","","",""
"bestXi.alternativesEmptyText","bestXi","ui","There are no notable alternative candidates.","Non ci sono candidati alternativi degni di nota.","","","medium","","",""
"bestXi.alternativesSlotPrefixTemplate","bestXi","ui","{position}:","{position}:","","15","medium","","",""
"bestXi.exclusionSameCardBuildUsedElsewhere","bestXi","ui","Another saved build of the same player is already used elsewhere in this team.","Un’altra build salvata dello stesso giocatore è già usata altrove in questa squadra.","","","medium","","",""
"bestXi.exclusionLowerPositionRating","bestXi","ui","The selected player rated higher for this position.","Il giocatore selezionato ha una valutazione più alta per questo ruolo.","","","medium","","",""
"bestXi.exclusionLowerSuitability","bestXi","ui","The selected player had better position suitability.","Il giocatore selezionato ha un’idoneità al ruolo migliore.","","","medium","","",""
"bestXi.exclusionAbilityDataUnavailable","bestXi","ui","Ability data could not be confirmed.","Non è stato possibile confermare i dati delle statistiche.","","","medium","","",""
"bestXi.exclusionUsedInOtherRequiredSlot","bestXi","ui","The same player is already used in another required slot.","Lo stesso giocatore è già usato in un altro posto richiesto.","","","medium","","",""
"bestXi.exclusionNoAppropriateSlotInFormation","bestXi","ui","There is no appropriate slot for this candidate in this formation.","In questo modulo non c’è un posto adatto a questo candidato.","","","medium","","",""
"bestXi.exclusionLegacyRulesLimitedComparison","bestXi","ui","This build was saved under outdated rules, so comparison is limited.","Questa build è stata salvata con regole obsolete, quindi il confronto è limitato.","","","medium","","",""
"bestXi.exclusionPositionSuitabilityUnresolved","bestXi","ui","The player's suitability for this position could not be confirmed, so the candidate was excluded from automatic selection.","Non è stato possibile confermare l’idoneità del giocatore a questo ruolo, quindi il candidato è stato escluso dalla selezione automatica.","","","medium","","",""
"bestXi.exclusionGkFieldMismatch","bestXi","ui","The goalkeeper and outfield positions do not match, so the candidate was excluded from automatic selection.","Il ruolo di portiere e quello di giocatore di movimento non corrispondono, quindi il candidato è stato escluso dalla selezione automatica.","","","medium","","",""
"bestXi.limitationsHeading","bestXi","ui","Limitations","Limitazioni","","15","medium","","",""
"bestXi.limitationSingleFormationOnly","bestXi","ui","This initial version only supports the 4-3-3 formation.","Questa versione iniziale supporta solo il modulo 4-3-3.","","","medium","","",""
"bestXi.limitationNoBenchSelection","bestXi","ui","Bench members are not selected.","I giocatori in panchina non vengono selezionati.","","","medium","","",""
"bestXi.limitationNoManagerSelection","bestXi","ui","Manager bonuses are not applied in this version.","In questa versione i bonus dell’allenatore non vengono applicati.","","","medium","","",""
"bestXi.limitationPersonIdentityUnavailable","bestXi","ui","This version does not detect duplicates across different cards of the same real player, because no reliable identity data exists for that. Duplicate use of the same card or the same saved build is still prevented.","Questa versione non rileva i doppioni tra carte diverse dello stesso giocatore reale, perché non esistono dati di identità affidabili per farlo. L’uso doppio della stessa carta o della stessa build salvata viene comunque impedito.","","","medium","","",""
"bestXi.limitationAdditionalPositionAptitudeLimited","bestXi","ui","Additional-position aptitude data is only available for a small subset of cards, so most candidates are judged using only their registered position.","I dati sull’attitudine ai ruoli aggiuntivi sono disponibili solo per una piccola parte delle carte, quindi la maggior parte dei candidati viene valutata solo in base al ruolo registrato.","","","medium","","",""
"bestXi.limitationLargeCandidatePoolBounded","bestXi","ui","When the candidate pool is extremely large, selection uses each position's top candidates to remain deterministic.","Quando i candidati sono moltissimi, la selezione usa i migliori candidati di ogni ruolo per restare deterministica.","","","medium","","",""
"bestXi.notAWinPredictionText","bestXi","ui","This is not a win-rate or match-result prediction feature.","Questa non è una funzione di previsione della percentuale di vittorie o dei risultati delle partite.","","","medium","","",""
"bestXi.resultsNotSavedText","bestXi","ui","This selection result is not saved. It disappears when you leave the page.","Questo risultato della selezione non viene salvato. Scompare quando lasci la pagina.","","","medium","","",""
"bestXi.withinYourCandidatesText","bestXi","ui","This is the best XI within your own saved candidates.","Questo è il miglior undici tra i candidati che hai salvato.","","","medium","","",""
"bestXi.unavailableCardNoWorldCardData","bestXi","ui","Player data could not be retrieved.","Impossibile recuperare i dati del giocatore.","","","medium","","",""
"bestXi.unavailableCardNoAbilityData","bestXi","ui","Ability data could not be confirmed.","Non è stato possibile confermare i dati delle statistiche.","","","medium","","",""
"bestXi.unavailableCardsHeading","bestXi","ui","My Team players that could not be used as candidates","Giocatori de La mia squadra non utilizzabili come candidati","","68","medium","","",""
"bestXi.pitchViewHeading","bestXi","ui","Formation view","Vista del modulo","","19","medium","","",""
"bestXi.listViewHeading","bestXi","ui","Selected players","Giocatori selezionati","","21","medium","","",""
"bestXi.slotEmptyLabel","bestXi","ui","Not selected","Non selezionato","","16","medium","","",""
"bestXi.legacyRuleBadge","bestXi","ui","Outdated rules","Regole obsolete","","19","medium","","",""
"bestXi.alternativeCandidateCountTemplate","bestXi","ui","{count} more candidates available","Altri candidati disponibili: {count}","","","medium","","",""
"bestXi.playerDetailToggleAriaTemplate","bestXi","accessibility","Show or hide selection reasons for {name}","Mostra o nascondi i motivi della selezione di {name}","","","high","","",""
"bestXi.closePanelAriaTemplate","bestXi","accessibility","Close details for {name}","Chiudi i dettagli di {name}","","32","high","","",""
"footer.ariaLandmark","footer","core","Site footer","Piè di pagina del sito","","15","high","","",""
"footer.aboutLink","footer","core","About","Informazioni","","12","high","","",""
"footer.termsLink","footer","core","Terms of use","Termini di utilizzo","","16","high","","",""
"footer.privacyLink","footer","core","Privacy","Privacy","","12","high","","",""
"footer.disclaimerLink","footer","core","Disclaimer","Esclusione di responsabilità","","13","high","","",""
"footer.dataManagementLink","footer","core","Data management","Gestione dei dati","","20","high","","",""
"footer.supportLink","footer","core","Support","Assistenza","","12","high","","",""
"footer.releaseReadinessLink","footer","core","Release readiness","Preparazione al rilascio","","23","high","","",""
"footer.unofficialNotice","footer","core","TeamAIXI is an unofficial squad analysis tool for eFootball™. It is not an official KONAMI or eFootball™ service and is not endorsed by, affiliated with or operated by KONAMI. Trademarks and product names belong to their respective owners. Data, analysis and diagnoses may contain errors or delays and do not guarantee in-game decisions.","TeamAIXI è uno strumento non ufficiale di analisi della rosa per eFootball™. Non è un servizio ufficiale di KONAMI o di eFootball™ e non è approvato, affiliato o gestito da KONAMI. Marchi e nomi dei prodotti appartengono ai rispettivi proprietari. Dati, analisi e diagnosi possono contenere errori o ritardi e non garantiscono le decisioni nel gioco.","","","high","","",""
"footer.draftBadge","footer","core","v1.0 · Free · No sign-in","v1.0 · Gratis · Senza registrazione","","32","high","","",""
"about.pageTitle","about","metadata","About | TeamAIXI","Informazioni | TeamAIXI","","21","medium","","",""
"about.pageDescriptionMeta","about","metadata","What you can do with TeamAIXI v1.0 and what v1.0 does not offer.","Cosa puoi fare con TeamAIXI v1.0 e cosa la v1.0 non offre.","","","medium","","",""
"about.heading","about","ui","About this service","Informazioni sul servizio","","24","medium","","",""
"about.intro","about","ui","TeamAIXI is an unofficial squad analysis tool for eFootball™ for browsing player data, progression planning, comparing players, diagnosing squads and sharing results. TeamAIXI v1.0 is free and can be used without signing in. Account features are planned for a future update.","TeamAIXI è uno strumento non ufficiale di analisi della rosa per eFootball™ che permette di consultare i dati dei giocatori, pianificare la progressione, confrontare giocatori, diagnosticare rose e condividere i risultati. TeamAIXI v1.0 è gratuito e si può usare senza accedere. Le funzioni dell’account sono previste in un aggiornamento futuro.","","","medium","","",""
"about.ruleBasedNotice","about","ui","Features whose name includes ""AI"" (such as AI Best XI) are not generative AI. They are rule-based analysis built on confirmable ability values and deterministic rules.","Le funzioni con ""AI"" nel nome (come AI Best XI) non sono IA generativa. Sono analisi basate su regole, costruite su statistiche confermabili e regole deterministiche.","","","medium","","",""
"about.externalAiNotice","about","ui","Analysis content is never sent to an external AI service.","I contenuti delle analisi non vengono mai inviati a un servizio di IA esterno.","","","medium","","",""
"about.scopeNotice","about","ui","Analysis only considers the candidates you have saved (My Team and saved builds).","L’analisi considera solo i candidati che hai salvato (La mia squadra e build salvate).","","","medium","","",""
"about.availableHeading","about","ui","Available now","Disponibile ora","","17","medium","","",""
"about.availablePlayerBrowsing","about","ui","Browsing player and card data","Consultazione dei dati di giocatori e carte","","","medium","","",""
"about.availableProgressionCalc","about","ui","Progression calculation (26 abilities, standard OVR, position-specific rating)","Calcolo della progressione (26 statistiche, OVR standard, valutazione per ruolo)","","","medium","","",""
"about.availableMyTeam","about","ui","My Team (managing owned players)","La mia squadra (gestione dei giocatori posseduti)","","","medium","","",""
"about.availableSavedBuilds","about","ui","Saved builds (saved progression allocations)","Build salvate (distribuzioni della progressione salvate)","","","medium","","",""
"about.availableBuildAnalysis","about","ui","Build Analysis (progression-goal analysis)","Analisi delle build (analisi degli obiettivi di progressione)","","","medium","","",""
"about.availablePresets","about","ui","Training-goal presets (45 presets across 9 categories)","Preset degli obiettivi di allenamento (45 preset in 9 categorie)","","","medium","","",""
"about.availableNormalHarshMode","about","ui","Standard and harsh evaluation modes (a difference in presentation only; calculations are identical)","Modalità di valutazione standard e schietta (cambia solo la presentazione; i calcoli sono identici)","","","medium","","",""
"about.availableCardCompare","about","ui","Comparing multiple builds of the same card","Confronto di più build della stessa carta","","","medium","","",""
"about.availableDiagnosisCard","about","ui","Diagnosis result card","Scheda del risultato della diagnosi","","28","medium","","",""
"about.availablePngExport","about","ui","Saving as a PNG image","Salvataggio come immagine PNG","","28","medium","","",""
"about.availableSavedSquads","about","ui","Saved squads","Rose salvate","","16","medium","","",""
"about.availableSquadDiagnosis","about","ui","Squad diagnosis","Diagnosi della rosa","","20","medium","","",""
"about.availableBestXi","about","ui","AI Best XI (rule-based selection from your saved candidates)","AI Best XI (selezione basata su regole tra i candidati salvati)","","","medium","","",""
"about.availableJsonBackup","about","ui","JSON backup of saved builds (export and import)","Backup JSON delle build salvate (esportazione e importazione)","","","medium","","",""
"about.availableAccountAuth","about","ui","Every feature works without signing in (account features are planned for a future update)","Tutte le funzioni sono utilizzabili senza accedere (le funzioni dell’account sono previste in un aggiornamento futuro)","","","medium","","",""
"about.availableReferenceDataSupabase","about","ui","Player and manager data is updated automatically on a schedule (only updates that pass the safety checks are applied automatically; anything else is reviewed by the operator)","I dati di giocatori e allenatori vengono aggiornati automaticamente a intervalli regolari (vengono applicati automaticamente solo gli aggiornamenti che superano i controlli di sicurezza; tutti gli altri vengono verificati dal gestore)","","","medium","","",""
"about.betaHeading","about","ui","Known limitations","Limitazioni note","","23","medium","","",""
"about.betaBestXiIntro","about","ui","AI Best XI works, but has the following known limitations.","AI Best XI funziona, ma ha le seguenti limitazioni note.","","","medium","","",""
"about.betaBestXiDedupLimit","about","ui","It does not detect when the same real player appears on multiple different cards.","Non rileva quando lo stesso giocatore reale compare su più carte diverse.","","","medium","","",""
"about.betaBestXiSubPositionLimit","about","ui","Additional-position aptitude data is only available for a small subset of cards.","I dati sull’attitudine ai ruoli aggiuntivi sono disponibili solo per una piccola parte delle carte.","","","medium","","",""
"about.betaBestXiPoolScopeLimit","about","ui","Selection only considers the candidates you have saved (it does not search every card automatically).","La selezione considera solo i candidati che hai salvato (non cerca automaticamente tra tutte le carte).","","","medium","","",""
"about.betaMyTeamCloudSave","about","ui","Your data is stored in this browser. Move it to another device with export and import on the Data management page","I tuoi dati sono salvati in questo browser. Per spostarli su un altro dispositivo usa l’esportazione e l’importazione nella pagina Gestione dei dati","","","medium","","",""
"about.betaReferenceDataAutoUpdateDryRun","about","ui","Reference data is refreshed from an hourly automatic check, so it may lag behind the game","I dati di riferimento vengono aggiornati tramite un controllo automatico ogni ora, quindi potrebbero essere in ritardo rispetto al gioco","","","medium","","",""
"about.notProvidedHeading","about","ui","Not provided","Non disponibile","","16","medium","","",""
"about.notProvidedSync","about","ui","Automatic sync across devices","Sincronizzazione automatica tra dispositivi","","","medium","","",""
"about.notProvidedCloudBackup","about","ui","Automatic cloud backup of all data (automatic saving of data other than My Team)","Backup automatico nel cloud di tutti i dati (salvataggio automatico dei dati diversi da La mia squadra)","","","medium","","",""
"about.notProvidedFriends","about","ui","Friends, rivals and public profiles","Amici, rivali e profili pubblici","","","medium","","",""
"about.notProvidedRanking","about","ui","Rankings and usage statistics","Classifiche e statistiche di utilizzo","","","medium","","",""
"about.notProvidedBilling","about","ui","Payments and billing","Pagamenti e fatturazione","","26","medium","","",""
"about.notProvidedPro","about","ui","A paid Pro plan","Un piano Pro a pagamento","","20","medium","","",""
"about.notProvidedNativeApp","about","ui","A native app","Un’app nativa","","16","medium","","",""
"about.notProvidedVoiceChat","about","ui","Posts, comments, photo posts and community","Post, commenti, post con foto e community","","","medium","","",""
"about.notProvidedGenerativeAi","about","ui","Any generative AI or external AI API integration","Qualsiasi IA generativa o integrazione con API di IA esterne","","","medium","","",""
"about.notOfficialNotice","about","ui","The Service is not an official KONAMI or eFootball™ service and is not endorsed by, affiliated with or operated by KONAMI.","Il Servizio non è un servizio ufficiale di KONAMI o di eFootball™ e non è approvato, affiliato o gestito da KONAMI.","","","medium","","",""
"about.winRateNotice","about","ui","Analysis results do not guarantee win rates or match outcomes.","I risultati delle analisi non garantiscono percentuali di vittoria né risultati delle partite.","","","medium","","",""
"about.draftNotice","about","ui","This page describes TeamAIXI v1.0 (October 4, 2026). Features may change in future updates.","Questa pagina descrive TeamAIXI v1.0 (4 ottobre 2026). Le funzioni potrebbero cambiare nei prossimi aggiornamenti.","","","medium","","",""
"dataManagement.pageTitle","dataManagement","metadata","Data Management | TeamAIXI","Gestione dei dati | TeamAIXI","","34","medium","","",""
"dataManagement.pageDescriptionMeta","dataManagement","metadata","Where your saved data lives, how to back it up, and how to delete it.","Dove si trovano i tuoi dati salvati, come farne il backup e come eliminarli.","","","medium","","",""
"dataManagement.heading","dataManagement","ui","Data management","Gestione dei dati","","20","medium","","",""
"dataManagement.intro","dataManagement","ui","This page explains what data is stored where, what happens if you delete it, and how to back it up.","Questa pagina spiega quali dati sono salvati e dove, cosa succede se li elimini e come farne il backup.","","","medium","","",""
"dataManagement.draftNotice","dataManagement","ui","This description is a beta-preparation draft based on the current implementation.","Questa descrizione è una bozza di preparazione alla beta basata sull’implementazione attuale.","","","medium","","",""
"dataManagement.storedDataHeading","dataManagement","ui","Data that is stored","Dati salvati","","25","medium","","",""
"dataManagement.storedDataBody","dataManagement","ui","Favorites, My Team, saved builds (including allocations and saved training intent), saved squads, squad templates, and display settings are currently stored in your browser's localStorage.","Preferiti, La mia squadra, build salvate (incluse distribuzioni e intenzioni di allenamento salvate), rose salvate, modelli di rosa e impostazioni di visualizzazione sono attualmente salvati nel localStorage del tuo browser.","","","medium","","",""
"dataManagement.browserRiskHeading","dataManagement","ui","Effects of clearing browser data","Effetti della cancellazione dei dati del browser","","42","medium","","",""
"dataManagement.browserRiskBody","dataManagement","ui","If you clear data (browsing history, site data, etc.) from your browser settings, saved content may not be recoverable.","Se cancelli i dati (cronologia, dati dei siti, ecc.) dalle impostazioni del browser, i contenuti salvati potrebbero non essere recuperabili.","","","medium","","",""
"dataManagement.browserRiskSameDeviceDifferentBrowser","dataManagement","ui","Even on the same computer, a different browser is treated as having entirely separate data.","Anche sullo stesso computer, un browser diverso ha dati completamente separati.","","","medium","","",""
"dataManagement.browserRiskPrivateMode","dataManagement","ui","In private/incognito mode, saved content may not persist once the window is closed.","In modalità privata/in incognito, i contenuti salvati potrebbero non restare dopo la chiusura della finestra.","","","medium","","",""
"dataManagement.browserRiskBrowserSettings","dataManagement","ui","Depending on your browser settings, site data may be deleted automatically after a period of time.","A seconda delle impostazioni del browser, i dati dei siti potrebbero essere eliminati automaticamente dopo un certo periodo.","","","medium","","",""
"dataManagement.noSyncNoCloudBody","dataManagement","ui","There is currently no automatic sync across devices and no cloud backup. Data does not automatically carry over to another device or browser.","Al momento non esistono sincronizzazione automatica tra dispositivi né backup nel cloud. I dati non vengono trasferiti automaticamente su un altro dispositivo o browser.","","","medium","","",""
"dataManagement.jsonBackupHeading","dataManagement","ui","JSON backup","Backup JSON","","15","medium","","",""
"dataManagement.jsonBackupBody","dataManagement","ui","Saved builds can be exported to and imported from a JSON file.","Le build salvate possono essere esportate in un file JSON e importate da esso.","","","medium","","",""
"dataManagement.jsonBackupWhereBody","dataManagement","ui","Export and import are available from the ""My Builds"" or saved-builds list screen.","Esportazione e importazione sono disponibili nella schermata ""Le mie build"" o nell’elenco delle build salvate.","","","medium","","",""
"dataManagement.jsonBackupTimingRecommendation","dataManagement","ui","We recommend taking a JSON backup regularly whenever you create or update an important saved build.","Ti consigliamo di fare regolarmente un backup JSON ogni volta che crei o aggiorni una build salvata importante.","","","medium","","",""
"dataManagement.jsonBackupContentWarning","dataManagement","ui","A JSON file may contain the content of your saved builds (allocations, saved training intent, etc.).","Un file JSON può contenere il contenuto delle tue build salvate (distribuzioni, intenzioni di allenamento salvate, ecc.).","","","high","","",""
"dataManagement.jsonBackupSharingWarning","dataManagement","ui","Keep backup JSON files somewhere safe, and avoid publishing them publicly.","Conserva i file JSON di backup in un luogo sicuro ed evita di pubblicarli.","","","high","","",""
"dataManagement.jsonBackupImportWarning","dataManagement","ui","Do not casually import a JSON file from an unknown source.","Non importare con leggerezza un file JSON di provenienza sconosciuta.","","","high","","",""
"dataManagement.howToDeleteHeading","dataManagement","ui","How to delete individual data","Come eliminare singoli dati","","38","high","","",""
"dataManagement.howToDeleteBuild","dataManagement","ui","Deleting a saved build: delete it from ""My Builds"" or the saved-builds list.","Eliminare una build salvata: eliminala da ""Le mie build"" o dall’elenco delle build salvate.","","","high","","",""
"dataManagement.howToDeleteMyTeam","dataManagement","ui","Removing from My Team: use the menu on each player in ""My Team"" to delete or change ownership status.","Rimuovere da La mia squadra: usa il menu di ogni giocatore in ""La mia squadra"" per eliminarlo o cambiarne lo stato di possesso.","","","high","","",""
"dataManagement.howToDeleteSquad","dataManagement","ui","Deleting a saved squad: delete it from the squad list.","Eliminare una rosa salvata: eliminala dall’elenco delle rose.","","","high","","",""
"dataManagement.howToDeleteIntentOnly","dataManagement","ui","Deleting only the saved training intent: from a saved build's edit screen, you can discard the training-intent settings (the build itself remains).","Eliminare solo l’intenzione di allenamento salvata: dalla schermata di modifica di una build salvata puoi scartare le impostazioni dell’intenzione di allenamento (la build resta).","","","high","","",""
"dataManagement.deleteAllHeading","dataManagement","ui","Delete all local data","Elimina tutti i dati locali","","28","high","","",""
"dataManagement.deleteAllIntro","dataManagement","ui","This deletes all of the Service's data stored in this browser at once. It does not affect SQLite (player/manager data) or the data of any other site.","Elimina in una sola volta tutti i dati del Servizio salvati in questo browser. Non riguarda SQLite (dati di giocatori/allenatori) né i dati di altri siti.","","","high","","",""
"dataManagement.deleteAllTargetHeading","dataManagement","ui","What will be deleted","Cosa verrà eliminato","","26","high","","",""
"dataManagement.deleteAllTargetFavorites","dataManagement","ui","Favorites","Preferiti","","12","high","","",""
"dataManagement.deleteAllTargetMyTeam","dataManagement","ui","My Team","La mia squadra","","12","high","","",""
"dataManagement.deleteAllTargetBuilds","dataManagement","ui","Saved builds (including saved training intent)","Build salvate (incluse le intenzioni di allenamento salvate)","","","high","","",""
"dataManagement.deleteAllTargetSquads","dataManagement","ui","Saved squads","Rose salvate","","16","high","","",""
"dataManagement.deleteAllTargetTemplates","dataManagement","ui","Squad templates","Modelli di rosa","","20","high","","",""
"dataManagement.deleteAllTargetEditorPrefs","dataManagement","ui","Squad editor display settings","Impostazioni di visualizzazione dell’editor della rosa","","","high","","",""
"dataManagement.deleteAllTargetComparisonState","dataManagement","ui","Temporary squad comparison state","Stato temporaneo del confronto tra rose","","","high","","",""
"dataManagement.deleteAllExcludedNote","dataManagement","ui","Your language setting and sidebar collapsed state are not deleted.","L’impostazione della lingua e lo stato compresso della barra laterale non vengono eliminati.","","","high","","",""
"dataManagement.deleteAllScopeNote","dataManagement","ui","This bulk deletion only targets the shared (legacy) data saved to this browser before account separation. Your current guest (signed-out) area, and your signed-in account's own My Team, My Builds, Favorites, Saved Squads, and Squad Templates areas, along with your cloud My Team, are not deleted by this action.","Questa eliminazione in blocco riguarda solo i dati condivisi (legacy) salvati in questo browser prima della separazione per account. L’area ospite attuale (senza accesso) e le aree proprie del tuo account connesso per La mia squadra, Le mie build, Preferiti, Rose salvate e Modelli di rosa, così come La mia squadra nel cloud, non vengono eliminate da questa azione.","","","high","","",""
"dataManagement.deleteAllNothingToDelete","dataManagement","ui","There is currently no data to delete.","Al momento non ci sono dati da eliminare.","","","high","","",""
"dataManagement.deleteAllStartButton","dataManagement","ui","Delete all local data","Elimina tutti i dati locali","","28","high","","",""
"dataManagement.deleteAllConfirmTitle","dataManagement","ui","Are you sure you want to delete everything?","Vuoi davvero eliminare tutto?","","56","high","","",""
"dataManagement.deleteAllConfirmBody","dataManagement","ui","This action cannot be undone. All of the data listed above will be deleted.","Questa azione non può essere annullata. Tutti i dati elencati sopra verranno eliminati.","","","high","","",""
"dataManagement.deleteAllConfirmButton","dataManagement","ui","Delete","Elimina","","12","high","","",""
"dataManagement.deleteAllCancelButton","dataManagement","ui","Cancel","Annulla","","12","high","","",""
"dataManagement.deleteAllBackupReminder","dataManagement","ui","We recommend backing up any important saved builds to JSON before deleting.","Ti consigliamo di fare il backup JSON delle build salvate importanti prima di eliminare.","","","high","","",""
"dataManagement.deleteAllInProgress","dataManagement","ui","Deleting…","Eliminazione…","","12","high","","",""
"dataManagement.deleteAllSuccessMessage","dataManagement","ui","Local data has been deleted.","I dati locali sono stati eliminati.","","","high","","",""
"dataManagement.deleteAllFailureMessage","dataManagement","ui","Deletion failed. Please check your browser settings and try again.","Eliminazione non riuscita. Controlla le impostazioni del browser e riprova.","","","high","","",""
"dataManagement.deleteAllPartialFailureMessage","dataManagement","ui","Some data could not be deleted. Please reload the page and try again.","Alcuni dati non sono stati eliminati. Ricarica la pagina e riprova.","","","high","","",""
"dataManagement.deleteAllStorageUnavailable","dataManagement","ui","Browser storage is not available in this environment, so there is no data to delete.","Lo spazio di archiviazione del browser non è disponibile in questo ambiente, quindi non ci sono dati da eliminare.","","","high","","",""
"support.pageTitle","support","metadata","Support | TeamAIXI","Assistenza | TeamAIXI","","24","high","","",""
"support.pageDescriptionMeta","support","metadata","How to contact us, report a bug, or reach us as a rights holder.","Come contattarci, segnalare un bug o raggiungerci come titolare di diritti.","","","high","","",""
"support.heading","support","ui","Support","Assistenza","","12","high","","",""
"support.intro","support","ui","This page explains how to contact us about the Service or report a bug.","Questa pagina spiega come contattarci riguardo al Servizio o segnalare un bug.","","","high","","",""
"support.draftNotice","support","ui","Support for TeamAIXI v1.0. A single operator handles messages in order; reply times cannot be promised.","Assistenza per TeamAIXI v1.0. Un unico gestore risponde ai messaggi in ordine di arrivo; non è possibile garantire i tempi di risposta.","","","high","","",""
"support.notConfiguredNotice","support","ui","The support contact channel is being prepared before release.","Il canale di contatto per l'assistenza è in preparazione prima del rilascio.","","","high","","",""
"support.sharedChannelIntro","support","ui","General inquiries, bug reports, contact from rights holders, and privacy inquiries are currently all handled through a shared contact channel.","Richieste generali, segnalazioni di bug, contatti dei titolari di diritti e richieste sulla privacy sono attualmente gestiti tramite un unico canale di contatto condiviso.","","","high","","",""
"support.sharedChannelEmailLabel","support","ui","Contact email address","Indirizzo email di contatto","","28","high","","",""
"support.dedicatedChannelLabel","support","ui","TeamAIXI Support","Assistenza TeamAIXI","","21","high","","",""
"support.contactSafetyNotice","support","ui","Do not send passwords, verification codes, API keys, secrets, addresses, phone numbers, or other personal information. Bug reports should include only the screen, steps, time of occurrence, device, operating system, and browser.","Non inviare password, codici di verifica, chiavi API, segreti, indirizzi, numeri di telefono o altri dati personali. Le segnalazioni di bug devono contenere solo schermata, passaggi, momento in cui si è verificato il problema, dispositivo, sistema operativo e browser.","","","high","","",""
"support.sendMailButtonLabel","support","ui","Send an email","Invia un'email","","17","high","","",""
"support.betaLimitsHeading","support","ui","Known limitations in v1.0","Limitazioni note della v1.0","","33","high","","",""
"support.betaLimitsIntro","support","ui","Please note the following.","Tieni presente quanto segue.","","","high","","",""
"support.betaLimitData","support","ui","Player and manager data is updated from an hourly automatic check (GitHub's scheduler can occasionally leave gaps of a few hours) and may differ from the latest in-game content; see ""Imported"" on each page for the update date.","I dati di giocatori e allenatori vengono aggiornati da un controllo automatico orario (lo scheduler di GitHub può occasionalmente lasciare intervalli di qualche ora) e possono differire dai contenuti più recenti del gioco; vedi ""Importato"" in ogni pagina per la data di aggiornamento.","","","high","","",""
"support.betaLimitStorage","support","ui","My Team, saved builds, saved squads and similar data are stored in your current browser. Full automatic sync across devices is not available (My Team cloud save is an alpha feature).","La mia squadra, build salvate, rose salvate e dati simili sono memorizzati nel browser che stai usando. Non è disponibile una sincronizzazione automatica completa tra dispositivi (il salvataggio nel cloud di La mia squadra è una funzione alpha).","","","high","","",""
"support.betaLimitRecommendation","support","ui","Suggestions such as the Best XI are reference information based on this Service's own rules, not official ratings.","I suggerimenti come la Best XI sono informazioni di riferimento basate sulle regole proprie di questo Servizio, non valutazioni ufficiali.","","","high","","",""
"support.betaLimitChanges","support","ui","Features, screens and data formats may change in future updates.","Funzioni, schermate e formati dei dati possono cambiare in aggiornamenti futuri.","","","high","","",""
"support.betaLimitWorldLag","support","ui","Player card (World) data only reflects updates that pass the safety checks after each automatic check, so it may lag behind the game and the data source. The counts and import date on the home page are the current values.","I dati delle carte giocatore (World) riflettono solo gli aggiornamenti che superano i controlli di sicurezza dopo ogni controllo automatico, quindi possono essere in ritardo rispetto al gioco e alla fonte dei dati. I conteggi e la data di importazione nella home sono i valori attuali.","","","high","","",""
"support.betaLimitNoPayment","support","ui","TeamAIXI is free. Continued availability is not guaranteed. TeamAIXI is an unofficial squad analysis tool for eFootball™. It is not an official KONAMI or eFootball™ service.","TeamAIXI è gratuito. La disponibilità continua non è garantita. TeamAIXI è uno strumento non ufficiale di analisi delle rose per eFootball™. Non è un servizio ufficiale di KONAMI o di eFootball™.","","","high","","",""
"support.betaLimitDataDeletion","support","ui","Data saved in this browser can be deleted on the ""Data management"" page. To request account deletion, please contact us using the channels below.","I dati salvati in questo browser possono essere eliminati nella pagina ""Gestione dei dati"". Per richiedere l'eliminazione dell'account, contattaci tramite i canali qui sotto.","","","high","","",""
"support.betaLimitsFeedback","support","ui","Please tell us about anything you notice or any bugs via ""Bug reports"" below.","Segnalaci qualsiasi cosa noti o eventuali bug tramite ""Segnalazioni di bug"" qui sotto.","","","high","","",""
"support.mailtoAriaGeneral","support","accessibility","Send an email for a general inquiry","Invia un'email per una richiesta generale","","","high","","",""
"support.mailtoAriaBugReport","support","accessibility","Send an email to report a bug","Invia un'email per segnalare un bug","","","high","","",""
"support.mailtoAriaRights","support","accessibility","Send an email as a rights holder","Invia un'email come titolare di diritti","","","high","","",""
"support.mailtoAriaPrivacy","support","accessibility","Send an email for a privacy inquiry","Invia un'email per una richiesta sulla privacy","","","high","","",""
"support.mailtoSubjectGeneral","support","ui","TeamAIXI General Inquiry","TeamAIXI - Richiesta generale","","32","high","","",""
"support.mailtoSubjectBugReport","support","ui","TeamAIXI Bug Report","TeamAIXI - Segnalazione bug","","25","high","","",""
"support.mailtoSubjectRights","support","ui","TeamAIXI Rights-Related Contact","TeamAIXI - Contatto relativo ai diritti","","","high","","",""
"support.mailtoSubjectPrivacy","support","ui","TeamAIXI Privacy Inquiry","TeamAIXI - Richiesta sulla privacy","","32","high","","",""
"support.safetyNoticeHeading","support","ui","Before you contact us","Prima di contattarci","","28","high","","",""
"support.safetyNoPassword","support","ui","Please do not send a password.","Non inviare password.","","","high","","",""
"support.safetyNoAuthCode","support","ui","Please do not send an authentication code.","Non inviare codici di autenticazione.","","","high","","",""
"support.safetyNoRecoveryCode","support","ui","Please do not send a recovery code.","Non inviare codici di recupero.","","","high","","",""
"support.safetyNoPaymentInfo","support","ui","Please do not send payment information.","Non inviare dati di pagamento.","","","high","","",""
"support.safetyNoUnnecessaryPersonalInfo","support","ui","Please do not include unnecessary personal information.","Non includere dati personali non necessari.","","","high","","",""
"support.generalContactHeading","support","ui","General inquiries","Richieste generali","","23","high","","",""
"support.generalContactIntro","support","ui","Please send general inquiries and bug reports here.","Invia qui richieste generali e segnalazioni di bug.","","","high","","",""
"support.generalContactUnset","support","ui","A general inquiry channel is currently being prepared.","Un canale per le richieste generali è attualmente in preparazione.","","","high","","",""
"support.generalContactEmailLabel","support","ui","Contact email","Email di contatto","","17","high","","",""
"support.bugReportHeading","support","ui","Bug reports","Segnalazioni di bug","","15","high","","",""
"support.bugReportIntro","support","ui","When reporting a bug, please include the following information where possible.","Quando segnali un bug, includi se possibile le seguenti informazioni.","","","high","","",""
"support.bugReportAlphaParticipantNotice","support","ui","If you notice a bug or odd behavior, contact us here. Please do not send your real name, contact details other than your email address, passwords or game account details.","Se noti un bug o un comportamento strano, contattaci qui. Non inviare il tuo nome reale, recapiti diversi dal tuo indirizzo email, password o dati dell'account di gioco.","","","high","","",""
"support.bugReportFieldPage","support","ui","The page where it occurred","La pagina in cui si è verificato","","","high","","",""
"support.bugReportFieldSteps","support","ui","Steps to reproduce","Passaggi per riprodurlo","","24","high","","",""
"support.bugReportFieldExpected","support","ui","Expected result","Risultato atteso","","20","high","","",""
"support.bugReportFieldActual","support","ui","Actual result","Risultato effettivo","","17","high","","",""
"support.bugReportFieldBrowser","support","ui","Your browser","Il tuo browser","","16","high","","",""
"support.bugReportFieldWidth","support","ui","Screen width (PC, phone, etc.)","Larghezza dello schermo (PC, telefono, ecc.)","","","high","","",""
"support.bugReportFieldErrorMessage","support","ui","Any error message shown","Eventuali messaggi di errore mostrati","","30","high","","",""
"support.bugReportNoPersonalData","support","ui","Please do not include personal information or internal data.","Non includere dati personali o dati interni.","","","high","","",""
"support.bugReportNoUnsolicitedJsonAttachment","support","ui","Please do not attach a JSON backup file unless asked to.","Non allegare un file di backup JSON se non ti viene richiesto.","","","high","","",""
"support.bugReportCheckScreenshot","support","ui","If you send a screenshot, please check it for personal information first.","Se invii uno screenshot, controlla prima che non contenga dati personali.","","","high","","",""
"support.issueTrackerLabel","support","ui","Issue tracker","Issue tracker","","17","high","","",""
"support.rightsHolderHeading","support","ui","Contact for rights holders","Contatto per i titolari di diritti","","34","high","","",""
"support.rightsHolderIntro","support","ui","If you hold rights related to player names, cards, data, or images used here, please contact us with the following information.","Se detieni diritti relativi a nomi di giocatori, carte, dati o immagini usati qui, contattaci con le seguenti informazioni.","","","high","","",""
"support.rightsHolderContactIntro","support","ui","Please send any contact regarding content, data, images, or rights here.","Invia qui qualsiasi comunicazione relativa a contenuti, dati, immagini o diritti.","","","high","","",""
"support.rightsHolderFieldContent","support","ui","The content in question","Il contenuto in questione","","30","high","","",""
"support.rightsHolderFieldUrl","support","ui","The relevant URL","L'URL interessato","","21","high","","",""
"support.rightsHolderFieldRightType","support","ui","Type of right","Tipo di diritto","","17","high","","",""
"support.rightsHolderFieldContactInfo","support","ui","Your contact information","I tuoi recapiti","","32","high","","",""
"support.rightsHolderFieldRequestedAction","support","ui","Requested removal or correction","Rimozione o correzione richiesta","","","high","","",""
"support.rightsHolderFieldEvidence","support","ui","Supporting evidence, if any","Eventuali prove a supporto","","","high","","",""
"support.rightsHolderFieldReplyTo","support","ui","Reply-to address","Indirizzo per la risposta","","21","high","","",""
"support.rightsHolderUnsetNotice","support","ui","A dedicated rights-holder contact channel is currently being prepared. Once the general contact address above is set up, please use it in the meantime.","Un canale di contatto dedicato ai titolari di diritti è attualmente in preparazione. Quando l'indirizzo di contatto generale qui sopra sarà configurato, usalo nel frattempo.","","","high","","",""
"support.rightsHolderEmailLabel","support","ui","Rights-holder contact","Contatto per titolari di diritti","","28","high","","",""
"support.privacyContactHeading","support","ui","Privacy-related inquiries","Richieste relative alla privacy","","33","high","","",""
"support.privacyContactIntro","support","ui","Please send any contact regarding privacy or how your local data is handled here.","Invia qui qualsiasi comunicazione relativa alla privacy o al trattamento dei tuoi dati locali.","","","high","","",""
"support.privacyContactUnsetNotice","support","ui","A dedicated privacy contact channel is currently being prepared.","Un canale di contatto dedicato alla privacy è attualmente in preparazione.","","","high","","",""
"support.privacyContactEmailLabel","support","ui","Privacy contact","Contatto privacy","","20","high","","",""
"support.noSubmissionFormNotice","support","ui","This page is informational only and is not a submission form. If a contact address above is set, please contact it directly.","Questa pagina è solo informativa e non è un modulo di invio. Se un indirizzo di contatto qui sopra è configurato, contattalo direttamente.","","","high","","",""
"support.safetyNoApiKey","support","ui","Do not send API keys or secrets.","Non inviare chiavi API o segreti.","","","high","","",""
"support.bugReportOnlyFacts","support","ui","In a bug report, include only the screen, the steps, the date and time, and your device and browser.","In una segnalazione di bug includi solo la schermata, i passaggi, data e ora, il tuo dispositivo e il browser.","","","high","","",""
"auth.authErrorLinkExpired","auth","ui","This link has expired or has already been used. Please request a new confirmation email or password reset.","Questo link è scaduto o è già stato usato. Richiedi una nuova email di conferma o un nuovo reset della password.","","","high","","",""
"auth.authErrorLinkInvalid","auth","ui","We couldn't verify this link. Open the link in the email again, or request a new confirmation email or password reset.","Non è stato possibile verificare questo link. Riapri il link nell’email oppure richiedi una nuova email di conferma o un nuovo reset della password.","","","high","","",""
"auth.authErrorRateLimited","auth","ui","Too many attempts in a short time. Please wait a while and try again.","Troppi tentativi in poco tempo. Attendi un po’ e riprova.","","","high","","",""
"auth.authErrorNotConfigured","auth","ui","Account features are unavailable right now. Features that don't need sign-in still work.","Le funzioni dell’account non sono disponibili al momento. Le funzioni che non richiedono l’accesso continuano a funzionare.","","","high","","",""
"auth.authErrorServiceUnavailable","auth","ui","We couldn't reach the authentication service. Please wait a moment and try again. Your link may still work.","Impossibile raggiungere il servizio di autenticazione. Attendi un momento e riprova. Il tuo link potrebbe essere ancora valido.","","","high","","",""
"auth.confirmRetryButton","auth","ui","Try again","Riprova","","12","high","","",""
"auth.confirmPageTitle","auth","ui","Confirm your email link","Conferma il link dell’email","","30","high","","",""
"auth.confirmPageBody","auth","ui","Press the button below to verify this link and finish.","Premi il pulsante qui sotto per verificare questo link e completare l’operazione.","","","high","","",""
"auth.confirmButton","auth","ui","Confirm","Conferma","","12","high","","",""
"auth.confirmProcessing","auth","ui","Verifying…","Verifica in corso…","","13","high","","",""
"auth.confirmSuccess","auth","ui","Confirmed. Redirecting…","Confermato. Reindirizzamento in corso…","","30","high","","",""
"auth.confirmWhyButton","auth","ui","We ask you to press a button so that automatic link checks by email services don't use up the link first.","Ti chiediamo di premere un pulsante perché i controlli automatici dei link dei servizi email non consumino il link prima di te.","","137","high","","",""
"auth.emailChangeHeading","auth","ui","Change email address","Cambia indirizzo email","","26","high","","",""
"auth.emailChangeLabel","auth","ui","New email address","Nuovo indirizzo email","","23","high","","",""
"auth.emailChangeSubmit","auth","ui","Send confirmation email","Invia email di conferma","","30","high","","",""
"auth.emailChangeSent","auth","ui","Request received. Open the link in the confirmation email sent to the new address (and, depending on settings, the current one) to finish.","Richiesta ricevuta. Per completare, apri il link nell’email di conferma inviata al nuovo indirizzo (e, a seconda delle impostazioni, a quello attuale).","","","high","","",""
"auth.emailChangeLimitedNotice","auth","ui","Changing your email address needs a confirmation email. Email sending is in limited testing, so this is not available yet.","Per cambiare l’indirizzo email serve un’email di conferma. L’invio delle email è in fase di test limitato, quindi questa funzione non è ancora disponibile.","","","high","","",""
"auth.reauthenticationNeededMessage","auth","ui","For your security, this action requires verification. While email sending is in limited testing, please sign out and use password reset instead.","Per la tua sicurezza, questa azione richiede una verifica. Finché l’invio delle email è in fase di test limitato, esci dall’account e usa invece il reset della password.","","","high","","",""
"auth.supportPrivacyNotice","auth","ui","Never send your password, verification codes, email links or personal information to support.","Non inviare mai al supporto la password, codici di verifica, link ricevuti via email o informazioni personali.","","","high","","",""
"auth.sessionExpiredMessage","auth","ui","Your session has expired. Please sign in again. Features that don't need sign-in still work.","La sessione è scaduta. Accedi di nuovo. Le funzioni che non richiedono l’accesso continuano a funzionare.","","","high","","",""
"auth.accountLimitedTitle","auth","ui","Account features are in limited testing","Le funzioni dell’account sono in fase di test limitato","","51","high","","",""
"auth.accountLimitedBody","auth","ui","TeamAIXI v1.0 can be used without signing in. Account features are planned for a future update (currently in limited testing). Player search, comparison, progression, and diagnosis can be used without signing in.","TeamAIXI v1.0 si può usare senza accedere. Le funzioni dell’account sono previste in un aggiornamento futuro (al momento in fase di test limitato). Ricerca giocatori, confronto, progressione e diagnosi si possono usare senza accedere.","","","high","","",""
"auth.accountLimitedExisting","auth","ui","If you already have an account, you can sign in.","Se hai già un account, puoi accedere.","","","high","","",""
"auth.accountLimitedBrowse","auth","ui","Browse players","Sfoglia i giocatori","","19","high","","",""
"auth.navSignUpLimited","auth","ui","About accounts","Info sugli account","","19","high","","",""
"auth.signInNoAccountLimitedPrompt","auth","ui","Creating new accounts is currently in limited testing.","La creazione di nuovi account è al momento in fase di test limitato.","","","high","","",""
"auth.signInLimitedLink","auth","ui","Learn more","Scopri di più","","13","high","","",""
"auth.emailSendFailedMessage","auth","ui","We couldn't send the authentication email. Please wait and try again. Avoid repeated requests, and contact support if the problem continues.","Impossibile inviare l’email di autenticazione. Attendi e riprova. Evita richieste ripetute e contatta il supporto se il problema persiste.","","","high","","",""
"auth.passwordResetLimitedNotice","auth","ui","Email sending is currently in limited testing. If the reset email does not arrive, please do not keep resending; check the support page instead.","L’invio delle email è al momento in fase di test limitato. Se l’email di reset non arriva, non continuare a reinviarla; consulta invece la pagina di supporto.","","","high","","",""
"auth.navSignIn","auth","ui","Sign in","Accedi","","12","high","","",""
"auth.navSignUp","auth","ui","Sign up","Registrati","","12","high","","",""
"auth.navAccount","auth","ui","Account","Account","","12","high","","",""
"auth.emailLabel","auth","ui","Email address","Indirizzo email","","17","high","","",""
"auth.passwordLabel","auth","ui","Password","Password","","12","high","","",""
"auth.passwordConfirmLabel","auth","ui","Confirm password","Conferma password","","21","high","","",""
"auth.passwordRequirementsHint","auth","ui","At least 12 characters, including an uppercase letter, a lowercase letter, a digit, and a symbol.","Almeno 12 caratteri, con una lettera maiuscola, una minuscola, una cifra e un simbolo.","","","high","","",""
"auth.passwordMismatchError","auth","ui","Passwords do not match.","Le password non corrispondono.","","30","high","","",""
"auth.invalidEmailError","auth","ui","Please enter a valid email address.","Inserisci un indirizzo email valido.","","","high","","",""
"auth.genericErrorMessage","auth","ui","Something went wrong. Please try again later.","Si è verificato un errore. Riprova più tardi.","","","high","","",""
"auth.tryAgainMessage","auth","ui","Please try again.","Riprova.","","23","high","","",""
"auth.processingAuthMessage","auth","ui","Processing authentication…","Autenticazione in corso…","","","high","","",""
"auth.checkingSessionMessage","auth","ui","Checking your session…","Verifica della sessione…","","29","high","","",""
"auth.signUpPageTitle","auth","ui","Sign up","Registrati","","12","high","","",""
"auth.signUpSubmitButton","auth","ui","Create account","Crea account","","19","high","","",""
"auth.signUpSuccessTitle","auth","ui","Confirmation email sent","Email di conferma inviata","","30","high","","",""
"auth.signUpSuccessMessage","auth","ui","We sent a confirmation email to the address you entered. Please open the link in that email to finish signing up.","Abbiamo inviato un’email di conferma all’indirizzo inserito. Apri il link contenuto nell’email per completare la registrazione.","","","high","","",""
"auth.signUpFailedMessage","auth","ui","Sign-up failed. Please check your details and try again.","Registrazione non riuscita. Controlla i dati e riprova.","","","high","","",""
"auth.signUpHaveAccountPrompt","auth","ui","Already have an account?","Hai già un account?","","32","high","","",""
"auth.signUpSignInLink","auth","ui","Sign in","Accedi","","12","high","","",""
"auth.signInPageTitle","auth","ui","Sign in","Accedi","","12","high","","",""
"auth.signInSubmitButton","auth","ui","Sign in","Accedi","","12","high","","",""
"auth.signInFailedMessage","auth","ui","The email address or password is incorrect.","Indirizzo email o password non corretti.","","","high","","",""
"auth.signInNoAccountPrompt","auth","ui","Don't have an account?","Non hai un account?","","29","high","","",""
"auth.signInSignUpLink","auth","ui","Sign up","Registrati","","12","high","","",""
"auth.signInForgotPasswordLink","auth","ui","Forgot your password?","Password dimenticata?","","28","high","","",""
"auth.logoutButton","auth","ui","Sign out","Esci","","12","high","","",""
"auth.logoutProcessingMessage","auth","ui","Signing out…","Disconnessione in corso…","","16","high","","",""
"auth.forgotPasswordPageTitle","auth","ui","Forgot your password?","Password dimenticata?","","28","high","","",""
"auth.forgotPasswordDescription","auth","ui","Enter your email address and we'll send you a link to reset your password.","Inserisci il tuo indirizzo email e ti invieremo un link per reimpostare la password.","","","high","","",""
"auth.forgotPasswordSubmitButton","auth","ui","Send reset email","Invia email di reset","","21","high","","",""
"auth.forgotPasswordSentMessage","auth","ui","If an account exists for that email address, we sent a password reset email. Please check your inbox.","Se esiste un account con questo indirizzo email, abbiamo inviato un’email per reimpostare la password. Controlla la posta in arrivo.","","","high","","",""
"auth.updatePasswordPageTitle","auth","ui","Set a new password","Imposta una nuova password","","24","high","","",""
"auth.updatePasswordDescription","auth","ui","Enter your new password.","Inserisci la nuova password.","","32","high","","",""
"auth.updatePasswordSubmitButton","auth","ui","Update password","Aggiorna password","","20","high","","",""
"auth.updatePasswordSuccessMessage","auth","ui","Your password has been updated. Please sign in again with your new password.","La password è stata aggiornata. Accedi di nuovo con la nuova password.","","","high","","",""
"auth.callbackProcessingMessage","auth","ui","Verifying your authentication…","Verifica dell’autenticazione…","","","high","","",""
"auth.callbackFailedMessage","auth","ui","We couldn't verify your authentication. Please try signing in or signing up again.","Impossibile verificare l’autenticazione. Prova di nuovo ad accedere o a registrarti.","","","high","","",""
"auth.callbackReturnLink","auth","ui","Back to sign in","Torna all’accesso","","20","high","","",""
"auth.accountPageTitle","auth","ui","Account","Account","","12","high","","",""
"auth.accountLoginRequiredMessage","auth","ui","You need to sign in to view this page.","Devi accedere per vedere questa pagina.","","","high","","",""
"auth.accountLoggedInLabel","auth","ui","Signed in","Accesso effettuato","","12","high","","",""
"auth.accountEmailLabel","auth","ui","Confirmed email address","Indirizzo email confermato","","30","high","","",""
"auth.accountCloudSyncNoticeTitle","auth","ui","Automatic sync across devices is not yet available","La sincronizzazione automatica tra dispositivi non è ancora disponibile","","65","high","","",""
"auth.accountCloudSyncNoticeDesc","auth","ui","Automatic sync across devices is not supported. After logging in, you can use an alpha trial feature to explicitly save and retrieve My Team from the cloud. Favorites, saved builds, and saved squads are not yet cloud-saveable.","La sincronizzazione automatica tra dispositivi non è supportata. Dopo l’accesso puoi usare una funzione di prova alpha per salvare e recuperare esplicitamente La mia squadra dal cloud. Preferiti, build salvate e rose salvate non si possono ancora salvare nel cloud.","","","high","","",""
"auth.accountLocalDataNoticeDesc","auth","ui","Favorites, saved builds, saved squads, and similar data continue to be stored only in this device's browser (locally). My Team is also stored locally by default; it is only saved to or retrieved from the cloud when you explicitly do so using the alpha feature below.","Preferiti, build salvate, rose salvate e dati simili restano salvati solo nel browser di questo dispositivo (in locale). Anche La mia squadra è salvata in locale per impostazione predefinita; viene salvata nel cloud o recuperata da lì solo quando lo fai esplicitamente con la funzione alpha qui sotto.","","","high","","",""
"auth.accountNoAutoUploadNoticeDesc","auth","ui","Signing in does not automatically upload the local data already stored on this device.","L’accesso non carica automaticamente i dati locali già salvati su questo dispositivo.","","","high","","",""
"auth.accountCrossDeviceNoticeDesc","auth","ui","Syncing data across other devices or browsers is not supported yet.","La sincronizzazione dei dati con altri dispositivi o browser non è ancora supportata.","","","high","","",""
"auth.accountDeletionFutureNoticeDesc","auth","ui","Account deletion is planned for a future phase.","L’eliminazione dell’account è prevista in una fase futura.","","","high","","",""
"auth.signUpNextStepsHeading","auth","ui","What to do next","Cosa fare adesso","","20","high","","",""
"auth.signUpStep1","auth","ui","Check the inbox for the email address you registered.","Controlla la posta in arrivo dell’indirizzo email registrato.","","","high","","",""
"auth.signUpStep2","auth","ui","Open the confirmation email from TeamAIXI.","Apri l’email di conferma di TeamAIXI.","","","high","","",""
"auth.signUpStep3","auth","ui","Click the confirmation link in the email.","Fai clic sul link di conferma nell’email.","","","high","","",""
"auth.signUpStep4","auth","ui","Once confirmed, continue to the sign-in page or your account page.","Dopo la conferma, vai alla pagina di accesso o alla pagina del tuo account.","","","high","","",""
"auth.signUpGoToSignInButton","auth","ui","Go to sign in","Vai all’accesso","","17","high","","",""
"auth.signUpSpamFolderNotice","auth","ui","If you don't see the email, please also check your spam folder.","Se non trovi l’email, controlla anche la cartella spam.","","","high","","",""
"auth.signUpAlreadyConfirmedNotice","auth","ui","If your email address is already confirmed, you can just sign in.","Se il tuo indirizzo email è già confermato, puoi semplicemente accedere.","","","high","","",""
"auth.signUpEmailNotArrivingNotice","auth","ui","If the email hasn't arrived after a while, you can resend the confirmation email.","Se l’email non arriva dopo un po’, puoi reinviare l’email di conferma.","","","high","","",""
"auth.localDevConfirmationNotice","auth","ui","This is a local development environment. Open the confirmation link on the Windows PC running this site. A localhost link opened on another device cannot reach the development server.","Questo è un ambiente di sviluppo locale. Apri il link di conferma sul PC Windows che esegue questo sito. Un link localhost aperto su un altro dispositivo non può raggiungere il server di sviluppo.","","","high","","",""
"auth.resendConfirmationButton","auth","ui","Resend confirmation email","Reinvia email di conferma","","33","high","","",""
"auth.resendConfirmationSending","auth","ui","Sending…","Invio in corso…","","12","high","","",""
"auth.resendConfirmationSuccessMessage","auth","ui","The confirmation email has been resent. It may take a little time to arrive.","L’email di conferma è stata reinviata. Potrebbe volerci un po’ prima che arrivi.","","","high","","",""
"auth.resendConfirmationRateLimitedMessage","auth","ui","Too many emails were sent in a short time, so resending is unavailable right now. Please wait a while and try again.","Sono state inviate troppe email in poco tempo, quindi al momento non puoi reinviarla. Attendi un po’ e riprova.","","","high","","",""
"auth.resendConfirmationFailedMessage","auth","ui","Failed to resend the confirmation email. Please try again later.","Impossibile reinviare l’email di conferma. Riprova più tardi.","","","high","","",""
"auth.resendConfirmationWaitTemplate","auth","ui","You can resend in {seconds}s","Puoi reinviare tra {seconds} s","","","high","","",""
"searchInput.rejectedTitle","searchInput","ui","This search term cannot be used","Questo termine di ricerca non può essere usato","","41","medium","","",""
"searchInput.rejectedDescription","searchInput","ui","Please remove unusual symbols or characters and try again.","Rimuovi simboli o caratteri insoliti e riprova.","","","medium","","",""
"searchInput.clearSearch","searchInput","ui","Clear search","Cancella ricerca","","16","medium","","",""
"abilityEditor.sectionTitle","abilityEditor","ui","Train from abilities","Allena dalle statistiche","","26","medium","","",""
"abilityEditor.sectionHint","abilityEditor","ui","Tap an ability to light up every ability in the same progression category, then train it from the panel below.","Tocca una statistica per evidenziare tutte quelle della stessa categoria di progressione, poi allenala dal pannello qui sotto.","","","medium","","",""
"abilityEditor.trainThisAbility","abilityEditor","ui","Train this ability","Allena questa statistica","","24","medium","","",""
"abilityEditor.relatedAbilities","abilityEditor","ui","Related abilities","Statistiche collegate","","23","medium","","",""
"abilityEditor.selected","abilityEditor","ui","Selected","Selezionata","","12","medium","","",""
"abilityEditor.related","abilityEditor","ui","Related","Collegata","","12","medium","","",""
"abilityEditor.nextUpgrade","abilityEditor","ui","Next upgrade","Prossimo aumento","","16","medium","","",""
"abilityEditor.remainingPoints","abilityEditor","ui","Remaining progression points","Punti progressione rimanenti","","","medium","","",""
"abilityEditor.remainingShort","abilityEditor","ui","Left","Rimanenti","","12","medium","","",""
"abilityEditor.requiredPoints","abilityEditor","ui","Required points","Punti necessari","","20","medium","","",""
"abilityEditor.refundPoints","abilityEditor","ui","Points returned","Punti restituiti","","20","medium","","",""
"abilityEditor.progressionCategory","abilityEditor","ui","Progression category","Categoria di progressione","","26","medium","","",""
"abilityEditor.clearSelection","abilityEditor","ui","Clear selection","Annulla selezione","","20","medium","","",""
"abilityEditor.notEnoughPoints","abilityEditor","ui","Not enough points","Punti insufficienti","","23","medium","","",""
"abilityEditor.notEnoughToReach","abilityEditor","ui","Not enough points to reach this level","Punti insufficienti per raggiungere questo livello","","","medium","","",""
"abilityEditor.categoryAtMax","abilityEditor","ui","This category is at maximum","Questa categoria è al massimo","","","medium","","",""
"abilityEditor.atMinimum","abilityEditor","ui","Already at the minimum","Già al minimo","","29","medium","","",""
"abilityEditor.before","abilityEditor","ui","Before","Prima","","12","medium","","",""
"abilityEditor.after","abilityEditor","ui","After","Dopo","","12","medium","","",""
"abilityEditor.preview","abilityEditor","ui","Preview","Anteprima","","12","medium","","",""
"abilityEditor.maximumReachable","abilityEditor","ui","Maximum reachable","Massimo raggiungibile","","23","medium","","",""
"abilityEditor.allocationSummary","abilityEditor","ui","Allocation summary","Riepilogo distribuzione","","24","medium","","",""
"abilityEditor.editingProgression","abilityEditor","ui","Editing progression","Modifica della progressione","","25","medium","","",""
"abilityEditor.levelPrefix","abilityEditor","ui","Lv","Lv","","12","medium","","",""
"abilityEditor.pointsUnit","abilityEditor","ui","pt","pt","","12","medium","","",""
"abilityEditor.maxBadge","abilityEditor","ui","MAX","MAX","","12","medium","","",""
"abilityEditor.decreaseLabel","abilityEditor","ui","Lower {category} by one level","Abbassa {category} di un livello","","38","medium","","",""
"abilityEditor.increaseLabel","abilityEditor","ui","Raise {category} by one level","Alza {category} di un livello","","38","medium","","",""
"abilityEditor.sliderLabel","abilityEditor","ui","{category} progression level","Livello di progressione di {category}","","37","medium","","",""
"abilityEditor.sliderValueText","abilityEditor","ui","{category} level {level} (maximum reachable {reachable}, {remaining} pt left)","{category} livello {level} (massimo raggiungibile {reachable}, {remaining} pt rimanenti)","","","medium","","",""
"abilityEditor.chipLabel","abilityEditor","ui","{category} level {level}","{category} livello {level}","","32","medium","","",""
"abilityEditor.levelChange","abilityEditor","ui","{from} → {to} ({delta})","{from} → {to} ({delta})","","30","medium","","",""
"abilityEditor.resetCategory","abilityEditor","ui","Revert","Ripristina","","12","medium","","",""
"abilityEditor.resetCategoryHint","abilityEditor","ui","Returns this category to its level when you selected it","Riporta questa categoria al livello che aveva quando l’hai selezionata","","","medium","","",""
"abilityEditor.goToSave","abilityEditor","ui","Go to save","Vai al salvataggio","","13","medium","","",""
"abilityEditor.tapHint","abilityEditor","ui","Tap an ability to train it","Tocca una statistica per allenarla","","","medium","","",""
"abilityEditor.breakdownToggle","abilityEditor","ui","Breakdown","Dettaglio","","12","medium","","",""
"abilityEditor.breakdownBase","abilityEditor","ui","Base","Base","","12","medium","","",""
"abilityEditor.breakdownProgression","abilityEditor","ui","Progression","Progressione","","15","medium","","",""
"abilityEditor.breakdownBooster","abilityEditor","ui","Booster","Booster","","12","medium","","",""
"abilityEditor.breakdownManager","abilityEditor","ui","Manager","Allenatore","","12","medium","","",""
"abilityEditor.breakdownOther","abilityEditor","ui","Other","Altro","","12","medium","","",""
"abilityEditor.breakdownFinal","abilityEditor","ui","Final","Finale","","12","medium","","",""
"abilityEditor.cannotProgress","abilityEditor","ui","This card cannot be progressed","Questa carta non può progredire","","","medium","","",""
"abilityEditor.unreachable","abilityEditor","ui","Unreachable","Non raggiungibile","","15","medium","","",""
"abilityEditor.groupOffense","abilityEditor","ui","Attacking","Attacco","","12","medium","","",""
"abilityEditor.groupPhysical","abilityEditor","ui","Athleticism","Atletismo","","15","medium","","",""
"abilityEditor.groupDefense","abilityEditor","ui","Defending","Difesa","","12","medium","","",""
"abilityEditor.groupGk","abilityEditor","ui","GK","GK","","12","medium","","",""
"abilityEditor.gkCollapsed","abilityEditor","ui","GK abilities (collapsed)","Statistiche GK (compresse)","","32","medium","","",""
"abilityEditor.panelRegionLabel","abilityEditor","ui","Progression panel","Pannello di progressione","","23","medium","","",""
"abilityEditor.chipsRegionLabel","abilityEditor","ui","Allocation by category","Distribuzione per categoria","","29","medium","","",""
"abilityEditor.done","abilityEditor","ui","Done","Fatto","","12","medium","","",""
"abilityEditor.doneHint","abilityEditor","ui","Closes the panel (your changes stay)","Chiude il pannello (le modifiche restano)","","","medium","","",""
"abilityEditor.unsaved","abilityEditor","ui","Unsaved","Non salvato","","12","medium","","",""
"abilityEditor.savedState","abilityEditor","ui","Saved","Salvato","","12","medium","","",""
"abilityEditor.quickSave","abilityEditor","ui","Save","Salva","","12","medium","","",""
"abilityEditor.saveAs","abilityEditor","ui","Save as…","Salva come…","","12","medium","","",""
"abilityEditor.saveSucceeded","abilityEditor","ui","Saved: {name}","Salvata: {name}","","17","medium","","",""
"abilityEditor.saveFailed","abilityEditor","ui","Could not save: {reason}","Impossibile salvare: {reason}","","32","high","","",""
"abilityEditor.quickSaveName","abilityEditor","ui","Build {n}","Build {n}","","12","medium","","",""
"abilityEditor.skipToPanel","abilityEditor","ui","Go to the progression panel","Vai al pannello di progressione","","","medium","","",""
"abilityEditor.announceLevel","abilityEditor","ui","{category} level {level}, {remaining} pt left","{category} livello {level}, {remaining} pt rimanenti","","","medium","","",""
"abilityEditor.announceSelected","abilityEditor","ui","{ability} selected. Progression category {category}","{ability} selezionata. Categoria di progressione {category}","","","medium","","",""
"abilityEditor.resetAll","abilityEditor","ui","Reset all progression","Azzera tutta la progressione","","28","medium","","",""
"abilityEditor.undoReset","abilityEditor","ui","Undo reset","Annulla azzeramento","","13","medium","","",""
"abilityEditor.revertShort","abilityEditor","ui","↺ Revert","↺ Ripristina","","12","medium","","",""
"abilityEditor.rowAffordance","abilityEditor","ui","Tap to train","Tocca per allenare","","16","medium","","",""
"basePercentile.heading","basePercentile","share","Base ability standing (percentile)","Posizione delle statistiche base (percentile)","","","high","","",""
"basePercentile.explanation","basePercentile","share","This ranking compares the base ability value before progression with the current World card distribution","Questa classifica confronta il valore base delle statistiche prima della progressione con la distribuzione attuale delle carte World","","","high","","",""
"basePercentile.notBuildNotice","basePercentile","share","It does not reflect the current build or the progression preview.","Non riflette la build attuale né l'anteprima della progressione.","","","high","","",""
"basePercentile.fallback","basePercentile","share","Percentile data could not be matched to the current player dataset","Impossibile abbinare i dati percentili all'attuale set di dati dei giocatori","","","high","","",""
"basePercentile.loading","basePercentile","share","Loading…","Caricamento…","","12","high","","",""
"basePercentile.scopeLabel","basePercentile","share","Compare within","Confronta tra","","19","high","","",""
"basePercentile.scopeAll","basePercentile","share","All World cards","Tutte le carte World","","20","high","","",""
"basePercentile.scopePositionTemplate","basePercentile","share","Same registered position ({pos})","Stesso ruolo registrato ({pos})","","","high","","",""
"basePercentile.scopeField","basePercentile","share","Outfield players","Giocatori di movimento","","21","high","","",""
"basePercentile.scopeGk","basePercentile","share","Goalkeepers","Portieri","","15","high","","",""
"basePercentile.populationTemplate","basePercentile","share","{n} cards · distribution as of {date}","{n} carte · distribuzione al {date}","","","high","","",""
"basePercentile.scopeTooSmall","basePercentile","share","Not shown for this scope because it has too few cards.","Non mostrato per questo ambito perché contiene troppe poche carte.","","","high","","",""
"basePercentile.bucketTopLt1","basePercentile","share","Top <1%","Top <1%","","12","high","","",""
"basePercentile.bucketTop1","basePercentile","share","Top 1%","Top 1%","","12","high","","",""
"basePercentile.bucketTop5","basePercentile","share","Top 5%","Top 5%","","12","high","","",""
"basePercentile.bucketTop10","basePercentile","share","Top 10%","Top 10%","","12","high","","",""
"basePercentile.bucketTop25","basePercentile","share","Top 25%","Top 25%","","12","high","","",""
"basePercentile.bucketTop50","basePercentile","share","Top 50%","Top 50%","","12","high","","",""
"basePercentile.bucketBelowMedian","basePercentile","share","Below median","Sotto la mediana","","16","high","","",""
"basePercentile.compareToggle","basePercentile","share","Show base ability percentiles","Mostra percentili delle statistiche base","","","high","","",""
"basePercentile.compareScopeNote","basePercentile","share","All players are compared within the same scope (all World cards).","Tutti i giocatori sono confrontati nello stesso ambito (tutte le carte World).","","","high","","",""
"titles.primaryLabel","titles","share","Title","Titolo","","12","high","","",""
"titles.badgesLabel","titles","share","Badges","Badge","","12","high","","",""
"titles.none","titles","share","No title meets the conditions.","Nessun titolo soddisfa le condizioni.","","","high","","",""
"titles.whySummary","titles","share","Why this?","Perché?","","12","high","","",""
"titles.rulesVersionTemplate","titles","share","Rules {version}","Regole {version}","","20","high","","",""
"titles.playerExplanationTemplate","titles","share","Shown by fixed rules from the base ability standing (among {scope}). A title needs every ability in the rule within the top 5%; a badge within the top 10%.","Assegnato con regole fisse in base alla posizione nelle statistiche base (tra {scope}). Un titolo richiede che ogni statistica della regola sia nel top 5%; un badge, nel top 10%.","","","high","","",""
"titles.diagnosisExplanation","titles","share","Shown by fixed rules from the diagnosis category grades (A or better). The title is the highest-scoring category.","Assegnato con regole fisse in base ai gradi delle categorie della diagnosi (A o superiore). Il titolo è la categoria con il punteggio più alto.","","","high","","",""
"titles.diagnosisReasonTemplate","titles","share","{category} {score} ({tier})","{category} {score} ({tier})","","","high","","",""
"titles.rulePace","titles","share","Pace","Velocità","","12","high","","",""
"titles.ruleFinishing","titles","share","Finishing","Finalizzazione","","12","high","","",""
"titles.ruleDribbling","titles","share","Dribbling","Dribbling","","12","high","","",""
"titles.rulePassing","titles","share","Passing range","Visione di passaggio","","17","high","","",""
"titles.ruleSetPieces","titles","share","Set pieces","Calci piazzati","","13","high","","",""
"titles.ruleAerial","titles","share","Aerial","Gioco aereo","","12","high","","",""
"titles.ruleBallWinning","titles","share","Ball winning","Recupero palla","","16","high","","",""
"titles.rulePhysicality","titles","share","Physicality","Fisico","","15","high","","",""
"titles.ruleStamina","titles","share","Stamina","Resistenza","","12","high","","",""
"titles.ruleShotStopping","titles","share","Shot-stopping","Parate","","17","high","","",""
"titles.ruleHandling","titles","share","Handling & reach","Presa ed estensione","","21","high","","",""
"titles.ruleGkAwareness","titles","share","GK awareness","Attitudine portiere","","16","high","","",""
"titles.dgCounterAttack","titles","share","Counter-attacking","Contropiede","","23","high","","",""
"titles.dgPassBuildUp","titles","share","Build-up","Costruzione","","12","high","","",""
"titles.dgDribblePossession","titles","share","Possession","Possesso","","13","high","","",""
"titles.dgPressResistance","titles","share","Press-resistant","Resistente al pressing","","20","high","","",""
"titles.dgSpeed","titles","share","Pace-based","Basata sulla velocità","","13","high","","",""
"titles.dgAerial","titles","share","Aerial","Gioco aereo","","12","high","","",""
"titles.dgAttack","titles","share","Attack-minded","Offensiva","","17","high","","",""
"titles.dgDefense","titles","share","Solid defence","Difesa solida","","17","high","","",""
"yourBest.heading","yourBest","share","Your best","I tuoi migliori","","12","high","","",""
"yourBest.explanation","yourBest","share","The My Team card with the highest base ability standing for each ability group (outfield players and goalkeepers are compared separately). Opening this loads your cards' abilities.","La carta de La mia squadra con la posizione più alta nelle statistiche base per ogni gruppo di statistiche (giocatori di movimento e portieri sono confrontati separatamente). Aprendo questa sezione vengono caricate le statistiche delle tue carte.","","","high","","",""
"yourBest.none","yourBest","share","No card to show (none is at or above the median, or My Team is empty).","Nessuna carta da mostrare (nessuna è pari o sopra la mediana, oppure La mia squadra è vuota).","","","high","","",""
"growthProfile.heading","growthProfile","share","Growth profile","Profilo di crescita","","19","high","","",""
"growthProfile.explanation","growthProfile","share","Shows how each squad's overall score changed, from the diagnosis history saved on this device (only entries under the same diagnosis rules are compared; nothing is sent anywhere).","Mostra come è cambiato il punteggio complessivo di ogni rosa, in base alla cronologia delle diagnosi salvata su questo dispositivo (vengono confrontate solo voci con le stesse regole di diagnosi; nulla viene inviato).","","","high","","",""
"growthProfile.empty","growthProfile","share","Save a diagnosis of the same squad twice or more to see its trend.","Salva almeno due diagnosi della stessa rosa per vederne l’andamento.","","","high","","",""
"growthProfile.trendTemplate","growthProfile","share","{count} diagnoses: overall {first} → {latest} ({delta})","Diagnosi: {count} · complessivo {first} → {latest} ({delta})","","","high","","",""
"growthProfile.mostImprovedTemplate","growthProfile","share","Most improved: {category} {from} → {to}","Maggior miglioramento: {category} {from} → {to}","","","high","","",""
"growthProfile.overcameTemplate","growthProfile","share","Went from a weakness to A or better: {categories}","Da punto debole ad A o superiore: {categories}","","","high","","",""
"growthProfile.excludedRulesTemplate","growthProfile","share","{count} entries under different diagnosis rules are not compared.","Voci con regole di diagnosi diverse non confrontate: {count}.","","","high","","",""
"localBackup.heading","localBackup","ui","Back up, restore or delete this area's data","Backup, ripristino o eliminazione dei dati di quest'area","","","medium","","",""
"localBackup.intro","localBackup","ui","Export the data saved in this browser's {region} to one JSON file, restore it from that file, or delete it all at once.","Esporta in un unico file JSON i dati salvati nell'{region} di questo browser, ripristinali da quel file oppure eliminali tutti insieme.","","","medium","","",""
"localBackup.regionGuest","localBackup","ui","signed-out (guest) area","area senza accesso (ospite)","","30","medium","","",""
"localBackup.regionAccount","localBackup","ui","signed-in account's area","area dell'account con accesso","","32","medium","","",""
"localBackup.scopePending","localBackup","ui","Checking which data area to use…","Verifica dell'area dati da usare…","","","medium","","",""
"localBackup.storageUnavailable","localBackup","ui","This browser can't save or read data.","Questo browser non può salvare né leggere dati.","","","medium","","",""
"localBackup.currentDataHeading","localBackup","ui","Current data","Dati attuali","","16","medium","","",""
"localBackup.noData","localBackup","ui","No data is saved in this area.","Nessun dato salvato in quest'area.","","","medium","","",""
"localBackup.sectionMyTeam","localBackup","ui","My Team","La mia squadra","","12","medium","","",""
"localBackup.sectionFavorites","localBackup","ui","Favorites","Preferiti","","12","medium","","",""
"localBackup.sectionBuilds","localBackup","ui","Saved builds (cards)","Build salvate (carte)","","26","medium","","",""
"localBackup.sectionSquads","localBackup","ui","Saved squads","Rose salvate","","16","medium","","",""
"localBackup.sectionTemplates","localBackup","ui","Squad templates","Modelli di rosa","","20","medium","","",""
"localBackup.sectionHistory","localBackup","ui","Diagnosis history","Cronologia diagnosi","","23","medium","","",""
"localBackup.noteNoIdentity","localBackup","ui","The file contains no account identifiers (user ID or email address).","Il file non contiene identificativi dell'account (ID utente o indirizzo email).","","","medium","","",""
"localBackup.noteSharing","localBackup","ui","The file includes what you entered, such as notes, tags and squad names. Don't send it to other people.","Il file include ciò che hai inserito, come note, tag e nomi delle rose. Non inviarlo ad altre persone.","","","medium","","",""
"localBackup.noteExcluded","localBackup","ui","Display language, sidebar state and temporary selections are not included.","Lingua di visualizzazione, stato della barra laterale e selezioni temporanee non sono inclusi.","","","medium","","",""
"localBackup.exportButton","localBackup","ui","Export to JSON","Esporta in JSON","","19","medium","","",""
"localBackup.importButton","localBackup","ui","Import from JSON","Importa da JSON","","21","medium","","",""
"localBackup.deleteButton","localBackup","ui","Delete this area's data","Elimina i dati di quest'area","","30","high","","",""
"localBackup.exportDone","localBackup","ui","Exported.","Esportazione completata.","","12","medium","","",""
"localBackup.exportDoneWithSkipped","localBackup","ui","Exported. Damaged items were left out.","Esportazione completata. Gli elementi danneggiati sono stati esclusi.","","","medium","","",""
"localBackup.exportFailed","localBackup","ui","Couldn't export.","Impossibile esportare.","","21","high","","",""
"localBackup.importTooLarge","localBackup","ui","The file is too large (limit 5 MB).","Il file è troppo grande (limite 5 MB).","","","medium","","",""
"localBackup.importReadFailed","localBackup","ui","Couldn't read the file.","Impossibile leggere il file.","","30","high","","",""
"localBackup.importNotBackup","localBackup","ui","This isn't a backup file exported from this app.","Questo non è un file di backup esportato da questa app.","","","medium","","",""
"localBackup.importInvalidSectionTemplate","localBackup","ui","""{section}"" isn't valid, so nothing was imported (nothing changed).","""{section}"" non è valido, quindi non è stato importato nulla (nessuna modifica).","","","medium","","",""
"localBackup.importConfirmTitle","localBackup","ui","Import and replace?","Importare e sostituire?","","25","high","","",""
"localBackup.importConfirmBody","localBackup","ui","For the items in the file, the current data in the {region} will be replaced. Items not in the file stay as they are. This can't be undone.","Per gli elementi presenti nel file, i dati attuali nell'{region} verranno sostituiti. Gli elementi non presenti nel file restano invariati. L'operazione non può essere annullata.","","","high","","",""
"localBackup.importExportFirst","localBackup","ui","We recommend exporting your current data first.","Ti consigliamo di esportare prima i dati attuali.","","","medium","","",""
"localBackup.importConfirmButton","localBackup","ui","Import","Importa","","12","high","","",""
"localBackup.importScopeChanged","localBackup","ui","Your sign-in state changed, so the import was cancelled. Please choose the file again.","Lo stato di accesso è cambiato, quindi l'importazione è stata annullata. Scegli di nuovo il file.","","","medium","","",""
"localBackup.importDone","localBackup","ui","Imported.","Importazione completata.","","12","medium","","",""
"localBackup.importFailedRolledBack","localBackup","ui","Couldn't import. Your data is as it was before.","Impossibile importare. I tuoi dati sono come prima.","","","high","","",""
"localBackup.importFailedPartial","localBackup","ui","The import failed part-way and some items couldn't be restored. Please import from your exported file again.","L'importazione si è interrotta a metà e alcuni elementi non sono stati ripristinati. Importa di nuovo dal file esportato.","","","high","","",""
"localBackup.deleteConfirmTitle","localBackup","ui","Delete this area's data?","Eliminare i dati di quest'area?","","32","high","","",""
"localBackup.deleteConfirmBody","localBackup","ui","My Team, favorites, saved builds, saved squads, templates and diagnosis history in the {region} will be deleted. Other areas and display settings stay. This can't be undone.","La mia squadra, preferiti, build salvate, rose salvate, modelli e cronologia diagnosi nell'{region} verranno eliminati. Le altre aree e le impostazioni di visualizzazione restano. L'operazione non può essere annullata.","","","high","","",""
"localBackup.deleteConfirmButton","localBackup","ui","Delete","Elimina","","12","high","","",""
"localBackup.deleteDone","localBackup","ui","Deleted this area's data.","Dati di quest'area eliminati.","","","high","","",""
"localBackup.deleteFailed","localBackup","ui","Some data couldn't be deleted.","Alcuni dati non sono stati eliminati.","","","high","","",""
"localBackup.cancel","localBackup","ui","Cancel","Annulla","","12","medium","","",""
"shareCard.optionsSummary","shareCard","share","Choose a size · Preview","Scegli formato · Anteprima","","30","high","","",""
"shareCard.ratioLabel","shareCard","share","Image size","Formato immagine","","13","high","","",""
"shareCard.ratio34","shareCard","share","Portrait 3:4 (default)","Verticale 3:4 (predefinito)","","29","high","","",""
"shareCard.ratio11","shareCard","share","Square 1:1","Quadrato 1:1","","13","high","","",""
"shareCard.ratio916","shareCard","share","Tall 9:16 (stories)","Verticale alto 9:16 (storie)","","25","high","","",""
"shareCard.ratio169","shareCard","share","Wide 16:9","Orizzontale 16:9","","12","high","","",""
"shareCard.previewLoading","shareCard","share","Creating a preview…","Creazione dell'anteprima…","","25","high","","",""
"shareCard.previewAltTemplate","shareCard","share","Squad diagnosis card preview ({ratio})","Anteprima della card di diagnosi della rosa ({ratio})","","","high","","",""
"shareCard.shareButton","shareCard","share","Share","Condividi","","12","high","","",""
"shareCard.shareTitle","shareCard","share","Squad diagnosis","Diagnosi della rosa","","20","high","","",""
"shareCard.shared","shareCard","share","Shared.","Condiviso.","","12","high","","",""
"shareCard.privacyNote","shareCard","share","The image shows only the squad name, formation and ratings (no URL, ID or account information). Don't put personal information in squad names.","L'immagine mostra solo nome della rosa, modulo e valutazioni (nessun URL, ID o dato dell'account). Non inserire dati personali nei nomi delle rose.","","","high","","",""
"shareCard.imgHeading","shareCard","share","Squad Diagnosis (Squad Build Evaluation)","Diagnosi della rosa (valutazione della composizione)","","52","high","","",""
"shareCard.imgFormationPrefix","shareCard","share","Formation: ","Modulo: ","","15","high","","",""
"shareCard.imgOverallScore","shareCard","share","Overall Rating","Valutazione complessiva","","19","high","","",""
"shareCard.imgTierPrefix","shareCard","share","Grade ","Grado ","","12","high","","",""
"shareCard.imgNotRated","shareCard","share","Not rated","Non valutato","","12","high","","",""
"shareCard.imgRatedCategoriesPrefix","shareCard","share","Rated categories: ","Categorie valutate: ","","24","high","","",""
"shareCard.imgTopStrength","shareCard","share","Top Strength","Punto di forza principale","","16","high","","",""
"shareCard.imgTopWeakness","shareCard","share","Top Weakness","Punto debole principale","","16","high","","",""
"shareCard.imgNone","shareCard","share","None","Nessuno","","12","high","","",""
"shareCard.imgDisclaimer","shareCard","share","A build evaluation based on registered data. It does not guarantee match results, national rankings, or win rates.","Una valutazione della composizione basata sui dati registrati. Non garantisce risultati delle partite, classifiche nazionali o percentuali di vittoria.","","","high","","",""
"shareCard.imgCreatedTemplate","shareCard","share","Created {date}","Creata il {date}","","19","high","","",""
"progressionTab.analysisScopeDefault","progressionTab","ui","World data","Dati World","","13","medium","","",""
"progressionTab.eligibilityTrending","progressionTab","ui","TRENDING cards (POTW etc.) cannot be progressed.","Le carte TRENDING (POTW, ecc.) non possono progredire.","","","medium","","",""
"progressionTab.eligibilityMaxLevel1","progressionTab","ui","This card has no progression points because its maximum level is 1.","Questa carta non ha punti progressione perché il suo livello massimo è 1.","","","medium","","",""
"progressionTab.cannotProgressFallback","progressionTab","ui","This card cannot be progressed.","Questa carta non può progredire.","","","medium","","",""
"progressionTab.baseValuesKept","progressionTab","ui","(Abilities are shown at their base values.)","(Le statistiche sono mostrate con i valori base.)","","","medium","","",""
"progressionTab.statComparisonTitle","progressionTab","ui","Abilities (before / after progression)","Statistiche (prima / dopo la progressione)","","50","medium","","",""
"progressionTab.estimatedOvr","progressionTab","ui","Est. OVR","OVR stim.","","12","medium","","",""
"progressionTab.underVerification","progressionTab","ui","Unverified","Non verificato","","13","medium","","",""
"progressionTab.calculationDetailsSummary","progressionTab","ui","Show how this is calculated and where the data comes from (mode, evidence level, rules version, full breakdown)","Mostra come viene calcolato e da dove provengono i dati (modalità, livello di evidenza, versione delle regole, dettaglio completo)","","","medium","","",""
"progressionTab.detailedBreakdownTitle","progressionTab","ui","Detailed breakdown (table)","Dettaglio (tabella)","","34","medium","","",""
"progressionTab.autoAllocationTitle","progressionTab","ui","Auto progression (allocation policy)","Progressione automatica (criterio di distribuzione)","","47","medium","","",""
"progressionTab.resetProgression","progressionTab","ui","Reset progression","Azzera la progressione","","23","medium","","",""
"progressionTab.buildModeNone","progressionTab","ui","No progression","Nessuna progressione","","19","medium","","",""
"progressionTab.buildModeAttack","progressionTab","ui","Attack focus","Focus attacco","","16","medium","","",""
"progressionTab.buildModeDefense","progressionTab","ui","Defence focus","Focus difesa","","17","medium","","",""
"progressionTab.buildModeBalance","progressionTab","ui","Balanced","Equilibrata","","12","medium","","",""
"progressionTab.buildModeGk","progressionTab","ui","GK focus","Focus GK","","12","medium","","",""
"progressionTab.autoAllocationNote","progressionTab","ui","Auto progression is a heuristic allocation policy. It differs from the in-game auto allocation and does not guarantee the highest OVR. You can still adjust each slider afterwards.","La progressione automatica è un criterio di distribuzione euristico. È diversa dalla distribuzione automatica del gioco e non garantisce l’OVR più alto. Puoi comunque regolare ogni cursore in seguito.","","","medium","","",""
"progressionTab.groupsTitle","progressionTab","ui","Ability groups (category levels)","Gruppi di statistiche (livelli di categoria)","","42","medium","","",""
"progressionTab.groupsHint","progressionTab","ui","{shooting} targets are confirmed / others are unverified","Statistiche interessate da {shooting} confermate / le altre non verificate","","","medium","","",""
"progressionTab.gkGroupsSummary","progressionTab","ui","GK progression (3 groups)","Progressione GK (3 gruppi)","","","medium","","",""
"progressionTab.gkAllocatedNonGk","progressionTab","ui","Allocated Lv {level} (not a GK, collapsed)","Liv. {level} assegnato (non GK, compresso)","","","medium","","",""
"progressionTab.gkAllocatedGk","progressionTab","ui","Allocated Lv {level} (GK, expanded)","Liv. {level} assegnato (GK, espanso)","","","medium","","",""
"progressionTab.gkGroupsNote","progressionTab","ui","Adjusts {stats}. Collapsing keeps the allocation, used points and staged costs.","Regola {stats}. Comprimendo si mantengono la distribuzione, i punti usati e i costi a scaglioni.","","","medium","","",""
"progressionTab.cardFallbackName","progressionTab","ui","Card {id}","Carta {id}","","12","medium","","",""
"progressionTab.maxOvrLabel","progressionTab","ui","Max OVR","OVR massimo","","12","medium","","",""
"progressionTab.maxOvrShort","progressionTab","ui","Max OVR","OVR max","","12","medium","","",""
"progressionTab.levelCap","progressionTab","ui","Max Lv {level}","Liv. max {level}","","19","medium","","",""
"progressionTab.noEnglishName","progressionTab","ui","(no English name)","(nessun nome inglese)","","23","medium","","",""
"progressionTab.boostersHeading","progressionTab","ui","Boosters","Booster","","12","medium","","",""
"progressionTab.b2Heading","progressionTab","ui","Extra booster (B2, chosen by you)","Booster aggiuntivo (B2, scelto da te)","","43","medium","","",""
"progressionTab.b2Note","progressionTab","ui","A booster you add yourself, separate from the card's own booster (B1). A confirmed B2 booster is applied right away to its target abilities, the normal final values, comparison rankings and team totals. An unconfirmed B2 booster (trial only; previous choices can still be changed) only affects the trial final values and does not change normal final values, rankings or team totals.","Un booster che aggiungi tu, separato dal booster proprio della carta (B1). Un booster B2 confermato si applica subito alle statistiche interessate, ai valori finali normali, alle classifiche di confronto e ai totali della squadra. Un booster B2 non confermato (solo prova; le scelte precedenti si possono ancora cambiare) influisce solo sui valori finali di prova e non cambia i valori finali normali, le classifiche o i totali della squadra.","","","medium","","",""
"progressionTab.managerHeading","progressionTab","ui","Manager","Allenatore","","12","medium","","",""
"progressionTab.remainingLabel","progressionTab","ui","Left","Rimanenti","","12","medium","","",""
"progressionTab.pointsHeading","progressionTab","ui","Progression points","Punti progressione","","24","medium","","",""
"progressionTab.pointsUsedSuffix","progressionTab","ui"," / {total} used"," / {total} usati","","20","medium","","",""
"progressionTab.pointsRemainingPrefix","progressionTab","ui","Left ","Rimanenti ","","12","medium","","",""
"progressionTab.pointsFormulaConfirmed","progressionTab","ui","Total points = (max level − 1) × 2 (confirmed) / spending uses staged costs (unverified)","Punti totali = (livello massimo − 1) × 2 (confermato) / la spesa usa costi a scaglioni (non verificato)","","","high","","",""
"progressionTab.pointsFormulaUnverified","progressionTab","ui","Total points (unverified)","Punti totali (non verificato)","","","medium","","",""
"progressionTab.pointsNone","progressionTab","ui"," — this card has no progression points"," — questa carta non ha punti progressione","","","medium","","",""
"progressionTab.buildDefaultName","progressionTab","ui","Build {n}","Build {n}","","12","medium","","",""
"progressionTab.buildSaved","progressionTab","ui","Saved: {name}","Salvata: {name}","","17","medium","","",""
"progressionTab.buildSaveFailed","progressionTab","ui","Could not save: {reason}","Impossibile salvare: {reason}","","32","high","","",""
"progressionTab.buildRenamePrompt","progressionTab","ui","New build name","Nuovo nome della build","","19","medium","","",""
"progressionTab.buildRenamed","progressionTab","ui","Renamed","Rinominata","","12","medium","","",""
"progressionTab.buildRenameFailed","progressionTab","ui","Could not rename: {reason}","Impossibile rinominare: {reason}","","","high","","",""
"progressionTab.buildDeleteConfirm","progressionTab","ui","Delete the build ""{name}""? (Only this browser's saved copy)","Eliminare la build ""{name}""? (Solo la copia salvata in questo browser)","","","high","","",""
"progressionTab.buildDeleted","progressionTab","ui","Deleted","Eliminata","","12","high","","",""
"progressionTab.buildDeleteFailed","progressionTab","ui","Could not delete: {reason}","Impossibile eliminare: {reason}","","","high","","",""
"progressionTab.buildSaveHeading","progressionTab","ui","Save build","Salva la build","","13","medium","","",""
"progressionTab.buildStorageUnavailable","progressionTab","ui","Builds cannot be saved because localStorage is unavailable here (you can still use the screen).","Le build non possono essere salvate perché qui il localStorage non è disponibile (puoi comunque usare la schermata).","","","medium","","",""
"progressionTab.buildNameLabel","progressionTab","ui","Build name","Nome della build","","13","medium","","",""
"progressionTab.buildSaveButton","progressionTab","ui","Save","Salva","","12","medium","","",""
"progressionTab.buildLegacyRules","progressionTab","ui","Old rules","Regole vecchie","","12","medium","","",""
"progressionTab.buildListMeta","progressionTab","ui","Est. OVR {ovr} / {date}","OVR stim. {ovr} / {date}","","30","medium","","",""
"progressionTab.buildLoad","progressionTab","ui","Load","Carica","","12","medium","","",""
"progressionTab.buildRename","progressionTab","ui","Rename","Rinomina","","12","medium","","",""
"progressionTab.buildDelete","progressionTab","ui","Delete","Elimina","","12","high","","",""
"progressionTab.buildNone","progressionTab","ui","No saved builds.","Nessuna build salvata.","","21","medium","","",""
"progressionTab.migrationTitle","progressionTab","ui","This build was made with old rules ({version})","Questa build è stata creata con regole vecchie ({version})","","60","medium","","",""
"progressionTab.migrationBody1","progressionTab","ui","The current rules ({version}) use a different allocation unit (groups) and staged costs.","Le regole attuali ({version}) usano un’unità di distribuzione diversa (gruppi) e costi a scaglioni.","","","medium","","",""
"progressionTab.migrationBody2","progressionTab","ui","Recalculating below converts it to the current rules while keeping the original allocation (it is not saved automatically).","Ricalcolando qui sotto la build viene convertita alle regole attuali mantenendo la distribuzione originale (non viene salvata automaticamente).","","","medium","","",""
"progressionTab.migrationRecalculate","progressionTab","ui","Recalculate with current rules","Ricalcola con le regole attuali","","","medium","","",""
"progressionTab.migrationKeep","progressionTab","ui","Show as is","Mostra così com’è","","13","medium","","",""
"progressionTab.sliderCap","progressionTab","ui","Max","Max","","12","medium","","",""
"progressionTab.sliderNextCost","progressionTab","ui","Next +1: {cost}pt","Prossimo +1: {cost} pt","","23","medium","","",""
"progressionTab.sliderValueTextMax","progressionTab","ui","{group} level {level} (maximum reached), {used} pt used","{group} livello {level} (massimo raggiunto), {used} pt usati","","","medium","","",""
"progressionTab.sliderValueText","progressionTab","ui","{group} level {level}, next +1 costs {next} pt, {used} pt used","{group} livello {level}, il prossimo +1 costa {next} pt, {used} pt usati","","","medium","","",""
"progressionTab.confirmedTag","progressionTab","ui","Confirmed","Confermato","","12","high","","",""
"progressionTab.targetsUnverifiedTag","progressionTab","ui","Targets unverified","Statistiche non verificate","","24","medium","","",""
"progressionTab.targetsLabel","progressionTab","ui","Targets: {stats}","Interessa: {stats}","","21","medium","","",""
"progressionTab.sliderDecrease","progressionTab","ui","Lower {group} level","Abbassa il livello di {group}","","25","medium","","",""
"progressionTab.sliderAria","progressionTab","accessibility","{group} progression level","Livello di progressione di {group}","","33","high","","",""
"progressionTab.sliderIncrease","progressionTab","ui","Raise {group} level","Alza il livello di {group}","","25","medium","","",""
"progressionTab.consumedLabel","progressionTab","ui","Used: {used}pt","Usati: {used} pt","","19","medium","","",""
"progressionTab.capReached","progressionTab","ui","Max reached","Massimo raggiunto","","15","medium","","",""
"progressionTab.capLevel","progressionTab","ui","Max Lv{level}","Liv. max {level}","","17","medium","","",""
"progressionTab.anCellRegistered","progressionTab","ui","Reg.","Reg.","","12","medium","","",""
"progressionTab.anCellSuitable","progressionTab","ui","Suited","Idoneo","","12","medium","","",""
"progressionTab.anCellPartial","progressionTab","ui","Partial","Parziale","","12","medium","","",""
"progressionTab.anRegisteredLabel","progressionTab","ui","Registered: ","Registrato: ","","16","medium","","",""
"progressionTab.anSuitableLabel","progressionTab","ui"," / Suitable: "," / Idoneo: ","","17","medium","","",""
"progressionTab.anOvrByPosLabel","progressionTab","ui","Overall (OVR by position): ","Complessivo (OVR per ruolo): ","","36","medium","","",""
"progressionTab.anOvrByPosPending","progressionTab","ui"," (calculation rules under review)"," (regole di calcolo in revisione)","","","medium","","",""
"progressionTab.anOvrSummary","progressionTab","ui","About OVR by position and suitability","Su OVR per ruolo e idoneità","","","medium","","",""
"progressionTab.anSourcePrefix","progressionTab","ui","Source — ","Fonte — ","","12","medium","","",""
"progressionTab.anColPosition","progressionTab","ui","Position","Ruolo","","12","medium","","",""
"progressionTab.anColCategory","progressionTab","ui","Type","Tipo","","12","medium","","",""
"progressionTab.anColFamiliarity","progressionTab","ui","Familiarity (raw)","Familiarità (grezza)","","23","medium","","",""
"progressionTab.anRegistered","progressionTab","ui","Registered","Registrato","","13","medium","","",""
"progressionTab.anSubPosition","progressionTab","ui","Secondary position","Ruolo secondario","","24","medium","","",""
"progressionTab.anNotInSource","progressionTab","ui","Not in source","Non presente nella fonte","","17","medium","","",""
"progressionTab.anSizeRank","progressionTab","ui","Size rank","Posizione in classifica","","12","medium","","",""
"progressionTab.anSamePosition","progressionTab","ui","Same position","Stesso ruolo","","17","medium","","",""
"progressionTab.anPercentile","progressionTab","ui","Percentile","Percentile","","13","medium","","",""
"progressionTab.anPercentileHint","progressionTab","ui"," (closer to 100 = larger)"," (più vicino a 100 = più grande)","","","medium","","",""
"progressionTab.anPercentileAria","progressionTab","accessibility","Percentile {value}","Percentile {value}","","24","high","","",""
"progressionTab.anRelativePending","progressionTab","ui","Relative rating in preparation","Valutazione relativa in preparazione","","","medium","","",""
"progressionTab.anNotRecorded","progressionTab","ui","Not recorded","Non registrato","","16","medium","","",""
"progressionTab.anShowPrimary","progressionTab","ui","Show main items only","Mostra solo le voci principali","","26","medium","","",""
"progressionTab.anShowAll","progressionTab","ui","Show all ({n} items)","Mostra tutto ({n} voci)","","26","medium","","",""
"progressionTab.anModelCaveat","progressionTab","ui","Internal player model values, not confirmed as real cm. 0 is a real value (distinct from not recorded).","Valori interni del modello del giocatore, non confermati come cm reali. 0 è un valore reale (diverso da non registrato).","","","medium","","",""
"progressionTab.anInternalTraitsHeading","progressionTab","ui","Internal trait values (meaning of levels still being verified)","Valori interni delle caratteristiche (significato dei livelli ancora in verifica)","","81","medium","","",""
"progressionTab.anInternalValue","progressionTab","ui","Internal value ","Valore interno ","","20","medium","","",""
"progressionTab.anAriaLabel","progressionTab","accessibility","Player analysis","Analisi del giocatore","","20","high","","",""
"progressionTab.anHeading","progressionTab","ui","Player analysis (player-specific)","Analisi del giocatore (specifica del giocatore)","","43","medium","","",""
"progressionTab.anSecPositions","progressionTab","ui","Position suitability","Idoneità al ruolo","","26","medium","","",""
"progressionTab.anSecPhysical","progressionTab","ui","Physical data","Dati fisici","","17","medium","","",""
"progressionTab.anSecModel","progressionTab","ui","Player model","Modello del giocatore","","16","medium","","",""
"progressionTab.anSecTraits","progressionTab","ui","Other traits","Altre caratteristiche","","16","medium","","",""
"progressionTab.anSuitOnly","progressionTab","ui","Suitability only confirmed","Solo idoneità confermata","","","medium","","",""
"progressionTab.anSuitUnconfirmed","progressionTab","ui","Suitability unconfirmed","Idoneità non confermata","","30","high","","",""
"progressionTab.anRankTotal","progressionTab","ui","Out of {n} cards at ranking time","Su {n} carte al momento della classifica","","","medium","","",""
"progressionTab.anModelCount","progressionTab","ui","{n} / 11 items","{n} / 11 voci","","19","medium","","",""
"progressionTab.anFooter","progressionTab","ui","Position, physical, model and trait values are display-only data. They do not affect progression, booster or manager calculations.","I valori di ruolo, fisici, del modello e delle caratteristiche sono dati solo informativi. Non influiscono sui calcoli di progressione, booster o allenatore.","","","medium","","",""
"progressionTab.anSrcWithEfhub","progressionTab","ui","Registered position: eFootball World / Secondary position suitability: eFHUB player page","Ruolo registrato: eFootball World / Idoneità ai ruoli secondari: pagina del giocatore su eFHUB","","","medium","","",""
"progressionTab.anSrcWorldOnly","progressionTab","ui","Registered position: eFootball World (secondary position suitability is not in this card's source)","Ruolo registrato: eFootball World (l’idoneità ai ruoli secondari non è presente nella fonte di questa carta)","","","medium","","",""
"progressionTab.anOvrNote","progressionTab","ui","OVR by position is not shown because the calculation rules have not been confirmed. KONAMI does not publish the formula or weights, and only one sample of displayed values across cards is available (we do not guess a formula).","L’OVR per ruolo non viene mostrato perché le regole di calcolo non sono confermate. KONAMI non pubblica la formula né i pesi ed è disponibile un solo campione di valori mostrati tra le carte (non ipotizziamo una formula).","","","medium","","",""
"progressionTab.anSuitNoteEfhub","progressionTab","ui","Secondary position suitability from the eFHUB player page. The meaning of raw familiarity values 1 / 2 (partial / high suitability) is a provisional interpretation.","Idoneità ai ruoli secondari dalla pagina del giocatore su eFHUB. Il significato dei valori grezzi di familiarità 1 / 2 (idoneità parziale / alta) è un’interpretazione provvisoria.","","","medium","","",""
"progressionTab.anSuitNoteNone","progressionTab","ui","Secondary position suitability is not in this card's source (only the registered position is confirmed).","L’idoneità ai ruoli secondari non è presente nella fonte di questa carta (è confermato solo il ruolo registrato).","","","medium","","",""
"progressionTab.anPhysNoteRanks","progressionTab","ui","Ranks order all cards' real data on eFootball World at ranking time by value, largest first (rank 1 = largest). The total is the count at ranking time and may differ from the current number of cards. A percentile closer to 100 means a larger value. These are internal values whose exact in-game effect is still being verified.","Le posizioni ordinano per valore i dati reali di tutte le carte su eFootball World al momento della classifica, dal più grande (posizione 1 = più grande). Il totale è il conteggio al momento della classifica e può differire dal numero attuale di carte. Un percentile più vicino a 100 indica un valore più grande. Sono valori interni il cui effetto esatto nel gioco è ancora in verifica.","","","medium","","",""
"progressionTab.anPhysNoteNoRanks","progressionTab","ui","Internal model values. Relative rating (rank / percentile) is in preparation.","Valori interni del modello. La valutazione relativa (posizione / percentile) è in preparazione.","","","medium","","",""
"progressionTab.anModelNoteNone","progressionTab","ui","Player model values are not in this card's source.","I valori del modello del giocatore non sono presenti nella fonte di questa carta.","","","medium","","",""
"progressionTab.anTraitsNote","progressionTab","ui","Weak foot usage, accuracy, form and injury resistance are raw values. The meaning of levels (low / normal / high etc.) is not confirmed against KONAMI's official wording, so they are shown as numbers.","Uso del piede debole, precisione del piede debole, forma e resistenza agli infortuni sono valori grezzi. Il significato dei livelli (basso / normale / alto ecc.) non è confermato rispetto alla terminologia ufficiale di KONAMI, quindi vengono mostrati come numeri.","","","medium","","",""
"progressionTab.anSkillsNote","progressionTab","ui","Highlight Skill / Skill FX information is not in the current data, so all are shown as ""Player skills"" (we do not guess the classification).","Le informazioni su Highlight Skill / Skill FX non sono presenti nei dati attuali, quindi tutte vengono mostrate come ""Abilità del giocatore"" (non ipotizziamo la classificazione).","","","medium","","",""
"progressionTab.anMetricLegCoverageRadius","progressionTab","ui","Leg coverage radius","Raggio di copertura delle gambe","","25","medium","","",""
"progressionTab.anMetricArmCoverageRadius","progressionTab","ui","Arm coverage radius","Raggio di copertura delle braccia","","25","medium","","",""
"progressionTab.anMetricJumpingHeight","progressionTab","ui","Jumping height","Altezza del salto","","19","medium","","",""
"progressionTab.anMetricTorsoCollision","progressionTab","ui","Torso collision","Collisione del busto","","20","medium","","",""
"progressionTab.anMetricDribbleHeight","progressionTab","ui","Height based on leg length","Altezza in base alla lunghezza delle gambe","","","medium","","",""
"progressionTab.anModelArmLength","progressionTab","ui","Arm length","Lunghezza delle braccia","","13","medium","","",""
"progressionTab.anModelShoulderWidth","progressionTab","ui","Shoulder width","Larghezza delle spalle","","19","medium","","",""
"progressionTab.anModelNeckLength","progressionTab","ui","Neck length","Lunghezza del collo","","15","medium","","",""
"progressionTab.anModelChestMeasurement","progressionTab","ui","Chest","Torace","","12","medium","","",""
"progressionTab.anModelNeckSize","progressionTab","ui","Neck size","Circonferenza del collo","","12","medium","","",""
"progressionTab.anModelShoulderHeight","progressionTab","ui","Shoulder height","Altezza delle spalle","","20","medium","","",""
"progressionTab.anModelLegLength","progressionTab","ui","Leg length","Lunghezza delle gambe","","13","medium","","",""
"progressionTab.anModelThighSize","progressionTab","ui","Thigh size","Circonferenza della coscia","","13","medium","","",""
"progressionTab.anModelWaistSize","progressionTab","ui","Waist size","Circonferenza della vita","","13","medium","","",""
"progressionTab.anModelArmSize","progressionTab","ui","Arm size","Circonferenza del braccio","","12","medium","","",""
"progressionTab.anModelCalfSize","progressionTab","ui","Calf size","Circonferenza del polpaccio","","12","medium","","",""
"progressionTab.anTraitPreferredFoot","progressionTab","ui","Preferred foot","Piede preferito","","19","medium","","",""
"progressionTab.anTraitHeight","progressionTab","ui","Height","Altezza","","12","medium","","",""
"progressionTab.anTraitWeight","progressionTab","ui","Weight","Peso","","12","medium","","",""
"progressionTab.anTraitAge","progressionTab","ui","Age","Età","","12","medium","","",""
"progressionTab.anTraitWeakFootUsage","progressionTab","ui","Weak foot usage","Uso del piede debole","","20","medium","","",""
"progressionTab.anTraitWeakFootAccuracy","progressionTab","ui","Weak foot accuracy","Precisione del piede debole","","24","medium","","",""
"progressionTab.anTraitForm","progressionTab","ui","Form","Forma","","12","medium","","",""
"progressionTab.anTraitConditionValue","progressionTab","ui","Condition stability","Stabilità della condizione","","25","medium","","",""
"progressionTab.anTraitInjuryResistance","progressionTab","ui","Injury resistance","Resistenza agli infortuni","","23","medium","","",""
"progressionTab.anSkillsTitle","progressionTab","ui","Skills / AI (COM) playing styles","Abilità / stili di gioco IA (COM)","","42","medium","","",""
"progressionTab.anPlayerSkillsCount","progressionTab","ui","Player skills ({n})","Abilità del giocatore ({n})","","25","medium","","",""
"progressionTab.anNoSkills","progressionTab","ui","No skill information.","Nessuna informazione sulle abilità.","","28","medium","","",""
"progressionTab.anAiStylesCount","progressionTab","ui","AI (COM) playing styles ({n})","Stili di gioco IA (COM) ({n})","","","medium","","",""
"progressionTab.anNoAiStyles","progressionTab","ui","No AI (COM) playing styles.","Nessuno stile di gioco IA (COM).","","","medium","","",""
"progressionTab.anStrictFinal","progressionTab","ui","Strict final","Finale rigoroso","","16","medium","","",""
"progressionTab.anStandardFinal","progressionTab","ui","Standard final","Finale standard","","19","medium","","",""
"progressionTab.anColAbility","progressionTab","ui","Ability","Statistica","","12","medium","","",""
"progressionTab.anColBase","progressionTab","ui","Base","Base","","12","medium","","",""
"progressionTab.anColProgression","progressionTab","ui","Prog.","Progr.","","12","medium","","",""
"progressionTab.anColPlayerB","progressionTab","ui","Player B","Booster G.","","12","medium","","",""
"progressionTab.anColConditional","progressionTab","ui","Conditional","Condizionale","","15","medium","","",""
"progressionTab.anColManager","progressionTab","ui","Manager","Allenatore","","12","medium","","",""
"progressionTab.anColAfterConditional","progressionTab","ui","With conditions","Con condizioni","","20","medium","","",""
"progressionTab.anColTrialB","progressionTab","ui","Trial B","Booster prova","","12","medium","","",""
"progressionTab.anColTrialFinal","progressionTab","ui","Trial final","Finale di prova","","15","medium","","",""
"progressionTab.anMeasuredPlus","progressionTab","ui","Measured +{n}","Misurato +{n}","","17","medium","","",""
"progressionTab.anExternalPlus","progressionTab","ui","Cross-checked +{n}","Verificato incrociato +{n}","","24","medium","","",""
"progressionTab.anConfirmedB2Plus","progressionTab","ui","Confirmed B2 +{n}","B2 confermato +{n}","","23","high","","",""
"progressionTab.anCap","progressionTab","ui","Cap","Limite","","12","medium","","",""
"progressionTab.anColumnsLabel","progressionTab","ui","Columns: ","Colonne: ","","12","medium","","",""
"progressionTab.anPeriod","progressionTab","ui",".",".","","12","medium","","",""
"progressionTab.anStrictFormulaA","progressionTab","ui"," = base + progression + "," = base + progressione + ","","32","medium","","",""
"progressionTab.anStrictBold","progressionTab","ui","card boosters measured from the user's saved screenshots","booster della carta misurati dagli screenshot salvati dall’utente","","","medium","","",""
"progressionTab.anStrictFormulaB","progressionTab","ui"," (currently 2) + manager bonus."," (attualmente 2) + bonus dell’allenatore.","","","medium","","",""
"progressionTab.anStandardFormula","progressionTab","ui"," = base + progression + card boosters (2 measured from screenshots + 27 consistent across 2 external sources, eFootball World and EFScout) + confirmed B2 (confirmed boosters selected manually by the user) + manager bonus."," = base + progressione + booster della carta (2 misurati da screenshot + 27 coerenti tra 2 fonti esterne, eFootball World ed EFScout) + B2 confermati (booster confermati scelti manualmente dall’utente) + bonus dell’allenatore.","","","medium","","",""
"progressionTab.anStandardNotOfficial","progressionTab","ui"," Not confirmed as KONAMI's official calculation result."," Non confermato come risultato di calcolo ufficiale di KONAMI.","","","medium","","",""
"progressionTab.anCondFormula","progressionTab","ui"," = standard final + user-specified level of gold / variable boosters (only to the abilities targeted by that effect). "," = finale standard + livello dei booster oro / variabili indicato dall’utente (solo sulle statistiche interessate da quell’effetto). ","","","medium","","",""
"progressionTab.anCondUserSpecified","progressionTab","ui"," This value was specified by the user after checking their own Game Plan. The app has not automatically verified the squad counts."," Questo valore è stato indicato dall’utente dopo aver controllato il proprio Piano di gioco. L’app non ha verificato automaticamente il numero di giocatori della rosa.","","","medium","","",""
"progressionTab.anCondSeparate","progressionTab","ui"," This is separate from the standard final value."," È separato dal valore finale standard.","","","medium","","",""
"progressionTab.anTrialFormula","progressionTab","ui"," = standard final + card boosters under verification + manual conditions + unconfirmed manual trial (B2). Confirmed B2 is already in the standard final, so it is not added twice. "," = finale standard + booster della carta in verifica + condizioni manuali + prova manuale non confermata (B2). I B2 confermati sono già nel finale standard, quindi non vengono sommati due volte. ","","","medium","","",""
"progressionTab.anTrialNotOfficial","progressionTab","ui","Not an official in-game value.","Non è un valore ufficiale del gioco.","","","medium","","",""
"progressionTab.anExcludedNote","progressionTab","ui","Boosters whose effect is under verification, gold variable boosters (when not specified), unresolved card boosters and unconfirmed manual trials (B2) are not included (shown separately in experimental mode). No fictional increases are generated.","Non sono inclusi i booster con effetto in verifica, i booster oro variabili (se non indicati), i booster della carta non risolti e le prove manuali non confermate (B2) (mostrati a parte in modalità sperimentale). Non vengono generati aumenti fittizi.","","","medium","","",""
"progressionTab.anManagerNote","progressionTab","ui","""Manager"" = the selected manager's booster effects (only those confirmed by multiple sources).","""Allenatore"" = gli effetti booster dell’allenatore scelto (solo quelli confermati da più fonti).","","","medium","","",""
"progressionTab.boostNameWithEn","progressionTab","ui","{ja} ({en})","{ja} ({en})","","15","medium","","",""
"progressionTab.boostFallbackName","progressionTab","ui","Booster","Booster","","12","medium","","",""
"progressionTab.boostFixedType","progressionTab","ui","Fixed","Fisso","","12","medium","","",""
"progressionTab.boostFixedProvisional","progressionTab","ui","Fixed (assumed)","Fisso (presunto)","","20","medium","","",""
"progressionTab.boostUnresolvedNotApplied","progressionTab","ui","Unresolved, not applied","Non risolto, non applicato","","30","medium","","",""
"progressionTab.boostEvidenceMeasured","progressionTab","ui","Measured on reference screens","Misurato su schermate di riferimento","","","medium","","",""
"progressionTab.boostEvidenceExternal","progressionTab","ui","Cross-checked externally (not confirmed by KONAMI)","Verificato con fonti esterne (non confermato da KONAMI)","","","medium","","",""
"progressionTab.boostEvidencePending","progressionTab","ui","Effect under verification","Effetto in verifica","","","medium","","",""
"progressionTab.boostActEvOfficial","progressionTab","ui","Stated officially by KONAMI","Dichiarato ufficialmente da KONAMI","","","medium","","",""
"progressionTab.boostActEvScreenshot","progressionTab","ui","Confirmed on user-provided screens","Confermato su schermate fornite dagli utenti","","","medium","","",""
"progressionTab.boostActEvExternal","progressionTab","ui","Consistent across 2 external sources","Coerente tra 2 fonti esterne","","","medium","","",""
"progressionTab.boostActEvConflicted","progressionTab","ui","Conflicting evidence","Evidenze contrastanti","","26","medium","","",""
"progressionTab.boostActEvUnresolved","progressionTab","ui","Unconfirmed","Non confermato","","15","medium","","",""
"progressionTab.boostActEvInferred","progressionTab","ui","Inferred (circumstantial evidence only)","Dedotto (solo da indizi)","","","medium","","",""
"progressionTab.boostEvidencePom","progressionTab","ui","Gold, variable (depends on Game Plan, not applied)","Oro, variabile (dipende dal Piano di gioco, non applicato)","","","medium","","",""
"progressionTab.boostEvidenceConditional","progressionTab","ui","Depends on squad conditions, not applied","Dipende dalle condizioni della rosa, non applicato","","","medium","","",""
"progressionTab.boostEvidenceUnresolved","progressionTab","ui","Unresolved","Non risolto","","13","medium","","",""
"progressionTab.boostStagePom","progressionTab","ui","★ Gold, Power of Many type (the effect changes with the number of same-league players in the Game Plan). It cannot be detected automatically, so you set the tier manually. The chosen tier is reflected only in the ""conditional final value"" of the target abilities of that effect","★ Oro, tipo Power of Many (l’effetto cambia in base al numero di giocatori dello stesso campionato nel Piano di gioco). Non può essere rilevato automaticamente, quindi imposti il livello a mano. Il livello scelto si riflette solo nel ""valore finale condizionale"" delle statistiche interessate da quell’effetto","","","medium","","",""
"progressionTab.boostStageUnresolved","progressionTab","ui","① Numeric ID only (not in the mapping table)","① Solo ID numerico (non presente nella tabella di corrispondenza)","","","medium","","",""
"progressionTab.boostStageProvisional","progressionTab","ui","③ Name and level confirmed / effect from a single public source only (trial calculation in experimental mode)","③ Nome e livello confermati / effetto da una sola fonte pubblica (calcolo di prova in modalità sperimentale)","","","medium","","",""
"progressionTab.boostStageConditional","progressionTab","ui","③ Name, level and candidate effect confirmed / the activation condition (number of same-league players in the squad) is known but cannot be evaluated from a static screen (maximum effect trial-calculated in experimental mode)","③ Nome, livello ed effetto candidato confermati / la condizione di attivazione (numero di giocatori dello stesso campionato nella rosa) è nota ma non valutabile da una schermata statica (effetto massimo calcolato in prova in modalità sperimentale)","","","medium","","",""
"progressionTab.boostStageExternal","progressionTab","ui","④ Name and level confirmed / effect consistent across 2 external sources (applied to normal values in standard mode; not measured officially by KONAMI)","④ Nome e livello confermati / effetto coerente tra 2 fonti esterne (applicato ai valori normali in modalità standard; non misurato ufficialmente da KONAMI)","","","medium","","",""
"progressionTab.boostStageExternalProvisional","progressionTab","ui"," / activation type assumed to be fixed (no concrete evidence of Power of Many; applied provisionally)"," / tipo di attivazione presunto fisso (nessuna prova concreta di Power of Many; applicato provvisoriamente)","","","medium","","",""
"progressionTab.boostStageScreenshot","progressionTab","ui","⑤ Target abilities and increase confirmed on saved screenshots (applied to normal values even in strict mode). Not confirmed on the KONAMI game client screen","⑤ Statistiche interessate e aumento confermati su screenshot salvati (applicato ai valori normali anche in modalità rigorosa). Non confermato sulla schermata del client di gioco KONAMI","","","medium","","",""
"progressionTab.boostStageScreenshotProvisional","progressionTab","ui"," / activation type assumed to be fixed"," / tipo di attivazione presunto fisso","","","medium","","",""
"progressionTab.boostStageGameClient","progressionTab","ui","⑥ Change confirmed directly on the KONAMI game client screen (applied to normal values even in strict mode)","⑥ Modifica confermata direttamente sulla schermata del client di gioco KONAMI (applicata ai valori normali anche in modalità rigorosa)","","","medium","","",""
"progressionTab.boostAttachedHeading","progressionTab","ui","Card booster (included with the card, automatic)","Booster della carta (incluso nella carta, automatico)","","63","medium","","",""
"progressionTab.boostSlot","progressionTab","ui","Slot {slot}","Slot {slot}","","15","medium","","",""
"progressionTab.boostCardFixed","progressionTab","ui","Card-specific, cannot be changed","Specifico della carta, non modificabile","","","medium","","",""
"progressionTab.boostAppliedInMode","progressionTab","ui","Applied in current mode","Applicato nella modalità attuale","","30","medium","","",""
"progressionTab.boostNotAppliedNormal","progressionTab","ui","Not applied to normal values","Non applicato ai valori normali","","","medium","","",""
"progressionTab.boostTargetsPrefix","progressionTab","ui","Targets: ","Interessa: ","","12","medium","","",""
"progressionTab.boostEachLevel","progressionTab","ui"," (each +{level})"," (ciascuna +{level})","","21","medium","","",""
"progressionTab.boostEachCandidateLevel","progressionTab","ui"," (each, candidate +{level})"," (ciascuna, candidato +{level})","","","medium","","",""
"progressionTab.boostDetailsSummary","progressionTab","ui","Show details (resolution stage, activation type, sources)","Mostra i dettagli (fase di risoluzione, tipo di attivazione, fonti)","","","medium","","",""
"progressionTab.boostStageLine","progressionTab","ui","Resolution stage: {stage}","Fase di risoluzione: {stage}","","","medium","","",""
"progressionTab.boostActivationLine","progressionTab","ui","Activation type: {value}","Tipo di attivazione: {value}","","32","medium","","",""
"progressionTab.boostActivationPom","progressionTab","ui","Power of Many (gold, depends on Game Plan) / evidence: {evidence}","Power of Many (oro, dipende dal Piano di gioco) / evidenza: {evidence}","","","medium","","",""
"progressionTab.boostActivationFixedAssumed","progressionTab","ui","Assumed fixed (no confirmed evidence of blue vs gold; ScoreBar differences alone cannot tell them apart)","Presunto fisso (nessuna evidenza confermata di blu o oro; le differenze di ScoreBar da sole non permettono di distinguerli)","","","medium","","",""
"progressionTab.boostActivationFixed","progressionTab","ui","Fixed (blue) / evidence: {evidence}","Fisso (blu) / evidenza: {evidence}","","","medium","","",""
"progressionTab.boostSourceWorld","progressionTab","ui","Source: individual player page on eFootball World (external community DB)","Fonte: pagina del singolo giocatore su eFootball World (DB esterno della community)","","","medium","","",""
"progressionTab.boostSourceEfscout","progressionTab","ui"," + definition from EFScout (external DB) (consistent across 2 external sources)"," + definizione da EFScout (DB esterno) (coerente tra 2 fonti esterne)","","","medium","","",""
"progressionTab.boostSourceScreenshot","progressionTab","ui"," + saved screenshots"," + screenshot salvati","","26","medium","","",""
"progressionTab.boostScreenshotNote","progressionTab","ui","Note: target abilities and increase confirmed on saved screenshots. Not confirmed on the KONAMI game client screen.","Nota: statistiche interessate e aumento confermati su screenshot salvati. Non confermato sulla schermata del client di gioco KONAMI.","","","medium","","",""
"progressionTab.boostConditionLine","progressionTab","ui","Activation condition: {text}","Condizione di attivazione: {text}","","","medium","","",""
"progressionTab.boostConditionalHeading","progressionTab","ui","Conditional booster (Power of Many)","Booster condizionale (Power of Many)","","46","medium","","",""
"progressionTab.boostPomExplain","progressionTab","ui","{name} is a variable booster shown in gold on eFHUB. Under KONAMI's official ""The Power of Many"", its effect changes with the number of same-league players registered in the Game Plan. This app cannot check that number automatically, so it is not applied to the standard final value; choose the tier (+0/+1/+2/+3) below. Your choice is reflected only in the target abilities of {nameEn}.","{name} è un booster variabile mostrato in oro su eFHUB. Secondo ""The Power of Many"" ufficiale di KONAMI, il suo effetto cambia in base al numero di giocatori dello stesso campionato registrati nel Piano di gioco. Questa app non può controllare quel numero automaticamente, quindi non viene applicato al valore finale standard; scegli il livello (+0/+1/+2/+3) qui sotto. La tua scelta si riflette solo sulle statistiche interessate da {nameEn}.","","","medium","","",""
"progressionTab.boostOverriddenNote","progressionTab","ui","* Overridden by an additional booster (B2) (this card booster is not included in the calculation)","* Sostituito da un booster aggiuntivo (B2) (questo booster della carta non è incluso nel calcolo)","","","medium","","",""
"progressionTab.boostUnresolvedNotAppliedNote","progressionTab","ui","The card booster is unresolved, so it is not applied to abilities. ","Il booster della carta non è risolto, quindi non viene applicato alle statistiche. ","","","medium","","",""
"progressionTab.boostNoAttachedPlayer","progressionTab","ui","This card has no player booster.","Questa carta non ha un booster del giocatore.","","","medium","","",""
"progressionTab.boostFixedDialogTitle","progressionTab","ui","{name} (fixed) effect","Effetto di {name} (fisso)","","28","medium","","",""
"progressionTab.boostFixedIntro","progressionTab","ui","This is the card's own booster.","Questo è il booster proprio della carta.","","","medium","","",""
"progressionTab.boostFixedNoTierProvisional","progressionTab","ui"," Because it is assumed to be fixed, it is treated as having no tier changes from player-count conditions (unconfirmed)."," Poiché è presunto fisso, viene considerato senza variazioni di livello legate al numero di giocatori (non confermato).","","","medium","","",""
"progressionTab.boostFixedNoTier","progressionTab","ui"," It has no tier changes from player-count conditions."," Non ha variazioni di livello legate al numero di giocatori.","","","medium","","",""
"progressionTab.boostFixedAppliedStandard","progressionTab","ui"," Applied to the standard final value."," Applicato al valore finale standard.","","","medium","","",""
"progressionTab.boostFixedNotAppliedMode","progressionTab","ui"," Not applied to normal values in the current mode."," Non applicato ai valori normali nella modalità attuale.","","","medium","","",""
"progressionTab.boostFixedProvisionalPre","progressionTab","ui","The activation type is ","Il tipo di attivazione è ","","30","medium","","",""
"progressionTab.boostFixedProvisionalBold","progressionTab","ui","assumed","presunto","","12","medium","","",""
"progressionTab.boostFixedProvisionalPost","progressionTab","ui"," to be fixed (activation type unconfirmed). The effect (target abilities and increase) has been cross-checked externally, but the evidence for whether this booster is blue (fixed) or gold (Power of Many) (source data for the eFHUB hexagon colour, the raw eFootball World payload, in-game measurement) has not been confirmed. ScoreBar differences alone cannot tell ""fixed +N"" apart from ""Power of Many maximum +N"". As there is no concrete evidence that it is Power of Many (conditional), it is provisionally applied as fixed in standard mode."," fisso (tipo di attivazione non confermato). L’effetto (statistiche interessate e aumento) è stato verificato con fonti esterne, ma non è confermata l’evidenza che indichi se questo booster sia blu (fisso) o oro (Power of Many) (dati di origine del colore dell’esagono su eFHUB, payload grezzo di eFootball World, misurazione nel gioco). Le differenze di ScoreBar da sole non permettono di distinguere ""fisso +N"" da ""Power of Many massimo +N"". Poiché non c’è una prova concreta che sia Power of Many (condizionale), in modalità standard viene applicato provvisoriamente come fisso.","","","medium","","",""
"progressionTab.boostIncreasePerAbility","progressionTab","ui","Increase per target ability","Aumento per statistica interessata","","","medium","","",""
"progressionTab.boostFixedSourceNote","progressionTab","ui","Name, level and effect are resolved from the individual player page on eFootball World (external community DB, not the official KONAMI site) and the definition in EFScout (external DB).","Nome, livello ed effetto sono ricavati dalla pagina del singolo giocatore su eFootball World (DB esterno della community, non il sito ufficiale KONAMI) e dalla definizione in EFScout (DB esterno).","","","medium","","",""
"progressionTab.boostUnsetNotApplied","progressionTab","ui","Not set (not applied to abilities)","Non impostato (non applicato alle statistiche)","","","medium","","",""
"progressionTab.boostUserSet","progressionTab","ui","User-set +{level}","Impostato dall’utente +{level}","","23","medium","","",""
"progressionTab.boostGoldVariable","progressionTab","accessibility","Gold, variable (depends on Game Plan)","Oro, variabile (dipende dal Piano di gioco)","","","high","","",""
"progressionTab.boostWorldId","progressionTab","ui","World booster ID {id}","ID booster World {id}","","28","medium","","",""
"progressionTab.boostMaxSummary","progressionTab","ui","Max shown +{max} / {count} target abilities ({names}{more}). ","Massimo mostrato +{max} / {count} statistiche interessate ({names}{more}). ","","","medium","","",""
"progressionTab.boostMoreStats","progressionTab","ui",", +{n} more",", altre +{n}","","15","medium","","",""
"progressionTab.boostCurrentValue","progressionTab","ui","Current: ","Attuale: ","","12","medium","","",""
"progressionTab.boostSetTier","progressionTab","ui","Set tier ▾","Imposta livello ▾","","13","medium","","",""
"progressionTab.boostClearSelection","progressionTab","ui","Clear selection","Cancella la selezione","","20","medium","","",""
"progressionTab.boostPomDialogTitle","progressionTab","ui","Set the tier for {name} (gold, variable)","Imposta il livello di {name} (oro, variabile)","","52","medium","","",""
"progressionTab.boostPomLegend","progressionTab","ui","Under KONAMI's official ""The Power of Many"", the effect changes with the number of players from the target league registered in the Game Plan (gold booster). Check your own Game Plan and choose the matching tier. It is reflected only in the {count} target abilities of {name}.","Secondo ""The Power of Many"" ufficiale di KONAMI, l’effetto cambia in base al numero di giocatori del campionato interessato registrati nel Piano di gioco (booster oro). Controlla il tuo Piano di gioco e scegli il livello corrispondente. Si riflette solo sulle {count} statistiche interessate da {name}.","","","medium","","",""
"progressionTab.boostTierNone","progressionTab","ui","Not applied (+0)","Non applicato (+0)","","21","medium","","",""
"progressionTab.boostTierTargets","progressionTab","ui","{count} target abilities +{level}","{count} statistiche interessate +{level}","","","medium","","",""
"progressionTab.boostTierUserNote","progressionTab","ui"," (user-set, not detected automatically by the app)"," (impostato dall’utente, non rilevato automaticamente dall’app)","","","medium","","",""
"progressionTab.boostPomFootnote","progressionTab","ui","Setting this does not change the ""standard final value"" (this gold booster is not applied to standard automatically). It is reflected only in the ""conditional final value"" and is not included in comparison rankings or normal team totals. Target abilities: {names}.","Questa impostazione non cambia il ""valore finale standard"" (questo booster oro non viene applicato automaticamente allo standard). Si riflette solo nel ""valore finale condizionale"" e non è incluso nelle classifiche di confronto né nei totali normali della squadra. Statistiche interessate: {names}.","","","medium","","",""
"progressionTab.boostIconFixed","progressionTab","ui","Fixed booster","Booster fisso","","17","medium","","",""
"progressionTab.boostIconPom","progressionTab","ui","Power of Many (gold, variable) booster","Booster Power of Many (oro, variabile)","","","medium","","",""
"progressionTab.boostIconLiveUpdate","progressionTab","ui","Live Update-linked booster","Booster legato al Live Update","","","medium","","",""
"progressionTab.boostIconUnresolved","progressionTab","ui","Unresolved booster","Booster non risolto","","24","medium","","",""
"progressionTab.boostIconProvisional","progressionTab","ui","Booster under verification","Booster in verifica","","","medium","","",""
"progressionTab.boostNoAttached","progressionTab","ui","This card has no booster.","Questa carta non ha booster.","","","medium","","",""
"progressionTab.boostFixedProvisionalApplied","progressionTab","ui","Fixed (assumed), applied","Fisso (presunto), applicato","","32","medium","","",""
"progressionTab.boostFixedApplied","progressionTab","ui","Fixed, applied","Fisso, applicato","","19","medium","","",""
"progressionTab.boostFixedVerifying","progressionTab","ui","Fixed, under verification","Fisso, in verifica","","","medium","","",""
"progressionTab.boostViewEffect","progressionTab","ui","View effect ▸","Vedi l’effetto ▸","","17","medium","","",""
"progressionTab.cmpOpenEditor","progressionTab","ui","Train from abilities","Progressione dalle statistiche","","26","medium","","",""
"progressionTab.cmpOpenEditorAria","progressionTab","accessibility","Train {name} from abilities","Fai progredire {name} dalle statistiche","","36","high","","",""
"progressionTab.cmpSheetTitle","progressionTab","ui","Training {name}","Progressione di {name}","","20","medium","","",""
"progressionTab.cmpSheetSubtitle","progressionTab","ui","Player {index} in this comparison. Changes apply to this player only","Giocatore {index} in questo confronto. Le modifiche valgono solo per questo giocatore","","","medium","","",""
"progressionTab.cmpClose","progressionTab","ui","Back to comparison","Torna al confronto","","24","medium","","",""
"progressionTab.cmpSwitchPlayer","progressionTab","ui","Player to edit","Giocatore da modificare","","19","medium","","",""
"progressionTab.cmpOthersHeading","progressionTab","ui","{ability} for the other players","{ability} degli altri giocatori","","41","medium","","",""
"progressionTab.cmpOthersHint","progressionTab","ui","Tap an ability to see the same ability for the other players","Tocca una statistica per vedere la stessa statistica degli altri giocatori","","","medium","","",""
"progressionTab.ruB2LegacyPom","progressionTab","ui","{name} (Power of Many; no longer offered as a B2 option)","{name} (Power of Many; non più disponibile come opzione B2)","","","medium","","",""
"progressionTab.ruB2LegacyUnconfirmed","progressionTab","ui","{name} (unconfirmed; trial only; previous selection)","{name} (non confermato; solo prova; selezione precedente)","","","high","","",""
"progressionTab.ruB2KeepAttached","progressionTab","ui","— None (attached: {booster}) —","— Nessuno (incluso: {booster}) —","","","medium","","",""
"progressionTab.ruB2KeepUnresolved","progressionTab","ui","— None (attached booster unresolved) —","— Nessuno (booster incluso non risolto) —","","","medium","","",""
"progressionTab.ruB2KeepNone","progressionTab","ui","— None (no attached booster) —","— Nessuno (nessun booster incluso) —","","","medium","","",""
"progressionTab.ruB2SlotLabel","progressionTab","ui","Slot {slot}","Slot {slot}","","15","medium","","",""
"progressionTab.ruB2SlotSelectAria","progressionTab","accessibility","Choose the additional booster (B2) for slot {slot}","Scegli il booster aggiuntivo (B2) per lo slot {slot}","","65","high","","",""
"progressionTab.ruB2LevelAria","progressionTab","accessibility","Level of the additional booster (B2) in slot {slot}","Livello del booster aggiuntivo (B2) nello slot {slot}","","67","high","","",""
"progressionTab.ruB2ConfirmedGroup","progressionTab","ui","Confirmed (applied normally)","Confermati (applicati normalmente)","","","high","","",""
"progressionTab.ruB2Clear","progressionTab","ui","Remove B2","Rimuovi B2","","12","medium","","",""
"progressionTab.ruB2Active","progressionTab","ui","Currently applied","Applicato ora","","23","medium","","",""
"progressionTab.ruB2LegacyNote","progressionTab","ui","Unconfirmed, so it is not reflected in the normal final value (trial final value only). Choose ""None"" or switch to a confirmed option.","Non confermato, quindi non si riflette nel valore finale normale (solo valore finale di prova). Scegli ""Nessuno"" o passa a un’opzione confermata.","","","medium","","",""
"progressionTab.ruB2AppliedConfirmed","progressionTab","ui","Confirmed; applied","Confermato; applicato","","24","high","","",""
"progressionTab.ruB2AppliedTrial","progressionTab","ui","Trial only (unconfirmed)","Solo prova (non confermato)","","32","medium","","",""
"progressionTab.ruB2AppliedEffect","progressionTab","ui","+{level} each to {stats}","+{level} ciascuna a {stats}","","32","medium","","",""
"progressionTab.ruB2ClearAll","progressionTab","ui","Remove all additional boosters (B2)","Rimuovi tutti i booster aggiuntivi (B2)","","","medium","","",""
"progressionTab.ruB2Footer","progressionTab","ui","Choosing a confirmed B2 immediately updates the affected stats, normal final values, comparison rankings and team totals.","Scegliendo un B2 confermato si aggiornano subito le statistiche interessate, i valori finali normali, le classifiche di confronto e i totali della squadra.","","","medium","","",""
"progressionTab.ruModeConfirmed","progressionTab","ui","Confirmed (base values only)","Confermato (solo valori base)","","","high","","",""
"progressionTab.ruModeProvisional","progressionTab","ui","Under verification (using provisional rules)","In verifica (con regole provvisorie)","","","medium","","",""
"progressionTab.ruModeUnsupported","progressionTab","ui","Unsupported","Non supportato","","15","medium","","",""
"progressionTab.ruRulesVersion","progressionTab","ui","Rules: {version}","Regole: {version}","","21","medium","","",""
"progressionTab.ruLegacyMigrated","progressionTab","ui","Showing an allocation migrated from the old rules","Viene mostrata una distribuzione migrata dalle regole vecchie","","","medium","","",""
"progressionTab.ruCapsHeading","progressionTab","ui","Stat caps:","Limiti delle statistiche:","","13","medium","","",""
"progressionTab.ruCapBase","progressionTab","ui","Base {value} (","Base {value} (","","19","medium","","",""
"progressionTab.ruCapProgression","progressionTab","ui","After progression {value} (","Dopo la progressione {value} (","","","medium","","",""
"progressionTab.ruCapBooster","progressionTab","ui","After boosters {value} (","Dopo i booster {value} (","","32","medium","","",""
"progressionTab.ruCapFinal","progressionTab","ui","Final {value} (","Finale {value} (","","20","medium","","",""
"progressionTab.ruCapClose","progressionTab","ui",")",")","","12","medium","","",""
"progressionTab.ruCapConfirmed","progressionTab","ui","confirmed","confermato","","12","high","","",""
"progressionTab.ruCapUnconfirmed","progressionTab","ui","unconfirmed","non confermato","","15","high","","",""
"progressionTab.ruCapUnconfirmedClamp","progressionTab","ui","unconfirmed; provisional clamp","non confermato; limite provvisorio","","","high","","",""
"progressionTab.ruShowRuleStatus","progressionTab","ui","Show rule confirmation status","Mostra lo stato di conferma delle regole","","","medium","","",""
"progressionTab.ruListConfirmed","progressionTab","ui","Confirmed","Confermato","","12","high","","",""
"progressionTab.ruListProvisional","progressionTab","ui","Likely but not confirmed (under verification)","Probabile ma non confermato (in verifica)","","","medium","","",""
"progressionTab.ruListUnresolved","progressionTab","ui","Unconfirmed / under further investigation","Non confermato / in ulteriore verifica","","","medium","","",""
"progressionTab.ruPbHeading","progressionTab","ui","Player boosters","Booster del giocatore","","20","medium","","",""
"progressionTab.ruPbModeHeading","progressionTab","ui","Booster application mode","Modalità di applicazione dei booster","","32","medium","","",""
"progressionTab.ruPbModeStrictLabel","progressionTab","ui","Strict mode","Modalità rigorosa","","15","medium","","",""
"progressionTab.ruPbModeStrictDesc","progressionTab","ui","Applies only boosters whose changes were confirmed directly from saved screenshots. This does not mean they were confirmed on KONAMI's official game screens. The criterion for applying is evidence of the effect (affected stats and increase); evidence of the activation type (fixed / Power of Many) is not required.","Applica solo i booster le cui modifiche sono state confermate direttamente da screenshot salvati. Non significa che siano state confermate sulle schermate ufficiali del gioco KONAMI. Il criterio di applicazione è l’evidenza dell’effetto (statistiche interessate e aumento); non è richiesta l’evidenza del tipo di attivazione (fisso / Power of Many).","","","medium","","",""
"progressionTab.ruPbModeStandardLabel","progressionTab","ui","Standard mode (default)","Modalità standard (predefinita)","","30","medium","","",""
"progressionTab.ruPbModeStandardDesc","progressionTab","ui","In addition to the above, applies boosters whose effects match across two external sources (eFootball World and EFScout) with no counterexamples across multiple cards. These are not values confirmed as KONAMI's official calculation results. The criterion for applying is cross-checking the effect, regardless of activation type. Boosters lacking evidence of their activation type are provisionally applied as fixed, since there is no concrete evidence that they are Power of Many (conditional) (""externally cross-checked; includes fixed-type estimates"").","Oltre a quanto sopra, applica i booster i cui effetti coincidono tra due fonti esterne (eFootball World ed EFScout) senza controesempi su più carte. Non sono valori confermati come risultati di calcolo ufficiali di KONAMI. Il criterio di applicazione è la verifica incrociata dell’effetto, indipendentemente dal tipo di attivazione. I booster senza evidenza del tipo di attivazione vengono applicati provvisoriamente come fissi, poiché non c’è una prova concreta che siano Power of Many (condizionali) (""verificati con fonti esterne; include stime di tipo fisso"").","","","medium","","",""
"progressionTab.ruPbModeExperimentalLabel","progressionTab","ui","Experimental mode","Modalità sperimentale","","23","medium","","",""
"progressionTab.ruPbModeExperimentalDesc","progressionTab","ui","In addition to standard mode, shows attached boosters under verification and manual trials separately as the ""trial final value"" (the normal final value does not change). You must accept a warning before enabling it.","Oltre alla modalità standard, mostra a parte i booster inclusi in verifica e le prove manuali come ""valore finale di prova"" (il valore finale normale non cambia). Per attivarla devi accettare un avviso.","","","medium","","",""
"progressionTab.ruPbStandardNote","progressionTab","ui","Standard mode: includes high-confidence values whose effects were cross-checked between external databases (""externally cross-checked; includes fixed-type estimates""). These are not values confirmed as KONAMI's official calculation results. The criterion for applying is cross-checking the effect, regardless of activation type. Boosters lacking evidence of their activation type are provisionally applied as fixed, since there is no concrete evidence that they are Power of Many (conditional).","Modalità standard: include valori ad alta affidabilità i cui effetti sono stati verificati tra database esterni (""verificati con fonti esterne; include stime di tipo fisso""). Non sono valori confermati come risultati di calcolo ufficiali di KONAMI. Il criterio di applicazione è la verifica incrociata dell’effetto, indipendentemente dal tipo di attivazione. I booster senza evidenza del tipo di attivazione vengono applicati provvisoriamente come fissi, poiché non c’è una prova concreta che siano Power of Many (condizionali).","","","medium","","",""
"progressionTab.ruPbDetailsHeading","progressionTab","ui","Effect details and verification","Dettagli dell’effetto e verifica","","41","medium","","",""
"progressionTab.ruPbDetailsBody","progressionTab","ui","Select or remove B1 (card-attached booster) and B2 (additional booster) as usual directly below the progression points display (this card's summary). Unconfirmed or past trial values and Power of Many (conditional booster) compatibility details are also shown there.","Scegli o rimuovi B1 (booster incluso nella carta) e B2 (booster aggiuntivo) come al solito, subito sotto i punti progressione (il riepilogo di questa carta). Lì vengono mostrati anche i valori di prova non confermati o precedenti e i dettagli di compatibilità di Power of Many (booster condizionale).","","","medium","","",""
"progressionTab.ruPbSourceNote","progressionTab","ui","Attached booster names, levels and effects come from individual player pages on eFootball World (an external community DB, not KONAMI's official site) and definitions from EFScout (an external DB). Only ball-carrying / attack starter had their affected stats and increases confirmed directly from user-saved screenshots. No fictional increases are generated from unconfirmed values.","Nomi, livelli ed effetti dei booster inclusi provengono dalle pagine dei singoli giocatori su eFootball World (DB esterno della community, non il sito ufficiale KONAMI) e dalle definizioni di EFScout (DB esterno). Solo per conduzione palla / avvio dell’attacco le statistiche interessate e gli aumenti sono stati confermati direttamente da screenshot salvati dagli utenti. Non vengono generati aumenti fittizi da valori non confermati.","","","medium","","",""
"progressionTab.ruExWarning","progressionTab","ui","Includes booster effects under verification in the trial. The stats shown are not official in-game values. They are kept separate from the confirmed values of the normal mode.","Include nella prova effetti di booster in verifica. Le statistiche mostrate non sono valori ufficiali del gioco. Sono tenute separate dai valori confermati della modalità normale.","","","high","","",""
"progressionTab.ruExActive","progressionTab","ui","Verification mode (experimental booster trial) is on.","La modalità verifica (prova sperimentale dei booster) è attiva.","","","medium","","",""
"progressionTab.ruExDisable","progressionTab","ui","Turn off verification mode","Disattiva la modalità verifica","","","medium","","",""
"progressionTab.ruExOpen","progressionTab","ui","Open experimental booster trial (verification mode)","Apri la prova sperimentale dei booster (modalità verifica)","","","medium","","",""
"progressionTab.ruExModalTitle","progressionTab","ui","Enable verification mode?","Attivare la modalità verifica?","","33","medium","","",""
"progressionTab.ruExBullet1","progressionTab","ui","The normal-mode final values (confirmed values) do not change. Trial values are shown in a separate column (trial final).","I valori finali della modalità normale (valori confermati) non cambiano. I valori di prova sono mostrati in una colonna separata (finale di prova).","","","medium","","",""
"progressionTab.ruExBullet2","progressionTab","ui","Attached boosters under verification and manually chosen trial boosters are added to the trial.","I booster inclusi in verifica e i booster di prova scelti manualmente vengono aggiunti alla prova.","","","medium","","",""
"progressionTab.ruExBullet3","progressionTab","ui","Reloading the page turns verification mode back OFF.","Ricaricando la pagina la modalità verifica torna su OFF.","","","medium","","",""
"progressionTab.ruExBullet4","progressionTab","ui","It is not automatically applied to share URLs or the whole squad.","Non viene applicata automaticamente agli URL condivisi né all’intera rosa.","","","medium","","",""
"progressionTab.ruExCancel","progressionTab","ui","Cancel","Annulla","","12","medium","","",""
"progressionTab.ruExAgree","progressionTab","ui","Agree and enable","Accetta e attiva","","21","medium","","",""
"progressionTab.ruGrMax","progressionTab","ui","Max","Max","","12","medium","","",""
"progressionTab.ruGrNextCost","progressionTab","ui","Next +1: {cost}pt","Prossimo +1: {cost} pt","","23","medium","","",""
"progressionTab.ruGrConfirmed","progressionTab","ui","confirmed","confermato","","12","high","","",""
"progressionTab.ruGrStatsProvisional","progressionTab","ui","affected stats under verification","statistiche interessate in verifica","","","medium","","",""
"progressionTab.ruGrTargets","progressionTab","ui","Affects: {stats}","Interessa: {stats}","","21","medium","","",""
"progressionTab.ruGrDecAria","progressionTab","accessibility","Lower {name} level","Abbassa il livello di {name}","","24","high","","",""
"progressionTab.ruGrIncAria","progressionTab","accessibility","Raise {name} level","Alza il livello di {name}","","24","high","","",""
"progressionTab.ruGrConsumed","progressionTab","ui","Used: {points}pt","Usati: {points} pt","","21","medium","","",""
"progressionTab.ruGrMaxReached","progressionTab","ui","Max reached","Massimo raggiunto","","15","medium","","",""
"progressionTab.ruGrMaxLevel","progressionTab","ui","Max Lv{level}","Liv. max {level}","","17","medium","","",""
"managerDetail.unavailableTitle","managerDetail","ui","Manager data is unavailable","Dati dell'allenatore non disponibili","","36","medium","","",""
"managerDetail.backToList","managerDetail","ui","Back to managers","Torna agli allenatori","","21","medium","","",""
"managerDetail.releaseBadgeTemplate","managerDetail","ui","Released {date}","Uscito il {date}","","20","medium","","",""
"managerDetail.unknown","managerDetail","ui","Unknown","Sconosciuto","","12","medium","","",""
"managerDetail.sourceBadgeTemplate","managerDetail","ui","Source {id}","Fonte {id}","","15","medium","","",""
"managerDetail.bestTactic","managerDetail","ui","Best tactic","Tattica migliore","","15","medium","","",""
"managerDetail.proficiencyTitle","managerDetail","ui","Tactical proficiency","Competenza tattica","","26","medium","","",""
"managerDetail.proficiencyHint","managerDetail","ui","Values, bars and rank, not color alone","Valori, barre e grado, non solo il colore","","","medium","","",""
"managerDetail.boosterTitle","managerDetail","ui","Manager boosters","Booster dell'allenatore","","21","medium","","",""
"managerDetail.boosterConfirmed","managerDetail","ui","Confirmed by multiple sources","Confermato da più fonti","","","high","","",""
"managerDetail.boosterUnconfirmed","managerDetail","ui","Effect unconfirmed","Effetto non confermato","","24","high","","",""
"managerDetail.boosterUnconditional","managerDetail","ui","Unconditional","Incondizionato","","17","medium","","",""
"managerDetail.boosterKeyUnmapped","managerDetail","ui"," · key not mapped"," · chiave non mappata","","23","medium","","",""
"managerDetail.boosterNone","managerDetail","ui","This manager has no ability boosters.","Questo allenatore non ha booster delle statistiche.","","","medium","","",""
"managerDetail.boosterNote","managerDetail","ui","Only confirmed boosters are applied to ability values in progression, comparison and squads. Whether they apply before or after progression is unconfirmed.","Solo i booster confermati vengono applicati ai valori delle statistiche in progressione, confronto e rose. Non è confermato se si applichino prima o dopo la progressione.","","","medium","","",""
"managerDetail.linkUpHint","managerDetail","ui","Activation conditions are being verified; not applied to ability values","Condizioni di attivazione in verifica; non applicate ai valori delle statistiche","","","medium","","",""
"managerDetail.centerPieceLabel","managerDetail","ui","Center Piece condition","Condizione Center Piece","","29","medium","","",""
"managerDetail.keyManLabel","managerDetail","ui","Key Man condition","Condizione Key Man","","23","medium","","",""
"managerDetail.linkUpNone","managerDetail","ui","This manager has no Link-Up Play.","Questo allenatore non ha Link-Up Play.","","","medium","","",""
"managerDetail.notInSourceTitle","managerDetail","ui","Not in the source (under investigation)","Non presente nella fonte (in verifica)","","51","medium","","",""
"managerDetail.notInSourceValue","managerDetail","ui","Under investigation","In verifica","","25","medium","","",""
"managerDetail.labelAge","managerDetail","ui","Age","Età","","12","medium","","",""
"managerDetail.labelNationality","managerDetail","ui","Nationality","Nazionalità","","15","medium","","",""
"managerDetail.labelTeam","managerDetail","ui","Team","Squadra","","12","medium","","",""
"managerDetail.labelRating","managerDetail","ui","Manager rating","Valutazione allenatore","","19","medium","","",""
"managerDetail.labelFormation","managerDetail","ui","Formation","Modulo","","12","medium","","",""
"managerDetail.dataSourceTemplate","managerDetail","ui","Data: {source} / Fetched: {fetchedAt}","Dati: {source} / Recuperati: {fetchedAt}","","","medium","","",""
"managerDetail.openSource","managerDetail","ui","Open source","Apri fonte","","15","medium","","",""
"squadCompareBoard.pageTitle","squadCompareBoard","metadata","Squad comparison","Confronto rose","","21","medium","","",""
"squadCompareBoard.pageDescription","squadCompareBoard","metadata","Choose 2 saved squads and compare their formation, placement, starters/bench, manager, captain, set pieces, saved builds, boosters, average abilities, shared skills and warnings side by side. This is read-only and does not change your squads. The pair is restored from the URL (?a=&b=).","Scegli 2 rose salvate e confronta fianco a fianco modulo, posizionamento, titolari/panchina, allenatore, capitano, calci piazzati, build salvate, booster, statistiche medie, abilità comuni e avvisi. È in sola lettura e non modifica le tue rose. La coppia viene ripristinata dall’URL (?a=&b=).","","","medium","","",""
"squadCompareBoard.pageBackLabel","squadCompareBoard","ui","Squad list","Elenco rose","","13","medium","","",""
"squadCompareBoard.pageLoading","squadCompareBoard","ui","Loading…","Caricamento…","","12","medium","","",""
"squadCompareBoard.startersBenchValueTemplate","squadCompareBoard","ui","{starters}/11 · {bench}","{starters}/11 · {bench}","","30","medium","","",""
"squadCompareBoard.tabOverview","squadCompareBoard","ui","Overview","Panoramica","","12","medium","","",""
"squadCompareBoard.tabShape","squadCompareBoard","ui","Placement","Posizioni","","12","medium","","",""
"squadCompareBoard.tabPlayers","squadCompareBoard","ui","Players","Giocatori","","12","medium","","",""
"squadCompareBoard.tabMetrics","squadCompareBoard","ui","Abilities","Statistiche","","12","medium","","",""
"squadCompareBoard.tabRoles","squadCompareBoard","ui","Roles","Ruoli","","12","medium","","",""
"squadCompareBoard.tabBoosters","squadCompareBoard","ui","Boosters","Booster","","12","medium","","",""
"squadCompareBoard.tabSkills","squadCompareBoard","ui","Skills / suitability","Abilità / idoneità","","26","medium","","",""
"squadCompareBoard.tabWarnings","squadCompareBoard","ui","Warnings","Avvisi","","12","high","","",""
"squadCompareBoard.cardFallbackTemplate","squadCompareBoard","ui","Card {id}","Carta {id}","","12","medium","","",""
"squadCompareBoard.selectorAriaTemplate","squadCompareBoard","accessibility","Squad for {label}","Rosa per {label}","","23","high","","",""
"squadCompareBoard.selectPlaceholder","squadCompareBoard","ui","Select a squad…","Scegli una rosa…","","20","medium","","",""
"squadCompareBoard.optionTemplate","squadCompareBoard","ui","{name} ({formation} / {starters} starters / {bench} bench / {manager}{custom})","{name} ({formation} / {starters} titolari / {bench} in panchina / {manager}{custom})","","","medium","","",""
"squadCompareBoard.managerYes","squadCompareBoard","ui","with manager","con allenatore","","16","medium","","",""
"squadCompareBoard.managerNo","squadCompareBoard","ui","no manager","senza allenatore","","13","medium","","",""
"squadCompareBoard.customSuffix","squadCompareBoard","ui"," / custom placement"," / posizionamento personalizzato","","25","medium","","",""
"squadCompareBoard.updatedTemplate","squadCompareBoard","ui","Updated {date}","Aggiornata il {date}","","19","medium","","",""
"squadCompareBoard.open","squadCompareBoard","ui","Open","Apri","","12","medium","","",""
"squadCompareBoard.clearSelection","squadCompareBoard","ui","Clear selection","Annulla selezione","","20","medium","","",""
"squadCompareBoard.backToList","squadCompareBoard","ui","← Back to squads","← Torna alle rose","","21","medium","","",""
"squadCompareBoard.storageUnavailable","squadCompareBoard","ui","Squads cannot be saved or compared in this environment (localStorage unavailable, private mode, etc.).","In questo ambiente le rose non possono essere salvate né confrontate (localStorage non disponibile, modalità privata, ecc.).","","","medium","","",""
"squadCompareBoard.sideA","squadCompareBoard","ui","Squad A","Rosa A","","12","medium","","",""
"squadCompareBoard.sideB","squadCompareBoard","ui","Squad B","Rosa B","","12","medium","","",""
"squadCompareBoard.swapAria","squadCompareBoard","accessibility","Swap squads A and B","Scambia le rose A e B","","25","high","","",""
"squadCompareBoard.swap","squadCompareBoard","ui","⇄ Swap","⇄ Scambia","","12","medium","","",""
"squadCompareBoard.clearComparison","squadCompareBoard","ui","Clear comparison","Azzera confronto","","21","medium","","",""
"squadCompareBoard.urlNote","squadCompareBoard","ui","The comparison URL refers to squads saved in this browser. Other devices may not show the same squads.","L’URL del confronto si riferisce alle rose salvate in questo browser. Su altri dispositivi le stesse rose potrebbero non essere visibili.","","","medium","","",""
"squadCompareBoard.dupParams","squadCompareBoard","ui","The URL repeats a parameter. Only the first value is used.","L’URL ripete un parametro. Viene usato solo il primo valore.","","","medium","","",""
"squadCompareBoard.needTwo","squadCompareBoard","ui","You need at least 2 saved squads to compare.","Servono almeno 2 rose salvate per il confronto.","","","medium","","",""
"squadCompareBoard.createNew","squadCompareBoard","ui","Create a new squad","Crea una nuova rosa","","24","medium","","",""
"squadCompareBoard.createFromTemplate","squadCompareBoard","ui","Create from a template","Crea da un modello","","29","medium","","",""
"squadCompareBoard.toList","squadCompareBoard","ui","Squad list","Elenco rose","","13","medium","","",""
"squadCompareBoard.sameSquad","squadCompareBoard","ui","A squad cannot be compared with itself.","Una rosa non può essere confrontata con se stessa.","","","medium","","",""
"squadCompareBoard.notFound","squadCompareBoard","ui","The selected squad was not found (deleted or an unknown ID).","La rosa scelta non è stata trovata (eliminata o ID sconosciuto).","","","medium","","",""
"squadCompareBoard.andSeparator","squadCompareBoard","ui"," and "," e ","","12","medium","","",""
"squadCompareBoard.reselectTemplate","squadCompareBoard","ui","Please select {sides} again.","Scegli di nuovo {sides}.","","","medium","","",""
"squadCompareBoard.selectTwo","squadCompareBoard","ui","Select 2 squads to compare.","Scegli 2 rose da confrontare.","","","medium","","",""
"squadCompareBoard.selectOther","squadCompareBoard","ui","Select one more squad.","Scegli un’altra rosa.","","29","medium","","",""
"squadCompareBoard.loadingAll","squadCompareBoard","ui","Loading squads and player data…","Caricamento delle rose e dei dati dei giocatori…","","","medium","","",""
"squadCompareBoard.externalUpdate","squadCompareBoard","ui","A squad was updated in another tab. The comparison may be out of date.","Una rosa è stata aggiornata in un’altra scheda. Il confronto potrebbe non essere aggiornato.","","","medium","","",""
"squadCompareBoard.reload","squadCompareBoard","ui","Reload","Ricarica","","12","medium","","",""
"squadCompareBoard.loadingCards","squadCompareBoard","ui","Loading player data…","Caricamento dei dati dei giocatori…","","26","medium","","",""
"squadCompareBoard.diffOnly","squadCompareBoard","ui","Show differences only","Mostra solo le differenze","","28","medium","","",""
"squadCompareBoard.retryLater","squadCompareBoard","ui","Please reload later.","Ricarica più tardi.","","26","medium","","",""
"squadCompareBoard.commonCards","squadCompareBoard","ui","Common cards","Carte in comune","","16","medium","","",""
"squadCompareBoard.onlyATemplate","squadCompareBoard","ui","Only A {n}","Solo A {n}","","13","medium","","",""
"squadCompareBoard.onlyBTemplate","squadCompareBoard","ui","Only B {n}","Solo B {n}","","13","medium","","",""
"squadCompareBoard.noAutoVerdict","squadCompareBoard","ui","Squads are not ranked automatically. Values are listed as A / B / difference.","Le rose non vengono classificate automaticamente. I valori sono elencati come A / B / differenza.","","","medium","","",""
"squadCompareBoard.formation","squadCompareBoard","ui","Formation","Modulo","","12","medium","","",""
"squadCompareBoard.customParen","squadCompareBoard","ui"," (custom placement)"," (posizionamento personalizzato)","","25","medium","","",""
"squadCompareBoard.startersBench","squadCompareBoard","ui","Starters / bench","Titolari / panchina","","21","medium","","",""
"squadCompareBoard.manager","squadCompareBoard","ui","Manager","Allenatore","","12","medium","","",""
"squadCompareBoard.loadingParen","squadCompareBoard","ui","(loading)","(caricamento)","","12","medium","","",""
"squadCompareBoard.none","squadCompareBoard","ui","None","Nessuno","","12","medium","","",""
"squadCompareBoard.captain","squadCompareBoard","ui","Captain","Capitano","","12","medium","","",""
"squadCompareBoard.notSet","squadCompareBoard","ui","Not set","Non impostato","","12","medium","","",""
"squadCompareBoard.parenTemplate","squadCompareBoard","ui"," ({v})"," ({v})","","12","medium","","",""
"squadCompareBoard.updated","squadCompareBoard","ui","Updated","Aggiornata","","12","medium","","",""
"squadCompareBoard.warningCount","squadCompareBoard","ui","Warnings","Avvisi","","12","high","","",""
"squadCompareBoard.zonesTemplate","squadCompareBoard","ui","Left {left} / Center {center} / Right {right}","Sinistra {left} / Centro {center} / Destra {right}","","","medium","","",""
"squadCompareBoard.customYes","squadCompareBoard","ui","Custom placement","Posizionamento personalizzato","","21","medium","","",""
"squadCompareBoard.presetPlacement","squadCompareBoard","ui","Preset placement","Posizionamento predefinito","","21","medium","","",""
"squadCompareBoard.sameFormation","squadCompareBoard","ui","Same formation ID.","Stesso ID di modulo.","","24","medium","","",""
"squadCompareBoard.differentFormation","squadCompareBoard","ui","Different formation IDs.","ID di modulo diversi.","","32","medium","","",""
"squadCompareBoard.roleBreakdownSame","squadCompareBoard","ui"," The FW/MF/DF/GK counts are the same (see the mini pitches for coordinates)."," Il numero di FW/MF/DF/GK è uguale (vedi i mini campi per le coordinate).","","","medium","","",""
"squadCompareBoard.zonesFact","squadCompareBoard","ui"," Left/right balance and central counts are listed as facts (not evaluated)."," Equilibrio sinistra/destra e numero al centro sono riportati come fatti (non valutati).","","","medium","","",""
"squadCompareBoard.keyMetrics","squadCompareBoard","ui","Key metrics","Metriche principali","","15","medium","","",""
"squadCompareBoard.noMetricDiff","squadCompareBoard","ui","No metrics differ.","Nessuna metrica diversa.","","24","medium","","",""
"squadCompareBoard.metric","squadCompareBoard","ui","Metric","Metrica","","12","medium","","",""
"squadCompareBoard.diffHeader","squadCompareBoard","ui","Diff (A−B)","Diff. (A−B)","","13","medium","","",""
"squadCompareBoard.lowerIsCalmer","squadCompareBoard","ui","(lower is safer)","(più basso è più sicuro)","","21","medium","","",""
"squadCompareBoard.notesSummary","squadCompareBoard","ui","Notes on averages and comparison","Note su medie e confronto","","","medium","","",""
"squadCompareBoard.placementDiffTitle","squadCompareBoard","ui","Placement differences of common cards (starters)","Differenze di posizionamento delle carte in comune (titolari)","","63","medium","","",""
"squadCompareBoard.noPlacementDiff","squadCompareBoard","ui","No placement differences among common starters.","Nessuna differenza di posizionamento tra i titolari in comune.","","","medium","","",""
"squadCompareBoard.roleChangeTemplate","squadCompareBoard","ui","Changed: {a} → {b} · ","Cambiato: {a} → {b} · ","","28","medium","","",""
"squadCompareBoard.coordDiffTemplate","squadCompareBoard","ui","x diff {dx} / y diff {dy} (normalized coordinates)","diff. x {dx} / diff. y {dy} (coordinate normalizzate)","","","medium","","",""
"squadCompareBoard.noAreaChange","squadCompareBoard","ui","No starter/bench swaps.","Nessuno scambio titolari/panchina.","","30","medium","","",""
"squadCompareBoard.areaChangeTitle","squadCompareBoard","ui","Starter / bench changes (common cards)","Cambi titolari / panchina (carte in comune)","","50","medium","","",""
"squadCompareBoard.fetchFailed","squadCompareBoard","ui","Failed to load","Caricamento non riuscito","","19","high","","",""
"squadCompareBoard.registeredTemplate","squadCompareBoard","ui","Registered {pos}","Registrato {pos}","","21","medium","","",""
"squadCompareBoard.placementSuffixTemplate","squadCompareBoard","ui"," / placement {role}"," / posizione {role}","","25","medium","","",""
"squadCompareBoard.benchSuffix","squadCompareBoard","ui"," / bench"," / panchina","","12","medium","","",""
"squadCompareBoard.ovrTemplate","squadCompareBoard","ui","Displayed OVR {shown} / base OVR {base}","OVR mostrato {shown} / OVR base {base}","","","medium","","",""
"squadCompareBoard.buildSuffixTemplate","squadCompareBoard","ui"," / build “{name}”"," / build “{name}”","","23","medium","","",""
"squadCompareBoard.pomConditional","squadCompareBoard","ui","PoM/condition set","PoM/condizione impostati","","23","medium","","",""
"squadCompareBoard.playerDetail","squadCompareBoard","ui","Player details","Dettagli giocatore","","19","medium","","",""
"squadCompareBoard.progression","squadCompareBoard","ui","Progression","Progressione","","15","medium","","",""
"squadCompareBoard.startersBothTemplate","squadCompareBoard","ui","Starters — in both ({n})","Titolari — in entrambe ({n})","","32","medium","","",""
"squadCompareBoard.noStarterSettingDiff","squadCompareBoard","ui","No common starters with different settings.","Nessun titolare in comune con impostazioni diverse.","","","medium","","",""
"squadCompareBoard.noCommonStarters","squadCompareBoard","ui","No common starters.","Nessun titolare in comune.","","25","medium","","",""
"squadCompareBoard.notePlacementTemplate","squadCompareBoard","ui","Placement {a}→{b}","Posizione {a}→{b}","","23","medium","","",""
"squadCompareBoard.noteArea","squadCompareBoard","ui","Starter↔bench","Titolare↔panchina","","17","medium","","",""
"squadCompareBoard.noteBuildMode","squadCompareBoard","ui","Different build mode","Modalità build diversa","","26","medium","","",""
"squadCompareBoard.noteSavedBuild","squadCompareBoard","ui","Different saved build","Build salvata diversa","","28","medium","","",""
"squadCompareBoard.noteCaptain","squadCompareBoard","ui","Different captain","Capitano diverso","","23","medium","","",""
"squadCompareBoard.noteSetPiece","squadCompareBoard","ui","Different set pieces","Calci piazzati diversi","","26","medium","","",""
"squadCompareBoard.notePom","squadCompareBoard","ui","Different Power of Many selection","Selezione Power of Many diversa","","","medium","","",""
"squadCompareBoard.startersOnlyATemplate","squadCompareBoard","ui","Starters — only A ({n})","Titolari — solo A ({n})","","30","medium","","",""
"squadCompareBoard.startersOnlyBTemplate","squadCompareBoard","ui","Starters — only B ({n})","Titolari — solo B ({n})","","30","medium","","",""
"squadCompareBoard.sameNameTitle","squadCompareBoard","ui","Same name, different card","Stesso nome, carta diversa","","33","medium","","",""
"squadCompareBoard.sameNameNote","squadCompareBoard","ui","Different worldCardIds are not treated as common cards (there is no confirmed player identifier, so they are listed as same name, different card).","worldCardId diversi non sono considerati carte in comune (non esiste un identificatore del giocatore confermato, quindi sono elencati come stesso nome, carta diversa).","","","medium","","",""
"squadCompareBoard.cardOfA","squadCompareBoard","ui","Card in A","Carta in A","","12","medium","","",""
"squadCompareBoard.cardOfB","squadCompareBoard","ui","Card in B","Carta in B","","12","medium","","",""
"squadCompareBoard.benchTitleTemplate","squadCompareBoard","ui","Bench (A {a} / B {b})","Panchina (A {a} / B {b})","","28","medium","","",""
"squadCompareBoard.benchOrderNote","squadCompareBoard","ui","The bench order differs (order is not a ranking).","L’ordine della panchina è diverso (l’ordine non è una classifica).","","","medium","","",""
"squadCompareBoard.commonWithB","squadCompareBoard","ui","Shared with B","In comune con B","","17","medium","","",""
"squadCompareBoard.onlyABench","squadCompareBoard","ui","Only on A's bench","Solo nella panchina di A","","23","medium","","",""
"squadCompareBoard.onlyBBench","squadCompareBoard","ui","Only on B's bench","Solo nella panchina di B","","23","medium","","",""
"squadCompareBoard.starterBenchChange","squadCompareBoard","ui","Starter↔bench changes","Cambi titolare↔panchina","","28","medium","","",""
"squadCompareBoard.partialFetchFail","squadCompareBoard","ui","Some player data could not be retrieved (listed in the Warnings tab). Saved worldCardIds are kept.","Alcuni dati dei giocatori non sono stati recuperati (elencati nella scheda Avvisi). I worldCardId salvati vengono mantenuti.","","","medium","","",""
"squadCompareBoard.avgMetrics","squadCompareBoard","ui","Averages and metrics","Medie e metriche","","26","medium","","",""
"squadCompareBoard.categoryAvgTitle","squadCompareBoard","ui","Category averages (simple averages)","Medie per categoria (medie semplici)","","46","medium","","",""
"squadCompareBoard.noCategoryDiff","squadCompareBoard","ui","No categories differ.","Nessuna categoria diversa.","","28","medium","","",""
"squadCompareBoard.diff","squadCompareBoard","ui","Diff","Diff.","","12","medium","","",""
"squadCompareBoard.suitability","squadCompareBoard","ui","Suitability","Idoneità","","15","medium","","",""
"squadCompareBoard.exactTemplate","squadCompareBoard","ui","Matches registered position {n}","Corrisponde al ruolo registrato {n}","","","medium","","",""
"squadCompareBoard.unresolvedTemplate","squadCompareBoard","ui","Suitability unconfirmed {n}","Idoneità non confermata {n}","","","medium","","",""
"squadCompareBoard.mismatchTemplate","squadCompareBoard","ui","Possibly unsuited {n}","Forse non idonei {n}","","28","medium","","",""
"squadCompareBoard.suitabilityNote","squadCompareBoard","ui","Secondary-position suitability data is not included. More suitability is not judged better automatically. Position-specific OVR is not estimated.","I dati di idoneità ai ruoli secondari non sono inclusi. Più idoneità non significa automaticamente meglio. L’OVR per ruolo non viene stimato.","","","medium","","",""
"squadCompareBoard.stateSame","squadCompareBoard","ui","Same","Uguale","","12","medium","","",""
"squadCompareBoard.stateDifferent","squadCompareBoard","ui","Different","Diverso","","12","medium","","",""
"squadCompareBoard.stateOnlyA","squadCompareBoard","ui","Only A","Solo A","","12","medium","","",""
"squadCompareBoard.stateOnlyB","squadCompareBoard","ui","Only B","Solo B","","12","medium","","",""
"squadCompareBoard.stateNeither","squadCompareBoard","ui","Neither","Nessuna","","12","medium","","",""
"squadCompareBoard.managerTitleTemplate","squadCompareBoard","ui","Manager ({state})","Allenatore ({state})","","23","medium","","",""
"squadCompareBoard.boosterDeltaTemplate","squadCompareBoard","ui","managerBoosterDelta total {n}","Totale managerBoosterDelta {n}","","","medium","","",""
"squadCompareBoard.confirmedTemplate","squadCompareBoard","ui","Confirmed: {list}","Confermati: {list}","","23","high","","",""
"squadCompareBoard.noConfirmedManagerBoosters","squadCompareBoard","ui","No confirmed manager boosters","Nessun booster dell’allenatore confermato","","","high","","",""
"squadCompareBoard.noManagerImage","squadCompareBoard","ui","Manager images are not shown.","Le immagini degli allenatori non vengono mostrate.","","","medium","","",""
"squadCompareBoard.captainTitleTemplate","squadCompareBoard","ui","Captain ({state})","Capitano ({state})","","23","medium","","",""
"squadCompareBoard.nameRoleTemplate","squadCompareBoard","ui","{name} ({role})","{name} ({role})","","20","medium","","",""
"squadCompareBoard.captainNote","squadCompareBoard","ui","The captain is compared as role information (no ability effect is added).","Il capitano viene confrontato come informazione di ruolo (nessun effetto sulle statistiche).","","","medium","","",""
"squadCompareBoard.setPieceTitle","squadCompareBoard","ui","Set-piece takers","Battitori dei calci piazzati","","21","medium","","",""
"squadCompareBoard.kind","squadCompareBoard","ui","Type","Tipo","","12","medium","","",""
"squadCompareBoard.verdict","squadCompareBoard","ui","Status","Stato","","12","medium","","",""
"squadCompareBoard.setPieceNote","squadCompareBoard","ui","Only the existing keys (CK / FK / PK) are compared. Left/right FK and short FK are not handled.","Vengono confrontate solo le chiavi esistenti (CK / FK / PK). FK sinistro/destro e FK corto non sono gestiti.","","","medium","","",""
"squadCompareBoard.linkUpTitleTemplate","squadCompareBoard","ui","Link-Up ({state})","Link-Up ({state})","","23","medium","","",""
"squadCompareBoard.linkUpSet","squadCompareBoard","ui","Link-Up set","Link-Up impostato","","15","medium","","",""
"squadCompareBoard.notConfigured","squadCompareBoard","ui","Not set","Non impostato","","12","medium","","",""
"squadCompareBoard.statusTemplate","squadCompareBoard","ui","{name}: {status} ({conf})","{name}: {status} ({conf})","","","medium","","",""
"squadCompareBoard.kindFixed","squadCompareBoard","ui","Fixed","Fisso","","12","medium","","",""
"squadCompareBoard.kindFixedProvisional","squadCompareBoard","ui","Fixed (estimated)","Fisso (stimato)","","23","medium","","",""
"squadCompareBoard.kindConditional","squadCompareBoard","ui","Conditional (Total Package)","Condizionale (Total Package)","","","medium","","",""
"squadCompareBoard.kindUnresolved","squadCompareBoard","ui","Unresolved","Non determinato","","13","medium","","",""
"squadCompareBoard.kindOther","squadCompareBoard","ui","Other","Altro","","12","medium","","",""
"squadCompareBoard.boostersTitle","squadCompareBoard","ui","Fixed boosters / Power of Many (common cards)","Booster fissi / Power of Many (carte in comune)","","59","medium","","",""
"squadCompareBoard.boostersNote","squadCompareBoard","ui","Attached booster effects are the same for the same card. This mainly compares the user-selected levels of Power of Many (gold) and Total Package. User-selected values are not treated as standard values.","Gli effetti dei booster equipaggiati sono uguali per la stessa carta. Qui si confrontano soprattutto i livelli scelti dall’utente per Power of Many (oro) e Total Package. I valori scelti dall’utente non sono trattati come valori standard.","","","medium","","",""
"squadCompareBoard.noBoosterDiff","squadCompareBoard","ui","No boosters with different selections.","Nessun booster con selezioni diverse.","","","medium","","",""
"squadCompareBoard.noTargetCommonCards","squadCompareBoard","ui","No common cards to compare.","Nessuna carta in comune da confrontare.","","","medium","","",""
"squadCompareBoard.selectionTemplate","squadCompareBoard","ui"," · selected {v}"," · selezionato {v}","","20","medium","","",""
"squadCompareBoard.notSelected","squadCompareBoard","ui","not selected","non selezionato","","16","medium","","",""
"squadCompareBoard.standardApplied","squadCompareBoard","ui"," · applied as standard"," · applicato come standard","","29","medium","","",""
"squadCompareBoard.provisionalNote","squadCompareBoard","ui","“Fixed (estimated)” = the effect is verified against external sources, but there is no specific evidence that it is Power of Many, so it is estimated as fixed and provisionally applied to standard values (not a confirmed fixed booster).","“Fisso (stimato)” = l’effetto è verificato con fonti esterne, ma non ci sono prove specifiche che sia Power of Many, quindi è stimato come fisso e applicato provvisoriamente ai valori standard (non è un booster fisso confermato).","","","medium","","",""
"squadCompareBoard.savedBuildsTitle","squadCompareBoard","ui","Saved builds (common cards)","Build salvate (carte in comune)","","36","medium","","",""
"squadCompareBoard.noBuildDiff","squadCompareBoard","ui","No common cards with different builds.","Nessuna carta in comune con build diverse.","","","medium","","",""
"squadCompareBoard.policyTemplate","squadCompareBoard","ui","Mode {v}","Modalità {v}","","12","medium","","",""
"squadCompareBoard.buildNameTemplate","squadCompareBoard","ui","Build “{name}”","Build “{name}”","","19","medium","","",""
"squadCompareBoard.noSavedBuild","squadCompareBoard","ui","No saved build","Nessuna build salvata","","19","medium","","",""
"squadCompareBoard.rulesTemplate","squadCompareBoard","ui","Rules {v}","Regole {v}","","12","medium","","",""
"squadCompareBoard.deletedRef","squadCompareBoard","ui","The referenced build was deleted (calculated from the mode only).","La build di riferimento è stata eliminata (calcolata solo dalla modalità).","","","high","","",""
"squadCompareBoard.staleBuild","squadCompareBoard","ui","Old-rules build (recalculated with current rules)","Build con regole vecchie (ricalcolata con le regole attuali)","","","medium","","",""
"squadCompareBoard.conditionalTrial","squadCompareBoard","ui","Condition level selected (trial)","Livello di condizione selezionato (prova)","","","medium","","",""
"squadCompareBoard.standardOvrTemplate","squadCompareBoard","ui","Standard displayed OVR {v}","OVR standard mostrato {v}","","","medium","","",""
"squadCompareBoard.sharedSkillsTitle","squadCompareBoard","ui","Skills held by every starter","Abilità possedute da tutti i titolari","","37","medium","","",""
"squadCompareBoard.skillKindsTemplate","squadCompareBoard","ui","{name}: {n} skills","{name}: abilità {n}","","24","medium","","",""
"squadCompareBoard.bothListTemplate","squadCompareBoard","ui","Both: {list}","Entrambe: {list}","","16","medium","","",""
"squadCompareBoard.onlyAAllTemplate","squadCompareBoard","ui","Only A (all starters): {list}","Solo A (tutti i titolari): {list}","","","medium","","",""
"squadCompareBoard.onlyBAllTemplate","squadCompareBoard","ui","Only B (all starters): {list}","Solo B (tutti i titolari): {list}","","","medium","","",""
"squadCompareBoard.skillHoldersTitle","squadCompareBoard","ui","Skill holders (starters)","Chi possiede le abilità (titolari)","","32","medium","","",""
"squadCompareBoard.skill","squadCompareBoard","ui","Skill","Abilità","","12","medium","","",""
"squadCompareBoard.allStarters","squadCompareBoard","ui","All starters","Tutti i titolari","","16","medium","","",""
"squadCompareBoard.skillsNote","squadCompareBoard","ui","A card's own skills are treated as identical for the same worldCardId. Squads are not ranked by skill effects.","Le abilità proprie di una carta sono considerate identiche per lo stesso worldCardId. Le rose non vengono classificate in base agli effetti delle abilità.","","","medium","","",""
"squadCompareBoard.commonSuitabilityTitle","squadCompareBoard","ui","Suitability of common cards","Idoneità delle carte in comune","","36","medium","","",""
"squadCompareBoard.warningsTitleTemplate","squadCompareBoard","ui","Warnings (A {a} / B {b})","Avvisi (A {a} / B {b})","","32","high","","",""
"squadCompareBoard.noWinByWarnings","squadCompareBoard","ui","Fewer warnings is not automatically treated as winning.","Meno avvisi non significa automaticamente vincere il confronto.","","","high","","",""
"squadCompareBoard.both","squadCompareBoard","ui","Both","Entrambe","","12","medium","","",""
"squadCompareBoard.onlyAShort","squadCompareBoard","ui","Only A","Solo A","","12","medium","","",""
"squadCompareBoard.onlyBShort","squadCompareBoard","ui","Only B","Solo B","","12","medium","","",""
"squadCompareBoard.fetchFailedTitle","squadCompareBoard","ui","Cards whose player data could not be retrieved","Carte di cui non è stato possibile recuperare i dati","","60","high","","",""
"squadCompareBoard.starterTemplate","squadCompareBoard","ui","Starter {v}","Titolare {v}","","15","medium","","",""
"squadCompareBoard.benchNumberTemplate","squadCompareBoard","ui","Bench #{n}","Panchina n. {n}","","13","medium","","",""
"squadCompareBoard.failedNote","squadCompareBoard","ui","Excluded from averages and skill counts. Reload later to retry. Saved worldCardIds are not deleted.","Escluse dalle medie e dal conteggio delle abilità. Ricarica più tardi per riprovare. I worldCardId salvati non vengono eliminati.","","","high","","",""
"squadCompareBoard.miniTitleTemplate","squadCompareBoard","ui","Squad {side}: {name}","Rosa {side}: {name}","","26","medium","","",""
"squadCompareBoard.miniStartersTemplate","squadCompareBoard","ui","Starters {n}/11","Titolari {n}/11","","20","medium","","",""
"squadCompareBoard.miniAriaTemplate","squadCompareBoard","accessibility","Placement of squad {side} ({name}). {n} starters. {list}","Posizionamento della rosa {side} ({name}). Titolari: {n}. {list}","","","high","","",""
"squadCompareBoard.miniCaptainSuffix","squadCompareBoard","ui"," · captain"," · capitano","","13","medium","","",""
"squadCompareBoard.miniCommonSuffix","squadCompareBoard","ui"," · common card"," · carta in comune","","19","medium","","",""
"squadCompareBoard.miniOnlyThisSuffix","squadCompareBoard","ui"," · only this side"," · solo in questa rosa","","23","medium","","",""
"squadCompareBoard.miniLegendCommon","squadCompareBoard","ui","common card","carta in comune","","15","medium","","",""
"squadCompareBoard.miniLegendOnlyThis","squadCompareBoard","ui","only this side","solo in questa rosa","","19","medium","","",""
"squadCompareBoard.miniLegendNote","squadCompareBoard","ui","“C” = captain. Coordinates are normalized (0–100 of the pitch width).","“C” = capitano. Le coordinate sono normalizzate (0–100 della larghezza del campo).","","","medium","","",""
"generated.libText.fixed","generated:libText","generated","(source: 基礎)","Base","","","high","","",""
"generated.libText.fixed","generated:libText","generated","(source: 育成後)","Con progressione","","","high","","",""
"generated.libText.fixed","generated:libText","generated","(source: 標準)","Standard","","","high","","",""
"generated.libText.fixed","generated:libText","generated","(source: 条件反映後)","Con condizioni applicate","","","high","","",""
"generated.libText.fixed","generated:libText","generated","(source: 実験)","Sperimentale","","","high","","",""
"generated.libText.fixed","generated:libText","generated","(source: 一部カテゴリの能力値を取得できませんでした（該当軸は代替表で「—」・グラフは 0 として描画）。)","Non è stato possibile recuperare alcuni valori di categoria (indicati con “—” nella tabella alternativa e disegnati come 0 nel grafico).","","","high","","",""
"generated.libText.fixed","generated:libText","generated","(source: ゲーム公式の総合値、ポジション別 OVR、AI 評価ではありません。)","Non è la valutazione complessiva ufficiale del gioco, né un OVR per ruolo, né una valutazione dell’IA.","","","high","","",""
"generated.libText.fixed","generated:libText","generated","(source: 正確な各能力値は下の 26 能力値表で確認できます。)","Consulta la tabella delle 26 statistiche qui sotto per i valori esatti.","","","high","","",""
"generated.libText.fixed","generated:libText","generated","(source: カテゴリ合計・平均・総合は単純計算です（eFootball の公式カテゴリ重み・総合評価とは異なります）。)","Totali, medie e valori complessivi per categoria sono calcoli semplici (diversi dai pesi di categoria e dalle valutazioni complessive ufficiali di eFootball).","","","high","","",""
"generated.libText.fixed","generated:libText","generated","(source: カードタイプ)","Tipo di carta","","","high","","",""
"generated.libText.fixed","generated:libText","generated","(source: 登録ポジション)","Ruolo registrato","","","high","","",""
"generated.libText.fixed","generated:libText","generated","(source: 基礎OVR)","OVR base","","","high","","",""
"generated.libText.fixed","generated:libText","generated","(source: 最大OVR)","OVR massimo","","","high","","",""
"generated.libText.fixed","generated:libText","generated","(source: 最大レベル)","Livello massimo","","","high","","",""
"generated.libText.fixed","generated:libText","generated","(source: 攻撃プレースタイル)","Stile di gioco offensivo","","","high","","",""
"generated.libText.fixed","generated:libText","generated","(source: 守備プレースタイル)","Stile di gioco difensivo","","","high","","",""
"generated.libText.fixed","generated:libText","generated","(source: 国籍)","Nazionalità","","","high","","",""
"generated.libText.fixed","generated:libText","generated","(source: 地域)","Regione","","","high","","",""
"generated.libText.fixed","generated:libText","generated","(source: リーグ)","Campionato","","","high","","",""
"generated.libText.fixed","generated:libText","generated","(source: チーム)","Squadra","","","high","","",""
"generated.libText.fixed","generated:libText","generated","(source: 年齢)","Età","","","high","","",""
"generated.libText.fixed","generated:libText","generated","(source: 身長)","Altezza","","","high","","",""
"generated.libText.fixed","generated:libText","generated","(source: 体重)","Peso","","","high","","",""
"generated.libText.fixed","generated:libText","generated","(source: 利き足)","Piede preferito","","","high","","",""
"generated.libText.fixed","generated:libText","generated","(source: このカードの数値IDは付属ブースター対応表（eFootball World の個別選手ページ由来）に含まれていません。名称を解決できないため能力値へは適用していません。)","L’ID numerico di questa carta non è nella tabella dei booster inclusi (dalle pagine giocatore di eFootball World). Il nome non può essere determinato, quindi non viene applicato alle statistiche.","","","high","","",""
"generated.libText.fixed","generated:libText","generated","(source: 発動条件付き（内容未確認）)","Condizionale (condizioni non confermate)","","","high","","",""
"generated.libText.fixed","generated:libText","generated","(source: B2 ブースターは指定されていません。)","Nessun booster B2 selezionato.","","","high","","",""
"generated.libText.fixed","generated:libText","generated","(source: 選択した B2 ブースターは、対象能力の通常の最終値・比較の順位・チーム集計に反映します。)","Il booster B2 selezionato viene applicato ai valori finali normali delle statistiche interessate, alle classifiche di confronto e ai totali della squadra.","","","high","","",""
"generated.libText.fixed","generated:libText","generated","(source: 手動試算ブースターは「試算最終値」にのみ反映します（通常の最終値・比較の順位・チーム集計には含めません）。)","I booster di prova manuali influiscono solo sui valori finali di prova (non sui valori finali normali, sulle classifiche di confronto o sui totali della squadra).","","","high","","",""
"generated.libText.fixed","generated:libText","generated","(source: 選択した B2 ブースターのうち確認済みの分は通常の最終値へ反映し、未確認の分は「試算最終値」にのみ反映します（通常の最終値・比較の順位・チーム集計には含めません）。)","Le parti confermate dei booster B2 selezionati vengono applicate ai valori finali normali; le parti non confermate influiscono solo sui valori finali di prova (non sui valori finali normali, sulle classifiche di confronto o sui totali della squadra).","","","high","","",""
"generated.libText.fixed","generated:libText","generated","(source: このカードに付属する選手ブースターはありません。)","Questa carta non ha un booster giocatore incluso.","","","high","","",""
"generated.libText.fixed","generated:libText","generated","(source: スクリーンショットで実測済みの付属ブースターを通常の最終値へ適用しています（厳密モード）。適用の基準は効果内容の証拠で、発動方式（固定型 / Power of Many）は問いません。)","I booster inclusi misurati negli screenshot vengono applicati ai valori finali normali (modalità rigorosa). L’applicazione si basa sulle prove dell’effetto, indipendentemente dal tipo di attivazione (fisso / Power of Many).","","","high","","",""
"generated.libText.fixed","generated:libText","generated","(source: 効果内容を外部2ソースで照合した付属ブースターを通常の最終値へ適用しています（標準モード）。KONAMI 公式の確定値ではありません。発動方式の証拠が不足するものは、Power of Many（条件型）である具体的証拠がないため固定型と推定して暫定適用しています。)","I booster inclusi i cui effetti coincidono in due fonti esterne vengono applicati ai valori finali normali (modalità standard). Non sono valori ufficiali KONAMI. Dove mancano prove sul tipo di attivazione, non ci sono prove concrete di Power of Many (condizionale), quindi vengono considerati fissi e applicati provvisoriamente.","","","high","","",""
"generated.libText.fixed","generated:libText","generated","(source: 編成条件付き付属ブースターの段階をユーザーが手動指定しています。標準最終値は変えず「条件反映後値」にのみ反映します。アプリが編成人数を自動検証した値ではありません。)","Hai impostato manualmente il livello di un booster incluso condizionato dalla rosa. Influisce solo sui valori finali condizionali, non sui valori finali standard. L’app non ha verificato il numero di giocatori della tua rosa.","","","high","","",""
"generated.libText.fixed","generated:libText","generated","(source: 付属ブースターの名称は確認できましたが、現在のモードでは通常の最終値へ適用していません（実験モードで試算できます）。)","Il nome del booster incluso è confermato, ma nella modalità attuale non viene applicato ai valori finali normali (puoi provarlo in modalità sperimentale).","","","high","","",""
"generated.libText.fixed","generated:libText","generated","(source: 付属ブースターの数値IDを対応表で解決できませんでした。能力値へは適用していません。)","Non è stato possibile determinare l’ID numerico del booster incluso dalla tabella. Non viene applicato alle statistiche.","","","high","","",""
"generated.libText.fixed","generated:libText","generated","(source: 未指定)","Non impostato","","","high","","",""
"generated.libText.fixed","generated:libText","generated","(source: 適用なし（+0）)","Non applicato (+0)","","","high","","",""
"generated.libText.fixed","generated:libText","generated","(source: 対象リーグ 1〜13 人)","1–13 giocatori del campionato","","","high","","",""
"generated.libText.fixed","generated:libText","generated","(source: 対象リーグ 1〜13 人相当、対象能力 +1)","1–13 giocatori del campionato, statistiche interessate +1","","","high","","",""
"generated.libText.fixed","generated:libText","generated","(source: 対象リーグ 14〜19 人)","14–19 giocatori del campionato","","","high","","",""
"generated.libText.fixed","generated:libText","generated","(source: 対象リーグ 14〜19 人相当、対象能力 +2)","14–19 giocatori del campionato, statistiche interessate +2","","","high","","",""
"generated.libText.fixed","generated:libText","generated","(source: 対象リーグ 20 人以上)","20+ giocatori del campionato","","","high","","",""
"generated.libText.fixed","generated:libText","generated","(source: 対象リーグ 20 人以上相当、対象能力 +3)","20+ giocatori del campionato, statistiche interessate +3","","","high","","",""
"generated.libText.fixed","generated:libText","generated","(source: この値はユーザーが自身の Game Plan を確認して指定したものです。アプリが編成人数を自動検証した値ではありません。)","Hai impostato questo valore dopo aver controllato il tuo Piano di gioco. L’app non ha verificato il numero di giocatori della tua rosa.","","","high","","",""
"generated.libText.fixed","generated:libText","generated","(source: Game Plan 依存の可変ブースター（金色）です。現在のアプリでは対象リーグ人数を自動判定できないため、能力値へ未適用です。)","Un booster variabile (oro) che dipende dal tuo Piano di gioco. L’app non può ancora rilevare il numero di giocatori del campionato, quindi non viene applicato alle statistiche.","","","high","","",""
"generated.libText.fixed","generated:libText","generated","(source: 監督は未選択。)","Nessun allenatore selezionato.","","","high","","",""
"generated.libText.fixed","generated:libText","generated","(source: このビルドは旧規則で作成されています。現行規則で再計算すると配分の解釈が変わります。)","Questa build è stata creata con regole vecchie. Ricalcolarla con le regole attuali cambia l’interpretazione della distribuzione.","","","high","","",""
"generated.libText.fixed","generated:libText","generated","(source: Total Package の条件段階はユーザーが手動指定した試算値です（アプリが Game Plan の対象リーグ人数を自動検証した値ではありません）。標準最終値・比較の順位・チーム集計には含めていません。)","Il livello di Total Package è un valore di prova impostato manualmente (l’app non ha verificato il numero di giocatori del campionato nel tuo Piano di gioco). Non è incluso nei valori finali standard, nelle classifiche di confronto o nei totali della squadra.","","","high","","",""
"generated.libText.fixed","generated:libText","generated","(source: 一部の能力値が99上限に達しています（超過分は無効）。ただし育成・ブースター・監督補正込みの最終上限が99である確証はまだありません（暫定処理）。)","Alcune statistiche hanno raggiunto il limite di 99 (l’eccedenza viene ignorata). Non è ancora confermato che 99 sia il limite finale con progressione, booster e correzioni dell’allenatore (gestione provvisoria).","","","high","","",""
"generated.libText.fixed","generated:libText","generated","(source: 厳密モード: ユーザー保存済みスクリーンショットで実測できた付属ブースターだけを通常の最終値へ適用しています。適用の基準は効果内容の証拠で、発動方式（固定型 / Power of Many）は問いません。)","Modalità rigorosa: ai valori finali normali vengono applicati solo i booster inclusi misurati negli screenshot salvati dall’utente. L’applicazione si basa sulle prove dell’effetto, indipendentemente dal tipo di attivazione (fisso / Power of Many).","","","high","","",""
"generated.libText.fixed","generated:libText","generated","(source: 標準モード: 効果内容を外部データベース間で照合した高信頼値を含みます。KONAMI 公式の計算結果として確認された値ではありません。発動方式の証拠が不足するブースターは、Power of Many（条件型）である具体的証拠がないため固定型と推定して暫定適用しています（「外部照合済み・固定型推定を含む」）。)","Modalità standard: include valori ad alta affidabilità verificati incrociando database esterni. Non sono risultati di calcolo confermati da KONAMI. I booster senza prove sul tipo di attivazione non hanno prove concrete di Power of Many (condizionale), quindi vengono considerati fissi e applicati provvisoriamente (""verificato con fonti esterne, include fissi presunti"").","","","high","","",""
"generated.libText.fixed","generated:libText","generated","(source: 通常の最終値には外部2ソース照合済み（KONAMI 公式未確認）のブースター効果が含まれています。発動方式が固定型と推定されたもの（Power of Many である具体的証拠がないため暫定適用）を含みます。)","I valori finali normali includono effetti dei booster verificati in due fonti esterne (non confermati da KONAMI), compresi quelli considerati fissi (applicati provvisoriamente perché non ci sono prove concrete di Power of Many).","","","high","","",""
"generated.libText.fixed","generated:libText","generated","(source: TRENDING カード（POTW 等）は育成できません。)","Le carte TRENDING (POTW ecc.) non possono progredire.","","","high","","",""
"generated.libText.fixed","generated:libText","generated","(source: 最大レベルが1のため育成ポイントがありません。)","Questa carta non ha punti progressione perché il suo livello massimo è 1.","","","high","","",""
"generated.libText.fixed","generated:libText","generated","(source: EFScout（外部コミュニティDB）boot.json referenceData.allBoosters の定義のみ)","Solo la definizione boot.json referenceData.allBoosters di EFScout (DB esterno della community)","","","high","","",""
"generated.libText.fixed","generated:libText","generated","(source: 発動条件付き（KONAMI 公式「The Power of Many」）: このカードの対象リーグ（例: MEIJI YASUDA J1 LEAGUE / Trendyol Süper Lig / Brasileirão など、カードのリーグに対応）の選手を Game Plan に登録した人数で効果が変化する。1〜13 人で全対象能力 +1、14〜19 人で +2、20 人以上で +3。eFootball World の ScoreBar は条件を無視して最大（+3）を表示している。試合／Game Plan 構成に依存する効果のため、静的な育成画面や現状のスカッド機能では評価せず、通常の最終値へは加算しない。)","Condizionale (""The Power of Many"" di KONAMI): l’effetto dipende da quanti giocatori del campionato di questa carta (es. MEIJI YASUDA J1 LEAGUE / Trendyol Süper Lig / Brasileirão, in base al campionato della carta) sono registrati nel tuo Piano di gioco: 1–13 giocatori danno +1 a tutte le statistiche interessate, 14–19 danno +2 e 20+ danno +3. La ScoreBar di eFootball World ignora la condizione e mostra il massimo (+3). Poiché l’effetto dipende dalla partita / dalla configurazione del Piano di gioco, non viene valutato nella schermata statica di progressione né nelle funzioni attuali della rosa, e non viene aggiunto ai valori finali normali.","","","high","","",""
"generated.libText.fixed","generated:libText","generated","(source: eFootball World（外部コミュニティDB）の個別選手ページ: ScoreBar(ブースターON) − RSC baseAbilities(OFF) の差分 と EFScout（外部DB）の定義が一致（別カード2枚以上・delta==level・デュアル加算一致・反例0）。外部2ソースで整合。KONAMI のゲームクライアント画面での確認ではない。)","Pagine giocatore di eFootball World (DB esterno della community): la differenza tra ScoreBar (booster attivo) e RSC baseAbilities (disattivo) coincide con la definizione di EFScout (DB esterno) (2+ carte diverse, delta == livello, aggiunte doppie coincidenti, 0 controesempi). Coerente tra due fonti esterne. Non confermato sul client di gioco KONAMI.","","","high","","",""
"generated.libText.fixed","generated:libText","generated","(source: screenshots/スクリーンショット 2026-08-28 020026.png（eFHUB ビルドツール・ユーザー保存）で「ボールキャリー +5」選択時に ドリブル/ボールキープ/スピード/ボディバランス へ緑の +5 を確認。KONAMI のゲームクライアント画面での確認ではない。+ eFootball World ScoreBar 差分 と EFScout 定義も一致。)","Uno screenshot salvato dall’utente (strumento build di eFHUB, 2026-08-28) mostra un +5 verde su Dribbling / Controllo stretto / Velocità / Equilibrio selezionando ""Conduzione palla +5"". Non confermato sul client di gioco KONAMI. Coincidono anche la differenza della ScoreBar di eFootball World e la definizione di EFScout.","","","high","","",""
"generated.libText.fixed","generated:libText","generated","(source: screenshots/image.png・image (1).png（eFHUB ビルドツール・ユーザー保存）で「攻撃の起点 +4」選択時に オフェンスセンス/ボールコントロール/グラウンダーパス/キック力 へ緑の +4 を確認。KONAMI のゲームクライアント画面での確認ではない。+ eFootball World ScoreBar 差分 と EFScout 定義も一致。)","Screenshot salvati dall’utente (strumento build di eFHUB) mostrano un +4 verde su Attitudine offensiva / Controllo palla / Passaggio rasoterra / Potenza di tiro selezionando ""Fulcro offensivo +4"". Non confermato sul client di gioco KONAMI. Coincidono anche la differenza della ScoreBar di eFootball World e la definizione di EFScout.","","","high","","",""
"generated.libText.fixed","generated:libText","generated","(source:  ＋ デュアルカード1枚の ScoreBar 差分（検証例が不足）)"," + differenza della ScoreBar su una carta doppia (esempi verificati insufficienti)","","","high","","",""
"generated.libText.fixed","generated:libText","generated","(source: 効果候補（全26能力へ +level）は eFootball World の ScoreBar 差分 と EFScout 定義で整合。発動条件の内容は KONAMI 公式「The Power of Many」で判明（Game Plan の同一リーグ登録人数で +1/+2/+3）。ただし条件を静的データ・現状のスカッドでは評価できないため通常の最終値へは未適用。)","L’effetto candidato (+livello a tutte le 26 statistiche) coincide con la differenza della ScoreBar di eFootball World e con la definizione di EFScout. La condizione è nota da ""The Power of Many"" di KONAMI (+1/+2/+3 in base al numero di giocatori dello stesso campionato nel tuo Piano di gioco). La condizione non può essere valutata dai dati statici o dalla rosa attuale, quindi non viene applicata ai valori finali normali.","","","high","","",""
"generated.libText.fixed","generated:libText","generated","(source: （カード付属として未観測）)","(non osservato come booster incluso)","","","high","","",""
"generated.libText.fixed","generated:libText","generated","(source: ボールキャリー)","Conduzione palla","","","high","","",""
"generated.libText.fixed","generated:libText","generated","(source: 攻撃の起点)","Fulcro offensivo","","","high","","",""
"generated.libText.fixed","generated:libText","generated","(source: ファンタジスタ)","Fantasista","","","high","","",""
"generated.libText.fixed","generated:libText","generated","(source: 公式のOVR計算式・ポジション別OVRの正確な重み)","La formula ufficiale dell’OVR e i pesi esatti dell’OVR per ruolo","","","high","","",""
"generated.libText.fixed","generated:libText","generated","(source: Max Level Stats（最大レベル時の各能力値）の内訳)","Dettaglio delle statistiche al livello massimo (ogni statistica al livello massimo)","","","high","","",""
"generated.libText.fixed","generated:libText","generated","(source: グループ配分1段階あたりの能力別の正確な上昇量（重み付き/上限）)","Incremento esatto per statistica per livello di distribuzione del gruppo (pesi / limiti)","","","high","","",""
"generated.libText.fixed","generated:libText","generated","(source: 段階コストの9段階/13段階以降の正確な値（外挿・confirmed ではない）)","Costi esatti a scaglioni dal livello 9 / livello 13 in poi (estrapolati; non confermati)","","","high","","",""
"generated.libText.fixed","generated:libText","generated","(source: 育成・選手ブースター・監督補正を含む最終能力値の上限（暫定で99にクランプ）)","Limite delle statistiche finali con progressione, booster giocatore e bonus dell’allenatore (limitato provvisoriamente a 99)","","","high","","",""
"generated.libText:5c479e96","generated:libText","generated","(template; tokens {N} etc. must stay)","Il grafico delle statistiche mostra medie semplici per categoria nella modalità statistiche selezionata ({fixed:1}).","","","high","","",""
"generated.libText:831535fc","generated:libText","generated","(template; tokens {N} etc. must stay)","Alcune serie superano 99 (la scala è estesa fino a {1}; consulta la tabella alternativa e la tabella delle 26 statistiche per i valori esatti).","","","high","","",""
"generated.libText:8fb3c1c5","generated:libText","generated","(template; tokens {N} etc. must stay)","Booster dell’allenatore ""{1}"" applicati (+N alle statistiche interessate, confermato da più fonti).","","","high","","",""
"generated.libText:d050ea19","generated:libText","generated","(template; tokens {N} etc. must stay)","Applicati solo alcuni booster dell’allenatore ""{1}"" (gli effetti non confermati non vengono applicati).","","","high","","",""
"generated.libText:d7f52a30","generated:libText","generated","(template; tokens {N} etc. must stay)","Gli effetti dei booster dell’allenatore ""{1}"" non sono confermati, quindi non vengono applicati.","","","high","","",""
"generated.libText:d9a1a66e","generated:libText","generated","(template; tokens {N} etc. must stay)","Condizione indicata dall’utente: {loc:1}","","","high","","",""
"generated.libText:25b136e4","generated:libText","generated","(template; tokens {N} etc. must stay)","Distribuzione corretta: {loc:1}","","","high","","",""
"generated.libText:516e1786","generated:libText","generated","(template; tokens {N} etc. must stay)","Troppi punti progressione usati: {1} / {2}","","","high","","",""
"generated.libText:da9ae789","generated:libText","generated","(template; tokens {N} etc. must stay)","{1}: ID gruppo sconosciuto","","","high","","",""
"generated.libText:a087cc98","generated:libText","generated","(template; tokens {N} etc. must stay)","{1}: non è un numero ({2})","","","high","","",""
"generated.libText:dba23d45","generated:libText","generated","(template; tokens {N} etc. must stay)","{1}: negativo ({2})","","","high","","",""
"generated.libText:ae357c36","generated:libText","generated","(template; tokens {N} etc. must stay)","{1}: non è un intero ({2})","","","high","","",""
"generated.libText:f81f6d9a","generated:libText","generated","(template; tokens {N} etc. must stay)","{1}: valore anomalo ({2})","","","high","","",""
"generated.libText:9bfe2ba4","generated:libText","generated","(template; tokens {N} etc. must stay)","{1}: limitato ({2} → {3})","","","high","","",""
"generated.buildsText.fixed","generated:buildsText","generated","(source: 現行規則)","Regole attuali","","","high","","",""
"generated.buildsText.fixed","generated:buildsText","generated","(source: 旧規則)","Regole vecchie","","","high","","",""
"generated.buildsText.fixed","generated:buildsText","generated","(source: 規則不明)","Regole sconosciute","","","high","","",""
"generated.buildsText.fixed","generated:buildsText","generated","(source: 指定あり)","Impostato","","","high","","",""
"generated.buildsText.fixed","generated:buildsText","generated","(source: 名前が不正です)","Il nome non è valido","","","high","","",""
"generated.buildsText.fixed","generated:buildsText","generated","(source: 改行は使えません)","Gli a capo non sono consentiti","","","high","","",""
"generated.buildsText.fixed","generated:buildsText","generated","(source: ビルド名を入力してください（1〜60文字）)","Inserisci un nome per la build (1–60 caratteri)","","","high","","",""
"generated.buildsText.fixed","generated:buildsText","generated","(source: ビルド名は60文字までです)","Il nome della build può avere al massimo 60 caratteri","","","high","","",""
"generated.buildsText.fixed","generated:buildsText","generated","(source: ベンチ)","Panchina","","","high","","",""
"generated.buildsText.fixed","generated:buildsText","generated","(source: 先発)","Titolare","","","high","","",""
"generated.buildsText.fixed","generated:buildsText","generated","(source: このブラウザでは保存できません（localStorage 不可）)","Questo browser non può salvare (localStorage non disponibile)","","","high","","",""
"generated.buildsText.fixed","generated:buildsText","generated","(source: カード ID が不正です)","L’ID della carta non è valido","","","high","","",""
"generated.buildsText.fixed","generated:buildsText","generated","(source: ビルド ID が不正です)","L’ID della build non è valido","","","high","","",""
"generated.buildsText.fixed","generated:buildsText","generated","(source: このカードは My Team に登録されていません)","Questa carta non è nella tua squadra","","","high","","",""
"generated.buildsText.fixed","generated:buildsText","generated","(source: 別のタブでデータが変更されました。再読込してください。)","I dati sono stati modificati in un’altra scheda. Ricarica la pagina.","","","high","","",""
"generated.buildsText.fixed","generated:buildsText","generated","(source: 対象の保存ビルドが見つかりません（削除された可能性があります）)","La build salvata non è stata trovata (potrebbe essere stata eliminata)","","","high","","",""
"generated.buildsText.fixed","generated:buildsText","generated","(source: お気に入りビルドの状態が変更されています。再読込してください。)","La build preferita è cambiata. Ricarica la pagina.","","","high","","",""
"generated.buildsText.fixed","generated:buildsText","generated","(source: 保存ビルドが別のタブで削除されました。再読込してください。)","La build salvata è stata eliminata in un’altra scheda. Ricarica la pagina.","","","high","","",""
"generated.buildsText.fixed","generated:buildsText","generated","(source: このカードは既に My Team へ登録されています。再読込してください。)","Questa carta è già nella tua squadra. Ricarica la pagina.","","","high","","",""
"generated.buildsText.fixed","generated:buildsText","generated","(source: 所有状態が不正です)","Lo stato di possesso non è valido","","","high","","",""
"generated.buildsText.fixed","generated:buildsText","generated","(source: 使用状態が不正です)","Lo stato di utilizzo non è valido","","","high","","",""
"generated.buildsText.fixed","generated:buildsText","generated","(source: 既に解除されています。再読込してください。)","È già stato rimosso. Ricarica la pagina.","","","high","","",""
"generated.buildsText.fixed","generated:buildsText","generated","(source: 設定が別のタブで変更されています。再読込してください。)","L’impostazione è stata modificata in un’altra scheda. Ricarica la pagina.","","","high","","",""
"generated.buildsText.fixed","generated:buildsText","generated","(source: 対象の枠が見つかりません（別のタブで変更された可能性があります）。再読込してください。)","Lo slot non è stato trovato (potrebbe essere stato modificato in un’altra scheda). Ricarica la pagina.","","","high","","",""
"generated.buildsText.fixed","generated:buildsText","generated","(source: 枠のカードが別のタブで変更されています。パネルを開き直してください。)","La carta in questo slot è stata modificata in un’altra scheda. Riapri il pannello.","","","high","","",""
"generated.buildsText.fixed","generated:buildsText","generated","(source: 対象の保存ビルドが見つかりません（削除された可能性があります）。再読込してください。)","La build salvata non è stata trovata (potrebbe essere stata eliminata). Ricarica la pagina.","","","high","","",""
"generated.buildsText.fixed","generated:buildsText","generated","(source: 保存データの検証に失敗（スキーマ不一致）)","I dati salvati non hanno superato la convalida (schema non corrispondente)","","","high","","",""
"generated.buildsText.fixed","generated:buildsText","generated","(source: 規則バージョンが不明（rulesVersion が空）で同一性を安全に判定できません)","La versione delle regole è sconosciuta (rulesVersion vuoto), quindi non è possibile stabilire in modo sicuro se sono uguali","","","high","","",""
"generated.buildsText.fixed","generated:buildsText","generated","(source: 配分が 1 カテゴリだけ異なる)","La distribuzione differisce in una sola categoria","","","high","","",""
"generated.buildsText.fixed","generated:buildsText","generated","(source: 選手ブースター試算 / Power of Many 指定だけが異なる)","Differisce solo la prova del booster giocatore / l’impostazione Power of Many","","","high","","",""
"generated.buildsText.fixed","generated:buildsText","generated","(source: 育成配分)","Distribuzione della progressione","","","high","","",""
"generated.buildsText.fixed","generated:buildsText","generated","(source: 選手ブースター試算)","Prova del booster giocatore","","","high","","",""
"generated.buildsText.fixed","generated:buildsText","generated","(source: Power of Many 指定)","Impostazione Power of Many","","","high","","",""
"generated.buildsText.fixed","generated:buildsText","generated","(source: ビルド名)","Nome della build","","","high","","",""
"generated.buildsText.fixed","generated:buildsText","generated","(source: 作成日時)","Creata","","","high","","",""
"generated.buildsText.fixed","generated:buildsText","generated","(source: 更新日時)","Aggiornata","","","high","","",""
"generated.buildsText.fixed","generated:buildsText","generated","(source: 保存時の推定OVR)","OVR stimato al salvataggio","","","high","","",""
"generated.buildsText.fixed","generated:buildsText","generated","(source: 計算モード)","Modalità di calcolo","","","high","","",""
"generated.buildsText.fixed","generated:buildsText","generated","(source: 未指定)","Non impostato","","","high","","",""
"generated.buildsText.fixed","generated:buildsText","generated","(source: 未配分)","Non distribuito","","","high","","",""
"generated.buildsText.fixed","generated:buildsText","generated","(source: My Team の選択中ビルド)","Build selezionata in La mia squadra","","","high","","",""
"generated.buildsText.fixed","generated:buildsText","generated","(source: My Team のお気に入りビルド)","Build preferita in La mia squadra","","","high","","",""
"generated.buildsText.fixed","generated:buildsText","generated","(source: スカッド（先発）)","Rosa (titolare)","","","high","","",""
"generated.buildsText.fixed","generated:buildsText","generated","(source: スカッド（ベンチ）)","Rosa (panchina)","","","high","","",""
"generated.buildsText.fixed","generated:buildsText","generated","(source: ファイルが空です。)","Il file è vuoto.","","","high","","",""
"generated.buildsText.fixed","generated:buildsText","generated","(source: JSON として読み取れません。正式なエクスポートファイルを選んでください。)","Non può essere letto come JSON. Scegli un file di esportazione ufficiale.","","","high","","",""
"generated.buildsText.fixed","generated:buildsText","generated","(source: エクスポートファイルの形式ではありません（トップレベルがオブジェクトではありません）。)","Non è un file di esportazione (il livello superiore non è un oggetto).","","","high","","",""
"generated.buildsText.fixed","generated:buildsText","generated","(source: 安全でないキーを含むため読み込めません。)","Non può essere importato perché contiene chiavi non sicure.","","","high","","",""
"generated.buildsText.fixed","generated:buildsText","generated","(source: 未知の項目を含むため読み込めません。正式なエクスポートファイルを選んでください。)","Non può essere importato perché contiene campi sconosciuti. Scegli un file di esportazione ufficiale.","","","high","","",""
"generated.buildsText.fixed","generated:buildsText","generated","(source: このアプリの保存ビルドエクスポートファイルではありません。)","Non è un file di esportazione delle build salvate di questa app.","","","high","","",""
"generated.buildsText.fixed","generated:buildsText","generated","(source: formatVersion の形式が不正です。)","Il formatVersion non è valido.","","","high","","",""
"generated.buildsText.fixed","generated:buildsText","generated","(source: exportedAt が妥当な ISO 8601 日時ではありません。)","exportedAt non è una data e ora ISO 8601 valida.","","","high","","",""
"generated.buildsText.fixed","generated:buildsText","generated","(source: itemCount が非負整数ではありません。)","itemCount non è un intero non negativo.","","","high","","",""
"generated.buildsText.fixed","generated:buildsText","generated","(source: builds が配列ではありません。)","builds non è un array.","","","high","","",""
"generated.buildsText.fixed","generated:buildsText","generated","(source: itemCount と builds の件数が一致しません。)","itemCount non corrisponde al numero di build.","","","high","","",""
"generated.buildsText.fixed","generated:buildsText","generated","(source: ファイルまたはビルド件数が大きすぎます。)","Il file o il numero di build è troppo grande.","","","high","","",""
"generated.buildsText.fixed","generated:buildsText","generated","(source: JSON として読み取れません。)","Non può essere letto come JSON.","","","high","","",""
"generated.buildsText.fixed","generated:buildsText","generated","(source: エクスポートファイルの構造ではありません。)","Non ha la struttura di un file di esportazione.","","","high","","",""
"generated.buildsText.fixed","generated:buildsText","generated","(source: 未知または安全でない項目を含むため読み込めません。)","Non può essere importato perché contiene campi sconosciuti o non sicuri.","","","high","","",""
"generated.buildsText.fixed","generated:buildsText","generated","(source: 未対応の formatVersion です。アプリの更新が必要です。)","formatVersion non supportato. L’app deve essere aggiornata.","","","high","","",""
"generated.buildsText.fixed","generated:buildsText","generated","(source: exportedAt の日時が不正です。)","La data e ora di exportedAt non è valida.","","","high","","",""
"generated.buildsText.fixed","generated:buildsText","generated","(source: itemCount が不正です。)","itemCount non è valido.","","","high","","",""
"generated.buildsText.fixed","generated:buildsText","generated","(source: itemCount と実際の件数が一致しません。)","itemCount non corrisponde al numero effettivo.","","","high","","",""
"generated.buildsText.fixed","generated:buildsText","generated","(source: ファイルを読み込めません。)","Impossibile leggere il file.","","","high","","",""
"generated.buildsText.fixed","generated:buildsText","generated","(source: worldCardId が不正です)","L’ID della carta non è valido","","","high","","",""
"generated.buildsText.fixed","generated:buildsText","generated","(source: ビルド名を入力してください)","Inserisci un nome per la build","","","high","","",""
"generated.buildsText.fixed","generated:buildsText","generated","(source: 対象のビルドが見つかりません)","Build non trovata","","","high","","",""
"generated.buildsText.fixed","generated:buildsText","generated","(source: 保存データの形式が不正です)","I dati salvati non hanno un formato valido","","","high","","",""
"generated.buildsText.fixed","generated:buildsText","generated","(source: この環境ではビルドを保存できません（localStorage 不可）)","Qui non è possibile salvare le build (localStorage non disponibile)","","","high","","",""
"generated.buildsText.fixed","generated:buildsText","generated","(source: この環境ではビルドを更新できません（localStorage 不可）)","Qui non è possibile aggiornare le build (localStorage non disponibile)","","","high","","",""
"generated.buildsText.fixed","generated:buildsText","generated","(source: この環境ではビルドを更新できません)","Qui non è possibile aggiornare le build","","","high","","",""
"generated.buildsText.fixed","generated:buildsText","generated","(source: buildId が衝突しています)","L’ID della build è in conflitto con una build esistente","","","high","","",""
"generated.buildsText.fixed","generated:buildsText","generated","(source: インポートデータの形式が不正です)","I dati da importare non hanno un formato valido","","","high","","",""
"generated.buildsText.fixed","generated:buildsText","generated","(source: この環境では保存できません（localStorage 不可）)","Impossibile salvare qui (localStorage non disponibile)","","","high","","",""
"generated.buildsText.fixed","generated:buildsText","generated","(source: この環境では更新できません)","Impossibile aggiornare qui","","","high","","",""
"generated.buildsText.fixed","generated:buildsText","generated","(source: この環境では更新できません（localStorage 不可）)","Impossibile aggiornare qui (localStorage non disponibile)","","","high","","",""
"generated.buildsText.fixed","generated:buildsText","generated","(source: 保存できませんでした（保存容量が不足している可能性があります）)","Impossibile salvare (lo spazio di archiviazione potrebbe essere pieno)","","","high","","",""
"generated.buildsText.fixed","generated:buildsText","generated","(source: 既存の保存ビルドが変更されています。再読込してください。)","Le build salvate sono cambiate. Ricarica la pagina.","","","high","","",""
"generated.buildsText.fixed","generated:buildsText","generated","(source: 未対応のスキーマバージョンです)","Versione dello schema non supportata","","","high","","",""
"generated.buildsText.fixed","generated:buildsText","generated","(source: 追加するビルドがありません)","Non ci sono build da aggiungere","","","high","","",""
"generated.buildsText:95296a77","generated:buildsText","generated","(template; tokens {N} etc. must stay)","Copia di {1}","","","high","","",""
"generated.buildsText:ec1cff8f","generated:buildsText","generated","(template; tokens {N} etc. must stay)","Titolare ({1})","","","high","","",""
"generated.buildsText:b0467c8c","generated:buildsText","generated","(template; tokens {N} etc. must stay)","Panchina {1}","","","high","","",""
"generated.buildsText:acada59a","generated:buildsText","generated","(template; tokens {N} etc. must stay)","Impostato ({1})","","","high","","",""
"generated.buildsText:77c1969e","generated:buildsText","generated","(template; tokens {N} etc. must stay)","Distribuzione: {group:1} ({loc:2} → {loc:3})","","","high","","",""
"generated.buildsText:aa11c4cf","generated:buildsText","generated","(template; tokens {N} etc. must stay)","Prova del booster giocatore: {loc:1} → {loc:2}","","","high","","",""
"generated.buildsText:d996c60a","generated:buildsText","generated","(template; tokens {N} etc. must stay)","{loc:1} fa riferimento a una build salvata che non esiste (buildId {2}).","","","high","","",""
"generated.buildsText:bb8e8cb0","generated:buildsText","generated","(template; tokens {N} etc. must stay)","Il worldCardId ({2}) della build salvata a cui fa riferimento {loc:1} non corrisponde alla carta che la richiama ({3}).","","","high","","",""
"generated.buildsText:8c2e4dce","generated:buildsText","generated","(template; tokens {N} etc. must stay)","L’ID della build salvata ({2}) contenuto in {loc:1} non è valido.","","","high","","",""
"generated.buildsText:754b9672","generated:buildsText","generated","(template; tokens {N} etc. must stay)","Il riferimento da {loc:1} non può essere classificato in modo sicuro (worldCardId di riferimento {2}).","","","high","","",""
"generated.buildsText:17ab7964","generated:buildsText","generated","(template; tokens {N} etc. must stay)","{1}: stato non valido, ripristinato al valore predefinito (normale)","","","high","","",""
"generated.buildsText:49fe4166","generated:buildsText","generated","(template; tokens {N} etc. must stay)","{1}: ID dell’area statistiche sconosciuto, ignorato","","","high","","",""
"generated.buildsText:6fc1ca12","generated:buildsText","generated","(template; tokens {N} etc. must stay)","freeText: troncato a {1} caratteri","","","high","","",""
"generated.buildsText:ba848216","generated:buildsText","generated","(template; tokens {N} etc. must stay)","Il file è troppo grande (limite {1} MB).","","","high","","",""
"generated.buildsText:d8b0ec76","generated:buildsText","generated","(template; tokens {N} etc. must stay)","formatVersion non supportato ({1}). L’app deve essere aggiornata; un formato futuro non viene mai letto come quello attuale.","","","high","","",""
"generated.buildsText:04ca5da5","generated:buildsText","generated","(template; tokens {N} etc. must stay)","Troppe build (limite {1}).","","","high","","",""
"generated.squadCompare.fixed","generated:squadCompare","generated","(source: 同名の別カード)","Stesso nome, carta diversa","","","high","","",""
"generated.squadCompare.fixed","generated:squadCompare","generated","(source: 登録ポジションと一致)","Corrisponde al ruolo registrato","","","high","","",""
"generated.squadCompare.fixed","generated:squadCompare","generated","(source: 不適性の可能性)","Possibilmente inadatto","","","high","","",""
"generated.squadCompare.fixed","generated:squadCompare","generated","(source: 適性未確認（近いポジション）)","Idoneità non confermata (ruolo vicino)","","","high","","",""
"generated.squadCompare.fixed","generated:squadCompare","generated","(source: 適性未確認)","Idoneità non confermata","","","high","","",""
"generated.squadCompare.fixed","generated:squadCompare","generated","(source: 未配置)","Non schierato","","","high","","",""
"generated.squadCompare.fixed","generated:squadCompare","generated","(source: 一部の選手情報を取得できませんでした。)","Non è stato possibile recuperare alcuni dati dei giocatori.","","","high","","",""
"generated.squadCompare.fixed","generated:squadCompare","generated","(source: なし)","Nessuno","","","high","","",""
"generated.squadCompare.fixed","generated:squadCompare","generated","(source: 監督ブースターの適用順序（育成前 / 育成後）は未確認です。)","Non è confermato se i booster dell’allenatore si applicano prima o dopo la progressione.","","","high","","",""
"generated.squadCompare.fixed","generated:squadCompare","generated","(source: 先発人数)","Titolari","","","high","","",""
"generated.squadCompare.fixed","generated:squadCompare","generated","(source: ベンチ人数)","Giocatori in panchina","","","high","","",""
"generated.squadCompare.fixed","generated:squadCompare","generated","(source: 平均基礎OVR)","OVR base medio","","","high","","",""
"generated.squadCompare.fixed","generated:squadCompare","generated","(source: 平均表示OVR)","OVR mostrato medio","","","high","","",""
"generated.squadCompare.fixed","generated:squadCompare","generated","(source: 共通スキル数)","Abilità in comune","","","high","","",""
"generated.squadCompare.fixed","generated:squadCompare","generated","(source: 監督補正が乗る先発数)","Titolari potenziati dall’allenatore","","","high","","",""
"generated.squadCompare.fixed","generated:squadCompare","generated","(source: 適性未確認の先発数)","Titolari con idoneità non confermata","","","high","","",""
"generated.squadCompare.fixed","generated:squadCompare","generated","(source: 不適性の可能性がある先発数)","Titolari possibilmente inadatti","","","high","","",""
"generated.squadCompare.fixed","generated:squadCompare","generated","(source: 警告数)","Avvisi","","","high","","",""
"generated.squadCompare.fixed","generated:squadCompare","generated","(source: カテゴリ平均・平均OVR は単純平均です（加重平均ではありません）。)","Le medie per categoria e l’OVR medio sono medie semplici (non ponderate).","","","high","","",""
"generated.squadCompare.fixed","generated:squadCompare","generated","(source: eFootball の公式チームパワー・カテゴリ重みとは異なります。)","Sono diverse dalla forza della squadra e dai pesi di categoria ufficiali di eFootball.","","","high","","",""
"generated.squadCompare.fixed","generated:squadCompare","generated","(source: ポジション別 OVR ではありません（配置ロールを変えても表示OVRは変わりません）。)","Non è un OVR per ruolo (cambiare il ruolo di schieramento non cambia l’OVR mostrato).","","","high","","",""
"generated.squadCompare.fixed","generated:squadCompare","generated","(source: Power of Many（金色）のユーザー指定値は標準平均に含めていません（別枠表示のみ）。)","I valori di Power of Many (oro) scelti dall’utente non sono inclusi nelle medie standard (mostrati solo a parte).","","","high","","",""
"generated.squadCompare.fixed","generated:squadCompare","generated","(source: 外部照合済み・固定型推定のブースターは「固定型と推定して」標準値へ暫定適用しています（確認済み固定型ではありません）。)","I booster verificati con fonti esterne e stimati come fissi vengono applicati provvisoriamente ai valori standard come fissi (non sono booster fissi confermati).","","","high","","",""
"generated.squadCompare.fixed","generated:squadCompare","generated","(source: 未解決ブースター（対応表に無い ID）は能力値へ加算していません。)","I booster non determinati (ID non presenti nella tabella) non vengono aggiunti alle statistiche.","","","high","","",""
"generated.squadCompare.fixed","generated:squadCompare","generated","(source: 選手情報を取得できなかったカードは平均・スキル集計から除外されます。)","Le carte i cui dati giocatore non sono stati recuperati sono escluse dalle medie e dal conteggio delle abilità.","","","high","","",""
"generated.squadCompare:8f9ea33b","generated:squadCompare","generated","(template; tokens {N} etc. must stay)","Carta {1}","","","high","","",""
"generated.squadCompare:8efe3819","generated:squadCompare","generated","(template; tokens {N} etc. must stay)","Titolare {1}","","","high","","",""
"generated.squadCompare:1d0af8ee","generated:squadCompare","generated","(template; tokens {N} etc. must stay)","Panchina n. {1}","","","high","","",""
"generated.squadText.fixed","generated:squadText","generated","(source: このスカッドは旧い規則バージョンで保存されています。現行規則で再計算して表示しています。)","Questa rosa è stata salvata con una versione vecchia delle regole. Viene ricalcolata e mostrata con le regole attuali.","","","high","","",""
"generated.squadText.fixed","generated:squadText","generated","(source: カテゴリ平均・チーム評価は単純計算です（eFootball の公式チームパワー・カテゴリ重みとは異なります）。)","Le medie per categoria e le valutazioni della squadra sono calcoli semplici (diversi dalla forza della squadra e dai pesi di categoria ufficiali di eFootball).","","","high","","",""
"generated.squadText.fixed","generated:squadText","generated","(source: 監督ブースターの適用順序（育成前 / 育成後）は未確認です。)","Non è confermato se i booster dell’allenatore si applicano prima o dopo la progressione.","","","high","","",""
"generated.squadText.fixed","generated:squadText","generated","(source: 監督は未選択（managerBoosterDelta = 0）。)","Nessun allenatore selezionato (managerBoosterDelta = 0).","","","high","","",""
"generated.squadText.fixed","generated:squadText","generated","(source: 適性未確認)","Idoneità non confermata","","","high","","",""
"generated.squadText.fixed","generated:squadText","generated","(source: 登録ポジションのデータがありません。)","Nessun dato sul ruolo registrato.","","","high","","",""
"generated.squadText.fixed","generated:squadText","generated","(source: 登録ポジションと一致)","Corrisponde al ruolo registrato","","","high","","",""
"generated.squadText.fixed","generated:squadText","generated","(source: 不適性の可能性)","Possibilmente inadatto","","","high","","",""
"generated.squadText.fixed","generated:squadText","generated","(source: GK とフィールドプレーヤーの組み合わせです。)","Incompatibilità tra portiere e giocatore di movimento.","","","high","","",""
"generated.squadText.fixed","generated:squadText","generated","(source: 適性未確認（近いポジション）)","Idoneità non confermata (ruolo vicino)","","","high","","",""
"generated.squadText.fixed","generated:squadText","generated","(source: 同じ系統のポジションですが、副ポジション適性は未確認です。)","Stesso gruppo di ruoli, ma l’idoneità al ruolo secondario non è confermata.","","","high","","",""
"generated.squadText.fixed","generated:squadText","generated","(source: 副ポジション適性のデータがありません。能力値は下げていません。)","Nessun dato sull’idoneità al ruolo secondario. Le statistiche non vengono ridotte.","","","high","","",""
"generated.squadText.fixed","generated:squadText","generated","(source: 未配置)","Non schierato","","","high","","",""
"generated.squadText.fixed","generated:squadText","generated","(source: 発動条件の照合のみ対応。ゲーム内効果は追加検証中です。)","Vengono controllate solo le condizioni di attivazione. Gli effetti nel gioco sono ancora in verifica.","","","high","","",""
"generated.squadText.fixed","generated:squadText","generated","(source: キャプテン)","capitano","","","high","","",""
"generated.squadText.fixed","generated:squadText","generated","(source: 左右CK担当)","battitore dei calci d’angolo","","","high","","",""
"generated.squadText.fixed","generated:squadText","generated","(source: FK担当)","battitore delle punizioni","","","high","","",""
"generated.squadText.fixed","generated:squadText","generated","(source: PK担当)","rigorista","","","high","","",""
"generated.squadText.fixed","generated:squadText","generated","(source: Link-Up 中心選手)","fulcro del Link-Up","","","high","","",""
"generated.squadText.fixed","generated:squadText","generated","(source: Link-Up キーマン)","uomo chiave del Link-Up","","","high","","",""
"generated.squadText.fixed","generated:squadText","generated","(source: 先発を入れ替えました)","Titolari scambiati","","","high","","",""
"generated.squadText.fixed","generated:squadText","generated","(source: 選手を移動しました)","Giocatore spostato","","","high","","",""
"generated.squadText.fixed","generated:squadText","generated","(source: 先発をベンチへ移動しました)","Titolare spostato in panchina","","","high","","",""
"generated.squadText.fixed","generated:squadText","generated","(source: 先発とベンチを交代しました)","Titolare scambiato con un giocatore in panchina","","","high","","",""
"generated.squadText.fixed","generated:squadText","generated","(source: ベンチと先発を交代しました)","Giocatore in panchina scambiato con un titolare","","","high","","",""
"generated.squadText.fixed","generated:squadText","generated","(source: ベンチ選手を先発へ移動しました)","Giocatore in panchina spostato nell’undici titolare","","","high","","",""
"generated.squadText.fixed","generated:squadText","generated","(source: ベンチの順番を変更しました)","Panchina riordinata","","","high","","",""
"generated.squadText.fixed","generated:squadText","generated","(source: 配置を左右反転しました)","Schieramento specchiato","","","high","","",""
"generated.squadText.fixed","generated:squadText","generated","(source: 先発から外しました)","Rimosso dall’undici titolare","","","high","","",""
"generated.squadText.fixed","generated:squadText","generated","(source: ベンチから外しました)","Rimosso dalla panchina","","","high","","",""
"generated.squadText.fixed","generated:squadText","generated","(source: 新しいスカッド)","Nuova rosa","","","high","","",""
"generated.squadText.fixed","generated:squadText","generated","(source: スカッド名を入力してください（1〜50文字）)","Inserisci un nome per la rosa (1–50 caratteri).","","","high","","",""
"generated.squadText.fixed","generated:squadText","generated","(source: スカッドIDが不正です)","ID della rosa non valido.","","","high","","",""
"generated.squadText.fixed","generated:squadText","generated","(source: スカッドの形式が不正です)","Formato della rosa non valido.","","","high","","",""
"generated.squadText.fixed","generated:squadText","generated","(source: この環境ではスカッドを保存できません（localStorage 不可）)","In questo ambiente non è possibile salvare le rose (localStorage non disponibile).","","","high","","",""
"generated.squadText.fixed","generated:squadText","generated","(source: 対象のスカッドが見つかりません)","Rosa non trovata.","","","high","","",""
"generated.squadText.fixed","generated:squadText","generated","(source: この環境ではスカッドを更新できません（localStorage 不可）)","In questo ambiente non è possibile aggiornare le rose (localStorage non disponibile).","","","high","","",""
"generated.squadText.fixed","generated:squadText","generated","(source: この環境ではスカッドを更新できません)","In questo ambiente non è possibile aggiornare le rose.","","","high","","",""
"generated.squadText.fixed","generated:squadText","generated","(source: テンプレートの保存データが壊れていたため空にしました。)","I dati dei modelli salvati erano danneggiati, quindi sono stati cancellati.","","","high","","",""
"generated.squadText.fixed","generated:squadText","generated","(source: テンプレート名を入力してください)","Inserisci un nome per il modello.","","","high","","",""
"generated.squadText.fixed","generated:squadText","generated","(source: この環境ではテンプレートを保存できません)","In questo ambiente non è possibile salvare i modelli.","","","high","","",""
"generated.squadText.fixed","generated:squadText","generated","(source: テンプレートが見つかりません)","Modello non trovato.","","","high","","",""
"generated.squadText.fixed","generated:squadText","generated","(source: この環境ではテンプレートを更新できません)","In questo ambiente non è possibile aggiornare i modelli.","","","high","","",""
"generated.squadText:cac96335","generated:squadText","generated","(template; tokens {N} etc. must stay)","{1}: la build salvata usa regole vecchie (ricalcolata con le regole attuali; la distribuzione potrebbe essere interpretata diversamente).","","","high","","",""
"generated.squadText:3a41a3d6","generated:squadText","generated","(template; tokens {N} etc. must stay)","{1}: potrebbe essere inadatto come {2} (le statistiche non vengono ridotte).","","","high","","",""
"generated.squadText:b91c465e","generated:squadText","generated","(template; tokens {N} etc. must stay)","Titolari: {1}/11.","","","high","","",""
"generated.squadText:0070c291","generated:squadText","generated","(template; tokens {N} etc. must stay)","I booster confermati dell’allenatore ""{1}"" vengono applicati a tutti i giocatori.","","","high","","",""
"generated.squadText:50f95a08","generated:squadText","generated","(template; tokens {N} etc. must stay)","Gli effetti dei booster dell’allenatore ""{1}"" non sono confermati, quindi non vengono applicati (solo visualizzazione).","","","high","","",""
"generated.squadText:7af134e0","generated:squadText","generated","(template; tokens {N} etc. must stay)","Rimosso: {roles:1}, perché il giocatore è uscito dall’undici titolare.","","","high","","",""
"generated.squadText:662dc1f7","generated:squadText","generated","(template; tokens {N} etc. must stay)","Rimosso: {roles:1}.","","","high","","",""
"generated.squadText:f6f91957","generated:squadText","generated","(template; tokens {N} etc. must stay)","Puoi salvare fino a {1} rose.","","","high","","",""
"generated.squadText:141eb4d6","generated:squadText","generated","(template; tokens {N} etc. must stay)","Copia di {1}","","","high","","",""
"generated.squadText:4cc9279b","generated:squadText","generated","(template; tokens {N} etc. must stay)","Cancellato a causa di una versione di archiviazione sconosciuta ({1}).","","","high","","",""
"generated.squadText:b4104aeb","generated:squadText","generated","(template; tokens {N} etc. must stay)","Puoi salvare fino a {1} modelli.","","","high","","",""
"generated.squadDiagnosis.fixed","generated:squadDiagnosis","generated","(source: 攻撃)","Attacco","","","high","","",""
"generated.squadDiagnosis.fixed","generated:squadDiagnosis","generated","(source: 守備)","Difesa","","","high","","",""
"generated.squadDiagnosis.fixed","generated:squadDiagnosis","generated","(source: 空中戦)","Gioco aereo","","","high","","",""
"generated.squadDiagnosis.fixed","generated:squadDiagnosis","generated","(source: スピード)","Velocità","","","high","","",""
"generated.squadDiagnosis.fixed","generated:squadDiagnosis","generated","(source: パス・ビルドアップ)","Passaggi e costruzione","","","high","","",""
"generated.squadDiagnosis.fixed","generated:squadDiagnosis","generated","(source: ドリブル・ボール保持)","Dribbling e possesso","","","high","","",""
"generated.squadDiagnosis.fixed","generated:squadDiagnosis","generated","(source: プレス適性)","Pressing","","","high","","",""
"generated.squadDiagnosis.fixed","generated:squadDiagnosis","generated","(source: カウンター適性)","Contropiede","","","high","","",""
"generated.squadDiagnosis.fixed","generated:squadDiagnosis","generated","(source: 選手配置の充足状況)","Completezza della rosa","","","high","","",""
"generated.squadDiagnosis.fixed","generated:squadDiagnosis","generated","(source: この評価は、登録された選手能力・育成・配置にもとづくスカッド構成評価です。試合結果やプレイヤースキル、全国順位・勝率を保証するものではありません。)","È una valutazione della composizione della rosa basata su statistiche, progressione e schieramento dei giocatori registrati. Non garantisce risultati delle partite, abilità del giocatore, classifiche o percentuali di vittoria.","","","high","","",""
"generated.squadDiagnosis.fixed","generated:squadDiagnosis","generated","(source: 既存の比較カテゴリ定義（COMPARE_CATEGORIES.attack）と同一の能力集合を採用)","Stesso insieme di statistiche della categoria di confronto esistente (COMPARE_CATEGORIES.attack)","","","high","","",""
"generated.squadDiagnosis.fixed","generated:squadDiagnosis","generated","(source: 既存の比較カテゴリ定義（COMPARE_CATEGORIES.defense）と同一の能力集合を採用)","Stesso insieme di statistiche della categoria di confronto esistente (COMPARE_CATEGORIES.defense)","","","high","","",""
"generated.squadDiagnosis.fixed","generated:squadDiagnosis","generated","(source: 既存の育成カテゴリ定義（stat-groups.ts の aerialStrength）と同一の能力集合を採用)","Stesso insieme di statistiche della categoria di progressione esistente (aerialStrength in stat-groups.ts)","","","high","","",""
"generated.squadDiagnosis.fixed","generated:squadDiagnosis","generated","(source: 既存の比較カテゴリ定義（COMPARE_CATEGORIES.speed）と同一の能力集合を採用)","Stesso insieme di statistiche della categoria di confronto esistente (COMPARE_CATEGORIES.speed)","","","high","","",""
"generated.squadDiagnosis.fixed","generated:squadDiagnosis","generated","(source: グラウンダーパス・フライパスに、パス精度を支えるボールコントロールを加えた集合)","Passaggio rasoterra e Passaggio alto più Controllo palla, che sostiene la precisione dei passaggi","","","high","","",""
"generated.squadDiagnosis.fixed","generated:squadDiagnosis","generated","(source: 既存の比較カテゴリ定義（COMPARE_CATEGORIES.dribble）と同一の能力集合を採用)","Stesso insieme di statistiche della categoria di confronto esistente (COMPARE_CATEGORIES.dribble)","","","high","","",""
"generated.squadDiagnosis.fixed","generated:squadDiagnosis","generated","(source: プレッシングに関与する運動量・寄せの速さに関する能力の集合)","Statistiche legate all’intensità di lavoro e alla rapidità nel chiudere gli spazi durante il pressing","","","high","","",""
"generated.squadDiagnosis.fixed","generated:squadDiagnosis","generated","(source: 速攻の推進力（スピード）と飛び出しの判断（オフェンスセンス）に関する能力の集合)","Statistiche legate alla spinta in contropiede (Velocità) e ai tempi degli inserimenti (Attitudine offensiva)","","","high","","",""
"generated.squadDiagnosis.fixed","generated:squadDiagnosis","generated","(source: 判定対象外（対象となるフィールドプレイヤーが先発にいません）)","Non valutato (nessun giocatore di movimento idoneo nell’undici titolare)","","","high","","",""
"generated.squadDiagnosis.fixed","generated:squadDiagnosis","generated","(source: 対象能力)","Statistiche considerate","","","high","","",""
"generated.squadDiagnosis.fixed","generated:squadDiagnosis","generated","(source: 採用理由)","Perché questo insieme","","","high","","",""
"generated.squadDiagnosis.fixed","generated:squadDiagnosis","generated","(source: 対象選手数)","Giocatori conteggiati","","","high","","",""
"generated.squadDiagnosis.fixed","generated:squadDiagnosis","generated","(source: 使用した能力)","Statistiche usate","","","high","","",""
"generated.squadDiagnosis.fixed","generated:squadDiagnosis","generated","(source: 平均値)","Media","","","high","","",""
"generated.squadDiagnosis.fixed","generated:squadDiagnosis","generated","(source: 最高)","Massimo","","","high","","",""
"generated.squadDiagnosis.fixed","generated:squadDiagnosis","generated","(source: 最低)","Minimo","","","high","","",""
"generated.squadDiagnosis.fixed","generated:squadDiagnosis","generated","(source: 先発の配置人数・適性・ベンチ人数から減点方式で算出（能力値は使用しない）)","Calcolato con detrazioni in base a schieramento dei titolari, idoneità e dimensione della panchina (le statistiche non vengono usate)","","","high","","",""
"generated.squadDiagnosis.fixed","generated:squadDiagnosis","generated","(source: 先発配置)","Titolari schierati","","","high","","",""
"generated.squadDiagnosis.fixed","generated:squadDiagnosis","generated","(source: ベンチ人数)","Giocatori in panchina","","","high","","",""
"generated.squadDiagnosis.fixed","generated:squadDiagnosis","generated","(source: 適性未確認)","Idoneità non confermata","","","high","","",""
"generated.squadDiagnosis.fixed","generated:squadDiagnosis","generated","(source: 不適性の可能性)","Possibilmente inadatto","","","high","","",""
"generated.squadDiagnosis.fixed","generated:squadDiagnosis","generated","(source: 減点重み)","Pesi delle detrazioni","","","high","","",""
"generated.squadDiagnosis.fixed","generated:squadDiagnosis","generated","(source: 不明)","Sconosciuto","","","high","","",""
"generated.squadDiagnosis.fixed","generated:squadDiagnosis","generated","(source: 保存ビルド参照の見直し)","Controlla i riferimenti alle build salvate","","","high","","",""
"generated.squadDiagnosis.fixed","generated:squadDiagnosis","generated","(source: 保存ビルドの設定)","Imposta le build salvate","","","high","","",""
"generated.squadDiagnosis.fixed","generated:squadDiagnosis","generated","(source: 配置の見直し)","Controlla lo schieramento","","","high","","",""
"generated.squadDiagnosis.fixed","generated:squadDiagnosis","generated","(source: 先発の空き枠)","Posti vuoti tra i titolari","","","high","","",""
"generated.squadDiagnosis.fixed","generated:squadDiagnosis","generated","(source: ベンチ入れ替え候補)","Candidato al cambio dalla panchina","","","high","","",""
"generated.squadDiagnosis.fixed","generated:squadDiagnosis","generated","(source: 判定対象外（有効な評価項目がありません。先発にフィールドプレイヤーを配置してください）)","Non valutato (nessuna categoria valida; schiera giocatori di movimento nell’undici titolare)","","","high","","",""
"generated.squadDiagnosis:3fdd331e","generated:squadDiagnosis","generated","(template; tokens {N} etc. must stay)","Media delle statistiche considerate (valori finali standard) di {1, plural, one {# titolare di movimento} other {# titolari di movimento}} (escluso il GK)","","","high","","",""
"generated.squadDiagnosis:67568b8d","generated:squadDiagnosis","generated","(template; tokens {N} etc. must stay)","{1}","","","high","","",""
"generated.squadDiagnosis:3c8935ee","generated:squadDiagnosis","generated","(template; tokens {N} etc. must stay)","{1} / {2}","","","high","","",""
"generated.squadDiagnosis:ef47a0c7","generated:squadDiagnosis","generated","(template; tokens {N} etc. must stay)","{1}","","","high","","",""
"generated.squadDiagnosis:eec6521b","generated:squadDiagnosis","generated","(template; tokens {N} etc. must stay)","{1}","","","high","","",""
"generated.squadDiagnosis:fc30964a","generated:squadDiagnosis","generated","(template; tokens {N} etc. must stay)","Posto vuoto ×{1} / Idoneità non confermata ×{2} / Inadatto ×{3} / Panchina vuota ×{4}","","","high","","",""
"generated.squadDiagnosis:064944c7","generated:squadDiagnosis","generated","(template; tokens {N} etc. must stay)","{cat:1}: valutazione alta (rango {2}, {3} punti).","","","high","","",""
"generated.squadDiagnosis:b3f49da1","generated:squadDiagnosis","generated","(template; tokens {N} etc. must stay)","{cat:1}: valutazione bassa (rango {2}, {3} punti).","","","high","","",""
"generated.squadDiagnosis:b3e379dc","generated:squadDiagnosis","generated","(template; tokens {N} etc. must stay)","Riferimento alla build salvata di {1}","","","high","","",""
"generated.squadDiagnosis:d16d688c","generated:squadDiagnosis","generated","(template; tokens {N} etc. must stay)","Impossibile risolvere il riferimento alla build salvata (stato: {1}). Non è un errore nei dati; il riferimento potrebbe essere obsoleto dopo un’eliminazione o una riassegnazione.","","","high","","",""
"generated.squadDiagnosis:310a9e74","generated:squadDiagnosis","generated","(template; tokens {N} etc. must stay)","Idoneità allo schieramento di {1}","","","high","","",""
"generated.squadDiagnosis:32a083c3","generated:squadDiagnosis","generated","(template; tokens {N} etc. must stay)","Il ruolo registrato ({pos:1}) e lo schieramento ({2}) potrebbero essere molto diversi (le statistiche non vengono modificate).","","","high","","",""
"generated.squadDiagnosis:22dd510e","generated:squadDiagnosis","generated","(template; tokens {N} etc. must stay)","Lo schieramento e l’idoneità dei titolari possono essere migliorati ({1} punti). Consulta le motivazioni per i dettagli.","","","high","","",""
"generated.squadDiagnosis:c11ba0c6","generated:squadDiagnosis","generated","(template; tokens {N} etc. must stay)","Impossibile risolvere i riferimenti alle build salvate di {1}. Scegli di nuovo le build salvate (non vengono riparate automaticamente).","","","high","","",""
"generated.squadDiagnosis:d20fa24f","generated:squadDiagnosis","generated","(template; tokens {N} etc. must stay)","{1}: nessuna build salvata, quindi la progressione completata non è pienamente riflessa. Impostare build salvate con progressione e booster dà una valutazione più realistica.","","","high","","",""
"generated.squadDiagnosis:0ad10858","generated:squadDiagnosis","generated","(template; tokens {N} etc. must stay)","Controlla l’idoneità allo schieramento di {1}.","","","high","","",""
"generated.squadDiagnosis:84c4854e","generated:squadDiagnosis","generated","(template; tokens {N} etc. must stay)","Titolari: {1}/{2}. Riempire i posti vuoti rende la valutazione più precisa.","","","high","","",""
"generated.squadDiagnosis:d13a5c47","generated:squadDiagnosis","generated","(template; tokens {N} etc. must stay)","In {cat:1}, {2} in panchina ({3}) supera il titolare {4} ({5}). Puoi valutare di scambiarli (non applicato automaticamente).","","","high","","",""
"generated.squadDiagnosis:ad516d61","generated:squadDiagnosis","generated","(template; tokens {N} etc. must stay)","Media semplice di {1}/{2} categorie valutabili","","","high","","",""
"generated.perspectives.fixed","generated:perspectives","generated","(source: 控えの厚み)","Profondità della panchina","","","high","","",""
"generated.perspectives.fixed","generated:perspectives","generated","(source: 控えがいるライン数)","Reparti con una riserva","","","high","","",""
"generated.perspectives.fixed","generated:perspectives","generated","(source: GK・DF・MF・FW のうち控えが 1 人以上いるライン数)","Numero di reparti (GK, DF, MF, FW) con almeno una riserva","","","high","","",""
"generated.perspectives.fixed","generated:perspectives","generated","(source: 控えと先発の能力差の平均)","Divario medio di statistiche tra panchina e titolari","","","high","","",""
"generated.perspectives.fixed","generated:perspectives","generated","(source: ラインごとに（控えの全能力平均 − 先発の全能力平均）を出し、その平均。GK 能力も含むため値の意味は暫定)","Per reparto (media di tutte le statistiche della panchina − media di tutte le statistiche dei titolari), poi la media. Include le statistiche da portiere, quindi il significato è provvisorio","","","high","","",""
"generated.perspectives.fixed","generated:perspectives","generated","(source: 控えがいない)","Nessuna riserva","","","high","","",""
"generated.perspectives.fixed","generated:perspectives","generated","(source: カードを解決できない控えがいる（能力差の計算から除外）)","Non è stato possibile determinare le carte di alcune riserve (escluse dal divario)","","","high","","",""
"generated.perspectives.fixed","generated:perspectives","generated","(source: 左)","Sinistra","","","high","","",""
"generated.perspectives.fixed","generated:perspectives","generated","(source: 右)","Destra","","","high","","",""
"generated.perspectives.fixed","generated:perspectives","generated","(source: 左右バランス)","Equilibrio sinistra/destra","","","high","","",""
"generated.perspectives.fixed","generated:perspectives","generated","(source: 左右の人数の差)","Differenza di giocatori tra sinistra e destra","","","high","","",""
"generated.perspectives.fixed","generated:perspectives","generated","(source: 人)","","","","high","","",""
"generated.perspectives.fixed","generated:perspectives","generated","(source: 左右の外側のレーンにいるフィールドプレーヤーの人数の差（評価しない）)","Differenza di giocatori di movimento nelle corsie esterne sinistra e destra (non valutata)","","","high","","",""
"generated.perspectives.fixed","generated:perspectives","generated","(source: 左右の攻守能力の差)","Differenza di statistiche di attacco e difesa tra sinistra e destra","","","high","","",""
"generated.perspectives.fixed","generated:perspectives","generated","(source: サイドごとの（攻撃平均と守備平均の平均）の差。重みは暫定。差が大きい＝弱いとは限らない)","Differenza per lato di (media delle medie di attacco e difesa). I pesi sono provvisori. Un divario maggiore non significa necessariamente più debole","","","high","","",""
"generated.perspectives.fixed","generated:perspectives","generated","(source: 外側のレーンに選手がいない)","Nessun giocatore nella corsia esterna","","","high","","",""
"generated.perspectives.fixed","generated:perspectives","generated","(source: 配置座標が無い選手がいる)","Alcuni giocatori non hanno coordinate di schieramento","","","high","","",""
"generated.perspectives.fixed","generated:perspectives","generated","(source: 役割の重複（控えを含む）)","Sovrapposizione di ruoli (riserve incluse)","","","high","","",""
"generated.perspectives.fixed","generated:perspectives","generated","(source: 同じプレースタイルの選手は 2 人以上いない)","Nessuno stile di gioco è condiviso da 2 o più giocatori","","","high","","",""
"generated.perspectives.fixed","generated:perspectives","generated","(source: 先発で重複するプレースタイル数)","Stili di gioco condivisi tra i titolari","","","high","","",""
"generated.perspectives.fixed","generated:perspectives","generated","(source: 種類)"," tipi","","","high","","",""
"generated.perspectives.fixed","generated:perspectives","generated","(source: 先発 11 人で 2 人以上いるプレースタイルの種類数（basic を除く）)","Numero di stili di gioco posseduti da 2 o più degli 11 titolari (esclusi quelli di base)","","","high","","",""
"generated.perspectives.fixed","generated:perspectives","generated","(source: 控えを含めた重複数)","Sovrapposizioni riserve incluse","","","high","","",""
"generated.perspectives.fixed","generated:perspectives","generated","(source: 先発と控えを合わせた重複の種類数。重複が悪いとは言えない（控えは同じ役割の交代要員でもある）)","Numero di stili condivisi tra titolari e riserve. La sovrapposizione non è necessariamente negativa (le riserve possono coprire lo stesso ruolo)","","","high","","",""
"generated.perspectives.fixed","generated:perspectives","generated","(source: プレースタイルが不明な選手がいる)","Gli stili di gioco di alcuni giocatori sono sconosciuti","","","high","","",""
"generated.perspectives.fixed","generated:perspectives","generated","(source: 監督適合)","Compatibilità con l’allenatore","","","high","","",""
"generated.perspectives.fixed","generated:perspectives","generated","(source: 監督が設定されていないか、戦術適性を読めない)","Nessun allenatore impostato, oppure la competenza tattica non può essere letta","","","high","","",""
"generated.perspectives.fixed","generated:perspectives","generated","(source: 得意戦術と一致するプレースタイルの人数)","Giocatori il cui stile corrisponde alla tattica migliore","","","high","","",""
"generated.perspectives.fixed","generated:perspectives","generated","(source: 監督の最も高い戦術適性に対応するプレースタイルの先発人数（対応表は暫定）)","Titolari con uno stile di gioco corrispondente alla tattica migliore dell’allenatore (corrispondenza provvisoria)","","","high","","",""
"generated.perspectives.fixed","generated:perspectives","generated","(source: 公式の補正量で補正)","Corretto con il bonus ufficiale","","","high","","",""
"generated.perspectives.fixed","generated:perspectives","generated","(source: 公式の補正量は未確認のため計算しない)","Non calcolato perché il bonus ufficiale non è confermato","","","high","","",""
"generated.perspectives.fixed","generated:perspectives","generated","(source: 監督の戦術適性)","Competenza tattica dell’allenatore","","","high","","",""
"generated.perspectives.fixed","generated:perspectives","generated","(source: 戦術ごとの公式の補正量（未確認）)","Bonus ufficiale per tattica (non confermato)","","","high","","",""
"generated.perspectives.fixed","generated:perspectives","generated","(source: 暫定の対応表（PROVISIONAL_TACTIC_STYLES）による一致数。公式の根拠はない)","Corrispondenze secondo la mappatura provvisoria (PROVISIONAL_TACTIC_STYLES). Nessuna base ufficiale","","","high","","",""
"generated.perspectives.fixed","generated:perspectives","generated","(source: プレースタイルが不明な先発がいる)","Gli stili di gioco di alcuni titolari sono sconosciuti","","","high","","",""
"generated.perspectives.fixed","generated:perspectives","generated","(source: フォーメーション適合)","Compatibilità con il modulo","","","high","","",""
"generated.perspectives.fixed","generated:perspectives","generated","(source: 本職の人数)","Giocatori nel proprio ruolo","","","high","","",""
"generated.perspectives.fixed","generated:perspectives","generated","(source: 登録ポジションと配置ポジションが一致する先発の人数)","Titolari schierati nel ruolo registrato","","","high","","",""
"generated.perspectives.fixed","generated:perspectives","generated","(source: 適性の段階の重み付き)","Ponderato per livello di idoneità","","","high","","",""
"generated.perspectives.fixed","generated:perspectives","generated","(source: 本職 1・近いポジション 0.5・適性外 0 の平均（重み 0.5 は暫定）)","Media con nel proprio ruolo 1, ruolo vicino 0,5, fuori ruolo 0 (il peso 0,5 è provvisorio)","","","high","","",""
"generated.perspectives.fixed","generated:perspectives","generated","(source: 配置ポジションへの適性が確認できない)","Non è possibile confermare l’idoneità allo schieramento","","","high","","",""
"generated.perspectives.fixed","generated:perspectives","generated","(source: 副ポジションの適性の段階（一部しか無い）)","Livelli di idoneità ai ruoli secondari (disponibili solo in parte)","","","high","","",""
"generated.perspectives.fixed","generated:perspectives","generated","(source: 先発 GK がいない)","Nessun GK titolare","","","high","","",""
"generated.perspectives.fixed","generated:perspectives","generated","(source: GK 能力の平均)","Media delle statistiche del GK","","","high","","",""
"generated.perspectives.fixed","generated:perspectives","generated","(source: GK 専用 5 能力の平均（フィールドの能力は含めない）)","Media delle 5 statistiche esclusive del GK (statistiche dei giocatori di movimento escluse)","","","high","","",""
"generated.perspectives.fixed","generated:perspectives","generated","(source: GK 能力の最小値)","Statistica più bassa del GK","","","high","","",""
"generated.perspectives.fixed","generated:perspectives","generated","(source: 最も低い GK 能力（弱点の大きさとして使えるかは比較で判断）)","Statistica più bassa del GK (se indica un punto debole si valuta per confronto)","","","high","","",""
"generated.perspectives.fixed","generated:perspectives","generated","(source: F-071 の GK 能力分布での位置（未接続）)","Posizione nella distribuzione delle statistiche dei GK F-071 (non collegata)","","","high","","",""
"generated.perspectives.fixed","generated:perspectives","generated","(source: GK のカードを解決できない)","Non è stato possibile determinare la carta del GK","","","high","","",""
"generated.perspectives.fixed","generated:perspectives","generated","(source: 空中戦（身長の補正）)","Gioco aereo (correzione per altezza)","","","high","","",""
"generated.perspectives.fixed","generated:perspectives","generated","(source: 補正なし（現状）)","Nessuna correzione (attuale)","","","high","","",""
"generated.perspectives.fixed","generated:perspectives","generated","(source: ヘディング・ジャンプ・フィジカルコンタクトの平均（既存の空中戦と同じ能力集合）)","Media di Colpo di testa, Elevazione e Contatto fisico (stesso insieme del Gioco aereo esistente)","","","high","","",""
"generated.perspectives.fixed","generated:perspectives","generated","(source: 身長の段階で加点)","Bonus in base all’altezza","","","high","","",""
"generated.perspectives.fixed","generated:perspectives","generated","(source: 190cm 以上 +3・185 以上 +2・180 以上 +1・175 未満 −1（公式の根拠なし）)","190 cm+ +3, 185+ +2, 180+ +1, sotto 175 −1 (nessuna base ufficiale)","","","high","","",""
"generated.perspectives.fixed","generated:perspectives","generated","(source: 身長が空中戦に与える公式の影響（根拠なし）)","Effetto ufficiale dell’altezza sul gioco aereo (nessuna base)","","","high","","",""
"generated.perspectives.fixed","generated:perspectives","generated","(source: 身長が分からない選手がいる（B は計算しない）)","L’altezza di alcuni giocatori è sconosciuta (B non viene calcolato)","","","high","","",""
"generated.perspectives.fixed","generated:perspectives","generated","(source: 空中戦（ポジション・利き足の補正）)","Gioco aereo (correzione per ruolo e piede preferito)","","","high","","",""
"generated.perspectives.fixed","generated:perspectives","generated","(source: 先発フィールドプレーヤーの空中戦の能力の単純平均（空中戦（身長の補正）の A と同じ値）)","Media semplice del gioco aereo dei giocatori di movimento titolari (stesso valore di A in Gioco aereo (correzione per altezza))","","","high","","",""
"generated.perspectives.fixed","generated:perspectives","generated","(source: ポジションの重み付き)","Ponderato per ruolo","","","high","","",""
"generated.perspectives.fixed","generated:perspectives","generated","(source: CB・CF の重み 1、その他 0.5 の加重平均（重みは暫定）)","Media ponderata con CB e CF a 1 e gli altri a 0,5 (pesi provvisori)","","","high","","",""
"generated.perspectives.fixed","generated:perspectives","generated","(source: 利き足の補正)","Correzione per piede preferito","","","high","","",""
"generated.perspectives.fixed","generated:perspectives","generated","(source: 利き足と空中戦の関係に公式の根拠が無いため計算しない)","Non calcolato perché non c’è una base ufficiale tra piede preferito e gioco aereo","","","high","","",""
"generated.perspectives.fixed","generated:perspectives","generated","(source: 空中戦の比重が大きい配置で空中戦の能力が 70 未満)","Gioco aereo sotto 70 in uno schieramento con molto gioco aereo","","","high","","",""
"generated.perspectives.fixed","generated:perspectives","generated","(source: 利き足と空中戦の公式の関係（根拠なし）)","Relazione ufficiale tra piede preferito e gioco aereo (nessuna base)","","","high","","",""
"generated.perspectives.fixed","generated:perspectives","generated","(source: 利き足が分からない選手がいる)","Il piede preferito di alcuni giocatori è sconosciuto","","","high","","",""
"generated.perspectives.fixed","generated:perspectives","generated","(source: なし)","Nessuno","","","high","","",""
"generated.perspectives:c9e8ae9e","generated:perspectives","generated","(template; tokens {N} etc. must stay)","Panchina: {1}","","","high","","",""
"generated.perspectives:5dd4237d","generated:perspectives","generated","(template; tokens {N} etc. must stay)","{1}: {2, plural, one {# titolare} other {# titolari}}, {3, plural, one {# riserva} other {# riserve}}","","","high","","",""
"generated.perspectives:53812a09","generated:perspectives","generated","(template; tokens {N} etc. must stay)","Aggiungendo una riserva in {1}, A diventa {2}","","","high","","",""
"generated.perspectives:ca025a5d","generated:perspectives","generated","(template; tokens {N} etc. must stay)","Sinistra {1}, destra {2} (centro {3})","","","high","","",""
"generated.perspectives:4d3aa439","generated:perspectives","generated","(template; tokens {N} etc. must stay)","Fascia {side:1}","","","high","","",""
"generated.perspectives:ab775b86","generated:perspectives","generated","(template; tokens {N} etc. must stay)","Giocatori sulla fascia {side:1}","","","high","","",""
"generated.perspectives:7216a5d0","generated:perspectives","generated","(template; tokens {N} etc. must stay)","Spostando un giocatore sulla fascia {side:1}, A diventa {2} (non serve cambiare se è una scelta tattica)","","","high","","",""
"generated.perspectives:9cfc1aac","generated:perspectives","generated","(template; tokens {N} etc. must stay)","{1}: {2} (titolari {3})","","","high","","",""
"generated.perspectives:448df7d1","generated:perspectives","generated","(template; tokens {N} etc. must stay)","Lo stile di gioco {1} è condiviso","","","high","","",""
"generated.perspectives:3e6f5751","generated:perspectives","generated","(template; tokens {N} etc. must stay)","Tattica migliore dell’allenatore: {1} ({2})","","","high","","",""
"generated.perspectives:03fcab53","generated:perspectives","generated","(template; tokens {N} etc. must stay)","Stili di gioco considerati corrispondenti (provvisorio): {fixed:1}","","","high","","",""
"generated.perspectives:58058d21","generated:perspectives","generated","(template; tokens {N} etc. must stay)","{1} corrisponde a {2} (provvisorio)","","","high","","",""
"generated.perspectives:db62ef98","generated:perspectives","generated","(template; tokens {N} etc. must stay)","Nel proprio ruolo {1}, ruolo vicino {2}, fuori ruolo {3} (schierati {4}/{5})","","","high","","",""
"generated.perspectives:7d9933e0","generated:perspectives","generated","(template; tokens {N} etc. must stay)","Sostituendo {1, plural, one {il giocatore fuori ruolo} other {i # giocatori fuori ruolo}} con giocatori nel proprio ruolo, A diventa {2}","","","high","","",""
"generated.perspectives:e3f2e451","generated:perspectives","generated","(template; tokens {N} etc. must stay)","GK titolare: {1}","","","high","","",""
"generated.perspectives:c2186bb5","generated:perspectives","generated","(template; tokens {N} etc. must stay)","Statistica più bassa del GK: {stat:1}","","","high","","",""
"generated.perspectives:f1fe8ff6","generated:perspectives","generated","(template; tokens {N} etc. must stay)","Titolari con altezza nota: {1}/{2}","","","high","","",""
"generated.perspectives:ddd4c9e0","generated:perspectives","generated","(template; tokens {N} etc. must stay)","{1}, altezza {2} cm","","","high","","",""
"generated.perspectives:40adf83a","generated:perspectives","generated","(template; tokens {N} etc. must stay)","Schieramenti con molto gioco aereo (CB, CF): {1}","","","high","","",""
"generated.perspectives:8d6fa3cd","generated:perspectives","generated","(template; tokens {N} etc. must stay)","Titolari con piede preferito noto: {1}/{2}","","","high","","",""
