"key","feature","surface","source_en","draft","suggested_alternative","max_length","severity","decision","reviewer_comment","reviewed_date"
"common.loading","common","core","Loading","Cargando","","12","high","","",""
"common.errorTitle","common","core","Something went wrong","Algo salió mal","","26","high","","",""
"common.errorDescription","common","core","Please try again in a moment. If the problem persists, reload the page.","Vuelve a intentarlo en un momento. Si el problema continúa, recarga la página.","","","high","","",""
"common.retry","common","core","Retry","Reintentar","","12","high","","",""
"common.back","common","core","Back","Atrás","","12","high","","",""
"common.home","common","core","Go home","Ir al inicio","","12","high","","",""
"common.save","common","core","Save","Guardar","","12","high","","",""
"common.cancel","common","core","Cancel","Cancelar","","12","high","","",""
"common.close","common","core","Close","Cerrar","","12","high","","",""
"common.confirm","common","core","Confirm","Confirmar","","12","high","","",""
"common.unknownPlayer","common","core","Unknown Player","Jugador desconocido","","19","high","","",""
"common.legalEnglishOnlyNotice","common","core","This document is provided in Japanese and English.","Este documento está disponible en japonés e inglés.","","","high","","",""
"pageError.title","pageError","core","An error occurred while displaying this page","Se produjo un error al mostrar esta página","","","high","","",""
"pageError.description","pageError","core","Failed to load data. If retrying doesn't fix it, reload the page.","No se pudieron cargar los datos. Si reintentar no lo soluciona, recarga la página.","","","high","","",""
"pageError.codeLabelPrefix","pageError","core","Code: ","Código: ","","12","high","","",""
"pageError.iconAriaLabel","pageError","core","Error","Error","","12","high","","",""
"notFoundPage.title","notFoundPage","core","Page not found","Página no encontrada","","19","high","","",""
"notFoundPage.description","notFoundPage","core","The page or player you're looking for doesn't exist or may have moved.","La página o el jugador que buscas no existe o puede haberse movido.","","","high","","",""
"notFoundPage.playersLink","notFoundPage","core","Go to players list","Ir a la lista de jugadores","","24","high","","",""
"homePage.alphaNoticeBanner","homePage","ui","TeamAIXI v1.0 is a free, unofficial squad analysis tool for eFootball™ that works without signing in. It is not an official KONAMI or eFootball™ service. Account features are planned for a future update.","TeamAIXI v1.0 es una herramienta gratuita y no oficial de análisis de plantillas para eFootball™ que funciona sin iniciar sesión. No es un servicio oficial de KONAMI ni de eFootball™. Las funciones de cuenta llegarán en una próxima actualización.","","","medium","","",""
"homePage.alphaNoticeDetailsLinkLabel","homePage","ui","About TeamAIXI","Acerca de TeamAIXI","","19","medium","","",""
"homePage.heroBadge","homePage","ui","Unofficial squad analysis tool for eFootball™","Herramienta no oficial de análisis de plantillas para eFootball™","","59","medium","","",""
"homePage.quickStartHeading","homePage","ui","What you can do with TeamAIXI","Qué puedes hacer con TeamAIXI","","38","medium","","",""
"homePage.quickStep1Title","homePage","ui","Find players","Encontrar jugadores","","16","medium","","",""
"homePage.quickStep1Body","homePage","ui","Search by name, World ID or position.","Busca por nombre, ID de World o posición.","","","medium","","",""
"homePage.quickStep2Title","homePage","ui","Train a player","Hacer progresar a un jugador","","19","medium","","",""
"homePage.quickStep2Body","homePage","ui","On a player page, tap abilities or use the sliders to see final values.","En la página de un jugador, toca los atributos o usa los controles deslizantes para ver los valores finales.","","","medium","","",""
"homePage.quickStep3Title","homePage","ui","Compare players","Comparar jugadores","","20","medium","","",""
"homePage.quickStep3Body","homePage","ui","Put up to four players side by side.","Compara hasta cuatro jugadores lado a lado.","","","medium","","",""
"homePage.quickStep4Title","homePage","ui","Build My Team","Crear Mi equipo","","17","medium","","",""
"homePage.quickStep4Body","homePage","ui","Save the cards you own in this browser (no sign-in).","Guarda en este navegador las cartas que tienes (sin registro).","","","medium","","",""
"homePage.quickStep5Title","homePage","ui","Diagnose a squad","Diagnosticar una plantilla","","21","medium","","",""
"homePage.quickStep5Body","homePage","ui","Pick a formation and players to see strengths and weaknesses.","Elige una formación y jugadores para ver los puntos fuertes y débiles.","","","medium","","",""
"homePage.quickStep6Title","homePage","ui","Share results","Compartir resultados","","17","medium","","",""
"homePage.quickStep6Body","homePage","ui","Save or share a diagnosis as a link or an image.","Guarda o comparte un diagnóstico como enlace o imagen.","","","medium","","",""
"homePage.heroTitlePrefix","homePage","ui","Research players, compare them, and build a ","Investiga jugadores, compáralos y arma una ","","","medium","","",""
"homePage.heroTitleAccent","homePage","ui","squad","plantilla","","12","medium","","",""
"homePage.heroTitleSuffix","homePage","ui",".",".","","12","medium","","",""
"homePage.heroDescriptionTemplate","homePage","ui","All {count} eFootball World cards. 26 abilities, skills, progression calculations, manager boosters, and Link-Up Play conditions — all in one screen. Items whose calculation rules aren't confirmed are clearly marked ""under verification.""","Las {count} cartas World de eFootball. 26 atributos, habilidades, cálculos de progresión, potenciadores de entrenador y condiciones de Link-Up Play, todo en una sola pantalla. Los elementos cuyas reglas de cálculo no están confirmadas se marcan claramente como ""en verificación"".","","","medium","","",""
"homePage.searchPlaceholder","homePage","ui","Search by player name or World ID…","Buscar por nombre de jugador o ID de World…","","45","medium","","",""
"homePage.searchAriaLabel","homePage","accessibility","Search players","Buscar jugadores","","19","high","","",""
"homePage.searchButton","homePage","ui","Search","Buscar","","12","medium","","",""
"homePage.compareButton","homePage","ui","Compare Players","Comparar jugadores","","20","medium","","",""
"homePage.createSquadButton","homePage","ui","Build a Squad","Crear una plantilla","","17","medium","","",""
"homePage.dataStatusHeading","homePage","ui","Data Status","Estado de los datos","","15","medium","","",""
"homePage.worldCardsLabel","homePage","ui","World Cards","Cartas World","","15","medium","","",""
"homePage.efhubIndexLabel","homePage","ui","eFHUB Index","Índice de eFHUB","","15","medium","","",""
"homePage.managersLabel","homePage","ui","Managers","Entrenadores","","12","medium","","",""
"homePage.syncedAtLabel","homePage","ui","World data imported","Datos de World importados","","25","medium","","",""
"homePage.worldUnavailableTitle","homePage","ui","World data isn't set up yet","Los datos de World aún no están configurados","","36","medium","","",""
"homePage.temporaryErrorNotice","homePage","ui","Some data couldn't be loaded right now. Please wait a moment and reload.","No se pudieron cargar algunos datos. Espera un momento y recarga.","","","high","","",""
"homePage.temporaryErrorReload","homePage","ui","Reload","Recargar","","12","high","","",""
"homePage.worldUnavailableCommandPrefix","homePage","ui","Run ","Ejecuta ","","12","medium","","",""
"homePage.worldUnavailableCommandSuffix","homePage","ui"," in the terminal."," en la terminal.","","23","medium","","",""
"homePage.topOvrHeading","homePage","ui","Highest Max OVR Cards","Cartas con mayor OVR máximo","","28","medium","","",""
"homePage.recentHeading","homePage","ui","Recently Updated Cards","Cartas actualizadas recientemente","","29","medium","","",""
"homePage.viewAllLink","homePage","ui","View all","Ver todo","","12","medium","","",""
"homePage.quickLinksHeading","homePage","ui","What You Can Do","Qué puedes hacer","","20","medium","","",""
"homePage.findPlayersLabel","homePage","ui","Find Players","Encontrar jugadores","","16","medium","","",""
"homePage.findPlayersDescTemplate","homePage","ui","Search and filter {count} World cards","Busca y filtra {count} cartas World","","","medium","","",""
"homePage.comparePlayersLabel","homePage","ui","Compare Players","Comparar jugadores","","20","medium","","",""
"homePage.comparePlayersDesc","homePage","ui","Line up abilities, skills, progression, and manager boosters for 2–4 players","Compara atributos, habilidades, progresión y potenciadores de entrenador de 2 a 4 jugadores","","","medium","","",""
"homePage.buildSquadLabel","homePage","ui","Build a Squad","Crear una plantilla","","17","medium","","",""
"homePage.buildSquadDesc","homePage","ui","Check formation, progression, manager, and Link-Up conditions","Revisa formación, progresión, entrenador y condiciones de Link-Up","","","medium","","",""
"homePage.exploreManagersLabel","homePage","ui","Explore Managers","Explorar entrenadores","","21","medium","","",""
"homePage.exploreManagersDescTemplate","homePage","ui","{count} managers' tactical proficiencies, boosters, and Link-Up Play","Dominio táctico, potenciadores y Link-Up Play de {count} entrenadores","","","medium","","",""
"homePage.inDevelopmentHeading","homePage","ui","In Development","En desarrollo","","19","medium","","",""
"homePage.inDevelopmentHint","homePage","ui","Coming soon","Próximamente","","15","medium","","",""
"homePage.featureTierList","homePage","ui","Tier List","Tier list","","12","medium","","",""
"homePage.featurePackDiagnosis","homePage","ui","Pack (Gacha) Diagnosis","Diagnóstico de packs","","29","medium","","",""
"homePage.featureAiCoach","homePage","ui","AI Coach Analysis","Análisis de entrenador con IA","","23","medium","","",""
"homePage.featureCommunity","homePage","ui","Community","Comunidad","","12","medium","","",""
"homePage.designDocNote","homePage","ui","See docs/efootball-team-ai-design.md for design details. Only ingested real data is shown — no fictional user counts or ratings.","Consulta docs/efootball-team-ai-design.md para ver los detalles del diseño. Solo se muestran datos reales importados: no hay cifras de usuarios ni valoraciones ficticias.","","","medium","","",""
"managersPage.metaTemplate","managersPage","ui","{count} managers","{count} entrenadores","","21","medium","","",""
"managersPage.descriptionTemplate","managersPage","ui","Data provided by {source}. Age, nationality, team, Coaching Affinity, and formation are not included in the source.","Datos proporcionados por {source}. La fuente no incluye edad, nacionalidad, equipo, Coaching Affinity ni formación.","","","medium","","",""
"managersPage.importedAtPrefix","managersPage","ui","Imported: ","Importado: ","","13","medium","","",""
"managersPage.dataUnavailableTitle","managersPage","ui","Manager data isn't set up yet","Los datos de entrenadores aún no se han configurado","","38","medium","","",""
"managersPage.dataUnavailableDescription","managersPage","ui","Run `node scripts/sync-managers.mjs` in the terminal to load it into SQLite.","Ejecuta `node scripts/sync-managers.mjs` en la terminal para cargarlos en SQLite.","","","medium","","",""
"managersPage.failedTitle","managersPage","ui","Could not load manager data","No se pudieron cargar los datos de entrenadores","","36","high","","",""
"managersPage.failedDescription","managersPage","ui","Please reload in a moment.","Vuelve a cargar en un momento.","","","high","","",""
"managersPage.noResultsTitle","managersPage","ui","No managers match your criteria","Ningún entrenador coincide con tus criterios","","41","medium","","",""
"managersPage.noResultsDescription","managersPage","ui","Try changing your search terms or filters.","Prueba a cambiar los términos de búsqueda o los filtros.","","","medium","","",""
"managersPage.clearFiltersLink","managersPage","ui","Clear filters","Quitar filtros","","17","medium","","",""
"managersPage.showingCountTemplate","managersPage","ui","Showing {from}–{to} of {total}","Mostrando {from}–{to} de {total}","","","medium","","",""
"managersPage.prevPageLink","managersPage","ui","Previous","Anterior","","12","medium","","",""
"managersPage.nextPageLink","managersPage","ui","Next","Siguiente","","12","medium","","",""
"managersPage.pageOfTemplate","managersPage","ui","{page} / {totalPages}","{page} / {totalPages}","","28","medium","","",""
"managersPage.paginationAriaLabel","managersPage","accessibility","Pagination","Paginación","","13","high","","",""
"nav.groupMain","nav","core","Main","Principal","","12","high","","",""
"nav.groupMyData","nav","core","My Data","Mis datos","","12","high","","",""
"nav.groupAnalysis","nav","core","Analysis","Análisis","","12","high","","",""
"nav.groupCommunity","nav","core","Community","Comunidad","","12","high","","",""
"nav.home","nav","core","Home","Inicio","","12","high","","",""
"nav.players","nav","core","Players","Jugadores","","12","high","","",""
"nav.managers","nav","core","Managers","Entrenadores","","12","high","","",""
"nav.compare","nav","core","Compare","Comparar","","12","high","","",""
"nav.squads","nav","core","Squads","Plantillas","","12","high","","",""
"nav.favorites","nav","core","Favorites","Favoritos","","12","high","","",""
"nav.myTeam","nav","core","My Team","Mi equipo","","12","high","","",""
"nav.myBuilds","nav","core","My Builds","Mis builds","","12","high","","",""
"nav.buildInventory","nav","core","Build Analysis","Análisis de builds","","19","high","","",""
"nav.diagnosisHistory","nav","core","Diagnosis history","Historial de diagnósticos","","23","high","","",""
"nav.bestXi","nav","core","AI Best XI","AI Best XI","","13","high","","",""
"nav.tierLists","nav","core","Tier List","Tier list","","12","high","","",""
"nav.packs","nav","core","Packs","Packs","","12","high","","",""
"nav.community","nav","core","Community","Comunidad","","12","high","","",""
"nav.comingSoon","nav","core","Coming soon","Próximamente","","15","high","","",""
"nav.ariaSidebar","nav","core","Side menu","Menú lateral","","12","high","","",""
"nav.ariaCollapse","nav","core","Collapse sidebar","Contraer la barra lateral","","21","high","","",""
"nav.ariaExpand","nav","core","Expand sidebar","Expandir la barra lateral","","19","high","","",""
"nav.collapseLabel","nav","core","Collapse","Contraer","","12","high","","",""
"nav.ariaMobileMenuOpen","nav","core","Open menu","Abrir menú","","12","high","","",""
"nav.ariaMobileMenuClose","nav","core","Close menu","Cerrar menú","","13","high","","",""
"nav.ariaMobileMenu","nav","core","Menu","Menú","","12","high","","",""
"nav.ariaHome","nav","core","Home","Inicio","","12","high","","",""
"nav.brand","nav","core","TeamAIXI","TeamAIXI","","12","high","","",""
"header.searchPlaceholder","header","core","Search players…","Buscar jugadores…","","20","high","","",""
"header.searchAriaLabel","header","core","Search players","Buscar jugadores","","19","high","","",""
"header.ariaHomeLink","header","core","TeamAIXI home","Inicio de TeamAIXI","","17","high","","",""
"header.accountNavSignIn","header","core","Sign in","Iniciar sesión","","12","high","","",""
"header.accountNavAccount","header","core","Account","Cuenta","","12","high","","",""
"language.japanese","language","core","日本語","日本語","","12","high","","",""
"language.english","language","core","English","English","","12","high","","",""
"language.ariaLabel","language","core","Select display language","Seleccionar idioma","","30","high","","",""
"language.moreLanguages","language","core","More languages (preview)","Más idiomas (vista previa)","","32","high","","",""
"language.previewListLabel","language","core","Languages in preview","Idiomas en vista previa","","26","high","","",""
"language.previewBadge","language","core","Preview","Vista previa","","12","high","","",""
"language.loadingLanguage","language","core","Loading language…","Cargando idioma…","","23","high","","",""
"diagnosisHistory.pageTitle","diagnosisHistory","metadata","Diagnosis history","Historial de diagnósticos","","23","medium","","",""
"diagnosisHistory.pageDescription","diagnosisHistory","metadata","Squad diagnoses you saved. They are kept only in this browser and are never sent to a server or other devices.","Diagnósticos de plantilla que guardaste. Se conservan solo en este navegador y nunca se envían a un servidor ni a otros dispositivos.","","","medium","","",""
"diagnosisHistory.limitNote","diagnosisHistory","ui","Up to 50 entries are kept; the oldest are removed first.","Se conservan hasta 50 entradas; las más antiguas se eliminan primero.","","","medium","","",""
"diagnosisHistory.saveButton","diagnosisHistory","ui","Save to history","Guardar en el historial","","20","medium","","",""
"diagnosisHistory.saved","diagnosisHistory","ui","Saved to history.","Guardado en el historial.","","23","medium","","",""
"diagnosisHistory.savedTrimmed","diagnosisHistory","ui","Saved to history ({count} oldest entries were removed to stay within the limit).","Guardado en el historial (se eliminaron las entradas más antiguas para no superar el límite: {count}).","","","medium","","",""
"diagnosisHistory.duplicate","diagnosisHistory","ui","Same result as the last saved one, so nothing was added.","Mismo resultado que el último guardado, así que no se añadió nada.","","","medium","","",""
"diagnosisHistory.saveFailed","diagnosisHistory","ui","Could not save to history. This browser may not allow local storage.","No se pudo guardar en el historial. Puede que este navegador no permita el almacenamiento local.","","","high","","",""
"diagnosisHistory.scopePending","diagnosisHistory","ui","Checking your sign-in state. Please try again in a moment.","Comprobando tu inicio de sesión. Inténtalo de nuevo en un momento.","","","medium","","",""
"diagnosisHistory.openHistory","diagnosisHistory","ui","View diagnosis history","Ver historial de diagnósticos","","29","medium","","",""
"diagnosisHistory.loading","diagnosisHistory","ui","Loading…","Cargando…","","12","medium","","",""
"diagnosisHistory.empty","diagnosisHistory","ui","No saved diagnoses yet. You can save one from the diagnosis on a squad's edit page.","Aún no hay diagnósticos guardados. Puedes guardar uno desde el diagnóstico en la página de edición de una plantilla.","","","medium","","",""
"diagnosisHistory.unavailable","diagnosisHistory","ui","History is not available in this browser (for example private browsing or storage restrictions).","El historial no está disponible en este navegador (por ejemplo, en navegación privada o con restricciones de almacenamiento).","","","medium","","",""
"diagnosisHistory.corruptedNotice","diagnosisHistory","ui","{count} unreadable entries were skipped.","Se omitieron entradas ilegibles: {count}.","","","medium","","",""
"diagnosisHistory.savedAt","diagnosisHistory","ui","Saved","Guardado","","12","medium","","",""
"diagnosisHistory.overall","diagnosisHistory","ui","Overall","General","","12","medium","","",""
"diagnosisHistory.notRated","diagnosisHistory","ui","Not rated","Sin valorar","","12","medium","","",""
"diagnosisHistory.openShare","diagnosisHistory","ui","Open as share link","Abrir como enlace para compartir","","24","medium","","",""
"diagnosisHistory.deleteButton","diagnosisHistory","ui","Delete","Eliminar","","12","high","","",""
"diagnosisHistory.deleteConfirm","diagnosisHistory","ui","Delete this entry?","¿Eliminar esta entrada?","","24","high","","",""
"diagnosisHistory.confirmDelete","diagnosisHistory","ui","Delete","Eliminar","","12","high","","",""
"diagnosisHistory.cancel","diagnosisHistory","ui","Cancel","Cancelar","","12","medium","","",""
"diagnosisHistory.deleted","diagnosisHistory","ui","Deleted.","Eliminado.","","12","high","","",""
"diagnosisHistory.deleteFailed","diagnosisHistory","ui","Could not delete.","No se pudo eliminar.","","23","high","","",""
"diagnosisHistory.deleteAll","diagnosisHistory","ui","Delete all","Eliminar todo","","13","high","","",""
"diagnosisHistory.deleteAllConfirm","diagnosisHistory","ui","This deletes all diagnosis history and cannot be undone.","Se eliminará todo el historial de diagnósticos y no se puede deshacer.","","","high","","",""
"diagnosisHistory.deleteAllDone","diagnosisHistory","ui","All diagnosis history was deleted.","Se eliminó todo el historial de diagnósticos.","","","high","","",""
"diagnosisHistory.exportButton","diagnosisHistory","ui","Save as JSON","Guardar como JSON","","16","medium","","",""
"diagnosisHistory.exportNote","diagnosisHistory","ui","The exported file contains no internal IDs such as squad IDs (squad names are included).","El archivo exportado no contiene IDs internos como los IDs de plantilla (sí incluye los nombres de las plantillas).","","","medium","","",""
"diagnosisHistory.exportFailed","diagnosisHistory","ui","Could not save the file.","No se pudo guardar el archivo.","","32","high","","",""
"diagnosisHistory.dataManagementHeading","diagnosisHistory","ui","Diagnosis history","Historial de diagnósticos","","23","medium","","",""
"diagnosisHistory.dataManagementBody","diagnosisHistory","ui","Squad diagnosis history is kept only in this browser. You can delete entries one by one or all at once on the diagnosis history page.","El historial de diagnósticos de plantillas se conserva solo en este navegador. Puedes eliminar entradas una a una o todas a la vez en la página del historial de diagnósticos.","","","medium","","",""
"diagnosisHistory.dataManagementLink","diagnosisHistory","ui","Open diagnosis history","Abrir historial de diagnósticos","","29","medium","","",""
"diagnosisPerspectives.title","diagnosisPerspectives","ui","Additional perspectives","Perspectivas adicionales","","30","medium","","",""
"diagnosisPerspectives.badge","diagnosisPerspectives","ui","Provisional / for comparison","Provisional / para comparar","","","medium","","",""
"diagnosisPerspectives.note","diagnosisPerspectives","ui","Provisional values for comparing candidate formulas. They are not used in the overall rating, rankings or share images, and the perspectives are never added together.","Valores provisionales para comparar fórmulas candidatas. No se usan en la valoración general, las clasificaciones ni las imágenes para compartir, y las perspectivas nunca se suman entre sí.","","","medium","","",""
"diagnosisPerspectives.jaOnlyNote","diagnosisPerspectives","ui","The perspective details are currently shown in Japanese only.","Por ahora, los detalles de las perspectivas solo se muestran en japonés.","","","medium","","",""
"diagnosisPerspectives.formulas","diagnosisPerspectives","ui","Candidate formulas","Fórmulas candidatas","","24","medium","","",""
"diagnosisPerspectives.kindFact","diagnosisPerspectives","ui","Fact","Hecho","","12","medium","","",""
"diagnosisPerspectives.kindProvisional","diagnosisPerspectives","ui","Provisional","Provisional","","15","medium","","",""
"diagnosisPerspectives.causes","diagnosisPerspectives","ui","Players or positions involved","Jugadores o posiciones implicados","","","medium","","",""
"diagnosisPerspectives.missingData","diagnosisPerspectives","ui","Missing data","Datos que faltan","","16","medium","","",""
"diagnosisPerspectives.improvements","diagnosisPerspectives","ui","If improved","Si se mejora","","15","medium","","",""
"diagnosisPerspectives.confidence","diagnosisPerspectives","ui","Confidence","Confianza","","13","medium","","",""
"diagnosisPerspectives.confidenceHigh","diagnosisPerspectives","ui","High","Alta","","12","medium","","",""
"diagnosisPerspectives.confidenceMedium","diagnosisPerspectives","ui","Medium","Media","","12","medium","","",""
"diagnosisPerspectives.confidenceLow","diagnosisPerspectives","ui","Low","Baja","","12","medium","","",""
"diagnosisPerspectives.confidenceInsufficient","diagnosisPerspectives","ui","Insufficient","Insuficiente","","16","medium","","",""
"diagnosisPerspectives.notComputed","diagnosisPerspectives","ui","Not computed","No calculado","","16","medium","","",""
"diagnosisPerspectives.rulesVersion","diagnosisPerspectives","ui","Rules version","Versión de reglas","","17","medium","","",""
"diagnosisCompare.selectLabel","diagnosisCompare","ui","Select to compare","Seleccionar para comparar","","23","medium","","",""
"diagnosisCompare.selectHint","diagnosisCompare","ui","Select two entries to compare (the older one becomes ""before"").","Selecciona dos entradas para compararlas (la más antigua será el ""antes"").","","","medium","","",""
"diagnosisCompare.compareButton","diagnosisCompare","ui","Compare before and after","Comparar antes y después","","32","medium","","",""
"diagnosisCompare.clearSelection","diagnosisCompare","ui","Clear selection","Quitar selección","","20","medium","","",""
"diagnosisCompare.title","diagnosisCompare","ui","Before and after","Antes y después","","21","medium","","",""
"diagnosisCompare.before","diagnosisCompare","ui","Before","Antes","","12","medium","","",""
"diagnosisCompare.after","diagnosisCompare","ui","After","Después","","12","medium","","",""
"diagnosisCompare.overall","diagnosisCompare","ui","Overall","General","","12","medium","","",""
"diagnosisCompare.notRated","diagnosisCompare","ui","Not rated","Sin valorar","","12","medium","","",""
"diagnosisCompare.trendImproved","diagnosisCompare","ui","Improved","Mejora","","12","medium","","",""
"diagnosisCompare.trendWorsened","diagnosisCompare","ui","Worse","Empeora","","12","medium","","",""
"diagnosisCompare.trendUnchanged","diagnosisCompare","ui","No change","Sin cambios","","12","medium","","",""
"diagnosisCompare.trendNotComparable","diagnosisCompare","ui","Not comparable","No comparable","","19","medium","","",""
"diagnosisCompare.summaryTemplate","diagnosisCompare","ui","Improved {improved} · Worse {worsened} · No change {unchanged} · Not comparable {notComparable}","Mejora {improved} · Empeora {worsened} · Sin cambios {unchanged} · No comparable {notComparable}","","","medium","","",""
"diagnosisCompare.strengthHeading","diagnosisCompare","ui","Top strength","Mayor fortaleza","","16","medium","","",""
"diagnosisCompare.weaknessHeading","diagnosisCompare","ui","Top weakness","Mayor punto débil","","16","medium","","",""
"diagnosisCompare.changed","diagnosisCompare","ui","Changed","Cambiado","","12","medium","","",""
"diagnosisCompare.notChanged","diagnosisCompare","ui","Unchanged","Sin cambios","","12","medium","","",""
"diagnosisCompare.disclaimer","diagnosisCompare","ui","This only shows the difference between two results calculated with the same rules. It does not determine the cause of any change (such as player changes or training).","Solo muestra la diferencia entre dos resultados calculados con las mismas reglas. No determina la causa de ningún cambio (como cambios de jugadores o entrenamiento).","","","medium","","",""
"diagnosisCompare.rulesMismatch","diagnosisCompare","ui","These cannot be compared because the diagnosis rules versions differ.","No se pueden comparar porque las versiones de las reglas de diagnóstico son distintas.","","","medium","","",""
"diagnosisCompare.sameEntry","diagnosisCompare","ui","An entry cannot be compared with itself. Select a different one.","Una entrada no se puede comparar consigo misma. Selecciona otra.","","","medium","","",""
"diagnosisCompare.invalid","diagnosisCompare","ui","These entries cannot be compared.","Estas entradas no se pueden comparar.","","","medium","","",""
"diagnosisCompare.saveImage","diagnosisCompare","ui","Save image","Guardar imagen","","13","medium","","",""
"diagnosisCompare.imageSaved","diagnosisCompare","ui","Image saved.","Imagen guardada.","","16","medium","","",""
"diagnosisCompare.imageFailed","diagnosisCompare","ui","Could not save the image.","No se pudo guardar la imagen.","","","high","","",""
"diagnosisCompare.shareLabel","diagnosisCompare","ui","Comparison share link","Enlace para compartir la comparación","","28","medium","","",""
"diagnosisCompare.shareNote","diagnosisCompare","ui","The link contains only the two diagnosis summaries (scores, ranks, dates, strength/weakness types) — no squad names, player names or IDs. Nothing is stored on the server. Anyone with the link can see it.","El enlace solo contiene los resúmenes de los dos diagnósticos (puntuaciones, rangos, fechas, tipos de fortaleza/punto débil), sin nombres de plantilla, nombres de jugadores ni ID. No se guarda nada en el servidor. Cualquiera con el enlace puede verlo.","","","medium","","",""
"diagnosisCompare.copy","diagnosisCompare","ui","Copy","Copiar","","12","medium","","",""
"diagnosisCompare.copied","diagnosisCompare","ui","Copied.","Copiado.","","12","medium","","",""
"diagnosisCompare.copyFailed","diagnosisCompare","ui","Could not copy. Select the link and copy it manually.","No se pudo copiar. Selecciona el enlace y cópialo manualmente.","","","high","","",""
"diagnosisCompare.pageTitle","diagnosisCompare","metadata","Shared before-and-after comparison","Comparación de antes y después compartida","","45","medium","","",""
"diagnosisCompare.viewerNote","diagnosisCompare","ui","This was calculated on the sharer's device. This page only checks the format and consistency; it cannot guarantee the content.","Se calculó en el dispositivo de quien lo compartió. Esta página solo comprueba el formato y la coherencia; no puede garantizar el contenido.","","","medium","","",""
"diagnosisCompare.invalidTitle","diagnosisCompare","ui","This share link cannot be opened","No se puede abrir este enlace","","42","medium","","",""
"diagnosisCompare.invalidBody","diagnosisCompare","ui","The link is incomplete or its contents are invalid.","El enlace está incompleto o su contenido no es válido.","","","medium","","",""
"diagnosisCompare.unsupportedBody","diagnosisCompare","ui","This site does not support this share link format.","Este sitio no admite este formato de enlace compartido.","","","medium","","",""
"diagnosisCompare.emptyBody","diagnosisCompare","ui","The link contains no shared data.","El enlace no contiene datos compartidos.","","","medium","","",""
"diagnosisCompare.openSite","diagnosisCompare","ui","Open TeamAIXI","Abrir TeamAIXI","","17","medium","","",""
"diagnosisCompare.loading","diagnosisCompare","ui","Loading…","Cargando…","","12","medium","","",""
"diagnosisShare.createButton","diagnosisShare","share","Create share link","Crear enlace para compartir","","23","high","","",""
"diagnosisShare.previewTitle","diagnosisShare","share","Share link preview","Vista previa del enlace","","24","high","","",""
"diagnosisShare.previewIncludes","diagnosisShare","share","What this link contains","Qué contiene este enlace","","30","high","","",""
"diagnosisShare.includeDate","diagnosisShare","share","Diagnosis date (no time of day)","Fecha del diagnóstico (sin hora)","","","high","","",""
"diagnosisShare.includeOverall","diagnosisShare","share","Overall score and rank","Puntuación y rango generales","","29","high","","",""
"diagnosisShare.includeCategories","diagnosisShare","share","Scores and ranks of the 8 categories","Puntuaciones y rangos de las 8 categorías","","","high","","",""
"diagnosisShare.includeFindings","diagnosisShare","share","Type of the top strength and weakness (no player names)","Tipo de la principal fortaleza y del principal punto débil (sin nombres de jugadores)","","","high","","",""
"diagnosisShare.includeRules","diagnosisShare","share","Diagnosis rules version","Versión de las reglas de diagnóstico","","30","high","","",""
"diagnosisShare.includeFormation","diagnosisShare","share","Formation","Formación","","12","high","","",""
"diagnosisShare.notIncluded","diagnosisShare","share","Squad names, player names, card IDs, saved builds, squad IDs, account details and email addresses are never included.","Nunca se incluyen nombres de plantillas, nombres de jugadores, IDs de cartas, builds guardadas, IDs de plantillas, datos de la cuenta ni direcciones de correo.","","","high","","",""
"diagnosisShare.visibilityNote","diagnosisShare","share","Anyone with the link can see its contents. Nothing is stored on the server.","Cualquiera con el enlace puede ver su contenido. No se guarda nada en el servidor.","","","high","","",""
"diagnosisShare.notSecretNote","diagnosisShare","share","It is hidden from search engines, but it is not meant for sharing secrets.","Está oculto para los buscadores, pero no está pensado para compartir secretos.","","","high","","",""
"diagnosisShare.urlLabel","diagnosisShare","share","Share link","Enlace para compartir","","13","high","","",""
"diagnosisShare.copyButton","diagnosisShare","share","Copy","Copiar","","12","high","","",""
"diagnosisShare.copied","diagnosisShare","share","Copied.","Copiado.","","12","high","","",""
"diagnosisShare.copyFailed","diagnosisShare","share","Could not copy. Select the link and copy it manually.","No se pudo copiar. Selecciona el enlace y cópialo manualmente.","","","high","","",""
"diagnosisShare.shareButton","diagnosisShare","share","Share…","Compartir…","","12","high","","",""
"diagnosisShare.shareFailed","diagnosisShare","share","Sharing did not complete.","No se completó el envío.","","","high","","",""
"diagnosisShare.closeButton","diagnosisShare","share","Close","Cerrar","","12","high","","",""
"diagnosisShare.createFailed","diagnosisShare","share","Could not create the share link.","No se pudo crear el enlace para compartir.","","","high","","",""
"diagnosisShare.pageTitle","diagnosisShare","share","Shared squad diagnosis","Diagnóstico de plantilla compartido","","29","high","","",""
"diagnosisShare.readOnlyBadge","diagnosisShare","share","Read-only","Solo lectura","","12","high","","",""
"diagnosisShare.sharedNote","diagnosisShare","share","This result was calculated on the sharer's device. This page only checks the format and consistency; it cannot guarantee the content.","Este resultado se calculó en el dispositivo de quien lo compartió. Esta página solo comprueba el formato y la coherencia; no puede garantizar el contenido.","","","high","","",""
"diagnosisShare.diagnosedOn","diagnosisShare","share","Diagnosed on","Fecha del diagnóstico","","16","high","","",""
"diagnosisShare.formation","diagnosisShare","share","Formation","Formación","","12","high","","",""
"diagnosisShare.overall","diagnosisShare","share","Overall","General","","12","high","","",""
"diagnosisShare.notRated","diagnosisShare","share","Not rated","Sin valorar","","12","high","","",""
"diagnosisShare.categoriesHeading","diagnosisShare","share","By category","Por categoría","","15","high","","",""
"diagnosisShare.strength","diagnosisShare","share","Strength","Fortaleza","","12","high","","",""
"diagnosisShare.weakness","diagnosisShare","share","Weakness","Punto débil","","12","high","","",""
"diagnosisShare.none","diagnosisShare","share","None","Ninguno","","12","high","","",""
"diagnosisShare.findingAbilityHigh","diagnosisShare","share","{category} is rated high","{category} tiene una valoración alta","","32","high","","",""
"diagnosisShare.findingAbilityLow","diagnosisShare","share","{category} is rated low","{category} tiene una valoración baja","","30","high","","",""
"diagnosisShare.findingCompatibility","diagnosisShare","share","Some players may be out of position","Puede que algunos jugadores estén fuera de posición","","","high","","",""
"diagnosisShare.findingReferenceError","diagnosisShare","share","Some saved-build references need checking","Hay referencias a builds guardadas que conviene revisar","","","high","","",""
"diagnosisShare.findingConfig","diagnosisShare","share","Squad placement can be improved","La colocación de la plantilla se puede mejorar","","","high","","",""
"diagnosisShare.olderRules","diagnosisShare","share","This diagnosis was made with different rules ({version}); scores may not be comparable.","Este diagnóstico se hizo con otras reglas ({version}); puede que las puntuaciones no sean comparables.","","","high","","",""
"diagnosisShare.disclaimer","diagnosisShare","share","A composition rating based on registered data. It does not guarantee match results, rankings or win rates.","Una valoración de la composición basada en los datos registrados. No garantiza resultados de partidos, clasificaciones ni porcentajes de victoria.","","","high","","",""
"diagnosisShare.invalidTitle","diagnosisShare","share","This share link cannot be opened","No se puede abrir este enlace","","42","high","","",""
"diagnosisShare.invalidBody","diagnosisShare","share","The link is incomplete or its contents are invalid. Ask the sender for the link again.","El enlace está incompleto o su contenido no es válido. Pide el enlace de nuevo a quien te lo envió.","","","high","","",""
"diagnosisShare.unsupportedBody","diagnosisShare","share","This site does not support this share link format.","Este sitio no admite este formato de enlace para compartir.","","","high","","",""
"diagnosisShare.emptyBody","diagnosisShare","share","The link contains no shared data.","El enlace no contiene datos compartidos.","","","high","","",""
"diagnosisShare.openSite","diagnosisShare","share","Open TeamAIXI","Abrir TeamAIXI","","17","high","","",""
"diagnosisShare.loading","diagnosisShare","share","Loading…","Cargando…","","12","high","","",""
"diagnosis.heading","diagnosis","ui","Squad Diagnosis (Squad Build Evaluation)","Diagnóstico de plantilla (evaluación de la construcción)","","","medium","","",""
"diagnosis.unavailableTitle","diagnosis","ui","Squad Diagnosis","Diagnóstico de plantilla","","20","medium","","",""
"diagnosis.unavailableMessage","diagnosis","ui","Squad data could not be loaded, so no diagnosis is available.","No se pudieron cargar los datos de la plantilla, así que no hay diagnóstico disponible.","","","medium","","",""
"diagnosis.mainDisclaimer","diagnosis","ui","This evaluation is a squad build assessment based on registered player abilities, progression, and placement. It does not guarantee match results, player skill, national rankings, or win rates.","Esta evaluación valora la construcción de la plantilla a partir de los atributos, la progresión y la colocación de los jugadores registrados. No garantiza resultados de partidos, habilidad del jugador, clasificaciones nacionales ni porcentajes de victorias.","","","medium","","",""
"diagnosis.overallScore","diagnosis","ui","Overall Rating","Valoración global","","19","medium","","",""
"diagnosis.tierBadgePrefix","diagnosis","ui","Grade","Grado","","12","medium","","",""
"diagnosis.notRated","diagnosis","ui","Not rated","Sin valorar","","12","medium","","",""
"diagnosis.ratedItems","diagnosis","ui","Rated Items","Elementos valorados","","15","medium","","",""
"diagnosis.placementCoverage","diagnosis","ui","Placement Coverage","Cobertura de colocación","","24","medium","","",""
"diagnosis.savedBuildMissingStat","diagnosis","ui","Saved Build Missing","Sin build guardada","","25","medium","","",""
"diagnosis.savedBuildMissingUnitSuffix","diagnosis","ui"," starters"," titulares","","12","medium","","",""
"diagnosis.coverageMetricsNote","diagnosis","ui","""Rated Items"" and ""Placement Coverage"" only reflect player placement and card resolution — they are separate from saved build status. These values do not change even if some players have no saved build reflecting their progression and boosters.","""Elementos valorados"" y ""Cobertura de colocación"" solo reflejan la colocación de los jugadores y la resolución de cartas; son independientes del estado de las builds guardadas. Estos valores no cambian aunque algunos jugadores no tengan una build guardada que refleje su progresión y sus potenciadores.","","","medium","","",""
"diagnosis.commentModeNormal","diagnosis","ui","Normal","Normal","","12","medium","","",""
"diagnosis.commentModeHarsh","diagnosis","ui","Harsh","Directo","","12","medium","","",""
"diagnosis.commentModeDisplayingSuffix","diagnosis","ui"," (shown)"," (mostrado)","","12","medium","","",""
"diagnosis.commentModeHarshBadge","diagnosis","ui","Harsh mode","Modo directo","","13","medium","","",""
"diagnosis.improvementPrioritiesHeading","diagnosis","ui","Improvement Priorities (up to 3, suggestions only — not applied automatically)","Prioridades de mejora (hasta 3; solo sugerencias, no se aplican automáticamente)","","102","medium","","",""
"diagnosis.keepStrengthPrefix","diagnosis","ui","Strength to keep","Punto fuerte a mantener","","21","medium","","",""
"diagnosis.commentSectionHeading","diagnosis","ui","Comment","Comentario","","12","medium","","",""
"diagnosis.categoriesHeadingSuffix","diagnosis","ui"," items"," elementos","","12","medium","","",""
"diagnosis.detailsToggle","diagnosis","ui","View detailed evidence by category","Ver pruebas detalladas por categoría","","","medium","","",""
"diagnosis.evidenceToggle","diagnosis","ui","View evidence","Ver pruebas","","17","medium","","",""
"diagnosis.strengthsHeading","diagnosis","ui","Top Strengths (up to 3)","Principales puntos fuertes (hasta 3)","","30","medium","","",""
"diagnosis.strengthsEmpty","diagnosis","ui","No clear strengths were detected.","No se detectaron puntos fuertes claros.","","","medium","","",""
"diagnosis.weaknessesHeading","diagnosis","ui","Top Weaknesses (up to 3)","Principales puntos débiles (hasta 3)","","32","medium","","",""
"diagnosis.weaknessesEmpty","diagnosis","ui","No clear weaknesses were detected.","No se detectaron puntos débiles claros.","","","medium","","",""
"diagnosis.suggestionsHeading","diagnosis","ui","Improvement Suggestions (up to 3, suggestions only — not applied automatically)","Sugerencias de mejora (hasta 3; solo sugerencias, no se aplican automáticamente)","","103","medium","","",""
"diagnosis.criticalWarningsHeading","diagnosis","ui","Items that need attention","Elementos que requieren atención","","33","high","","",""
"diagnosis.findingBadgeReferenceError","diagnosis","ui","Reference error","Error de referencia","","20","high","","",""
"diagnosis.findingBadgeCompatibility","diagnosis","ui","Placement fit","Encaje de colocación","","17","medium","","",""
"diagnosis.findingBadgeConfig","diagnosis","ui","Insufficient data / setup","Datos / configuración insuficientes","","","medium","","",""
"diagnosis.pngSaveButton","diagnosis","ui","Save diagnosis as image","Guardar diagnóstico como imagen","","30","medium","","",""
"diagnosis.pngSaveButtonAriaLabel","diagnosis","accessibility","Save squad diagnosis result as a PNG image","Guardar el resultado del diagnóstico de plantilla como imagen PNG","","55","high","","",""
"diagnosis.pngSaveGenerating","diagnosis","ui","Generating image…","Generando imagen…","","23","medium","","",""
"diagnosis.pngSaveSuccess","diagnosis","ui","Image saved.","Imagen guardada.","","16","medium","","",""
"diagnosis.pngSaveError","diagnosis","ui","Failed to save the image. Please try again in a moment.","No se pudo guardar la imagen. Inténtalo de nuevo en un momento.","","","high","","",""
"diagnosis.dataQualityStarters","diagnosis","ui","Starters placed","Titulares colocados","","20","medium","","",""
"diagnosis.dataQualityBench","diagnosis","ui","Bench count","Jugadores en el banquillo","","15","medium","","",""
"diagnosis.dataQualityMissingBuild","diagnosis","ui","Saved build missing","Sin build guardada","","25","medium","","",""
"diagnosis.dataQualityBrokenRef","diagnosis","ui","Saved build reference errors","Errores de referencia de builds guardadas","","","medium","","",""
"diagnosis.dataQualityUnresolvedCard","diagnosis","ui","Unresolved cards","Cartas sin resolver","","21","medium","","",""
"diagnosis.dataQualityManagerUnresolved","diagnosis","ui","Manager unresolved","Entrenador sin resolver","","24","medium","","",""
"diagnosis.dataQualityYes","diagnosis","ui","Yes","Sí","","12","medium","","",""
"diagnosis.dataQualityNo","diagnosis","ui","No","No","","12","medium","","",""
"diagnosis.unratedCategoriesPrefix","diagnosis","ui","Categories that could not be rated","Categorías que no se pudieron valorar","","","medium","","",""
"diagnosis.footerNote","diagnosis","ui","This diagnosis is read-only. It does not change your squad, saved builds, My Team, or card favorites. It is recomputed from the current saved data every time it is displayed (nothing is saved automatically).","Este diagnóstico es de solo lectura. No cambia tu plantilla, tus builds guardadas, Mi equipo ni tus cartas favoritas. Se recalcula a partir de los datos guardados actuales cada vez que se muestra (no se guarda nada automáticamente).","","","medium","","",""
"category.attack","category","core","Attack","Ataque","","12","high","","",""
"category.defense","category","core","Defense","Defensa","","12","high","","",""
"category.aerial","category","core","Aerial","Juego aéreo","","12","high","","",""
"category.speed","category","core","Speed","Velocidad","","12","high","","",""
"category.passBuildUp","category","core","Pass & Build-up","Pase y construcción","","20","high","","",""
"category.dribblePossession","category","core","Dribbling & Possession","Regate y posesión","","29","high","","",""
"category.pressResistance","category","core","Press Resistance","Resistencia a la presión","","21","high","","",""
"category.counterAttack","category","core","Counter-attack","Contraataque","","19","high","","",""
"category.squadCompleteness","category","core","Squad Placement Completeness","Completitud de la plantilla","","","high","","",""
"tactical.sectionHeading","tactical","ui","Placement Structure & Tactical Review","Estructura de colocación y revisión táctica","","49","medium","","",""
"tactical.scopeDescription","tactical","ui","This is a structural analysis based on the current placement positions, formation coordinates, and already-confirmed diagnosis categories. It does not assess whether playing styles actually activate, player-specific AI, or actual in-match behavior.","Es un análisis estructural basado en las posiciones de colocación actuales, las coordenadas de la formación y las categorías de diagnóstico ya confirmadas. No evalúa si los estilos de juego se activan realmente, la IA propia de cada jugador ni el comportamiento real en el partido.","","","medium","","",""
"tactical.placementCountLabel","tactical","ui","Placed","Colocados","","12","medium","","",""
"tactical.severityHigh","tactical","ui","Severity: High","Gravedad: alta","","19","medium","","",""
"tactical.severityMedium","tactical","ui","Severity: Medium","Gravedad: media","","21","medium","","",""
"tactical.severityLow","tactical","ui","Severity: Low","Gravedad: baja","","17","medium","","",""
"tactical.severityInfo","tactical","ui","Reference info","Información de referencia","","19","medium","","",""
"tactical.confidenceHigh","tactical","ui","Confidence: High","Confianza: alta","","21","medium","","",""
"tactical.confidenceMedium","tactical","ui","Confidence: Medium","Confianza: media","","24","medium","","",""
"tactical.confidenceLow","tactical","ui","Confidence: Low","Confianza: baja","","20","medium","","",""
"tactical.confidenceInsufficient","tactical","ui","Confidence: Insufficient data","Confianza: datos insuficientes","","","medium","","",""
"tactical.coverageInsufficient","tactical","ui","Placement insufficient","Colocación insuficiente","","29","medium","","",""
"tactical.coverageLimited","tactical","ui","Placement partial","Colocación parcial","","23","medium","","",""
"tactical.coveragePartial","tactical","ui","Placement mostly complete","Colocación casi completa","","","medium","","",""
"tactical.coverageFull","tactical","ui","Placement complete","Colocación completa","","24","medium","","",""
"tactical.potentialRiskPrefix","tactical","ui","Potential risk","Riesgo potencial","","19","medium","","",""
"tactical.limitationsPrefix","tactical","ui","Analysis limitations","Limitaciones del análisis","","26","medium","","",""
"managerPicker.sortName","managerPicker","ui","By name","Por nombre","","12","medium","","",""
"managerPicker.sortReleasedDesc","managerPicker","ui","Newest release first","Más recientes primero","","26","medium","","",""
"managerPicker.sortReleasedAsc","managerPicker","ui","Oldest release first","Más antiguos primero","","26","medium","","",""
"managerPicker.sortPossessionDesc","managerPicker","ui","Possession Game proficiency (high to low)","Dominio de Juego de posesión (de mayor a menor)","","","medium","","",""
"managerPicker.sortQuickCounterDesc","managerPicker","ui","Quick Counter proficiency (high to low)","Dominio de Contraataque rápido (de mayor a menor)","","","medium","","",""
"managerPicker.sortLongBallCounterDesc","managerPicker","ui","Long Ball Counter proficiency (high to low)","Dominio de Contraataque con balón largo (de mayor a menor)","","","medium","","",""
"managerPicker.sortOutWideDesc","managerPicker","ui","Out Wide proficiency (high to low)","Dominio de Por las bandas (de mayor a menor)","","","medium","","",""
"managerPicker.sortLongBallDesc","managerPicker","ui","Long Ball proficiency (high to low)","Dominio de Balón largo (de mayor a menor)","","","medium","","",""
"managerPicker.sortOverloadDesc","managerPicker","ui","Overload proficiency (high to low)","Dominio de Sobrecarga (de mayor a menor)","","","medium","","",""
"managerPicker.defaultTitle","managerPicker","ui","Select Manager","Elegir entrenador","","19","medium","","",""
"managerPicker.currentPrefix","managerPicker","ui","Current: ","Actual: ","","12","medium","","",""
"managerPicker.currentIdPrefix","managerPicker","ui","ID ","ID ","","12","medium","","",""
"managerPicker.currentNone","managerPicker","ui","No manager","Sin entrenador","","13","medium","","",""
"managerPicker.setNoManager","managerPicker","ui","Set no manager","Dejar sin entrenador","","19","medium","","",""
"managerPicker.searchLabel","managerPicker","ui","Search (filter the list)","Buscar (filtrar la lista)","","32","medium","","",""
"managerPicker.searchPlaceholder","managerPicker","ui","Manager name / team","Nombre del entrenador / equipo","","25","medium","","",""
"managerPicker.tacticFilterAria","managerPicker","accessibility","Filter by best tactic","Filtrar por mejor táctica","","28","high","","",""
"managerPicker.tacticFilterAll","managerPicker","ui","Best tactic: All","Mejor táctica: todas","","21","medium","","",""
"managerPicker.boosterFilterAria","managerPicker","accessibility","Filter by booster","Filtrar por potenciador","","23","high","","",""
"managerPicker.boosterFilterAll","managerPicker","ui","Booster: All","Potenciador: todos","","16","medium","","",""
"managerPicker.boosterFilterHas","managerPicker","ui","Has booster","Con potenciador","","15","medium","","",""
"managerPicker.boosterFilterNone","managerPicker","ui","No booster","Sin potenciador","","13","medium","","",""
"managerPicker.linkUpFilterAria","managerPicker","accessibility","Filter by Link-Up Play","Filtrar por Link-Up Play","","29","high","","",""
"managerPicker.linkUpFilterAll","managerPicker","ui","Link-Up: All","Link-Up: todos","","16","medium","","",""
"managerPicker.linkUpFilterHas","managerPicker","ui","Has Link-Up","Con Link-Up","","15","medium","","",""
"managerPicker.linkUpFilterNone","managerPicker","ui","No Link-Up","Sin Link-Up","","13","medium","","",""
"managerPicker.yearFilterAria","managerPicker","accessibility","Filter by release year","Filtrar por año de lanzamiento","","29","high","","",""
"managerPicker.yearFilterAll","managerPicker","ui","Release year: All","Año de lanzamiento: todos","","23","medium","","",""
"managerPicker.sortAria","managerPicker","accessibility","Sort","Ordenar","","12","high","","",""
"managerPicker.loadError","managerPicker","ui","Could not load the manager list.","No se pudo cargar la lista de entrenadores.","","","high","","",""
"managerPicker.detailError","managerPicker","ui","Could not load manager details.","No se pudieron cargar los detalles del entrenador.","","","high","","",""
"managerPicker.chooseError","managerPicker","ui","Could not select this manager.","No se pudo elegir este entrenador.","","","high","","",""
"managerPicker.noResultsTitle","managerPicker","ui","No managers match your criteria","Ningún entrenador coincide con tus criterios","","41","medium","","",""
"managerPicker.noResultsDescription","managerPicker","ui","Try changing your search term or filters.","Prueba a cambiar el término de búsqueda o los filtros.","","","medium","","",""
"managerPicker.selectedBadge","managerPicker","ui","Selected","Elegido","","12","medium","","",""
"managerPicker.releasedPrefix","managerPicker","ui","Released ","Lanzamiento: ","","12","medium","","",""
"managerPicker.unknownReleased","managerPicker","ui","Unknown","Desconocido","","12","medium","","",""
"managerPicker.noBoosterBadge","managerPicker","ui","No booster","Sin potenciador","","13","medium","","",""
"managerPicker.viewDetail","managerPicker","ui","View details","Ver detalles","","16","medium","","",""
"managerPicker.chooseThis","managerPicker","ui","Select this manager","Elegir este entrenador","","25","medium","","",""
"managerPicker.backToList","managerPicker","ui","Back to list","Volver a la lista","","16","medium","","",""
"managerPicker.idPrefix","managerPicker","ui","ID ","ID ","","12","medium","","",""
"managerPicker.bestTacticPrefix","managerPicker","ui","Best tactic: ","Mejor táctica: ","","17","medium","","",""
"managerPicker.proficienciesHeading","managerPicker","ui","Tactical Proficiencies","Dominio táctico","","29","medium","","",""
"managerPicker.boostersHeading","managerPicker","ui","Manager Boosters","Potenciadores del entrenador","","21","medium","","",""
"managerPicker.noBoosterMessage","managerPicker","ui","This manager has no ability boosters.","Este entrenador no tiene potenciadores de atributos.","","","medium","","",""
"managerPicker.boosterApplicationNote","managerPicker","ui","Only confirmed boosters are applied to abilities. The application order (before/after progression) is unconfirmed.","Solo se aplican a los atributos los potenciadores confirmados. El orden de aplicación (antes/después de la progresión) no está confirmado.","","","medium","","",""
"managerPicker.linkUpHeading","managerPicker","ui","Link-Up Play","Link-Up Play","","16","medium","","",""
"managerPicker.centerPiecePrefix","managerPicker","ui","Center Piece: ","Pieza central: ","","19","medium","","",""
"managerPicker.keyManPrefix","managerPicker","ui","Key Man: ","Jugador clave: ","","12","medium","","",""
"managerPicker.linkUpNote","managerPicker","ui","Activation condition matching only. In-game effects are still being verified.","Solo se comprueban las condiciones de activación. Los efectos en el juego aún están en verificación.","","","medium","","",""
"managerPicker.chooseThisSelected","managerPicker","ui","Currently selected (close without changes)","Elegido actualmente (cerrar sin cambios)","","","medium","","",""
"managerCard.bestTacticLabel","managerCard","ui","Best tactic","Mejor táctica","","15","medium","","",""
"managerControls.sortNameLabel","managerControls","ui","By name","Por nombre","","12","medium","","",""
"managerControls.sortReleasedDesc","managerControls","ui","Newest release first","Más recientes primero","","26","medium","","",""
"managerControls.sortReleasedAsc","managerControls","ui","Oldest release first","Más antiguos primero","","26","medium","","",""
"managerControls.sortPossessionDesc","managerControls","ui","Highest possession proficiency first","Mayor dominio de Juego de posesión primero","","","medium","","",""
"managerControls.sortQuickCounterDesc","managerControls","ui","Highest quick counter proficiency first","Mayor dominio de Contraataque rápido primero","","","medium","","",""
"managerControls.searchPlaceholder","managerControls","ui","Search by manager name or team","Buscar por nombre de entrenador o equipo","","39","medium","","",""
"managerControls.searchAriaLabel","managerControls","accessibility","Search managers","Buscar entrenadores","","20","high","","",""
"managerControls.sortAriaLabel","managerControls","accessibility","Sort","Ordenar","","12","high","","",""
"managerControls.boosterFilterAriaLabel","managerControls","accessibility","Booster","Potenciador","","12","high","","",""
"managerControls.boosterFilterAllOption","managerControls","ui","Booster: all","Potenciador: todos","","16","medium","","",""
"managerControls.boosterFilterHasOption","managerControls","ui","Has booster","Con potenciador","","15","medium","","",""
"managerControls.boosterFilterNoneOption","managerControls","ui","No booster","Sin potenciador","","13","medium","","",""
"managerControls.linkUpFilterAriaLabel","managerControls","accessibility","Link-Up Play","Link-Up Play","","16","high","","",""
"managerControls.linkUpFilterAllOption","managerControls","ui","Link-Up Play: all","Link-Up Play: todos","","23","medium","","",""
"managerControls.linkUpFilterHasOption","managerControls","ui","Has Link-Up Play","Con Link-Up Play","","21","medium","","",""
"managerControls.linkUpFilterNoneOption","managerControls","ui","No Link-Up Play","Sin Link-Up Play","","20","medium","","",""
"manager.squadWideHeading","manager","ui","Manager (Whole Squad)","Entrenador (toda la plantilla)","","28","medium","","",""
"manager.confirmedBoostersAppliedPrefix","manager","ui","Confirmed booster applied to ","Potenciador confirmado aplicado a ","","","high","","",""
"manager.confirmedBoostersAppliedSuffix","manager","ui"," player(s)"," jugador(es)","","13","high","","",""
"manager.selectManagerTitle","manager","ui","Select Squad Manager","Elegir entrenador de la plantilla","","26","medium","","",""
"manager.none","manager","ui","No manager selected (managerBoosterDelta = 0)","Ningún entrenador seleccionado (managerBoosterDelta = 0)","","","medium","","",""
"manager.noneDescription","manager","ui","Selecting a manager applies confirmed boosters to the affected abilities.","Al elegir un entrenador se aplican los potenciadores confirmados a los atributos afectados.","","","medium","","",""
"manager.selectFromList","manager","ui","Choose from manager list","Elegir de la lista de entrenadores","","32","medium","","",""
"manager.change","manager","ui","Change","Cambiar","","12","medium","","",""
"manager.clear","manager","ui","Clear","Quitar","","12","medium","","",""
"manager.confirmedBoosterActive","manager","ui","Confirmed booster is applied","Potenciador confirmado aplicado","","","high","","",""
"manager.unconfirmedBoosterNotice","manager","ui","This manager's booster effect is unconfirmed and is not applied (display only).","El efecto del potenciador de este entrenador no está confirmado y no se aplica (solo se muestra).","","","high","","",""
"manager.linkUpPlayAvailable","manager","ui","Link-Up Play available (matching only — effect still being verified)","Link-Up Play disponible (solo coincidencia; efecto aún en verificación)","","","medium","","",""
"manager.applicationOrderUnconfirmed","manager","ui","The application order (before/after progression) is unconfirmed.","El orden de aplicación (antes/después de la progresión) no está confirmado.","","","high","","",""
"manager.viewManagerDetail","manager","ui","View manager details","Ver detalles del entrenador","","26","medium","","",""
"manager.bestAt","manager","ui","Best at","Mejor en","","12","medium","","",""
"compareCategory.attack","compareCategory","ui","Attack","Ataque","","12","medium","","",""
"compareCategory.dribble","compareCategory","ui","Dribbling","Regate","","12","medium","","",""
"compareCategory.pass","compareCategory","ui","Passing","Pase","","12","medium","","",""
"compareCategory.defense","compareCategory","ui","Defense","Defensa","","12","medium","","",""
"compareCategory.physical","compareCategory","ui","Physical","Físico","","12","medium","","",""
"compareCategory.speed","compareCategory","ui","Speed","Velocidad","","12","medium","","",""
"compareCategory.gk","compareCategory","ui","GK","GK","","12","medium","","",""
"teamSummary.heading","teamSummary","ui","Team Summary","Resumen del equipo","","16","medium","","",""
"teamSummary.calcNote","teamSummary","ui","Averages and totals are simple calculations. They differ from eFootball's official Team Power / category weighting (provisional, unofficial).","Las medias y los totales son cálculos simples. Difieren del Team Power oficial de eFootball y de su ponderación por categorías (provisional, no oficial).","","","medium","","",""
"teamSummary.boosterModeNote","teamSummary","ui","Booster mode: Standard. Only boosters cross-checked against two external sources for the card's built-in effect, plus manager corrections, are reflected in these totals (not confirmed by KONAMI). Includes effects assumed to be fixed-type and Power of Many (applied provisionally since there is no concrete evidence either way). Excludes gold variable boosters (whose effect scales with same-league player count in a Game Plan and cannot be auto-evaluated for the current squad), user-specified values, effects still under verification, and unresolved bundled boosters or manual estimates.","Modo de potenciador: Estándar. En estos totales solo se reflejan los potenciadores cuyo efecto integrado en la carta se ha contrastado con dos fuentes externas, más las correcciones del entrenador (no confirmado por KONAMI). Incluye efectos que se suponen de tipo fijo y Power of Many (aplicados provisionalmente porque no hay pruebas concretas en ningún sentido). Excluye los potenciadores variables dorados (cuyo efecto depende del número de jugadores de la misma liga en un Game Plan y no se puede evaluar automáticamente para la plantilla actual), los valores especificados por el usuario, los efectos aún en verificación y los potenciadores agrupados sin resolver o las estimaciones manuales.","","","medium","","",""
"teamSummary.startingBenchLabel","teamSummary","ui","Starters / Bench","Titulares / Banquillo","","21","medium","","",""
"teamSummary.avgBaseOvrLabel","teamSummary","ui","Avg. Base OVR","OVR base medio","","17","medium","","",""
"teamSummary.avgDisplayedOvrLabel","teamSummary","ui","Avg. Displayed OVR (unverified)","OVR mostrado medio (sin verificar)","","41","medium","","",""
"teamSummary.sharedSkillCountLabel","teamSummary","ui","Shared skill count","Habilidades compartidas","","24","medium","","",""
"teamSummary.managerBoostedLabel","teamSummary","ui","Manager booster applied","Potenciador de entrenador aplicado","","30","medium","","",""
"teamSummary.unresolvedCompatibilityLabel","teamSummary","ui","Fit unconfirmed","Encaje sin confirmar","","20","medium","","",""
"teamSummary.possibleMismatchLabel","teamSummary","ui","Possible mismatch","Posible desajuste","","23","medium","","",""
"teamSummary.warningsLabel","teamSummary","ui","Warnings","Avisos","","12","high","","",""
"teamSummary.positionBreakdownHeading","teamSummary","ui","Position Breakdown","Desglose por posición","","24","medium","","",""
"teamSummary.categoryAveragesHeading","teamSummary","ui","Category Averages (simple average, unofficial)","Medias por categoría (media simple, no oficial)","","60","medium","","",""
"teamSummary.sharedSkillsHeading","teamSummary","ui","Skills shared by all starters","Habilidades que comparten todos los titulares","","38","medium","","",""
"teamSummary.conditionalToggleLabel","teamSummary","ui","Conditional estimate summary (manually specified estimate)","Resumen de estimación condicional (estimación especificada manualmente)","","76","medium","","",""
"teamSummary.conditionalNote","teamSummary","ui","Some players have a manually specified application stage for gold/variable boosters. This estimate is based on stages the user specified after checking their own Game Plan — it is not a value the app auto-verified against squad composition. It is not included in the regular team summary above.","Algunos jugadores tienen una fase de aplicación especificada manualmente para potenciadores dorados/variables. Esta estimación se basa en fases que el usuario indicó tras revisar su propio Game Plan; no es un valor que la app haya verificado automáticamente con la composición de la plantilla. No se incluye en el resumen normal del equipo de arriba.","","","medium","","",""
"teamSummary.conditionalAvgDisplayedOvrLabel","teamSummary","ui","Avg. Displayed OVR (after condition, estimate)","OVR mostrado medio (con condición, estimación)","","60","medium","","",""
"teamSummary.conditionalCategoryLabelSuffix","teamSummary","ui"," (after condition)"," (con condición)","","24","medium","","",""
"teamSummary.conditionalValueTemplate","teamSummary","ui","{value} (standard {std})","{value} (estándar {std})","","32","medium","","",""
"buildUsage.heading","buildUsage","ui","Build Usage Status","Uso de builds","","24","medium","","",""
"buildUsage.viewDetail","buildUsage","ui","View details","Ver detalles","","16","medium","","",""
"buildUsage.setCountLabel","buildUsage","ui","Set","Establecida","","12","medium","","",""
"buildUsage.unsetCountLabel","buildUsage","ui","Not set","Sin establecer","","12","medium","","",""
"buildUsage.missingCountLabel","buildUsage","ui","Deleted reference","Referencia eliminada","","23","medium","","",""
"buildUsage.footerTemplate","buildUsage","ui","Starters {starter} / Bench {bench}. Squad builds are separate from the selected/favorite build in My Team.","Titulares {starter} / Banquillo {bench}. Las builds de plantilla son independientes de la build seleccionada/favorita de Mi equipo.","","","medium","","",""
"buildUsage.modalTitle","buildUsage","ui","Build Usage Status (this squad)","Uso de builds (esta plantilla)","","41","medium","","",""
"buildUsage.modalIntro","buildUsage","ui","Shows the squad-build (savedBuildId) status for each slot in the current squad. This only lets you check status and jump to each slot's ""Choose saved build"" panel. It does not bulk-apply, bulk-clear, or auto-complete anything. Just viewing this does not save the squad.","Muestra el estado de la build de plantilla (savedBuildId) de cada puesto de la plantilla actual. Solo permite consultar el estado e ir al panel ""Elegir build guardada"" de cada puesto. No aplica, quita ni completa nada de forma masiva o automática. Solo con verlo no se guarda la plantilla.","","","medium","","",""
"buildUsage.statTotal","buildUsage","ui","Total registered","Total registrados","","21","medium","","",""
"buildUsage.statStarter","buildUsage","ui","Starters","Titulares","","12","medium","","",""
"buildUsage.statBench","buildUsage","ui","Bench","Banquillo","","12","medium","","",""
"buildUsage.statSet","buildUsage","ui","Build set","Con build","","12","medium","","",""
"buildUsage.statUnset","buildUsage","ui","Not set","Sin establecer","","12","medium","","",""
"buildUsage.statMissing","buildUsage","ui","Deleted reference","Referencia eliminada","","23","medium","","",""
"buildUsage.statCurrentRules","buildUsage","ui","Current-rule builds","Builds con reglas actuales","","25","medium","","",""
"buildUsage.statLegacyRules","buildUsage","ui","Outdated-rule builds","Builds con reglas antiguas","","26","medium","","",""
"buildUsage.statUnknownRules","buildUsage","ui","Unknown-rule builds","Builds con reglas desconocidas","","25","medium","","",""
"buildUsage.statPom","buildUsage","ui","Has Power of Many selection","Con selección de Power of Many","","","medium","","",""
"buildUsage.statExperimental","buildUsage","ui","Has experimental estimate","Con estimación experimental","","","medium","","",""
"buildUsage.filterAll","buildUsage","ui","All","Todas","","12","medium","","",""
"buildUsage.filterSet","buildUsage","ui","Set","Establecida","","12","medium","","",""
"buildUsage.filterUnset","buildUsage","ui","Not set","Sin establecer","","12","medium","","",""
"buildUsage.filterMissing","buildUsage","ui","Deleted reference","Referencia eliminada","","23","medium","","",""
"buildUsage.filterStarter","buildUsage","ui","Starters","Titulares","","12","medium","","",""
"buildUsage.filterBench","buildUsage","ui","Bench","Banquillo","","12","medium","","",""
"buildUsage.searchPlaceholder","buildUsage","ui","Search by player or build name","Buscar por jugador o nombre de build","","39","medium","","",""
"buildUsage.searchAriaLabel","buildUsage","accessibility","Search build usage","Buscar en el uso de builds","","24","high","","",""
"buildUsage.emptyList","buildUsage","ui","No slots match your criteria.","Ningún puesto coincide con tus criterios.","","","medium","","",""
"buildUsage.areaStarter","buildUsage","ui","Starter","Titular","","12","medium","","",""
"buildUsage.areaBench","buildUsage","ui","Bench","Banquillo","","12","medium","","",""
"buildUsage.buildUnset","buildUsage","ui","Squad build: Not set","Build de plantilla: sin establecer","","26","medium","","",""
"buildUsage.buildMissingTemplate","buildUsage","ui","Squad build: Not found (deleted · buildId {id})","Build de plantilla: no encontrada (eliminada · buildId {id})","","","medium","","",""
"buildUsage.buildSetPrefix","buildUsage","ui","Squad build: ","Build de plantilla: ","","17","medium","","",""
"buildUsage.pomSuffix","buildUsage","ui"," · Has Power of Many selection"," · Con selección de Power of Many","","","medium","","",""
"buildUsage.experimentalSuffix","buildUsage","ui"," · Has experimental estimate"," · Con estimación experimental","","","medium","","",""
"buildUsage.chooseBuildButton","buildUsage","ui","Choose saved build","Elegir build guardada","","24","medium","","",""
"buildUsage.manageInMyBuilds","buildUsage","ui","Manage in My Builds","Gestionar en Mis builds","","25","medium","","",""
"buildUsage.closeButton","buildUsage","ui","Close","Cerrar","","12","medium","","",""
"buildUsage.ruleCurrentLabel","buildUsage","ui","Current rules","Reglas actuales","","17","medium","","",""
"buildUsage.ruleLegacyLabel","buildUsage","ui","Outdated rules","Reglas antiguas","","19","medium","","",""
"buildUsage.ruleUnknownLabel","buildUsage","ui","Unknown rules","Reglas desconocidas","","17","medium","","",""
"linkUp.notice","linkUp","ui","Only activation-condition matching is supported. In-game effects are still being verified.","Solo se comprueban las condiciones de activación. Los efectos en el juego aún están en verificación.","","","medium","","",""
"linkUp.noManagerNote","linkUp","ui","Select a manager to check Link-Up Play conditions.","Elige un entrenador para comprobar las condiciones de Link-Up Play.","","","medium","","",""
"linkUp.noDataNote","linkUp","ui","This manager has no Link-Up Play data.","Este entrenador no tiene datos de Link-Up Play.","","","medium","","",""
"linkUp.statusMet","linkUp","ui","Condition met","Condición cumplida","","17","medium","","",""
"linkUp.statusPartial","linkUp","ui","Partially met","Cumplida en parte","","17","medium","","",""
"linkUp.statusUnmet","linkUp","ui","Not met","No cumplida","","12","medium","","",""
"linkUp.statusIndeterminate","linkUp","ui","Indeterminate","Indeterminada","","17","medium","","",""
"linkUp.noStyleSpecified","linkUp","ui","(No playing style specified)","(Sin estilo de juego especificado)","","","medium","","",""
"linkUp.noConditionData","linkUp","ui","No condition data","Sin datos de condición","","23","medium","","",""
"linkUp.matchingStartersLabel","linkUp","ui","Matching starters: ","Titulares que cumplen: ","","25","medium","","",""
"linkUp.noneLabel","linkUp","ui","None","Ninguno","","12","medium","","",""
"linkUp.selectAriaTemplate","linkUp","accessibility","Select {role} for {name}","Elegir {role} para {name}","","32","high","","",""
"linkUp.noManualSelection","linkUp","ui","(No manual selection)","(Sin selección manual)","","28","medium","","",""
"linkUp.selectedPrefix","linkUp","ui","Selected: ","Elegido: ","","13","medium","","",""
"linkUp.satisfiesYes","linkUp","ui","Meets the condition","Cumple la condición","","25","medium","","",""
"linkUp.satisfiesNo","linkUp","ui","Does not meet the condition","No cumple la condición","","","medium","","",""
"squadBuildPanel.modalTitle","squadBuildPanel","ui","Choose Saved Build (Squad)","Elegir build guardada (plantilla)","","34","medium","","",""
"squadBuildPanel.intro","squadBuildPanel","ui","Check and change the saved build (squad build) used for this squad slot. This is a separate setting from the selected/favorite build in My Team. Only this slot's setting is changed — other slots, placement, coordinates, captain, set pieces, manager, and other squads are not affected.","Consulta y cambia la build guardada (build de plantilla) usada en este puesto de la plantilla. Es un ajuste independiente de la build seleccionada/favorita de Mi equipo. Solo cambia el ajuste de este puesto: no afecta a otros puestos, colocación, coordenadas, capitán, balón parado, entrenador ni otras plantillas.","","","medium","","",""
"squadBuildPanel.scopeLoadingNotice","squadBuildPanel","ui","Checking your account… (the saved build list is hidden until this finishes)","Comprobando tu cuenta… (la lista de builds guardadas se oculta hasta que termine)","","","medium","","",""
"squadBuildPanel.targetHeading","squadBuildPanel","ui","Target","Destino","","12","medium","","",""
"squadBuildPanel.targetSquadLabel","squadBuildPanel","ui","Squad: ","Plantilla: ","","12","medium","","",""
"squadBuildPanel.targetSlotLabel","squadBuildPanel","ui","Slot: ","Puesto: ","","12","medium","","",""
"squadBuildPanel.cardDetailAriaTemplate","squadBuildPanel","accessibility","Player detail for {name}","Detalle del jugador {name}","","32","high","","",""
"squadBuildPanel.cardImageAltTemplate","squadBuildPanel","ui","Card image for {name}","Imagen de la carta de {name}","","28","medium","","",""
"squadBuildPanel.cardImageAltGeneric","squadBuildPanel","ui","Card image","Imagen de la carta","","13","medium","","",""
"squadBuildPanel.cardTypeUnknown","squadBuildPanel","ui","Unknown card type","Tipo de carta desconocido","","23","medium","","",""
"squadBuildPanel.registeredPositionUnknown","squadBuildPanel","ui","Unknown registered position","Posición registrada desconocida","","","medium","","",""
"squadBuildPanel.currentBuildLabel","squadBuildPanel","ui","Current squad build: ","Build de plantilla actual: ","","28","medium","","",""
"squadBuildPanel.noneLabel","squadBuildPanel","ui","None","Ninguna","","12","medium","","",""
"squadBuildPanel.missingBuildTemplate","squadBuildPanel","ui","Not found (deleted · buildId {id})","No encontrada (eliminada · buildId {id})","","","medium","","",""
"squadBuildPanel.buildIdSuffixTemplate","squadBuildPanel","ui"," (buildId {id})"," (buildId {id})","","20","medium","","",""
"squadBuildPanel.clearSelectionButton","squadBuildPanel","ui","Clear squad selection","Quitar selección de plantilla","","28","medium","","",""
"squadBuildPanel.savedBuildCountTemplate","squadBuildPanel","ui","{count} saved build(s)","Builds guardadas: {count}","","29","medium","","",""
"squadBuildPanel.storageUnavailable","squadBuildPanel","ui","Cannot save in this browser (localStorage unavailable). Setting/clearing is disabled.","No se puede guardar en este navegador (localStorage no disponible). Asignar/quitar está desactivado.","","","medium","","",""
"squadBuildPanel.staleNotice","squadBuildPanel","ui","The squad or saved builds were updated in another tab.","La plantilla o las builds guardadas se actualizaron en otra pestaña.","","","medium","","",""
"squadBuildPanel.reloadButton","squadBuildPanel","ui","Reload","Recargar","","12","medium","","",""
"squadBuildPanel.confirmDialogAria","squadBuildPanel","accessibility","Confirm change","Confirmar cambio","","19","high","","",""
"squadBuildPanel.confirmClearTextTemplate","squadBuildPanel","ui","This clears the squad build selection for {area} ""{slot}"" ({name} · World ID {worldCardId}) (resets savedBuildId to unset).","Se quitará la selección de build de plantilla de {area} ""{slot}"" ({name} · World ID {worldCardId}) (savedBuildId vuelve a sin asignar).","","","high","","",""
"squadBuildPanel.clearChangedItemsLabel","squadBuildPanel","ui","Changed: only this slot's savedBuildId and the squad's updated timestamp","Cambia: solo el savedBuildId de este puesto y la fecha de actualización de la plantilla","","94","medium","","",""
"squadBuildPanel.clearUnchangedItemsLabel","squadBuildPanel","ui","Not changed: other slots, player cards, placement, coordinates, captain, set pieces, manager, squad name, templates, other squads, My Team's selected/favorite build, or the card's own favorite/compare status","No cambia: otros puestos, cartas de jugadores, colocación, coordenadas, capitán, balón parado, entrenador, nombre de la plantilla, modelos, otras plantillas, la build seleccionada/favorita de Mi equipo ni el estado de favorito/comparación de la propia carta","","270","medium","","",""
"squadBuildPanel.confirmSetIntro","squadBuildPanel","ui","This changes the saved build used for this squad slot.","Se cambiará la build guardada usada en este puesto de la plantilla.","","","high","","",""
"squadBuildPanel.currentPrefixLabel","squadBuildPanel","ui","Current: ","Actual: ","","12","medium","","",""
"squadBuildPanel.deletedTemplate","squadBuildPanel","ui","Deleted (buildId {id})","Eliminada (buildId {id})","","29","high","","",""
"squadBuildPanel.afterChangeLabel","squadBuildPanel","ui","After change: ","Tras el cambio: ","","19","medium","","",""
"squadBuildPanel.ruleVersionTemplate","squadBuildPanel","ui","rulesVersion {version} ({label})","rulesVersion {version} ({label})","","","medium","","",""
"squadBuildPanel.allocationLabel","squadBuildPanel","ui"," · Allocation: "," · Asignación: ","","20","medium","","",""
"squadBuildPanel.noAllocation","squadBuildPanel","ui","No allocation","Sin asignación","","17","medium","","",""
"squadBuildPanel.pomLabel","squadBuildPanel","ui"," · Power of Many: "," · Power of Many: ","","24","medium","","",""
"squadBuildPanel.pomUnspecified","squadBuildPanel","ui","Not specified","Sin especificar","","17","medium","","",""
"squadBuildPanel.setChangedItemsLabel","squadBuildPanel","ui","Changed: only this slot's savedBuildId and the squad's updated timestamp","Cambia: solo el savedBuildId de este puesto y la fecha de actualización de la plantilla","","94","medium","","",""
"squadBuildPanel.setUnchangedItemsLabel","squadBuildPanel","ui","Not changed: other slots, player cards, placement, coordinates, captain, set pieces, manager, other squads, My Team's selected/favorite build, the saved build itself, or the card's own favorite","No cambia: otros puestos, cartas de jugadores, colocación, coordenadas, capitán, balón parado, entrenador, otras plantillas, la build seleccionada/favorita de Mi equipo, la propia build guardada ni el favorito de la propia carta","","251","medium","","",""
"squadBuildPanel.setFooterNote","squadBuildPanel","ui","My Team's selected build and favorite build are not changed.","La build seleccionada y la build favorita de Mi equipo no cambian.","","","medium","","",""
"squadBuildPanel.confirmSetButton","squadBuildPanel","ui","Change","Cambiar","","12","high","","",""
"squadBuildPanel.confirmClearButton","squadBuildPanel","ui","Clear","Quitar","","12","high","","",""
"squadBuildPanel.cancelButton","squadBuildPanel","ui","Cancel","Cancelar","","12","medium","","",""
"squadBuildPanel.emptyBuildsHeading","squadBuildPanel","ui","No saved builds","No hay builds guardadas","","20","medium","","",""
"squadBuildPanel.emptyBuildsBody","squadBuildPanel","ui","Adjust progression for this card in player detail or player compare, then add one via ""Save this build"".","Ajusta la progresión de esta carta en el detalle o la comparación de jugadores y añade una con ""Guardar esta build"".","","","medium","","",""
"squadBuildPanel.playerDetailLink","squadBuildPanel","ui","Player detail","Detalle del jugador","","17","medium","","",""
"squadBuildPanel.progressionTabLink","squadBuildPanel","ui","Progression tab","Pestaña Progresión","","20","medium","","",""
"squadBuildPanel.myBuildsLink","squadBuildPanel","ui","My Builds","Mis builds","","12","medium","","",""
"squadBuildPanel.searchLabel","squadBuildPanel","ui","Search saved builds (build name / buildId)","Buscar builds guardadas (nombre de build / buildId)","","55","medium","","",""
"squadBuildPanel.searchPlaceholder","squadBuildPanel","ui","Finisher / b_xxxx","Rematador / b_xxxx","","23","medium","","",""
"squadBuildPanel.searchAriaLabel","squadBuildPanel","accessibility","Search saved builds","Buscar builds guardadas","","25","high","","",""
"squadBuildPanel.noSearchResults","squadBuildPanel","ui","No saved builds match your criteria.","Ninguna build guardada coincide con tus criterios.","","","medium","","",""
"squadBuildPanel.manageInMyBuilds","squadBuildPanel","ui","Manage in My Builds","Gestionar en Mis builds","","25","medium","","",""
"squadBuildPanel.createBuildInProgression","squadBuildPanel","ui","Create a build in Progression","Crear una build en Progresión","","","medium","","",""
"squadBuildPanel.closeButton","squadBuildPanel","ui","Close","Cerrar","","12","medium","","",""
"squadBuildPanel.footerNote","squadBuildPanel","ui","This only sets or clears the squad build for this slot. The existing ""Apply saved build..."" select still works. Renaming, duplicating, deleting, or creating builds is done in My Builds / player detail.","Esto solo asigna o quita la build de plantilla de este puesto. El selector existente ""Aplicar build guardada..."" sigue funcionando. Renombrar, duplicar, eliminar o crear builds se hace en Mis builds / detalle del jugador.","","","medium","","",""
"squadBuildPanel.alreadyUsingNotice","squadBuildPanel","ui","This slot is already using this saved build.","Este puesto ya usa esta build guardada.","","","medium","","",""
"squadBuildPanel.setSuccessTemplate","squadBuildPanel","ui","Set the saved build used by the squad for {area} ""{slot}"" to ""{buildName}"". My Team's selected build and favorite build were not changed.","Se asignó ""{buildName}"" como build guardada de la plantilla para {area} ""{slot}"". La build seleccionada y la build favorita de Mi equipo no cambiaron.","","","medium","","",""
"squadBuildPanel.alreadyUnsetNotice","squadBuildPanel","ui","This slot has no squad build set.","Este puesto no tiene build de plantilla asignada.","","","medium","","",""
"squadBuildPanel.clearSuccessTemplate","squadBuildPanel","ui","Cleared the squad build selection for {area} ""{slot}"". Player card, placement, coordinates, My Team, and the card's own favorite were not changed.","Se quitó la selección de build de plantilla de {area} ""{slot}"". La carta del jugador, la colocación, las coordenadas, Mi equipo y el favorito de la propia carta no cambiaron.","","","medium","","",""
"squadBuildPanel.errorStorage","squadBuildPanel","ui","Cannot save in this browser (localStorage unavailable)","No se puede guardar en este navegador (localStorage no disponible)","","","high","","",""
"squadBuildPanel.errorCardId","squadBuildPanel","ui","Invalid card ID","ID de carta no válido","","20","high","","",""
"squadBuildPanel.errorSlotMissing","squadBuildPanel","ui","The target slot could not be found (it may have changed in another tab). Please reload.","No se encontró el puesto de destino (puede haber cambiado en otra pestaña). Recarga la página.","","","high","","",""
"squadBuildPanel.errorCardMismatch","squadBuildPanel","ui","The card in this slot changed in another tab. Please reopen the panel.","La carta de este puesto cambió en otra pestaña. Vuelve a abrir el panel.","","","high","","",""
"squadBuildPanel.errorBuildId","squadBuildPanel","ui","Invalid build ID","ID de build no válido","","21","high","","",""
"squadBuildPanel.errorBuildMissing","squadBuildPanel","ui","The target saved build could not be found (it may have been deleted). Please reload.","No se encontró la build guardada de destino (puede que se haya eliminado). Recarga la página.","","","high","","",""
"squadBuildPanel.inUseBadge","squadBuildPanel","ui","In use for this slot","En uso en este puesto","","26","medium","","",""
"squadBuildPanel.allocationRowLabel","squadBuildPanel","ui","Progression allocation: ","Asignación de progresión: ","","32","medium","","",""
"squadBuildPanel.noAllocationBase","squadBuildPanel","ui","No allocation (base abilities)","Sin asignación (atributos base)","","","medium","","",""
"squadBuildPanel.allAllocationSummary","squadBuildPanel","ui","All allocations (10 categories)","Todas las asignaciones (10 categorías)","","","medium","","",""
"squadBuildPanel.pointsUsedNoTotalTemplate","squadBuildPanel","ui","Used {used} pt / Total —","Usados {used} pt / Total —","","32","medium","","",""
"squadBuildPanel.pointsUsedTotalTemplate","squadBuildPanel","ui","Used {used} / Total {total} pt","Usados {used} / Total {total} pt","","","medium","","",""
"squadBuildPanel.remainingUnknown","squadBuildPanel","ui","Remaining —","Restantes —","","15","medium","","",""
"squadBuildPanel.remainingTemplate","squadBuildPanel","ui","Remaining {remaining} pt","Restantes {remaining} pt","","32","medium","","",""
"squadBuildPanel.overAllocated","squadBuildPanel","ui","Over-allocated","Exceso de asignación","","19","medium","","",""
"squadBuildPanel.pomRowLabel","squadBuildPanel","ui","Power of Many (user-specified): ","Power of Many (indicado por el usuario): ","","42","medium","","",""
"squadBuildPanel.experimentalLabel","squadBuildPanel","ui"," / Experimental estimate: "," / Estimación experimental: ","","34","medium","","",""
"squadBuildPanel.yes","squadBuildPanel","ui","Yes","Sí","","12","medium","","",""
"squadBuildPanel.no","squadBuildPanel","ui","No","No","","12","medium","","",""
"squadBuildPanel.estimatedOvrLabel","squadBuildPanel","ui","Estimated OVR at save time: ","OVR estimado al guardar: ","","37","medium","","",""
"squadBuildPanel.calcModeConfirmed","squadBuildPanel","ui","Base value only","Solo valor base","","20","high","","",""
"squadBuildPanel.calcModeUnsupported","squadBuildPanel","ui","Cannot calculate","No calculable","","21","medium","","",""
"squadBuildPanel.calcModeProvisional","squadBuildPanel","ui","Provisional rule","Regla provisional","","21","medium","","",""
"squadBuildPanel.totalOvrPlaceholder","squadBuildPanel","ui","Overall (position-specific OVR): — (calculation rule under review)","General (OVR por posición): — (regla de cálculo en revisión)","","86","medium","","",""
"squadBuildPanel.createdUpdatedTemplate","squadBuildPanel","ui","Created {created} / Updated {updated}","Creada {created} / Actualizada {updated}","","","medium","","",""
"squadBuildPanel.useThisBuild","squadBuildPanel","ui","Use this build for the squad","Usar esta build en la plantilla","","","medium","","",""
"squadBuildPanel.cardFallbackNameTemplate","squadBuildPanel","ui","Card {id}","Carta {id}","","12","medium","","",""
"squadEditor.assignErrorInvalidCard","squadEditor","ui","Invalid card ID.","ID de carta no válido.","","21","high","","",""
"squadEditor.assignErrorInvalidSlot","squadEditor","ui","Invalid target slot.","Puesto de destino no válido.","","26","high","","",""
"squadEditor.assignErrorSlotNotFound","squadEditor","ui","Target slot not found.","No se encontró el puesto de destino.","","29","high","","",""
"squadEditor.assignErrorDuplicate","squadEditor","ui","This exact card is already in this squad (a different card of the same player can be added).","Esta misma carta ya está en la plantilla (puedes añadir otra carta del mismo jugador).","","","high","","",""
"squadEditor.assignErrorSlotOccupied","squadEditor","ui","This slot already has a player. Remove them first.","Este puesto ya tiene un jugador. Quítalo primero.","","","high","","",""
"squadEditor.assignErrorBenchFullTemplate","squadEditor","ui","The bench holds a maximum of {max} players.","El banquillo admite un máximo de {max} jugadores.","","","high","","",""
"squadEditor.moveErrorInvalidSquad","squadEditor","ui","The squad state is invalid.","El estado de la plantilla no es válido.","","","high","","",""
"squadEditor.moveErrorInvalidSource","squadEditor","ui","Invalid move source.","Origen del movimiento no válido.","","26","high","","",""
"squadEditor.moveErrorInvalidTarget","squadEditor","ui","Invalid move target.","Destino del movimiento no válido.","","26","high","","",""
"squadEditor.moveErrorSourceEmpty","squadEditor","ui","There is no player at the move source.","No hay ningún jugador en el origen del movimiento.","","","high","","",""
"squadEditor.moveErrorTargetNotFound","squadEditor","ui","Move target not found.","No se encontró el destino del movimiento.","","29","high","","",""
"squadEditor.managerFetchFailed","squadEditor","ui","Failed to fetch the manager.","No se pudo obtener el entrenador.","","","high","","",""
"squadEditor.storageUnavailableShort","squadEditor","ui","Cannot save the squad in this environment (localStorage unavailable).","No se puede guardar la plantilla en este entorno (localStorage no disponible).","","","medium","","",""
"squadEditor.slotNotFoundReopen","squadEditor","ui","The target slot could not be found. Please reopen the panel.","No se encontró el puesto de destino. Vuelve a abrir el panel.","","","medium","","",""
"squadEditor.slotCardChangedReopen","squadEditor","ui","The card in this slot has changed. Please reopen the panel.","La carta de este puesto ha cambiado. Vuelve a abrir el panel.","","","medium","","",""
"squadEditor.buildNotFoundDeleted","squadEditor","ui","The target saved build could not be found (it may have been deleted).","No se encontró la build guardada de destino (puede que se haya eliminado).","","","high","","",""
"squadEditor.reloadedFromStorage","squadEditor","ui","Updated the squad to the latest saved content.","Plantilla actualizada con el último contenido guardado.","","","medium","","",""
"squadEditor.undoLabelMovedSnap","squadEditor","ui","Changed player position (snapped)","Posición del jugador cambiada (con ajuste)","","","medium","","",""
"squadEditor.undoLabelMoved","squadEditor","ui","Changed player position","Posición del jugador cambiada","","30","medium","","",""
"squadEditor.snapTypeHorizontal","squadEditor","ui","Same line","Misma línea","","12","medium","","",""
"squadEditor.snapTypeCenter","squadEditor","ui","Center","Centro","","12","medium","","",""
"squadEditor.snapTypeSymmetry","squadEditor","ui","Left-right symmetry","Simetría izquierda-derecha","","25","medium","","",""
"squadEditor.placementRoleToastPrefix","squadEditor","ui","Placement role: ","Rol de colocación: ","","21","medium","","",""
"squadEditor.placementRoleManualSuffix","squadEditor","ui"," (manually set)"," (fijado manualmente)","","20","medium","","",""
"squadEditor.roleManualOverrideTemplate","squadEditor","ui","Manually set placement role to {role}","Rol de colocación fijado manualmente en {role}","","","medium","","",""
"squadEditor.roleAutoRestored","squadEditor","ui","Reverted placement role to automatic","Rol de colocación devuelto a automático","","","medium","","",""
"squadEditor.undoLabelResetToFormation","squadEditor","ui","Reset to formation starting positions","Restablecer a las posiciones iniciales de la formación","","","medium","","",""
"squadEditor.freePositionReset","squadEditor","ui","Reset free player placement to the starting positions.","Colocación libre de jugadores restablecida a las posiciones iniciales.","","","medium","","",""
"squadEditor.mirrorApplied","squadEditor","ui","Mirrored the starting lineup left-right.","Once inicial reflejado de izquierda a derecha.","","","medium","","",""
"squadEditor.undoDoneTemplate","squadEditor","ui","Reverted ({label})","Deshecho ({label})","","24","medium","","",""
"squadEditor.movedToBenchTemplate","squadEditor","ui","Moved {count} player(s) to the bench.","Jugadores movidos al banquillo: {count}.","","","medium","","",""
"squadEditor.droppedBenchFullTemplate","squadEditor","ui","Removed {count} player(s) because the bench was full.","Jugadores quitados por banquillo lleno: {count}.","","","medium","","",""
"squadEditor.pendingPlacedNotice","squadEditor","ui","Placed the pending player into this slot.","Jugador pendiente colocado en este puesto.","","","medium","","",""
"squadEditor.templateSavedNotice","squadEditor","ui","Saved as a template.","Guardado como modelo de plantilla.","","26","medium","","",""
"squadEditor.noStorageTitle","squadEditor","ui","This environment cannot save squads","Este entorno no puede guardar plantillas","","46","medium","","",""
"squadEditor.noStorageDescription","squadEditor","ui","Squad features are unavailable because this browser's localStorage cannot be used (e.g. private browsing mode).","Las funciones de plantilla no están disponibles porque el localStorage de este navegador no se puede usar (p. ej., en modo de navegación privada).","","","medium","","",""
"squadEditor.notFoundTitle","squadEditor","ui","Squad not found","Plantilla no encontrada","","20","medium","","",""
"squadEditor.notFoundDescription","squadEditor","ui","The specified squad does not exist or has been deleted.","La plantilla indicada no existe o se ha eliminado.","","","medium","","",""
"squadEditor.backToSquadList","squadEditor","ui","Back to squad list","Volver a la lista de plantillas","","24","medium","","",""
"squadEditor.squadNameAriaLabel","squadEditor","accessibility","Squad name","Nombre de la plantilla","","13","high","","",""
"squadEditor.savedButtonLabel","squadEditor","ui","Saved","Guardado","","12","medium","","",""
"squadEditor.saveButtonLabel","squadEditor","ui","Save","Guardar","","12","medium","","",""
"squadEditor.saveStateSaving","squadEditor","ui","Saving…","Guardando…","","12","medium","","",""
"squadEditor.saveStateSaved","squadEditor","ui","Saved","Guardado","","12","medium","","",""
"squadEditor.saveStateError","squadEditor","ui","Save failed","Error al guardar","","15","high","","",""
"squadEditor.saveStateIdle","squadEditor","ui","Changes are saved automatically","Los cambios se guardan automáticamente","","","medium","","",""
"squadEditor.retrySaveButton","squadEditor","ui","Retry save","Reintentar guardado","","13","medium","","",""
"squadEditor.duplicateButton","squadEditor","ui","Duplicate","Duplicar","","12","medium","","",""
"squadEditor.templateNamePromptLabel","squadEditor","ui","Template name","Nombre del modelo","","17","medium","","",""
"squadEditor.templateNamePromptSuffix","squadEditor","ui"," Template"," (modelo)","","12","medium","","",""
"squadEditor.saveAsTemplateButton","squadEditor","ui","Save as template","Guardar como modelo","","21","medium","","",""
"squadEditor.templateListLink","squadEditor","ui","Template list","Lista de modelos","","17","medium","","",""
"squadEditor.compareWithAnotherLink","squadEditor","ui","Compare with another squad","Comparar con otra plantilla","","","medium","","",""
"squadEditor.compareWithAnotherTitle","squadEditor","ui","Compare this squad (as A) with another squad (does not change your edits)","Comparar esta plantilla (como A) con otra plantilla (no cambia tus ediciones)","","95","medium","","",""
"squadEditor.renamePromptLabel","squadEditor","ui","New squad name","Nuevo nombre de la plantilla","","19","medium","","",""
"squadEditor.renameButton","squadEditor","ui","Rename","Renombrar","","12","medium","","",""
"squadEditor.resetButton","squadEditor","ui","Reset","Restablecer","","12","medium","","",""
"squadEditor.rulesOutdatedNotice","squadEditor","ui","This squad was saved under an older rules version. It is shown recalculated under the current rules (saving will overwrite it with the current rules).","Esta plantilla se guardó con una versión anterior de las reglas. Se muestra recalculada con las reglas actuales (al guardar se sobrescribirá con las reglas actuales).","","","medium","","",""
"squadEditor.loadingPlacedCardsTemplate","squadEditor","ui","Loading data for placed players… ({count})","Cargando datos de los jugadores colocados… ({count})","","","medium","","",""
"squadEditor.failedPlacedCardsTemplate","squadEditor","ui","Could not fetch information for placed players ({count}). The slot and player ID are kept.","No se pudo obtener la información de los jugadores colocados ({count}). Se conservan el puesto y el ID del jugador.","","","high","","",""
"squadEditor.retryWithIdTemplate","squadEditor","ui","Retry (ID {id})","Reintentar (ID {id})","","20","medium","","",""
"squadEditor.confirmResetTemplate","squadEditor","ui","This resets all starters, bench, and manager for squad ""{name}"". Are you sure?","Se restablecerán todos los titulares, el banquillo y el entrenador de la plantilla ""{name}"". ¿Seguro?","","","high","","",""
"squadEditor.confirmResetButton","squadEditor","ui","Reset","Restablecer","","12","high","","",""
"squadEditor.cancelActionButton","squadEditor","ui","Cancel","Cancelar","","12","medium","","",""
"squadEditor.mobileTabPitch","squadEditor","ui","Pitch","Campo","","12","medium","","",""
"squadEditor.mobileTabBench","squadEditor","ui","Bench","Banquillo","","12","medium","","",""
"squadEditor.mobileTabManager","squadEditor","ui","Manager","Entrenador","","12","medium","","",""
"squadEditor.mobileTabSummary","squadEditor","ui","Summary","Resumen","","12","medium","","",""
"squadEditor.mobileTabLinkUp","squadEditor","ui","Link-Up","Link-Up","","12","medium","","",""
"squadEditor.moveBannerTemplate","squadEditor","ui","Moving {name}. Select an empty slot to move, an occupied slot to swap, or the bench to move to the bench (Esc to cancel).","Moviendo a {name}. Elige un puesto vacío para moverlo, uno ocupado para intercambiar o el banquillo para enviarlo al banquillo (Esc para cancelar).","","","medium","","",""
"squadEditor.moveBannerFallbackName","squadEditor","ui","Player","Jugador","","12","medium","","",""
"squadEditor.moveBannerCancel","squadEditor","ui","Cancel","Cancelar","","12","medium","","",""
"squadEditor.undoBannerTemplate","squadEditor","ui","Last action: {label}","Última acción: {label}","","26","medium","","",""
"squadEditor.undoButton","squadEditor","ui","Undo","Deshacer","","12","medium","","",""
"squadEditor.pendingAlreadyPlacedTemplate","squadEditor","ui","{name} is already in this squad.","{name} ya está en esta plantilla.","","","medium","","",""
"squadEditor.pendingOkButton","squadEditor","ui","OK","OK","","12","medium","","",""
"squadEditor.pendingChooseTargetTemplate","squadEditor","ui","Choose where to add {name} (tap an open pitch slot, or add to the bench).","Elige dónde añadir a {name} (toca un puesto libre del campo o añádelo al banquillo).","","","medium","","",""
"squadEditor.pendingBuildNameTemplate","squadEditor","ui","Build to use: {buildName}","Build que se usará: {buildName}","","","medium","","",""
"squadEditor.pendingAddToBenchButton","squadEditor","ui","Add to bench","Añadir al banquillo","","16","medium","","",""
"squadEditor.pendingCancelButton","squadEditor","ui","Cancel","Cancelar","","12","medium","","",""
"squadEditor.pendingBuildNotFoundText","squadEditor","ui","The selected saved build could not be found.","No se encontró la build guardada seleccionada.","","","medium","","",""
"squadEditor.pendingGoToMyTeamLink","squadEditor","ui","Back to My Team","Volver a Mi equipo","","20","medium","","",""
"squadEditor.placementAidLabel","squadEditor","ui","Placement aids:","Ayudas de colocación:","","20","medium","","",""
"squadEditor.snapToggleTemplate","squadEditor","ui","Snap {state}","Ajuste {state}","","16","medium","","",""
"squadEditor.guidesToggleTemplate","squadEditor","ui","Guides {state}","Guías {state}","","19","medium","","",""
"squadEditor.gridToggleTemplate","squadEditor","ui","Grid {state}","Cuadrícula {state}","","16","medium","","",""
"squadEditor.mirrorPlacementButton","squadEditor","ui","Mirror placement","Reflejar colocación","","21","medium","","",""
"squadEditor.toastWarningsParenTemplate","squadEditor","ui"," ({warnings})"," ({warnings})","","17","high","","",""
"squadEditor.copyPlacementButton","squadEditor","ui","Copy placement","Copiar colocación","","19","medium","","",""
"squadEditor.pastePlacementButton","squadEditor","ui","Paste placement","Pegar colocación","","20","medium","","",""
"squadEditor.placementCopiedTemplate","squadEditor","ui","Placement copied (paste it into any squad with the same formation, {formationId}).","Colocación copiada (pégala en cualquier plantilla con la misma formación, {formationId}).","","","medium","","",""
"squadEditor.placementPasted","squadEditor","ui","Pasted the placement (players, builds, captain and other settings are unchanged).","Colocación pegada (jugadores, builds, capitán y demás ajustes no cambian).","","","medium","","",""
"squadEditor.placementPasteMismatchTemplate","squadEditor","ui","The copied placement is for {formationId}. It can only be pasted into a squad with the same formation.","La colocación copiada es para {formationId}. Solo se puede pegar en una plantilla con la misma formación.","","","medium","","",""
"squadEditor.placementCopyFailed","squadEditor","ui","Placement cannot be copied in this environment (browser storage is unavailable).","No se puede copiar la colocación en este entorno (almacenamiento del navegador no disponible).","","","high","","",""
"squadEditor.multiSelectToggleTemplate","squadEditor","ui","Multi-select {state}","Selección múltiple {state}","","26","medium","","",""
"squadEditor.multiSelectHint","squadEditor","ui","Tap players on the pitch to select them (tap again to deselect). You can align, space evenly or mirror only the selected players.","Toca jugadores en el campo para seleccionarlos (vuelve a tocar para deseleccionar). Puedes alinear, espaciar o reflejar solo a los jugadores seleccionados.","","","medium","","",""
"squadEditor.multiSelectCountTemplate","squadEditor","ui","Selected: {count}","Seleccionados: {count}","","23","medium","","",""
"squadEditor.alignRowButton","squadEditor","ui","Align in a row","Alinear en fila","","19","medium","","",""
"squadEditor.alignColumnButton","squadEditor","ui","Align in a column","Alinear en columna","","23","medium","","",""
"squadEditor.distributeXButton","squadEditor","ui","Space evenly left-right","Espaciar en horizontal","","30","medium","","",""
"squadEditor.distributeYButton","squadEditor","ui","Space evenly top-bottom","Espaciar en vertical","","30","medium","","",""
"squadEditor.mirrorSelectedButton","squadEditor","ui","Mirror selection","Reflejar selección","","21","medium","","",""
"squadEditor.clearSelectionButton","squadEditor","ui","Clear selection","Borrar selección","","20","medium","","",""
"squadEditor.placementAssistAppliedTemplate","squadEditor","ui","{action} ({count} players)","{action} (jugadores: {count})","","","medium","","",""
"squadEditor.placementAssistNoChange","squadEditor","ui","Already in that arrangement.","Ya están en esa disposición.","","","medium","","",""
"squadEditor.placementAssistMinTemplate","squadEditor","ui","Select at least {min} players for “{action}”.","Selecciona al menos {min} jugadores para «{action}».","","","medium","","",""
"squadEditor.resetToFormationButton","squadEditor","ui","Reset to formation positions","Restablecer posiciones de la formación","","37","medium","","",""
"squadEditor.pitchCaptionMain","squadEditor","ui","Tap a slot to add or change a player. Player cards can be dragged to any position on the pitch, and the placement role is inferred automatically from the position. When Snap is ON, positions weakly snap to nearby lines, the center, or symmetric positions (hold Alt while dragging to disable temporarily).","Toca un puesto para añadir o cambiar un jugador. Puedes arrastrar las cartas a cualquier posición del campo, y el rol de colocación se deduce automáticamente de la posición. Con el ajuste activado, las posiciones se ajustan suavemente a líneas cercanas, al centro o a posiciones simétricas (mantén Alt al arrastrar para desactivarlo temporalmente).","","","medium","","",""
"squadEditor.pitchLegendMatch","squadEditor","ui","Match / ","Encaja / ","","12","medium","","",""
"squadEditor.pitchLegendUnresolved","squadEditor","ui","Fit unconfirmed / ","Encaje sin confirmar / ","","24","medium","","",""
"squadEditor.pitchLegendMismatch","squadEditor","ui","Possible mismatch","Posible desajuste","","23","medium","","",""
"squadEditor.confirmMirrorText","squadEditor","ui","This mirrors the starting lineup's placement left-right (x → 100−x). Players, progression builds, booster settings, captain, set-piece roles, and bench are kept.","Se reflejará de izquierda a derecha la colocación del once inicial (x → 100−x). Se conservan jugadores, builds de progresión, ajustes de potenciadores, capitán, lanzadores de balón parado y banquillo.","","","high","","",""
"squadEditor.confirmMirrorButton","squadEditor","ui","Mirror","Reflejar","","12","high","","",""
"squadEditor.confirmResetPosTemplate","squadEditor","ui","This resets free player placement to the current formation's ({formationId}) starting positions. Players, bench, progression builds, booster settings, captain, and set-piece roles are not removed.","Se restablecerá la colocación libre de jugadores a las posiciones iniciales de la formación actual ({formationId}). No se quitan jugadores, banquillo, builds de progresión, ajustes de potenciadores, capitán ni lanzadores de balón parado.","","","high","","",""
"squadEditor.confirmResetPosButton","squadEditor","ui","Reset to starting positions","Restablecer posiciones iniciales","","36","high","","",""
"squadEditor.posAdjustBanner","squadEditor","ui","Position adjust mode: tap the pitch, or use arrow keys (hold Shift for larger steps) to move. Press Enter or the button again to confirm, Esc to exit.","Modo de ajuste de posición: toca el campo o usa las flechas (mantén Shift para pasos mayores) para mover. Pulsa Enter o el botón otra vez para confirmar, Esc para salir.","","","medium","","",""
"squadEditor.posAdjustEndButton","squadEditor","ui","Exit","Salir","","12","medium","","",""
"squadEditor.addPlayerToSlotTitleTemplate","squadEditor","ui","Add player to {position}","Añadir jugador en {position}","","32","medium","","",""
"squadEditor.addPlayerToBenchTitle","squadEditor","ui","Add player to bench","Añadir jugador al banquillo","","25","medium","","",""
"squadEditor.addToSlotLabelTemplate","squadEditor","ui","Add to {position}","Añadir en {position}","","23","medium","","",""
"squadEditor.addToBenchLabel","squadEditor","ui","Add to bench","Añadir al banquillo","","16","medium","","",""
"squadEditor.emptySlotHeadingSuffix","squadEditor","ui"," slot"," (puesto)","","12","medium","","",""
"squadEditor.slotCardFetchFailedTemplate","squadEditor","ui","Could not fetch player information (card ID: {id}). The slot and player ID are kept.","No se pudo obtener la información del jugador (ID de carta: {id}). Se conservan el puesto y el ID del jugador.","","","high","","",""
"squadEditor.retryButton","squadEditor","ui","Retry","Reintentar","","12","medium","","",""
"squadEditor.removeFromSlotButton","squadEditor","ui","Remove from slot","Quitar del puesto","","21","medium","","",""
"squadEditor.slotCardLoadingTemplate","squadEditor","ui","Loading player data… (card ID: {id})","Cargando datos del jugador… (ID de carta: {id})","","","medium","","",""
"squadEditor.selectSlotHint","squadEditor","ui","Select a slot to edit that player's progression build, fit, and manager corrections.","Selecciona un puesto para editar la build de progresión, el encaje y las correcciones del entrenador de ese jugador.","","","medium","","",""
"squadEditor.compareHeading","squadEditor","ui","Compare (up to 4 players)","Comparar (hasta 4 jugadores)","","33","medium","","",""
"squadEditor.compareSelectedCountTemplate","squadEditor","ui","Selected: {count}","Seleccionados: {count}","","23","medium","","",""
"squadEditor.compareSelectedHint","squadEditor","ui","(Select via ""Add to compare"" on each player panel)","(Selecciona con ""Añadir a comparación"" en el panel de cada jugador)","","","medium","","",""
"squadEditor.compareGoLink","squadEditor","ui","Go to compare (carries over progression and manager)","Ir a la comparación (mantiene progresión y entrenador)","","","medium","","",""
"squadEditor.compareClearButton","squadEditor","ui","Clear selection","Borrar selección","","20","medium","","",""
"squadEditor.roleSettingsHeading","squadEditor","ui","Role Settings","Ajustes de roles","","17","medium","","",""
"squadEditor.captainLabel","squadEditor","ui","Captain","Capitán","","12","medium","","",""
"squadEditor.roleUnsetOption","squadEditor","ui","Not set","Sin asignar","","12","medium","","",""
"squadEditor.freeKickLabel","squadEditor","ui","Free kicks","Tiros libres","","13","medium","","",""
"squadEditor.cornerLabel","squadEditor","ui","Corners","Córneres","","12","medium","","",""
"squadEditor.penaltyLabel","squadEditor","ui","Penalties","Penaltis","","12","medium","","",""
"squadEditor.roleAutoClearNote","squadEditor","ui","This is cleared automatically if the assigned player leaves the starting lineup (not transferred to another player).","Se borra automáticamente si el jugador asignado sale del once inicial (no se transfiere a otro jugador).","","","medium","","",""
"squadEditor.warningsHeadingTemplate","squadEditor","ui","Warnings / Notes ({count})","Avisos / Notas ({count})","","","high","","",""
"squadEditor.skeletonLoading","squadEditor","ui","Loading squad…","Cargando plantilla…","","19","medium","","",""
"squadEditor.starterFallbackLabel","squadEditor","ui","Starter","Titular","","12","medium","","",""
"squadEditor.starterSlotFallbackLabel","squadEditor","ui","Starter slot","Puesto de titular","","16","medium","","",""
"squadEditor.benchAreaFallbackLabel","squadEditor","ui","Bench","Banquillo","","12","medium","","",""
"squadList.pageTitle","squadList","metadata","Squads","Plantillas","","12","medium","","",""
"squadList.pageDescriptionTemplate","squadList","ui","Build a squad with 11 starters and a bench, and check formation, progression builds, manager boosters, and Link-Up Play conditions. Supported formations: {formations}.","Crea una plantilla con 11 titulares y banquillo, y revisa la formación, las builds de progresión, los potenciadores del entrenador y las condiciones de Link-Up Play. Formaciones compatibles: {formations}.","","","medium","","",""
"squadList.goToCompareLink","squadList","ui","Go to player compare","Ir a comparar jugadores","","26","medium","","",""
"squadList.pendingCardBannerBoldTemplate","squadList","ui","My Team's card ""{name}""","Carta de Mi equipo ""{name}""","","30","medium","","",""
"squadList.pendingCardBannerNameLoading","squadList","ui","Loading…","Cargando…","","12","medium","","",""
"squadList.pendingCardBannerSuffix","squadList","ui"," — choose a squad to add it to (use ""Add this card"" on each squad). After opening a squad, tap an empty slot to add it there.",": elige una plantilla a la que añadirla (usa ""Añadir esta carta"" en cada plantilla). Tras abrir una plantilla, toca un puesto vacío para añadirla ahí.","","","medium","","",""
"squadList.pendingCardDetailLink","squadList","ui","This player's detail","Detalles de este jugador","","26","medium","","",""
"squadList.scopeLoadingMessage","squadList","ui","Checking your account…","Comprobando tu cuenta…","","29","medium","","",""
"squadList.noStorageTitle","squadList","ui","This environment cannot save squads","En este entorno no se pueden guardar plantillas","","46","medium","","",""
"squadList.noStorageDescription","squadList","ui","This browser's localStorage cannot be used (e.g. private browsing mode). Squads are saved only in this device's browser.","No se puede usar el localStorage de este navegador (p. ej., modo de navegación privada). Las plantillas se guardan solo en el navegador de este dispositivo.","","","medium","","",""
"squadList.templateNamePrompt","squadList","ui","Template name","Nombre del modelo de plantilla","","17","medium","","",""
"squadList.templateNamePromptSuffix","squadList","ui"," Template"," (modelo de plantilla)","","12","medium","","",""
"squadList.defaultNewSquadName","squadList","ui","New Squad","Nueva plantilla","","12","medium","","",""
"squadList.createFormHeading","squadList","ui","Create a New Squad","Crear una plantilla nueva","","24","medium","","",""
"squadList.squadNameLabel","squadList","ui","Squad name","Nombre de la plantilla","","13","medium","","",""
"squadList.squadNameAriaLabel","squadList","accessibility","New squad name","Nombre de la nueva plantilla","","19","high","","",""
"squadList.squadNamePlaceholder","squadList","ui","e.g. Main Squad (1-50 characters)","p. ej., Plantilla principal (1-50 caracteres)","","43","medium","","",""
"squadList.formationLabel","squadList","ui","Formation","Formación","","12","medium","","",""
"squadList.createAndEditButton","squadList","ui","Create and edit","Crear y editar","","20","medium","","",""
"squadList.heroHeading","squadList","ui","Build a squad with 11 starters + bench","Crea una plantilla con 11 titulares + banquillo","","50","medium","","",""
"squadList.heroDescription","squadList","ui","Choose a formation and place players from all World cards. Check progression builds, manager corrections, and Link-Up Play conditions on one screen. Calculations reuse the existing progression and manager engines (rules are still being verified). Squads are saved only in this device's browser (localStorage).","Elige una formación y coloca jugadores de todas las cartas World. Revisa las builds de progresión, las correcciones del entrenador y las condiciones de Link-Up Play en una sola pantalla. Los cálculos reutilizan los motores existentes de progresión y de entrenador (las reglas aún se están verificando). Las plantillas se guardan solo en el navegador de este dispositivo (localStorage).","","","medium","","",""
"squadList.createFirstSquadButton","squadList","ui","Create your first squad","Crea tu primera plantilla","","30","medium","","",""
"squadList.createNewSquadButton","squadList","ui","Create a new squad","Crear una plantilla nueva","","24","medium","","",""
"squadList.goToCompareButton","squadList","ui","Go to player compare","Ir a comparar jugadores","","26","medium","","",""
"squadList.savedSquadsHeadingTemplate","squadList","ui","Saved Squads{counts}","Plantillas guardadas{counts}","","26","medium","","",""
"squadList.compareSquadsLink","squadList","ui","Compare squads","Comparar plantillas","","19","medium","","",""
"squadList.templateListLink","squadList","ui","Template list","Modelos de plantilla","","17","medium","","",""
"squadList.searchByNamePlaceholder","squadList","ui","Search by squad name","Buscar por nombre de plantilla","","26","medium","","",""
"squadList.searchByNameAriaLabel","squadList","accessibility","Search by squad name","Buscar por nombre de plantilla","","26","high","","",""
"squadList.searchByPlayerPlaceholder","squadList","ui","Player World ID","World ID del jugador","","20","medium","","",""
"squadList.searchByPlayerAriaLabel","squadList","accessibility","Filter by player World ID","Filtrar por World ID del jugador","","33","high","","",""
"squadList.formationFilterAriaLabel","squadList","accessibility","Filter by formation","Filtrar por formación","","25","high","","",""
"squadList.formationFilterAll","squadList","ui","All formations","Todas las formaciones","","19","medium","","",""
"squadList.customFilterAriaLabel","squadList","accessibility","Filter by custom placement","Filtrar por colocación personalizada","","34","high","","",""
"squadList.customFilterAll","squadList","ui","Placement: All","Colocación: todas","","19","medium","","",""
"squadList.customFilterYes","squadList","ui","Has custom placement","Con colocación personalizada","","26","medium","","",""
"squadList.customFilterNo","squadList","ui","Preset placement","Colocación predefinida","","21","medium","","",""
"squadList.sortAriaLabel","squadList","accessibility","Sort","Ordenar","","12","high","","",""
"squadList.sortUpdatedDesc","squadList","ui","Recently updated","Actualizadas recientemente","","21","medium","","",""
"squadList.sortCreatedDesc","squadList","ui","Recently created","Creadas recientemente","","21","medium","","",""
"squadList.sortName","squadList","ui","By name","Por nombre","","12","medium","","",""
"squadList.sortFormation","squadList","ui","By formation","Por formación","","16","medium","","",""
"squadList.loading","squadList","ui","Loading…","Cargando…","","12","medium","","",""
"squadList.emptyTitle","squadList","ui","No saved squads","No hay plantillas guardadas","","20","medium","","",""
"squadList.emptyDescription","squadList","ui","Use the form above to create your first squad.","Usa el formulario de arriba para crear tu primera plantilla.","","","medium","","",""
"squadList.noResultsMatchFilter","squadList","ui","No squads match your criteria.","Ninguna plantilla coincide con tus criterios.","","","medium","","",""
"squadList.customPositioningBadge","squadList","ui","Custom placement","Colocación personalizada","","21","medium","","",""
"squadList.startingCountTemplate","squadList","ui","Starters {count}/11","Titulares {count}/11","","25","medium","","",""
"squadList.benchCountTemplate","squadList","ui","Bench {count}","Banquillo {count}","","17","medium","","",""
"squadList.hasManagerLabel","squadList","ui","Has manager","Con entrenador","","15","medium","","",""
"squadList.noManagerLabel","squadList","ui","No manager","Sin entrenador","","13","medium","","",""
"squadList.updatedAtTemplate","squadList","ui","Updated {date}","Actualizada {date}","","19","medium","","",""
"squadList.outdatedRulesBadge","squadList","ui","Saved under outdated rules","Guardada con reglas antiguas","","34","medium","","",""
"squadList.addThisCardLink","squadList","ui","Add this card","Añadir esta carta","","17","medium","","",""
"squadList.openLink","squadList","ui","Open","Abrir","","12","medium","","",""
"squadList.compareLink","squadList","ui","Compare","Comparar","","12","medium","","",""
"squadList.compareLinkTitle","squadList","ui","Go to the compare screen with this squad as A","Ir a la pantalla de comparación con esta plantilla como A","","59","medium","","",""
"squadList.duplicateButton","squadList","ui","Duplicate","Duplicar","","12","medium","","",""
"squadList.saveAsTemplateButton","squadList","ui","Save as template","Guardar como modelo de plantilla","","21","medium","","",""
"squadList.renameButton","squadList","ui","Rename","Renombrar","","12","medium","","",""
"squadList.deleteButton","squadList","ui","Delete","Eliminar","","12","high","","",""
"squadList.renamePrompt","squadList","ui","New squad name","Nuevo nombre de la plantilla","","19","medium","","",""
"squadList.deleteConfirmTemplate","squadList","ui","This deletes squad ""{name}"". Are you sure? (Local browser data on this device only.)","Se eliminará la plantilla ""{name}"". ¿Seguro? (Solo datos locales del navegador de este dispositivo.)","","","high","","",""
"squadList.deleteConfirmButton","squadList","ui","Delete","Eliminar","","12","high","","",""
"squadList.deleteCancelButton","squadList","ui","Cancel","Cancelar","","12","high","","",""
"squadList.deleteFailedFallback","squadList","ui","Failed to delete.","No se pudo eliminar.","","23","high","","",""
"myTeamBuildPanel.modalTitle","myTeamBuildPanel","ui","Choose Saved Build","Elegir build guardada","","24","medium","","",""
"myTeamBuildPanel.intro","myTeamBuildPanel","ui","Check and change the selected build and favorite build for this card. The selected build and favorite build are independent of each other. Only the My Team setting is changed — this is not automatically applied to saved squads or the card's own favorite.","Consulta y cambia la build seleccionada y la build favorita de esta carta. Ambas son independientes entre sí. Solo cambia el ajuste de Mi equipo: no se aplica automáticamente a las plantillas guardadas ni al favorito de la propia carta.","","","medium","","",""
"myTeamBuildPanel.cardDetailAriaTemplate","myTeamBuildPanel","accessibility","Player detail for {name}","Detalle del jugador {name}","","32","high","","",""
"myTeamBuildPanel.cardImageAltTemplate","myTeamBuildPanel","ui","Card image for {name}","Imagen de la carta de {name}","","28","medium","","",""
"myTeamBuildPanel.cardImageAltGeneric","myTeamBuildPanel","ui","Card image","Imagen de la carta","","13","medium","","",""
"myTeamBuildPanel.cardTypeUnknown","myTeamBuildPanel","ui","Unknown card type","Tipo de carta desconocido","","23","medium","","",""
"myTeamBuildPanel.registeredPositionUnknown","myTeamBuildPanel","ui","Unknown registered position","Posición registrada desconocida","","","medium","","",""
"myTeamBuildPanel.currentSettingsHeading","myTeamBuildPanel","ui","Current Settings","Ajustes actuales","","21","medium","","",""
"myTeamBuildPanel.selectedBuildLabel","myTeamBuildPanel","ui","Selected build: ","Build seleccionada: ","","21","medium","","",""
"myTeamBuildPanel.favoriteBuildLabel","myTeamBuildPanel","ui","Favorite build: ","Build favorita: ","","21","medium","","",""
"myTeamBuildPanel.noneLabel","myTeamBuildPanel","ui","None","Ninguna","","12","medium","","",""
"myTeamBuildPanel.selectedMissingTemplate","myTeamBuildPanel","ui","Selected build not found (deleted · buildId {id})","Build seleccionada no encontrada (eliminada · buildId {id})","","","medium","","",""
"myTeamBuildPanel.favoriteMissingTemplate","myTeamBuildPanel","ui","Favorite build not found (deleted · buildId {id})","Build favorita no encontrada (eliminada · buildId {id})","","","medium","","",""
"myTeamBuildPanel.buildIdSuffixTemplate","myTeamBuildPanel","ui"," (buildId {id})"," (buildId {id})","","20","medium","","",""
"myTeamBuildPanel.clearSelectedButton","myTeamBuildPanel","ui","Clear selection","Quitar selección","","20","medium","","",""
"myTeamBuildPanel.clearFavoriteButton","myTeamBuildPanel","ui","Clear favorite","Quitar favorita","","19","medium","","",""
"myTeamBuildPanel.ownershipUsageTemplate","myTeamBuildPanel","ui","Ownership: {ownership} / Usage: {usage}","Posesión: {ownership} / Uso: {usage}","","","medium","","",""
"myTeamBuildPanel.unknownValuePlaceholder","myTeamBuildPanel","ui","—","—","","12","medium","","",""
"myTeamBuildPanel.savedBuildCountTemplate","myTeamBuildPanel","ui","{count} saved build(s)","Builds guardadas: {count}","","29","medium","","",""
"myTeamBuildPanel.storageUnavailable","myTeamBuildPanel","ui","Cannot save in this browser (localStorage unavailable). Setting/clearing is disabled.","No se puede guardar en este navegador (localStorage no disponible). Asignar/quitar está desactivado.","","","medium","","",""
"myTeamBuildPanel.staleNotice","myTeamBuildPanel","ui","Data was changed in another tab.","Los datos se cambiaron en otra pestaña.","","","medium","","",""
"myTeamBuildPanel.reloadButton","myTeamBuildPanel","ui","Reload","Recargar","","12","medium","","",""
"myTeamBuildPanel.confirmClearAria","myTeamBuildPanel","accessibility","Confirm clear","Confirmar quitar","","17","high","","",""
"myTeamBuildPanel.confirmClearTextTemplate","myTeamBuildPanel","ui","This clears the {field} ""{name}"" (resets {fieldKey} to unset).","Se quitará la {field} ""{name}"" ({fieldKey} vuelve a sin asignar).","","","high","","",""
"myTeamBuildPanel.confirmClearUnchangedTemplate","myTeamBuildPanel","ui","{otherField}, ownership status, usage status, tags, note, registration date, the saved build itself, squads, and the card's own favorite are not changed.","No cambian: {otherField}, estado de posesión, estado de uso, etiquetas, nota, fecha de registro, la propia build guardada, las plantillas ni el favorito de la propia carta.","","","high","","",""
"myTeamBuildPanel.confirmClearButton","myTeamBuildPanel","ui","Clear","Quitar","","12","high","","",""
"myTeamBuildPanel.cancelButton","myTeamBuildPanel","ui","Cancel","Cancelar","","12","medium","","",""
"myTeamBuildPanel.emptyBuildsHeading","myTeamBuildPanel","ui","No saved builds","No hay builds guardadas","","20","medium","","",""
"myTeamBuildPanel.emptyBuildsBody","myTeamBuildPanel","ui","Adjust progression in player detail or player compare, then add one via ""Save this build"".","Ajusta la progresión en el detalle o la comparación de jugadores y añade una con ""Guardar esta build"".","","","medium","","",""
"myTeamBuildPanel.playerDetailLink","myTeamBuildPanel","ui","This card's player detail","Detalle del jugador de esta carta","","","medium","","",""
"myTeamBuildPanel.progressionTabLink","myTeamBuildPanel","ui","Open Progression tab","Abrir pestaña Progresión","","26","medium","","",""
"myTeamBuildPanel.compareLink","myTeamBuildPanel","ui","Open player compare","Abrir comparación de jugadores","","25","medium","","",""
"myTeamBuildPanel.myBuildsLink","myTeamBuildPanel","ui","Open My Builds","Abrir Mis builds","","19","medium","","",""
"myTeamBuildPanel.searchLabel","myTeamBuildPanel","ui","Search saved builds (build name / buildId)","Buscar builds guardadas (nombre de build / buildId)","","55","medium","","",""
"myTeamBuildPanel.searchPlaceholder","myTeamBuildPanel","ui","Finisher / b_xxxx","Rematador / b_xxxx","","23","medium","","",""
"myTeamBuildPanel.searchAriaLabel","myTeamBuildPanel","accessibility","Search saved builds","Buscar builds guardadas","","25","high","","",""
"myTeamBuildPanel.noSearchResults","myTeamBuildPanel","ui","No saved builds match your criteria.","Ninguna build guardada coincide con tus criterios.","","","medium","","",""
"myTeamBuildPanel.manageInMyBuilds","myTeamBuildPanel","ui","Manage in My Builds","Gestionar en Mis builds","","25","medium","","",""
"myTeamBuildPanel.createBuildInProgression","myTeamBuildPanel","ui","Create a build in Progression","Crear una build en Progresión","","","medium","","",""
"myTeamBuildPanel.closeButton","myTeamBuildPanel","ui","Close","Cerrar","","12","medium","","",""
"myTeamBuildPanel.footerNote","myTeamBuildPanel","ui","Renaming, duplicating, deleting, creating, and editing allocations is done in My Builds / player detail. This panel only sets or clears the selected build and favorite build.","Renombrar, duplicar, eliminar, crear y editar asignaciones se hace en Mis builds / detalle del jugador. Este panel solo asigna o quita la build seleccionada y la build favorita.","","","medium","","",""
"myTeamBuildPanel.alreadySelectedNotice","myTeamBuildPanel","ui","This is already the selected build.","Esta ya es la build seleccionada.","","","medium","","",""
"myTeamBuildPanel.alreadyFavoriteNotice","myTeamBuildPanel","ui","This is already the favorite build.","Esta ya es la build favorita.","","","medium","","",""
"myTeamBuildPanel.setFailedTemplate","myTeamBuildPanel","ui","Could not set: {error}","No se pudo asignar: {error}","","29","high","","",""
"myTeamBuildPanel.unknownError","myTeamBuildPanel","ui","Unknown error","Error desconocido","","17","high","","",""
"myTeamBuildPanel.setSelectedSuccessTemplate","myTeamBuildPanel","ui","Set ""{name}"" as the selected build. The favorite build was not changed.","""{name}"" asignada como build seleccionada. La build favorita no cambió.","","","medium","","",""
"myTeamBuildPanel.setFavoriteSuccessTemplate","myTeamBuildPanel","ui","Set ""{name}"" as the favorite build. The selected build was not changed.","""{name}"" asignada como build favorita. La build seleccionada no cambió.","","","medium","","",""
"myTeamBuildPanel.clearFailedTemplate","myTeamBuildPanel","ui","Could not clear: {error}","No se pudo quitar: {error}","","32","high","","",""
"myTeamBuildPanel.clearSelectedSuccess","myTeamBuildPanel","ui","Cleared the selected build. Favorite build, ownership status, usage status, tags, and note were not changed.","Build seleccionada quitada. La build favorita, el estado de posesión, el estado de uso, las etiquetas y la nota no cambiaron.","","","medium","","",""
"myTeamBuildPanel.clearFavoriteSuccess","myTeamBuildPanel","ui","Cleared the favorite build. Selected build, ownership status, usage status, tags, and note were not changed.","Build favorita quitada. La build seleccionada, el estado de posesión, el estado de uso, las etiquetas y la nota no cambiaron.","","","medium","","",""
"myTeamBuildPanel.deletedBuildFallback","myTeamBuildPanel","ui","(deleted build)","(build eliminada)","","20","high","","",""
"myTeamBuildPanel.selectedBadge","myTeamBuildPanel","ui","Selected","Seleccionada","","12","medium","","",""
"myTeamBuildPanel.favoriteBadge","myTeamBuildPanel","ui","Favorite","Favorita","","12","medium","","",""
"myTeamBuildPanel.selectedBuildNoun","myTeamBuildPanel","ui","selected build","build seleccionada","","19","medium","","",""
"myTeamBuildPanel.favoriteBuildNoun","myTeamBuildPanel","ui","favorite build","build favorita","","19","medium","","",""
"myTeamBuildPanel.allocationRowLabel","myTeamBuildPanel","ui","Progression allocation: ","Asignación de progresión: ","","32","medium","","",""
"myTeamBuildPanel.noAllocationBase","myTeamBuildPanel","ui","No allocation (base abilities)","Sin asignación (atributos base)","","","medium","","",""
"myTeamBuildPanel.allAllocationSummary","myTeamBuildPanel","ui","All allocations (10 categories)","Todas las asignaciones (10 categorías)","","","medium","","",""
"myTeamBuildPanel.pointsUsedNoTotalTemplate","myTeamBuildPanel","ui","Used {used} pt / Total —","Usados {used} pt / Total —","","32","medium","","",""
"myTeamBuildPanel.pointsUsedTotalTemplate","myTeamBuildPanel","ui","Used {used} / Total {total} pt","Usados {used} / Total {total} pt","","","medium","","",""
"myTeamBuildPanel.remainingUnknown","myTeamBuildPanel","ui","Remaining —","Restantes —","","15","medium","","",""
"myTeamBuildPanel.remainingTemplate","myTeamBuildPanel","ui","Remaining {remaining} pt","Restantes {remaining} pt","","32","medium","","",""
"myTeamBuildPanel.overAllocated","myTeamBuildPanel","ui","Over-allocated","Exceso de asignación","","19","medium","","",""
"myTeamBuildPanel.pomRowLabel","myTeamBuildPanel","ui","Power of Many (user-specified): ","Power of Many (indicado por el usuario): ","","42","medium","","",""
"myTeamBuildPanel.pomUnspecified","myTeamBuildPanel","ui","Not specified","Sin especificar","","17","medium","","",""
"myTeamBuildPanel.experimentalLabel","myTeamBuildPanel","ui"," / Experimental estimate: "," / Estimación experimental: ","","34","medium","","",""
"myTeamBuildPanel.yes","myTeamBuildPanel","ui","Yes","Sí","","12","medium","","",""
"myTeamBuildPanel.no","myTeamBuildPanel","ui","No","No","","12","medium","","",""
"myTeamBuildPanel.estimatedOvrLabel","myTeamBuildPanel","ui","Estimated OVR at save time: ","OVR estimado al guardar: ","","37","medium","","",""
"myTeamBuildPanel.calcModeConfirmed","myTeamBuildPanel","ui","Base value only","Solo valor base","","20","high","","",""
"myTeamBuildPanel.calcModeUnsupported","myTeamBuildPanel","ui","Cannot calculate","No calculable","","21","medium","","",""
"myTeamBuildPanel.calcModeProvisional","myTeamBuildPanel","ui","Provisional rule","Regla provisional","","21","medium","","",""
"myTeamBuildPanel.totalOvrPlaceholder","myTeamBuildPanel","ui","Overall (position-specific OVR): — (calculation rule under review)","General (OVR por posición): — (regla de cálculo en revisión)","","86","medium","","",""
"myTeamBuildPanel.createdUpdatedTemplate","myTeamBuildPanel","ui","Created {created} / Updated {updated}","Creada {created} / Actualizada {updated}","","","medium","","",""
"myTeamBuildPanel.setSelectedButton","myTeamBuildPanel","ui","Set as selected build","Usar como seleccionada","","28","medium","","",""
"myTeamBuildPanel.setFavoriteButton","myTeamBuildPanel","ui","Set as favorite build","Marcar como favorita","","28","medium","","",""
"radarAxis.attack","radarAxis","ui","Shooting","Disparo","","12","medium","","",""
"radarAxis.pass","radarAxis","ui","Passing","Pase","","12","medium","","",""
"radarAxis.dribble","radarAxis","ui","Dribbling","Regate","","12","medium","","",""
"radarAxis.defense","radarAxis","ui","Defense","Defensa","","12","medium","","",""
"radarAxis.physical","radarAxis","ui","Physical","Físico","","12","medium","","",""
"radarAxis.speed","radarAxis","ui","Speed","Velocidad","","12","medium","","",""
"radarAxis.gk","radarAxis","ui","GK","GK","","12","medium","","",""
"radarMode.base","radarMode","ui","Base","Base","","12","medium","","",""
"radarMode.progressed","radarMode","ui","Progressed","Con progresión","","13","medium","","",""
"radarMode.standard","radarMode","ui","Standard","Estándar","","12","medium","","",""
"radarMode.conditional","radarMode","ui","Post-condition","Con condición","","19","medium","","",""
"radarMode.experimental","radarMode","ui","Experimental","Experimental","","16","medium","","",""
"myBuildCard.selectPlayerDetailAriaTemplate","myBuildCard","accessibility","Player detail for {name}","Detalles del jugador {name}","","32","high","","",""
"myBuildCard.cardImageAltResolving","myBuildCard","ui","Card image (resolving)","Imagen de la carta (resolviendo)","","29","medium","","",""
"myBuildCard.maxBaseOvrTemplate","myBuildCard","ui","Max {max} / Base {base}","Máx. {max} / Base {base}","","30","medium","","",""
"myBuildCard.fetchFailedNote","myBuildCard","ui","Could not fetch card information. Please reload in a moment (the build is kept).","No se pudo obtener la información de la carta. Recarga dentro de un momento (la build se conserva).","","","high","","",""
"myBuildCard.allocationHeading","myBuildCard","ui","Progression Allocation","Asignación de progresión","","29","medium","","",""
"myBuildCard.viewAllAllocationsSummary","myBuildCard","ui","View all allocations (10 categories)","Ver todas las asignaciones (10 categorías)","","","medium","","",""
"myBuildCard.legacyBuildWarningTemplate","myBuildCard","ui","Outdated-rule build (rulesVersion: {version}). No automatic conversion to current rules has been performed.","Build con reglas antiguas (rulesVersion: {version}). No se ha convertido automáticamente a las reglas actuales.","","","high","","",""
"myBuildCard.playerBoosterEstimateTemplate","myBuildCard","ui","Has a player booster estimate (ID {id} · not a confirmed in-game spec)","Tiene una estimación de potenciador del jugador (ID {id} · no es una especificación confirmada del juego)","","","medium","","",""
"myBuildCard.estimatedOvrTemplate","myBuildCard","ui","Estimated OVR at save time: {ovr} ({mode})","OVR estimado al guardar: {ovr} ({mode})","","","medium","","",""
"myBuildCard.usageHeading","myBuildCard","ui","Usage","Uso","","12","medium","","",""
"myBuildCard.squadUsingSuffixTemplate","myBuildCard","ui"," ({areas}) — in use"," ({areas}): en uso","","25","medium","","",""
"myBuildCard.squadUsingLinkTemplate","myBuildCard","ui","Squad ""{name}""","Plantilla ""{name}""","","19","medium","","",""
"myBuildCard.noUsageLabel","myBuildCard","ui","Not referenced","Sin referencias","","19","medium","","",""
"myBuildCard.playerDetailLink","myBuildCard","ui","Player detail","Detalles del jugador","","17","medium","","",""
"myBuildCard.openProgressionLink","myBuildCard","ui","Open in Progression","Abrir en Progresión","","25","medium","","",""
"myBuildCard.addToCompareButton","myBuildCard","ui","Add to compare","Añadir a comparación","","19","medium","","",""
"myBuildCard.useInSquadLink","myBuildCard","ui","Use in squad","Usar en plantilla","","16","medium","","",""
"myBuildCard.myTeamIntegrationHeading","myBuildCard","ui","My Team Integration","Integración con Mi equipo","","25","medium","","",""
"myBuildCard.notInMyTeamLabel","myBuildCard","ui","Not in My Team (this card is not in My Team)","No está en Mi equipo (esta carta no está en Mi equipo)","","58","medium","","",""
"myBuildCard.registerToMyTeamButton","myBuildCard","ui","Register to My Team","Registrar en Mi equipo","","25","medium","","",""
"myBuildCard.openMyTeamLink","myBuildCard","ui","Open My Team","Abrir Mi equipo","","16","medium","","",""
"myBuildCard.registerHintNote","myBuildCard","ui","When registering, you can choose ownership status, usage status, and whether to make this the selected or favorite build. Existing squads and the card's own favorite are not changed.","Al registrarla, puedes elegir el estado de posesión, el estado de uso y si será la build seleccionada o favorita. Las plantillas existentes y el favorito propio de la carta no cambian.","","","medium","","",""
"myBuildCard.selectedBuildLabel","myBuildCard","ui","Selected build:","Build seleccionada:","","20","medium","","",""
"myBuildCard.selectedInMyTeamBadge","myBuildCard","ui","Selected in My Team","Seleccionada en Mi equipo","","25","medium","","",""
"myBuildCard.clearSelectionButton","myBuildCard","ui","Clear selection","Quitar selección","","20","medium","","",""
"myBuildCard.useInMyTeamButton","myBuildCard","ui","Use in My Team","Usar en Mi equipo","","19","medium","","",""
"myBuildCard.favoriteBuildLabel","myBuildCard","ui","Favorite build:","Build favorita:","","20","medium","","",""
"myBuildCard.favoriteInMyTeamBadge","myBuildCard","ui","Favorite build in My Team","Build favorita en Mi equipo","","33","medium","","",""
"myBuildCard.clearFavoriteButton","myBuildCard","ui","Clear favorite","Quitar favorita","","19","medium","","",""
"myBuildCard.setFavoriteButton","myBuildCard","ui","Set as favorite build","Marcar como build favorita","","28","medium","","",""
"myBuildCard.favoriteHintNote","myBuildCard","ui","This is the saved build's favorite setting. The card's own favorite status and existing squads are not changed.","Este es el ajuste de favorita de la build guardada. El estado de favorito propio de la carta y las plantillas existentes no cambian.","","","medium","","",""
"myBuildCard.renameButton","myBuildCard","ui","Rename","Renombrar","","12","medium","","",""
"myBuildCard.duplicateButton","myBuildCard","ui","Duplicate","Duplicar","","12","medium","","",""
"myBuildCard.deleteButton","myBuildCard","ui","Delete","Eliminar","","12","high","","",""
"buildExportModal.launcherHeading","buildExportModal","ui","Export Saved Builds (Local Backup)","Exportar builds guardadas (copia de seguridad local)","","45","medium","","",""
"buildExportModal.launcherDescription","buildExportModal","ui","Bundle your saved builds into a JSON file in this browser and save it to your device. You can export all builds or only the ones you select. Nothing is sent to a server or external service, and exporting does not change your saved builds. Supported browsers will show a save-location picker (we recommend choosing your ""Documents"" folder on Windows). Unsupported browsers will save to the usual download location.","Agrupa tus builds guardadas en un archivo JSON en este navegador y guárdalo en tu dispositivo. Puedes exportar todas las builds o solo las que selecciones. No se envía nada a ningún servidor ni servicio externo, y exportar no modifica tus builds guardadas. Los navegadores compatibles mostrarán un selector de ubicación (en Windows te recomendamos elegir la carpeta ""Documentos""). Los navegadores no compatibles guardarán en la ubicación de descargas habitual.","","","medium","","",""
"buildExportModal.launcherButton","buildExportModal","ui","Export saved builds","Exportar builds guardadas","","25","medium","","",""
"buildExportModal.noBuildsNote","buildExportModal","ui","You have no saved builds. Add one from ""Save this progression"" on the player detail or compare screen to export it.","No tienes builds guardadas. Añade una con ""Guardar esta progresión"" en la ficha del jugador o en la pantalla de comparación para exportarla.","","","medium","","",""
"buildExportModal.unavailableNote","buildExportModal","ui","This browser doesn't support localStorage, so exporting isn't available.","Este navegador no admite localStorage, así que no se puede exportar.","","","medium","","",""
"buildExportModal.safetyLine1","buildExportModal","ui","Processed entirely inside this browser — nothing is sent to a server or external service (no uploads).","Se procesa por completo en este navegador: no se envía nada a ningún servidor ni servicio externo (no hay subidas).","","","medium","","",""
"buildExportModal.safetyLine2","buildExportModal","ui","Exporting does not change your saved builds, My Team, squads, or card favorites.","Exportar no modifica tus builds guardadas, Mi equipo, las plantillas ni los favoritos de cartas.","","","medium","","",""
"buildExportModal.safetyLine3","buildExportModal","ui","Only the saved builds' progression data (allocation, rules version, estimated value at save time, etc.) is included.","Solo se incluyen los datos de progresión de las builds guardadas (reparto, versión de reglas, valor estimado al guardar, etc.).","","","medium","","",""
"buildExportModal.safetyLine4","buildExportModal","ui","My Team notes, tags, ownership/usage status, selected/favorite builds, squads, credentials, and environment information are not included.","No se incluyen notas, etiquetas, estado de posesión/uso, builds seleccionadas/favoritas de Mi equipo, plantillas, credenciales ni información del entorno.","","","medium","","",""
"buildExportModal.staleNoticeText","buildExportModal","ui","Saved builds were updated in another tab. Please reload to check the current content.","Las builds guardadas se actualizaron en otra pestaña. Recarga para comprobar el contenido actual.","","","medium","","",""
"buildExportModal.reloadButton","buildExportModal","ui","Reload","Recargar","","12","medium","","",""
"buildExportModal.droppedNoticeTemplate","buildExportModal","ui","{count} of your selected saved builds were deleted, so they were removed from the selection.","Se eliminaron {count} de las builds guardadas que seleccionaste, así que se quitaron de la selección.","","","medium","","",""
"buildExportModal.errorSelectBuilds","buildExportModal","ui","Please select the saved builds to export.","Selecciona las builds guardadas que quieres exportar.","","","high","","",""
"buildExportModal.errorSelectionChanged","buildExportModal","ui","The state of the selected saved builds has changed. Please reload.","El estado de las builds guardadas seleccionadas ha cambiado. Recarga.","","","high","","",""
"buildExportModal.conflictListChangedTemplate","buildExportModal","ui","The list of saved builds has changed ({added} added / {removed} deleted). Please reload to check the current content.","La lista de builds guardadas ha cambiado ({added} añadidas / {removed} eliminadas). Recarga para comprobar el contenido actual.","","","medium","","",""
"buildExportModal.conflictSelectionNotFound","buildExportModal","ui","The selected saved builds could not be found. Please reload.","No se encontraron las builds guardadas seleccionadas. Recarga.","","","medium","","",""
"buildExportModal.conflictSelectionChangedTemplate","buildExportModal","ui","The selected saved builds were changed in another tab ({removed} deleted / {changed} changed). Please reload to check the current content.","Las builds guardadas seleccionadas se modificaron en otra pestaña ({removed} eliminadas / {changed} modificadas). Recarga para comprobar el contenido actual.","","","medium","","",""
"buildExportModal.saveFailedNote","buildExportModal","ui","The file could not be saved in this environment. Your saved builds have not been changed.","No se pudo guardar el archivo en este entorno. Tus builds guardadas no se han modificado.","","","high","","",""
"buildExportModal.jsonFileTypeDescription","buildExportModal","ui","JSON file","Archivo JSON","","12","medium","","",""
"buildExportModal.titleChoose","buildExportModal","ui","Export saved builds","Exportar builds guardadas","","25","medium","","",""
"buildExportModal.titleConfirm","buildExportModal","ui","Confirm export content","Confirmar contenido a exportar","","29","high","","",""
"buildExportModal.titleDone","buildExportModal","ui","Export complete","Exportación completada","","20","medium","","",""
"buildExportModal.doneMessagePickerTemplate","buildExportModal","ui","Saved {count} saved build(s) as ""{filename}"" to the chosen location. Your saved builds have not been changed.","Se guardaron {count} builds guardadas como ""{filename}"" en la ubicación elegida. Tus builds guardadas no se han modificado.","","","medium","","",""
"buildExportModal.doneMessageDownloadTemplate","buildExportModal","ui","Downloaded {count} saved build(s) as ""{filename}"". Your saved builds have not been changed.","Se descargaron {count} builds guardadas como ""{filename}"". Tus builds guardadas no se han modificado.","","","medium","","",""
"buildExportModal.downloadFallbackNote","buildExportModal","ui","This browser doesn't support choosing a save location, so the file was saved to the usual download location.","Este navegador no permite elegir la ubicación, así que el archivo se guardó en la ubicación de descargas habitual.","","","medium","","",""
"buildExportModal.utcNotePrefix","buildExportModal","ui","The date and time in the filename and ","La fecha y hora del nombre del archivo y ","","","medium","","",""
"buildExportModal.utcNoteSuffix","buildExportModal","ui"," are both in UTC (Coordinated Universal Time)."," están ambas en UTC (tiempo universal coordinado).","","","medium","","",""
"buildExportModal.backButton","buildExportModal","ui","Back","Atrás","","12","medium","","",""
"buildExportModal.closeButton","buildExportModal","ui","Close","Cerrar","","12","medium","","",""
"buildExportModal.cancelButton","buildExportModal","ui","Cancel","Cancelar","","12","medium","","",""
"buildExportModal.nextButton","buildExportModal","ui","Next (confirm content)","Siguiente (confirmar)","","29","medium","","",""
"buildExportModal.choosePickerLocationButton","buildExportModal","ui","Choose save location","Elegir ubicación","","26","medium","","",""
"buildExportModal.downloadJsonButton","buildExportModal","ui","Download JSON","Descargar JSON","","17","medium","","",""
"buildExportModal.exportMethodLegend","buildExportModal","ui","Export method","Método de exportación","","17","medium","","",""
"buildExportModal.exportAllOptionTemplate","buildExportModal","ui","Export all saved builds ({count})","Exportar todas las builds guardadas ({count})","","","medium","","",""
"buildExportModal.exportSelectionOption","buildExportModal","ui","Export only selected saved builds","Exportar solo las builds guardadas seleccionadas","","","medium","","",""
"buildExportModal.exportSelectionHint","buildExportModal","ui","This selection is local to this dialog (independent of the search/filters in the My Builds list).","Esta selección es solo de este cuadro de diálogo (independiente de la búsqueda y los filtros de la lista de Mis builds).","","","medium","","",""
"buildExportModal.searchTargetLabel","buildExportModal","ui","Search targets (build name, player name, World ID, buildId)","Buscar en (nombre de build, nombre del jugador, World ID, buildId)","","77","medium","","",""
"buildExportModal.searchAriaLabel","buildExportModal","accessibility","Search saved builds to export","Buscar builds guardadas para exportar","","38","high","","",""
"buildExportModal.selectAllVisibleTemplate","buildExportModal","ui","Select all visible ({count})","Seleccionar todas las visibles ({count})","","","medium","","",""
"buildExportModal.clearVisibleSelectionButton","buildExportModal","ui","Clear visible selection","Quitar selección visible","","30","medium","","",""
"buildExportModal.selectedCountTemplate","buildExportModal","ui","{count} selected","Seleccionadas: {count}","","21","medium","","",""
"buildExportModal.noSavedBuildsLabel","buildExportModal","ui","You have no saved builds.","No tienes builds guardadas.","","33","medium","","",""
"buildExportModal.noMatchingBuildsLabel","buildExportModal","ui","No saved builds match your search.","Ninguna build guardada coincide con tu búsqueda.","","45","medium","","",""
"buildExportModal.includeInExportAriaTemplate","buildExportModal","accessibility","Include {buildName} ({name}) in the export","Incluir {buildName} ({name}) en la exportación","","","high","","",""
"buildExportModal.usedBadge","buildExportModal","ui","In use","En uso","","12","medium","","",""
"buildExportModal.unusedBadge","buildExportModal","ui","Unused","Sin usar","","12","medium","","",""
"buildExportModal.updatedTemplate","buildExportModal","ui","Updated {date}","Actualizada {date}","","19","medium","","",""
"buildExportModal.exportContentHeading","buildExportModal","ui","Content to export","Contenido a exportar","","23","medium","","",""
"buildExportModal.allBuildsLabel","buildExportModal","ui","All saved builds","Todas las builds guardadas","","21","medium","","",""
"buildExportModal.selectedBuildsLabel","buildExportModal","ui","Selected saved builds","Builds guardadas seleccionadas","","28","medium","","",""
"buildExportModal.targetPrefixTemplate","buildExportModal","ui","Target: {target} (","Objetivo: {target} (","","24","medium","","",""
"buildExportModal.targetCountSuffix","buildExportModal","ui",")",")","","12","medium","","",""
"buildExportModal.formatLabelPrefix","buildExportModal","ui","Format: ","Formato: ","","12","medium","","",""
"buildExportModal.formatVersionLabelPrefix","buildExportModal","ui"," / formatVersion "," / formatVersion ","","23","medium","","",""
"buildExportModal.formatVersionNote","buildExportModal","ui"," (this is the export file's format version — separate from the saved build's rulesVersion/schemaVersion)"," (es la versión de formato del archivo de exportación, distinta de rulesVersion/schemaVersion de la build guardada)","","","medium","","",""
"buildExportModal.singleJsonFileNote","buildExportModal","ui","A single UTF-8 JSON file. No ZIP, CSV, encryption, or compression.","Un único archivo JSON en UTF-8. Sin ZIP, CSV, cifrado ni compresión.","","","medium","","",""
"buildExportModal.exportedAtNoteSuffix","buildExportModal","ui"," and the filename's timestamp are both fixed at save time in UTC (Coordinated Universal Time)."," y la marca de tiempo del nombre del archivo se fijan ambos al guardar, en UTC (tiempo universal coordinado).","","","medium","","",""
"buildExportModal.itemCountNoteMiddle","buildExportModal","ui"," matches the number of items in "," coincide con el número de elementos de ","","","medium","","",""
"buildExportModal.itemCountNoteSuffix","buildExportModal","ui",". The order is deterministic (newest updated first, then by buildId).",". El orden es determinista (primero las actualizadas más recientemente y luego por buildId).","","","medium","","",""
"buildExportModal.aboutSaveLocationHeading","buildExportModal","ui","About the save location","Sobre la ubicación de guardado","","30","medium","","",""
"buildExportModal.pickerInstructionPrefix","buildExportModal","ui","Pressing ""Choose save location"" opens a save-location picker. ","Al pulsar ""Elegir ubicación"" se abre un selector de ubicación. ","","","medium","","",""
"buildExportModal.pickerInstructionBold","buildExportModal","ui","Please choose your ""Documents"" folder on Windows.","En Windows, elige la carpeta ""Documentos"".","","","medium","","",""
"buildExportModal.pickerNote1Prefix","buildExportModal","ui","The save location is ","La ubicación de guardado la ","","28","medium","","",""
"buildExportModal.pickerNote1Bold","buildExportModal","ui","chosen by you","eliges tú","","17","medium","","",""
"buildExportModal.pickerNote1Suffix","buildExportModal","ui",". The app never silently fixes a save destination.",". La app nunca fija un destino sin avisarte.","","","medium","","",""
"buildExportModal.pickerNote2","buildExportModal","ui","The file is not sent to any external service.","El archivo no se envía a ningún servicio externo.","","","medium","","",""
"buildExportModal.pickerNote3","buildExportModal","ui","The original saved-build data is not changed.","Los datos originales de las builds guardadas no se modifican.","","","medium","","",""
"buildExportModal.pickerNote4Prefix","buildExportModal","ui","If you ","Si ","","12","medium","","",""
"buildExportModal.pickerNote4Bold","buildExportModal","ui","cancel the save-location picker, nothing is saved","cancelas el selector de ubicación, no se guarda nada","","","medium","","",""
"buildExportModal.pickerNote4Suffix","buildExportModal","ui",".",".","","12","medium","","",""
"buildExportModal.pickerNote5","buildExportModal","ui","If your browser doesn't support the save-location picker, the file is saved to the usual download location.","Si tu navegador no admite el selector de ubicación, el archivo se guarda en la ubicación de descargas habitual.","","","medium","","",""
"buildExportModal.noPickerNote","buildExportModal","ui","This browser doesn't support the save-location picker, so the file will be saved to the usual download location (as configured in your browser). After downloading, move the file to your ""Documents"" folder if needed. Nothing is sent to an external service, and the original saved-build data is not changed.","Este navegador no admite el selector de ubicación, así que el archivo se guardará en la ubicación de descargas habitual (según la configuración de tu navegador). Después de descargarlo, mueve el archivo a tu carpeta ""Documentos"" si lo necesitas. No se envía nada a ningún servicio externo y los datos originales de las builds guardadas no se modifican.","","","medium","","",""
"buildExportModal.pickerNextNoteTemplate","buildExportModal","ui","Pressing ""Choose save location"" fetches your saved builds once more and verifies the target, worldCardId, update time, and format before saving. If there are discrepancies or invalid data, nothing is saved and you'll be asked to reload.","Al pulsar ""Elegir ubicación"" se vuelven a obtener tus builds guardadas y se verifican el objetivo, worldCardId, la hora de actualización y el formato antes de guardar. Si hay discrepancias o datos no válidos, no se guarda nada y se te pedirá que recargues.","","","medium","","",""
"buildExportModal.downloadNextNoteTemplate","buildExportModal","ui","Pressing ""Download JSON"" fetches your saved builds once more and verifies the target, worldCardId, update time, and format before saving. If there are discrepancies or invalid data, nothing is saved and you'll be asked to reload.","Al pulsar ""Descargar JSON"" se vuelven a obtener tus builds guardadas y se verifican el objetivo, worldCardId, la hora de actualización y el formato antes de guardar. Si hay discrepancias o datos no válidos, no se guarda nada y se te pedirá que recargues.","","","medium","","",""
"buildExportModal.cancelledNoticeTemplate","buildExportModal","ui","The save-location selection was cancelled. Your saved builds have not been changed. Press ""Choose save location"" again to retry.","Se canceló la selección de ubicación. Tus builds guardadas no se han modificado. Pulsa de nuevo ""Elegir ubicación"" para reintentarlo.","","","medium","","",""
"buildExportModal.exportTargetLineTemplate","buildExportModal","ui","Export target: {target} — {count} build(s)","Objetivo de exportación: {target} — builds: {count}","","","medium","","",""
"buildExportModal.exportFailureEmpty","buildExportModal","ui","There are no saved builds that can be exported.","No hay builds guardadas que se puedan exportar.","","","medium","","",""
"buildExportModal.exportFailureInvalidTemplate","buildExportModal","ui","{invalid} saved build(s) are invalid (only {valid} can be exported). The export was cancelled for safety. Please check the targets in My Builds.","Hay {invalid} builds guardadas no válidas (solo se pueden exportar {valid}). La exportación se canceló por seguridad. Revisa las builds afectadas en Mis builds.","","","medium","","",""
"buildImportModal.safetyLine1","buildImportModal","ui","Only local JSON files created previously by this app's ""Export saved builds"" are supported.","Solo se admiten archivos JSON locales creados antes con ""Exportar builds guardadas"" de esta app.","","","medium","","",""
"buildImportModal.safetyLine2","buildImportModal","ui","The file is processed entirely inside this browser — nothing is sent to a server or external service (no uploads).","El archivo se procesa por completo en este navegador: no se envía nada a ningún servidor ni servicio externo (no hay subidas).","","","medium","","",""
"buildImportModal.safetyLine3","buildImportModal","ui","Just selecting a file or opening the preview does not save anything. Saving happens only when you press the final confirmation.","Seleccionar un archivo o abrir la vista previa no guarda nada. Solo se guarda al pulsar la confirmación final.","","","medium","","",""
"buildImportModal.safetyLine4","buildImportModal","ui","Existing saved builds are never overwritten or deleted. If a buildId collides with an existing one, it's added with a new buildId.","Las builds guardadas existentes nunca se sobrescriben ni se eliminan. Si un buildId coincide con uno existente, se añade con un buildId nuevo.","","","medium","","",""
"buildImportModal.safetyLine5","buildImportModal","ui","Imported builds are not automatically applied to My Team, squads, or card favorites (no references are created either).","Las builds importadas no se aplican automáticamente a Mi equipo, a las plantillas ni a los favoritos de cartas (tampoco se crean referencias).","","","medium","","",""
"buildImportModal.safetyLine6","buildImportModal","ui","Files with an unsupported formatVersion are rejected without conversion.","Los archivos con un formatVersion no admitido se rechazan sin conversión.","","","medium","","",""
"buildImportModal.safetyLine7","buildImportModal","ui","After importing, manage builds individually in My Builds (they are not automatically set as the selected or favorite build).","Después de importar, gestiona cada build en Mis builds (no se marcan automáticamente como build seleccionada ni favorita).","","","medium","","",""
"buildImportModal.launcherHeading","buildImportModal","ui","Import Saved Builds (Local JSON Import)","Importar builds guardadas (importación de JSON local)","","51","medium","","",""
"buildImportModal.launcherDescriptionPrefix","buildImportModal","ui","Choose a local JSON file previously exported from this app, and its content will be validated and previewed, then ","Elige un archivo JSON local exportado antes desde esta app; su contenido se validará y se mostrará en vista previa, y luego se ","","","medium","","",""
"buildImportModal.addBoldLabel","buildImportModal","ui","added","añadirá","","12","medium","","",""
"buildImportModal.launcherDescriptionSuffix","buildImportModal","ui"," as saved builds after final confirmation. This is a separate operation from exporting."," como builds guardadas tras la confirmación final. Es una operación distinta de la exportación.","","","medium","","",""
"buildImportModal.launcherButton","buildImportModal","ui","Import saved builds","Importar builds guardadas","","25","medium","","",""
"buildImportModal.unavailableNote","buildImportModal","ui","This browser doesn't support localStorage, so importing isn't available.","Este navegador no admite localStorage, así que no se puede importar.","","","medium","","",""
"buildImportModal.validateErrorTemplate","buildImportModal","ui","{invalid} saved build(s) in the file are invalid (valid: {valid}). For safety, this file cannot be imported.","Hay {invalid} builds guardadas no válidas en el archivo (válidas: {valid}). Por seguridad, este archivo no se puede importar.","","","high","","",""
"buildImportModal.duplicateErrorTemplate","buildImportModal","ui","The file has duplicate buildId values ({count}). This cannot happen in a proper export file, so this file cannot be imported.","El archivo tiene valores de buildId duplicados ({count}). Esto no ocurre en un archivo de exportación correcto, así que no se puede importar.","","","high","","",""
"buildImportModal.parseErrorEmpty","buildImportModal","ui","The file is empty.","El archivo está vacío.","","24","high","","",""
"buildImportModal.parseErrorTooLarge","buildImportModal","ui","The file or the number of builds is too large.","El archivo o el número de builds es demasiado grande.","","","high","","",""
"buildImportModal.parseErrorNotJson","buildImportModal","ui","This could not be read as JSON.","No se pudo leer como JSON.","","","high","","",""
"buildImportModal.parseErrorNotObject","buildImportModal","ui","This is not the structure of an export file.","No tiene la estructura de un archivo de exportación.","","","high","","",""
"buildImportModal.parseErrorUnsafeKeys","buildImportModal","ui","This cannot be imported because it contains unknown or unsafe fields.","No se puede importar porque contiene campos desconocidos o no seguros.","","","high","","",""
"buildImportModal.parseErrorFormatMismatch","buildImportModal","ui","This is not a saved-build export file from this app.","No es un archivo de exportación de builds guardadas de esta app.","","","high","","",""
"buildImportModal.parseErrorUnsupportedVersion","buildImportModal","ui","This formatVersion is not supported. An app update is required.","Este formatVersion no es compatible. Hace falta actualizar la app.","","","high","","",""
"buildImportModal.parseErrorExportedAt","buildImportModal","ui","The exportedAt timestamp is invalid.","La marca de tiempo exportedAt no es válida.","","","high","","",""
"buildImportModal.parseErrorItemCount","buildImportModal","ui","itemCount is invalid.","itemCount no es válido.","","28","high","","",""
"buildImportModal.parseErrorItemCountMismatch","buildImportModal","ui","itemCount does not match the actual number of items.","itemCount no coincide con el número real de elementos.","","","high","","",""
"buildImportModal.parseErrorGeneric","buildImportModal","ui","This file cannot be imported.","Este archivo no se puede importar.","","","high","","",""
"buildImportModal.tooLargeTemplate","buildImportModal","ui","The file is too large (limit: {max}MB).","El archivo es demasiado grande (límite: {max}MB).","","","medium","","",""
"buildImportModal.noFileApiError","buildImportModal","ui","This browser cannot read files.","Este navegador no puede leer archivos.","","","high","","",""
"buildImportModal.readFailedError","buildImportModal","ui","The file could not be read.","No se pudo leer el archivo.","","","high","","",""
"buildImportModal.importConflictTemplate","buildImportModal","ui","Saved builds were updated in another tab. Please reload the existing data and check the import content again. (existing added: {added} / deleted: {removed} / changed: {changed})","Las builds guardadas se actualizaron en otra pestaña. Vuelve a cargar los datos existentes y revisa de nuevo el contenido a importar. (existentes añadidas: {added} / eliminadas: {removed} / modificadas: {changed})","","","medium","","",""
"buildImportModal.saveConflictNote","buildImportModal","ui","Saved builds were updated in another tab. Please reload and check again.","Las builds guardadas se actualizaron en otra pestaña. Recarga y vuelve a comprobarlo.","","","medium","","",""
"buildImportModal.quotaError","buildImportModal","ui","Could not save — storage capacity may be insufficient. Existing saved builds have not been changed.","No se pudo guardar; puede que no haya suficiente espacio de almacenamiento. Las builds guardadas existentes no se han modificado.","","","high","","",""
"buildImportModal.storageError","buildImportModal","ui","This browser could not save. Existing saved builds have not been changed.","Este navegador no pudo guardar. Las builds guardadas existentes no se han modificado.","","","high","","",""
"buildImportModal.genericSaveError","buildImportModal","ui","Saving failed. Existing saved builds have not been changed.","Error al guardar. Las builds guardadas existentes no se han modificado.","","","high","","",""
"buildImportModal.reverifyFailedNote","buildImportModal","ui","Re-verification of the save result failed. Please reload the My Builds list to check.","Falló la nueva verificación del resultado guardado. Recarga la lista de Mis builds para comprobarlo.","","","high","","",""
"buildImportModal.titleSelect","buildImportModal","ui","Import saved builds","Importar builds guardadas","","25","medium","","",""
"buildImportModal.titleError","buildImportModal","ui","Could not read the file","No se pudo leer el archivo","","30","high","","",""
"buildImportModal.titlePreview","buildImportModal","ui","Confirm import content","Confirmar contenido a importar","","29","medium","","",""
"buildImportModal.titleConfirm","buildImportModal","ui","Final import confirmation","Confirmación final de importación","","","high","","",""
"buildImportModal.titleSaving","buildImportModal","ui","Importing","Importando","","12","medium","","",""
"buildImportModal.titleDone","buildImportModal","ui","Import complete","Importación completada","","20","medium","","",""
"buildImportModal.titleSaveFail","buildImportModal","ui","Import failed","Error de importación","","17","medium","","",""
"buildImportModal.staleBlockedText","buildImportModal","ui","Saved builds were updated in another tab. Please reload the existing data and check the import content again.","Las builds guardadas se actualizaron en otra pestaña. Vuelve a cargar los datos existentes y revisa de nuevo el contenido a importar.","","","medium","","",""
"buildImportModal.reloadExistingButton","buildImportModal","ui","Reload existing data","Recargar datos existentes","","26","medium","","",""
"buildImportModal.savingText","buildImportModal","ui","Importing…","Importando…","","13","medium","","",""
"buildImportModal.doneMessageTemplate","buildImportModal","ui","Imported {count} saved build(s). Existing builds have not been changed.","Builds guardadas importadas: {count}. Las builds existentes no se han modificado.","","","medium","","",""
"buildImportModal.doneNewIdsTemplate","buildImportModal","ui","{count} of them were added with a new buildId to avoid colliding with an existing buildId.","De ellas, {count} se añadieron con un buildId nuevo para no coincidir con un buildId existente.","","","medium","","",""
"buildImportModal.doneManageNote","buildImportModal","ui","Imported builds can be managed individually in My Builds. They have not been automatically set as the selected build, favorite build, or in any squad.","Las builds importadas se pueden gestionar una a una en Mis builds. No se han marcado automáticamente como build seleccionada ni favorita, ni se han añadido a ninguna plantilla.","","","medium","","",""
"buildImportModal.saveFailFallback","buildImportModal","ui","Import failed.","Error de importación.","","19","medium","","",""
"buildImportModal.cancelButton","buildImportModal","ui","Cancel","Cancelar","","12","medium","","",""
"buildImportModal.pickAnotherFileButton","buildImportModal","ui","Choose another file","Elegir otro archivo","","25","medium","","",""
"buildImportModal.importButtonTemplate","buildImportModal","ui","Import ({count})","Importar ({count})","","21","medium","","",""
"buildImportModal.closeButton","buildImportModal","ui","Close","Cerrar","","12","medium","","",""
"buildImportModal.supportedFilesHeading","buildImportModal","ui","Supported files","Archivos admitidos","","20","medium","","",""
"buildImportModal.supportedFile1Prefix","buildImportModal","ui","A JSON file previously created by this app's ""Export saved builds"" (","Un archivo JSON creado antes con ""Exportar builds guardadas"" de esta app (","","","medium","","",""
"buildImportModal.supportedFile1Middle","buildImportModal","ui"," / formatVersion "," / formatVersion ","","23","medium","","",""
"buildImportModal.supportedFile1Suffix","buildImportModal","ui",")",")","","12","medium","","",""
"buildImportModal.supportedFile2","buildImportModal","ui","The file extension alone is not used to decide. The content is parsed as JSON, and the format, item count, and each build are validated.","No se decide solo por la extensión del archivo. El contenido se analiza como JSON y se validan el formato, el número de elementos y cada build.","","","medium","","",""
"buildImportModal.supportedFile3Template","buildImportModal","ui","File size limit: {maxSize}MB / item count limit: {maxCount}.","Tamaño máximo del archivo: {maxSize}MB / número máximo de elementos: {maxCount}.","","","medium","","",""
"buildImportModal.supportedFile4","buildImportModal","ui","Not supported: a standalone SavedBuild JSON / the entire localStorage / My Team / squads / card favorites / CSV / ZIP / TXT / JavaScript / HTML / an unsupported formatVersion.","No admitidos: un JSON de SavedBuild suelto / todo el localStorage / Mi equipo / plantillas / favoritos de cartas / CSV / ZIP / TXT / JavaScript / HTML / un formatVersion no admitido.","","","medium","","",""
"buildImportModal.selectFileLabel","buildImportModal","ui","Select a JSON file to import","Selecciona un archivo JSON para importar","","37","medium","","",""
"buildImportModal.selectFileHint","buildImportModal","ui","Just selecting a file does not save anything. Review the content and it will only be saved when you press the final confirmation.","Seleccionar un archivo no guarda nada. Revisa el contenido; solo se guardará al pulsar la confirmación final.","","","medium","","",""
"buildImportModal.validatingText","buildImportModal","ui","Validating the file…","Validando el archivo…","","26","medium","","",""
"buildImportModal.selectedFileTemplate","buildImportModal","ui","Selected: {name}","Seleccionado: {name}","","21","medium","","",""
"buildImportModal.selectedFileSizeTemplate","buildImportModal","ui"," ({size})"," ({size})","","12","medium","","",""
"buildImportModal.validateInfoTemplate","buildImportModal","ui","Invalid: {invalid} / valid: {valid}. Partial imports are not performed.","No válidas: {invalid} / válidas: {valid}. No se realizan importaciones parciales.","","","medium","","",""
"buildImportModal.duplicateIdsTemplate","buildImportModal","ui","Duplicate buildId: {ids}","buildId duplicado: {ids}","","32","medium","","",""
"buildImportModal.fileHeading","buildImportModal","ui","File","Archivo","","12","medium","","",""
"buildImportModal.fileNameLabel","buildImportModal","ui","File name","Nombre del archivo","","12","medium","","",""
"buildImportModal.fileSizeLabel","buildImportModal","ui","Size","Tamaño","","12","medium","","",""
"buildImportModal.validationHeading","buildImportModal","ui","Validation result","Resultado de la validación","","23","medium","","",""
"buildImportModal.validCountLabel","buildImportModal","ui","Valid count","Válidas","","15","medium","","",""
"buildImportModal.plannedSaveCountLabel","buildImportModal","ui","Planned save count","Se guardarán","","24","medium","","",""
"buildImportModal.collisionCountLabel","buildImportModal","ui","buildId collisions (new IDs issued)","Coincidencias de buildId (ID nuevos emitidos)","","46","medium","","",""
"buildImportModal.saveCountNoteTemplate","buildImportModal","ui","{count} will be added as new saved builds. Existing builds are not changed.","Se añadirán {count} como nuevas builds guardadas. Las builds existentes no se modifican.","","","medium","","",""
"buildImportModal.targetBuildsSummaryTemplate","buildImportModal","ui","Target builds ({count})","Builds afectadas ({count})","","30","medium","","",""
"buildImportModal.newBuildIdBadge","buildImportModal","ui","New buildId","buildId nuevo","","15","medium","","",""
"buildImportModal.pomBadge","buildImportModal","ui","Power of Many specified","Power of Many indicado","","30","medium","","",""
"buildImportModal.experimentalBadge","buildImportModal","ui","Experimental estimate","Estimación experimental","","28","medium","","",""
"buildImportModal.worldIdOriginalTemplate","buildImportModal","ui","World ID {worldId} / original buildId {originalId}","World ID {worldId} / buildId original {originalId}","","","medium","","",""
"buildImportModal.finalBuildIdTemplate","buildImportModal","ui"," → buildId after import {finalId}"," → buildId tras importar {finalId}","","","medium","","",""
"buildImportModal.noChangeLabel","buildImportModal","ui"," (unchanged)"," (sin cambios)","","16","medium","","",""
"buildImportModal.rulesVersionTemplate","buildImportModal","ui","rulesVersion {version}","rulesVersion {version}","","29","medium","","",""
"buildImportModal.allocationLabelTemplate","buildImportModal","ui","Allocation: {allocation}","Reparto: {allocation}","","32","medium","","",""
"buildImportModal.createdUpdatedNoteTemplate","buildImportModal","ui","Created {created} / Updated {updated} (timestamps are preserved)","Creada {created} / Actualizada {updated} (se conservan las marcas de tiempo)","","","medium","","",""
"buildImportModal.unaffectedHeading","buildImportModal","ui","What this import does not change","Lo que esta importación no cambia","","42","medium","","",""
"buildImportModal.unaffected1","buildImportModal","ui","Existing saved builds (never overwritten or deleted)","Builds guardadas existentes (nunca se sobrescriben ni se eliminan)","","","medium","","",""
"buildImportModal.unaffected2","buildImportModal","ui","My Team (selected build, favorite build, ownership/usage status, tags, notes)","Mi equipo (build seleccionada, build favorita, estado de posesión/uso, etiquetas, notas)","","","medium","","",""
"buildImportModal.unaffected3","buildImportModal","ui","Saved squads (placement, savedBuildId references)","Plantillas guardadas (colocación, referencias savedBuildId)","","","medium","","",""
"buildImportModal.unaffected4","buildImportModal","ui","The card's own favorite status","El estado de favorito de la propia carta","","","medium","","",""
"buildImportModal.unaffected5","buildImportModal","ui","Nothing is sent to an external service","No se envía nada a ningún servicio externo","","","medium","","",""
"buildImportModal.unaffectedFootnote","buildImportModal","ui","Imported builds are not automatically set as selectedBuildId / favoriteBuildId / a squad's savedBuildId. They appear as ""Not referenced"" in the My Builds usage status.","Las builds importadas no se asignan automáticamente como selectedBuildId / favoriteBuildId / savedBuildId de una plantilla. Aparecen como ""Sin referencias"" en el estado de uso de Mis builds.","","","medium","","",""
"buildImportModal.confirmTitleTemplate","buildImportModal","ui","Add {count} saved build(s)","Añadir {count} builds guardadas","","","high","","",""
"buildImportModal.confirmNote1","buildImportModal","ui","Existing saved builds are never overwritten or deleted.","Las builds guardadas existentes nunca se sobrescriben ni se eliminan.","","","high","","",""
"buildImportModal.confirmCollisionTemplate","buildImportModal","ui","{count} of them will be added with a new buildId to avoid colliding with an existing buildId.","De ellas, {count} se añadirán con un buildId nuevo para no coincidir con un buildId existente.","","","high","","",""
"buildImportModal.confirmNoCollision","buildImportModal","ui","There are no buildId collisions.","No hay coincidencias de buildId.","","","high","","",""
"buildImportModal.confirmNote2","buildImportModal","ui","My Team, squads, and card favorites are not changed.","Mi equipo, las plantillas y los favoritos de cartas no se modifican.","","","high","","",""
"buildImportModal.confirmNote3","buildImportModal","ui","Immediately before saving, the existing data is fetched once more to check for conflicts.","Justo antes de guardar, se vuelven a obtener los datos existentes para comprobar conflictos.","","","high","","",""
"buildImportModal.confirmButton","buildImportModal","ui","Confirm and import","Confirmar e importar","","24","high","","",""
"duplicateReviewTeaser.bodyPrefix","duplicateReviewTeaser","ui","You can safely review ","Puedes revisar con seguridad los ","","29","medium","","",""
"duplicateReviewTeaser.duplicateCandidatesLabel","duplicateReviewTeaser","ui","duplicate candidates","posibles duplicados","","26","medium","","",""
"duplicateReviewTeaser.bodySuffix","duplicateReviewTeaser","ui"," for saved builds that may have accumulated from JSON imports or duplication, in Build Inventory. This screen does not delete, merge, or overwrite anything."," de builds guardadas que se hayan acumulado por importaciones JSON o duplicaciones, en Análisis de builds. Esta pantalla no elimina, fusiona ni sobrescribe nada.","","","medium","","",""
"duplicateReviewTeaser.openInventoryLink","duplicateReviewTeaser","ui","Review duplicate candidates in Build Inventory","Revisar posibles duplicados en Análisis de builds","","","medium","","",""
"myBuildsView.pageTitle","myBuildsView","metadata","My Builds","Mis builds","","12","medium","","",""
"myBuildsView.pageDescription","myBuildsView","metadata","View, search, rename, duplicate, and delete progression builds saved from the player detail, player compare, My Team, and squad editor screens. The save format is unchanged (saved only in this browser).","Consulta, busca, renombra, duplica y elimina las builds de progresión guardadas desde las pantallas de detalle del jugador, comparación de jugadores, Mi equipo y editor de plantilla. El formato de guardado no cambia (solo se guarda en este navegador).","","","medium","","",""
"myBuildsView.scopeLoadingMessage","myBuildsView","ui","Checking your account…","Comprobando tu cuenta…","","29","medium","","",""
"myBuildsView.sortUpdatedDesc","myBuildsView","ui","Recently updated","Actualizadas recientemente","","21","medium","","",""
"myBuildsView.sortUpdatedAsc","myBuildsView","ui","Oldest updated","Actualizadas hace más tiempo","","19","medium","","",""
"myBuildsView.sortCreatedDesc","myBuildsView","ui","Recently created","Creadas recientemente","","21","medium","","",""
"myBuildsView.sortCreatedAsc","myBuildsView","ui","Oldest created","Creadas hace más tiempo","","19","medium","","",""
"myBuildsView.sortNameAsc","myBuildsView","ui","By build name","Por nombre de build","","17","medium","","",""
"myBuildsView.sortPlayerAsc","myBuildsView","ui","By player name","Por nombre de jugador","","19","medium","","",""
"myBuildsView.renameTargetMissing","myBuildsView","ui","The target build could not be found","No se encontró la build de destino","","","medium","","",""
"myBuildsView.renamedNoticeTemplate","myBuildsView","ui","Renamed the build to ""{name}"".","Build renombrada a ""{name}"".","","","medium","","",""
"myBuildsView.duplicateNameSuffix","myBuildsView","ui"," copy"," copia","","12","medium","","",""
"myBuildsView.duplicateFailedTemplate","myBuildsView","ui","Could not duplicate: {error}","No se pudo duplicar: {error}","","","high","","",""
"myBuildsView.duplicatedNoticeTemplate","myBuildsView","ui","Duplicated as ""{name}"".","Duplicada como ""{name}"".","","30","medium","","",""
"myBuildsView.deleteFailedTemplate","myBuildsView","ui","Could not delete: {error}","No se pudo eliminar: {error}","","","high","","",""
"myBuildsView.deletedNotice","myBuildsView","ui","Deleted the saved build. My Team and squads were not changed.","Build guardada eliminada. Mi equipo y las plantillas no se han modificado.","","","high","","",""
"myBuildsView.alreadyRegisteredNotice","myBuildsView","ui","This card is already registered in My Team. Please reload.","Esta carta ya está registrada en Mi equipo. Vuelve a cargar la página.","","","medium","","",""
"myBuildsView.registerFailedTemplate","myBuildsView","ui","Could not register to My Team: {error}","No se pudo registrar en Mi equipo: {error}","","","high","","",""
"myBuildsView.favoriteAlsoSetTemplate","myBuildsView","ui","Also set ""{name}"" as the favorite build.","""{name}"" también se ha establecido como build favorita.","","","medium","","",""
"myBuildsView.favoriteSetFailedNote","myBuildsView","ui","However, setting the favorite build failed. You can set it again from My Builds (the registration itself succeeded).","Sin embargo, no se pudo establecer la build favorita. Puedes volver a establecerla desde Mis builds (el registro en sí se completó).","","","high","","",""
"myBuildsView.selectedAlsoSetTemplate","myBuildsView","ui","Set ""{name}"" as the selected build.","""{name}"" se ha establecido como build seleccionada.","","","medium","","",""
"myBuildsView.registeredNoticeTemplate","myBuildsView","ui","Registered {name} to My Team. {selNote}{favoriteNote}","{name} registrado en Mi equipo. {selNote}{favoriteNote}","","","medium","","",""
"myBuildsView.alreadySelectedNotice","myBuildsView","ui","This build is already the selected build in My Team.","Esta build ya es la build seleccionada en Mi equipo.","","","medium","","",""
"myBuildsView.assignFailedTemplate","myBuildsView","ui","Could not set in My Team: {error}","No se pudo establecer en Mi equipo: {error}","","","high","","",""
"myBuildsView.assignedNoticeTemplate","myBuildsView","ui","Set ""{name}"" as the selected build in My Team (nothing else was changed).","""{name}"" se ha establecido como build seleccionada en Mi equipo (no se cambió nada más).","","","medium","","",""
"myBuildsView.selectionChangedError","myBuildsView","ui","The selection has changed. Please reload.","La selección ha cambiado. Vuelve a cargar la página.","","","high","","",""
"myBuildsView.clearSelectionFailedTemplate","myBuildsView","ui","Could not clear: {error}","No se pudo quitar: {error}","","32","high","","",""
"myBuildsView.clearedSelectionNotice","myBuildsView","ui","Cleared the selected build in My Team (favorite build and other info were not changed).","Se quitó la build seleccionada en Mi equipo (la build favorita y el resto de datos no se han modificado).","","","medium","","",""
"myBuildsView.alreadyFavoriteNotice","myBuildsView","ui","This build is already the favorite build in My Team.","Esta build ya es la build favorita en Mi equipo.","","","medium","","",""
"myBuildsView.setFavoriteFailedTemplate","myBuildsView","ui","Could not set as favorite build: {error}","No se pudo establecer como build favorita: {error}","","","high","","",""
"myBuildsView.setFavoriteNoticeTemplate","myBuildsView","ui","Set ""{name}"" as the favorite build in My Team. The selected build was not changed.","""{name}"" se ha establecido como build favorita en Mi equipo. La build seleccionada no se ha modificado.","","","medium","","",""
"myBuildsView.clearFavoriteFailedTemplate","myBuildsView","ui","Could not clear favorite: {error}","No se pudo quitar la favorita: {error}","","","high","","",""
"myBuildsView.clearedFavoriteNoticeTemplate","myBuildsView","ui","Cleared ""{name}"" from the favorite build in My Team. The selected build was not changed.","""{name}"" ya no es la build favorita en Mi equipo. La build seleccionada no se ha modificado.","","","medium","","",""
"myBuildsView.unknownError","myBuildsView","ui","Unknown error","Error desconocido","","17","high","","",""
"myBuildsView.emptyTitle","myBuildsView","ui","No saved builds","No hay builds guardadas","","20","medium","","",""
"myBuildsView.emptyDescription","myBuildsView","ui","Adjust progression in player detail or player compare, then add one via ""Save this build"".","Ajusta la progresión en el detalle del jugador o en la comparación de jugadores y añade una con ""Guardar esta build"".","","","medium","","",""
"myBuildsView.findPlayersLink","myBuildsView","ui","Find players","Buscar jugadores","","16","medium","","",""
"myBuildsView.openComparelink","myBuildsView","ui","Open player compare","Abrir comparación de jugadores","","25","medium","","",""
"myBuildsView.openMyTeamLink","myBuildsView","ui","Open My Team","Abrir Mi equipo","","16","medium","","",""
"myBuildsView.openSquadsLink","myBuildsView","ui","Open squads","Abrir plantillas","","15","medium","","",""
"myBuildsView.storageUnavailableNotice","myBuildsView","ui","Saved builds cannot be shown or changed because this browser cannot use localStorage.","No se pueden mostrar ni modificar las builds guardadas porque este navegador no puede usar localStorage.","","","medium","","",""
"myBuildsView.staleBuildsNotice","myBuildsView","ui","Saved builds were updated in another tab.","Las builds guardadas se actualizaron en otra pestaña.","","","medium","","",""
"myBuildsView.staleMyTeamNotice","myBuildsView","ui","My Team was updated in another tab.","Mi equipo se actualizó en otra pestaña.","","","medium","","",""
"myBuildsView.reloadButton","myBuildsView","ui","Reload","Recargar","","12","medium","","",""
"myBuildsView.statTotalLabel","myBuildsView","ui","Saved builds","Builds guardadas","","16","medium","","",""
"myBuildsView.statVisibleLabel","myBuildsView","ui","Showing","Mostrando","","12","medium","","",""
"myBuildsView.statUsedLabel","myBuildsView","ui","In use","En uso","","12","medium","","",""
"myBuildsView.statUnusedLabel","myBuildsView","ui","Unused","Sin usar","","12","medium","","",""
"myBuildsView.usedExplanationNote","myBuildsView","ui","""In use"" counts builds referenced as My Team's selected/favorite build, or referenced by a squad's saved build.","""En uso"" cuenta las builds usadas como build seleccionada/favorita de Mi equipo o como build guardada de una plantilla.","","","medium","","",""
"myBuildsView.filterSectionHeading","myBuildsView","ui","Search, Filter & Sort","Buscar, filtrar y ordenar","","28","medium","","",""
"myBuildsView.filterActiveBadge","myBuildsView","ui","Active","Activo","","12","medium","","",""
"myBuildsView.searchLabel","myBuildsView","ui","Search (build name, player name, World ID, buildId)","Buscar (nombre de build, nombre de jugador, World ID, buildId)","","67","medium","","",""
"myBuildsView.searchPlaceholder","myBuildsView","ui","Messi / RWF / 89138556575063 / Finisher","Messi / RWF / 89138556575063 / Finisher","","51","medium","","",""
"myBuildsView.searchAriaLabel","myBuildsView","accessibility","Search saved builds","Buscar builds guardadas","","25","high","","",""
"myBuildsView.cardTypeLabel","myBuildsView","ui","Card type","Tipo de carta","","12","medium","","",""
"myBuildsView.cardTypeAriaLabel","myBuildsView","accessibility","Filter by card type","Filtrar por tipo de carta","","25","high","","",""
"myBuildsView.filterAllOption","myBuildsView","ui","All","Todas","","12","medium","","",""
"myBuildsView.positionLabel","myBuildsView","ui","Registered position","Posición registrada","","25","medium","","",""
"myBuildsView.positionAriaLabel","myBuildsView","accessibility","Filter by registered position","Filtrar por posición registrada","","38","high","","",""
"myBuildsView.rulesLabel","myBuildsView","ui","Rules","Reglas","","12","medium","","",""
"myBuildsView.rulesAriaLabel","myBuildsView","accessibility","Filter by rules version","Filtrar por versión de reglas","","30","high","","",""
"myBuildsView.pomLabel","myBuildsView","ui","Power of Many","Power of Many","","17","medium","","",""
"myBuildsView.pomAriaLabel","myBuildsView","accessibility","Filter by Power of Many selection","Filtrar por selección de Power of Many","","43","high","","",""
"myBuildsView.pomWithOption","myBuildsView","ui","Has selection","Con selección","","17","medium","","",""
"myBuildsView.experimentalLabel","myBuildsView","ui","Experimental estimate","Estimación experimental","","28","medium","","",""
"myBuildsView.experimentalAriaLabel","myBuildsView","accessibility","Filter by experimental estimate","Filtrar por estimación experimental","","41","high","","",""
"myBuildsView.experimentalWithOption","myBuildsView","ui","Has estimate","Con estimación","","16","medium","","",""
"myBuildsView.usageLabel","myBuildsView","ui","Usage","Uso","","12","medium","","",""
"myBuildsView.usageAriaLabel","myBuildsView","accessibility","Filter by usage","Filtrar por uso","","20","high","","",""
"myBuildsView.usageUsedOption","myBuildsView","ui","In use","En uso","","12","medium","","",""
"myBuildsView.usageUnusedOption","myBuildsView","ui","Unused","Sin usar","","12","medium","","",""
"myBuildsView.sortLabel","myBuildsView","ui","Sort","Ordenar","","12","medium","","",""
"myBuildsView.sortAriaLabel","myBuildsView","accessibility","Sort","Ordenar","","12","high","","",""
"myBuildsView.clearFiltersButton","myBuildsView","ui","Clear filters","Quitar filtros","","17","medium","","",""
"myBuildsView.noResultsTitle","myBuildsView","ui","No saved builds match your criteria","Ninguna build guardada coincide con tus criterios","","46","medium","","",""
"myBuildsView.deleteConfirmTitle","myBuildsView","ui","Delete this saved build?","¿Eliminar esta build guardada?","","32","high","","",""
"myBuildsView.deleteConfirmButton","myBuildsView","ui","Delete","Eliminar","","12","high","","",""
"myBuildsView.clearSelectionConfirmTitle","myBuildsView","ui","Clear the selected build in My Team?","¿Quitar la build seleccionada en Mi equipo?","","47","high","","",""
"myBuildsView.clearSelectionConfirmButton","myBuildsView","ui","Clear","Quitar","","12","high","","",""
"myBuildsView.clearSelectionBodyTemplate","myBuildsView","ui","This removes {name} from My Team's selected build (resets selectedBuildId to unselected).","Se quitará {name} como build seleccionada de Mi equipo (selectedBuildId vuelve a sin seleccionar).","","","medium","","",""
"myBuildsView.idLineTemplate","myBuildsView","ui","World ID {worldCardId} / buildId {buildId}","World ID {worldCardId} / buildId {buildId}","","","medium","","",""
"myBuildsView.clearSelectionUnchangedNote","myBuildsView","ui","The saved build itself, favorite build, ownership status, usage status, tags, note, squads, and favorite are not changed.","No se modifican la build guardada en sí, la build favorita, el estado de posesión, el estado de uso, las etiquetas, la nota, las plantillas ni el favorito.","","","medium","","",""
"myBuildsView.clearFavoriteConfirmTitle","myBuildsView","ui","Clear the favorite build in My Team?","¿Quitar la build favorita en Mi equipo?","","47","high","","",""
"myBuildsView.clearFavoriteConfirmButton","myBuildsView","ui","Clear favorite","Quitar favorita","","19","high","","",""
"myBuildsView.clearFavoriteBodyTemplate","myBuildsView","ui","This clears {name} from My Team's favorite build (resets favoriteBuildId to unset).","Se quitará {name} como build favorita de Mi equipo (favoriteBuildId vuelve a sin establecer).","","","medium","","",""
"myBuildsView.clearFavoriteChangedItem","myBuildsView","ui","Changed: only favoriteBuildId and the updated timestamp","Cambia: solo favoriteBuildId y la fecha de actualización","","","medium","","",""
"myBuildsView.clearFavoriteUnchangedItemTemplate","myBuildsView","ui","Not changed: selected build (selectedBuildId), ownership status, usage status, tags, note, registration date, other cards' My Team records, the saved build itself, squads, the card's own favorite, and compare state","No cambia: build seleccionada (selectedBuildId), estado de posesión, estado de uso, etiquetas, nota, fecha de registro, registros de Mi equipo de otras cartas, la build guardada en sí, plantillas, el favorito de la propia carta y el estado de comparación","","","medium","","",""
"myBuildsView.registerModalTitle","myBuildsView","ui","Register to My Team","Registrar en Mi equipo","","25","medium","","",""
"myBuildsView.cardImageAltTemplate","myBuildsView","ui","Card image for {name}","Imagen de la carta de {name}","","28","medium","","",""
"myBuildsView.cardImageAltGeneric","myBuildsView","ui","Card image","Imagen de la carta","","13","medium","","",""
"myBuildsView.cardTypeUnknown","myBuildsView","ui","Unknown card type","Tipo de carta desconocido","","23","medium","","",""
"myBuildsView.registeredPositionUnknown","myBuildsView","ui","Unknown registered position","Posición registrada desconocida","","","medium","","",""
"myBuildsView.alreadyInMyTeamNotice","myBuildsView","ui","This card is already registered in My Team. Please reload.","Esta carta ya está registrada en Mi equipo. Vuelve a cargar la página.","","","medium","","",""
"myBuildsView.buildToUseLabel","myBuildsView","ui","Build to use: ","Build a usar: ","","19","medium","","",""
"myBuildsView.buildIdSuffixTemplate","myBuildsView","ui"," (buildId {id})"," (buildId {id})","","20","medium","","",""
"myBuildsView.allocationLabel","myBuildsView","ui","Progression allocation: ","Reparto de progresión: ","","32","medium","","",""
"myBuildsView.noAllocationBase","myBuildsView","ui","No allocation (base abilities)","Sin reparto (atributos base)","","","medium","","",""
"myBuildsView.usedPointsLabel","myBuildsView","ui","Points used: {value}","Puntos usados: {value}","","26","medium","","",""
"myBuildsView.totalUnknownSuffix","myBuildsView","ui"," pt (total unknown)"," pt (total desconocido)","","25","medium","","",""
"myBuildsView.totalPointsSuffixTemplate","myBuildsView","ui"," / {value} pt"," / {value} pt","","17","medium","","",""
"myBuildsView.pomRowLabel","myBuildsView","ui","Power of Many (user-specified): ","Power of Many (indicado por el usuario): ","","42","medium","","",""
"myBuildsView.pomUnspecified","myBuildsView","ui","Not specified","Sin especificar","","17","medium","","",""
"myBuildsView.experimentalRowLabel","myBuildsView","ui","Experimental estimate: ","Estimación experimental: ","","30","medium","","",""
"myBuildsView.yes","myBuildsView","ui","Yes","Sí","","12","medium","","",""
"myBuildsView.no","myBuildsView","ui","No","No","","12","medium","","",""
"myBuildsView.estimatedOvrLabel","myBuildsView","ui","Estimated OVR at save time: ","OVR estimado al guardar: ","","37","medium","","",""
"myBuildsView.calcModeConfirmed","myBuildsView","ui","Base value only","Solo valor base","","20","high","","",""
"myBuildsView.calcModeUnsupported","myBuildsView","ui","Cannot calculate","No calculable","","21","medium","","",""
"myBuildsView.calcModeProvisional","myBuildsView","ui","Provisional rule","Regla provisional","","21","medium","","",""
"myBuildsView.totalOvrPlaceholder","myBuildsView","ui","Overall (position-specific OVR): — (calculation rule under review)","General (OVR por posición): — (regla de cálculo en revisión)","","86","medium","","",""
"myBuildsView.ownershipLabel","myBuildsView","ui","Ownership status","Estado de posesión","","21","medium","","",""
"myBuildsView.ownershipHint","myBuildsView","ui","My Team manages cards you actually own. You can change this later from the My Team screen.","Mi equipo gestiona las cartas que realmente tienes. Puedes cambiarlo más tarde desde la pantalla de Mi equipo.","","","medium","","",""
"myBuildsView.usageStatusLabel","myBuildsView","ui","Usage status","Estado de uso","","16","medium","","",""
"myBuildsView.usageStatusHint","myBuildsView","ui","Separate from actual squad placement. Choosing here does not automatically place it in a squad.","Es independiente de la colocación real en la plantilla. Elegirlo aquí no la coloca automáticamente en ninguna plantilla.","","","medium","","",""
"myBuildsView.associationLegend","myBuildsView","ui","Saved build associations (each is an independent setting)","Asociaciones de la build guardada (cada una es un ajuste independiente)","","","medium","","",""
"myBuildsView.setSelectedOptionPrefix","myBuildsView","ui","Set this build as the ","Establecer esta build como ","","29","medium","","",""
"myBuildsView.setSelectedOptionSuffix","myBuildsView","ui"," (selectedBuildId)"," (selectedBuildId)","","24","medium","","",""
"myBuildsView.setSelectedHint","myBuildsView","ui","This is the build shown first when you open this card in My Team.","Es la build que se muestra primero al abrir esta carta en Mi equipo.","","","medium","","",""
"myBuildsView.setFavoriteOptionPrefix","myBuildsView","ui","Set this build as the ","Establecer esta build como ","","29","medium","","",""
"myBuildsView.setFavoriteOptionSuffix","myBuildsView","ui"," (favoriteBuildId)"," (favoriteBuildId)","","24","medium","","",""
"myBuildsView.setFavoriteHint","myBuildsView","ui","A separate slot from the selected build. Also separate from the card's own favorite status.","Es un espacio distinto de la build seleccionada. También es independiente del estado de favorito de la propia carta.","","","medium","","",""
"myBuildsView.previewHeading","myBuildsView","ui","My Team Record That Will Be Created","Registro de Mi equipo que se creará","","46","medium","","",""
"myBuildsView.previewOwnershipTemplate","myBuildsView","ui","Ownership: {value}","Posesión: {value}","","24","medium","","",""
"myBuildsView.previewUsageTemplate","myBuildsView","ui","Usage: {value}","Uso: {value}","","19","medium","","",""
"myBuildsView.previewSelectedTemplate","myBuildsView","ui","Selected build: {value}","Build seleccionada: {value}","","30","medium","","",""
"myBuildsView.previewFavoriteTemplate","myBuildsView","ui","Favorite build: {value}","Build favorita: {value}","","30","medium","","",""
"myBuildsView.previewTagsNone","myBuildsView","ui","Tags: None","Etiquetas: ninguna","","13","medium","","",""
"myBuildsView.previewNotesNone","myBuildsView","ui","Note: None","Nota: ninguna","","13","medium","","",""
"myBuildsView.previewSquadNoChange","myBuildsView","ui","Squads: No change (not auto-placed or auto-applied)","Plantillas: sin cambios (no se coloca ni se aplica automáticamente)","","","medium","","",""
"myBuildsView.previewFavoriteFlagNoChange","myBuildsView","ui","Card's own favorite: No change","Favorito de la propia carta: sin cambios","","","medium","","",""
"myBuildsView.previewNoneValue","myBuildsView","ui","None","Ninguna","","12","medium","","",""
"myBuildsView.twoStageNote","myBuildsView","ui","The favorite build is saved with one more step after registration. Even if only that step fails, the registration itself remains valid (you can set it later from My Builds).","La build favorita se guarda en un paso adicional tras el registro. Aunque solo falle ese paso, el registro en sí sigue siendo válido (puedes establecerla más tarde desde Mis builds).","","","medium","","",""
"myBuildsView.unchangedListItem1","myBuildsView","ui","Other cards' My Team records, the saved build itself, and saved squads are not changed.","No se modifican los registros de Mi equipo de otras cartas, la build guardada en sí ni las plantillas guardadas.","","","medium","","",""
"myBuildsView.unchangedListItem2","myBuildsView","ui","The card's own favorite status, compare state, and URL are not changed.","No se modifican el estado de favorito de la propia carta, el estado de comparación ni la URL.","","","medium","","",""
"myBuildsView.confirmStatement","myBuildsView","ui","This registers this card to My Team.","Esta carta se registrará en Mi equipo.","","","high","","",""
"myBuildsView.cancelButton","myBuildsView","ui","Cancel","Cancelar","","12","medium","","",""
"myBuildsView.registerButton","myBuildsView","ui","Register to My Team","Registrar en Mi equipo","","25","medium","","",""
"myBuildsView.changeFavoriteModalTitle","myBuildsView","ui","Change My Team Favorite Build","Cambiar build favorita de Mi equipo","","38","medium","","",""
"myBuildsView.notInMyTeamNotice","myBuildsView","ui","This card is not registered in My Team. Please register it in My Team first.","Esta carta no está registrada en Mi equipo. Regístrala primero en Mi equipo.","","","medium","","",""
"myBuildsView.settingBuildLabel","myBuildsView","ui","Build to set: ","Build a establecer: ","","19","medium","","",""
"myBuildsView.currentFavoriteLabel","myBuildsView","ui","Current favorite build: ","Build favorita actual: ","","32","medium","","",""
"myBuildsView.noneLabel","myBuildsView","ui","None","Ninguna","","12","medium","","",""
"myBuildsView.currentFavoriteMissingTemplate","myBuildsView","ui","The current favorite build could not be found (buildId {id})","No se encontró la build favorita actual (buildId {id})","","","medium","","",""
"myBuildsView.currentSelectedUnchangedLabel","myBuildsView","ui","Current selected build (not changed): ","Build seleccionada actual (sin cambios): ","","50","medium","","",""
"myBuildsView.missingBuildFallback","myBuildsView","ui"," (not found)"," (no encontrada)","","16","medium","","",""
"myBuildsView.alreadyFavoriteNoChangeNote","myBuildsView","ui","This build is already the favorite. No change will be made.","Esta build ya es la favorita. No se hará ningún cambio.","","","medium","","",""
"myBuildsView.confirmFavoriteChangeTemplate","myBuildsView","ui","This changes My Team's favorite build to ""{name}"".","La build favorita de Mi equipo pasará a ser ""{name}"".","","","high","","",""
"myBuildsView.favoriteChangedItem","myBuildsView","ui","Changed: only the My Team record's favoriteBuildId and updated timestamp","Cambia: solo favoriteBuildId y la fecha de actualización del registro de Mi equipo","","","medium","","",""
"myBuildsView.favoriteUnchangedItemTemplate","myBuildsView","ui","Not changed: selected build (selectedBuildId), ownership status, usage status, tags, note, registration date, other cards' My Team records, the saved build itself, squads, the card's own favorite, and compare state","No cambia: build seleccionada (selectedBuildId), estado de posesión, estado de uso, etiquetas, nota, fecha de registro, registros de Mi equipo de otras cartas, la build guardada en sí, plantillas, el favorito de la propia carta y el estado de comparación","","","medium","","",""
"myBuildsView.favoriteNoAutoApplyNote","myBuildsView","ui","This is not automatically applied to the selected build or existing squads.","No se aplica automáticamente a la build seleccionada ni a las plantillas existentes.","","","medium","","",""
"myBuildsView.makeFavoriteButton","myBuildsView","ui","Set as favorite build","Establecer como build favorita","","28","medium","","",""
"myBuildsView.changeSelectedModalTitle","myBuildsView","ui","Change My Team Selected Build","Cambiar build seleccionada de Mi equipo","","38","medium","","",""
"myBuildsView.currentSelectedLabel","myBuildsView","ui","Current selected build: ","Build seleccionada actual: ","","32","medium","","",""
"myBuildsView.currentSelectedMissingTemplate","myBuildsView","ui","The current selected build could not be found (buildId {id})","No se encontró la build seleccionada actual (buildId {id})","","","medium","","",""
"myBuildsView.alreadySelectedNoChangeNote","myBuildsView","ui","This build is already selected. No change will be made.","Esta build ya está seleccionada. No se hará ningún cambio.","","","medium","","",""
"myBuildsView.confirmSelectedChangeTemplate","myBuildsView","ui","This changes My Team's selected build to ""{name}"".","La build seleccionada de Mi equipo pasará a ser ""{name}"".","","","high","","",""
"myBuildsView.selectedChangedItem","myBuildsView","ui","Changed: only the My Team record's selected build (selectedBuildId) and updated timestamp","Cambia: solo la build seleccionada (selectedBuildId) y la fecha de actualización del registro de Mi equipo","","","medium","","",""
"myBuildsView.selectedUnchangedItemTemplate","myBuildsView","ui","Not changed: favorite build, ownership status, usage status, tags, note, registration date, other cards' My Team records, the saved build itself, squads, favorite, and compare state","No cambia: build favorita, estado de posesión, estado de uso, etiquetas, nota, fecha de registro, registros de Mi equipo de otras cartas, la build guardada en sí, plantillas, favorito y estado de comparación","","","medium","","",""
"myBuildsView.selectedNoAutoApplyNote","myBuildsView","ui","This is not automatically applied to existing squads (each squad's saved build is an independent setting).","No se aplica automáticamente a las plantillas existentes (la build guardada de cada plantilla es un ajuste independiente).","","","medium","","",""
"myBuildsView.makeSelectedButton","myBuildsView","ui","Set as My Team's selected build","Establecer como build seleccionada de Mi equipo","","41","medium","","",""
"myBuildsView.renameModalTitle","myBuildsView","ui","Rename Build","Renombrar build","","16","medium","","",""
"myBuildsView.renameDescription","myBuildsView","ui","Only the build name and updated timestamp change. buildId, allocation, rules version, created date, and Power of Many selection are kept.","Solo cambian el nombre de la build y la fecha de actualización. Se conservan buildId, reparto, versión de reglas, fecha de creación y selección de Power of Many.","","","medium","","",""
"myBuildsView.newNameLabel","myBuildsView","ui","New build name (1-60 characters)","Nuevo nombre de la build (1-60 caracteres)","","42","medium","","",""
"myBuildsView.newNameAriaLabel","myBuildsView","accessibility","New build name","Nuevo nombre de la build","","19","high","","",""
"myBuildsView.changeButton","myBuildsView","ui","Change","Cambiar","","12","medium","","",""
"myBuildsView.deleteBodyTemplate","myBuildsView","ui","This deletes {name}{playerSuffix}.","Se eliminará {name}{playerSuffix}.","","","high","","",""
"myBuildsView.referencedFromLabel","myBuildsView","ui","This build is referenced from the following:","Esta build se usa en:","","58","medium","","",""
"myBuildsView.myTeamSelectedItem","myBuildsView","ui","Selected in My Team","Seleccionada en Mi equipo","","25","medium","","",""
"myBuildsView.myTeamFavoriteItem","myBuildsView","ui","Favorite build in My Team","Build favorita en Mi equipo","","","medium","","",""
"myBuildsView.squadReferenceTemplate","myBuildsView","ui","Squad ""{name}"" ({areas})","Plantilla ""{name}"" ({areas})","","32","medium","","",""
"myBuildsView.deleteSafeNote","myBuildsView","ui","Deleting does not change My Team, the squad itself, card placement, or favorites. The reference will show as ""deleted"" and you will need to choose another build.","Eliminarla no modifica Mi equipo, la plantilla en sí, la colocación de cartas ni los favoritos. La referencia aparecerá como ""eliminada"" y tendrás que elegir otra build.","","","high","","",""
"myBuildsView.noReferenceNote","myBuildsView","ui","This build is not referenced anywhere.","Esta build no se usa en ningún sitio.","","","medium","","",""
"myBuildsView.deleteIrreversibleNote","myBuildsView","ui","This action cannot be undone.","Esta acción no se puede deshacer.","","","high","","",""
"compareAddButton.fullMessageTemplate","compareAddButton","ui","Compare supports a maximum of {max} players","La comparación admite un máximo de {max} jugadores","","","medium","","",""
"compareAddButton.removeFromCompareAria","compareAddButton","accessibility","Remove from compare","Quitar de la comparación","","25","high","","",""
"compareAddButton.addToCompareAria","compareAddButton","accessibility","Add to compare","Añadir a la comparación","","19","high","","",""
"compareAddButton.inCompareLabel","compareAddButton","ui","In compare","En comparación","","13","medium","","",""
"compareAddButton.compareFullLabel","compareAddButton","ui","Compare full","Comparación llena","","16","medium","","",""
"compareAddButton.addToCompareLabel","compareAddButton","ui","Add to compare","Añadir a comparación","","19","medium","","",""
"compareAddButton.inCompareCheckedLabel","compareAddButton","ui","In compare ✓","En comparación ✓","","16","medium","","",""
"compareAddButton.viewCompareTemplate","compareAddButton","ui","View compare ({count})","Ver comparación ({count})","","29","medium","","",""
"duplicateReviewSection.sortUpdatedDesc","duplicateReviewSection","ui","Newest updated first","Actualizados recientemente primero","","26","medium","","",""
"duplicateReviewSection.sortCreatedDesc","duplicateReviewSection","ui","Newest created first","Creados recientemente primero","","26","medium","","",""
"duplicateReviewSection.sortSizeDesc","duplicateReviewSection","ui","Largest group first","Grupos más grandes primero","","25","medium","","",""
"duplicateReviewSection.sortRefsDesc","duplicateReviewSection","ui","Most total references first","Más referencias totales primero","","","medium","","",""
"duplicateReviewSection.sortUnusedFirst","duplicateReviewSection","ui","Unused candidates first","Candidatos sin uso primero","","30","medium","","",""
"duplicateReviewSection.sortUsedFirst","duplicateReviewSection","ui","In-use candidates first","Candidatos en uso primero","","30","medium","","",""
"duplicateReviewSection.sortPlayerAsc","duplicateReviewSection","ui","By player name","Por nombre de jugador","","19","medium","","",""
"duplicateReviewSection.sortNameAsc","duplicateReviewSection","ui","By build name","Por nombre de build","","17","medium","","",""
"duplicateReviewSection.sortIdStable","duplicateReviewSection","ui","By buildId (stable)","Por buildId (estable)","","25","medium","","",""
"duplicateReviewSection.headingTemplate","duplicateReviewSection","ui","Saved Build Duplicate Candidates ({count} group(s))","Candidatos a duplicado en builds guardadas (grupos: {count})","","","medium","","",""
"duplicateReviewSection.intro1","duplicateReviewSection","ui","A read-only list for safely reviewing duplicate candidates among saved builds that may have accumulated from JSON imports or duplication. This screen never deletes, merges, overwrites, bulk-processes, or reassigns saved builds. My Team and squad references are not changed either. Please review and organize individually in My Builds.","Lista de solo lectura para revisar con seguridad los posibles duplicados entre builds guardadas que pueden haberse acumulado por importaciones JSON o duplicaciones. Esta pantalla nunca elimina, fusiona, sobrescribe, procesa en bloque ni reasigna builds guardadas. Tampoco se modifican las referencias de Mi equipo ni de las plantillas. Revisa y organiza cada una en Mis builds.","","","medium","","",""
"duplicateReviewSection.intro2","duplicateReviewSection","ui","An exact-match candidate is a saved build where the World ID (worldCardId), rulesVersion, progression allocation, player booster estimate, and Power of Many specification all match (even if the build name, buildId, created time, or updated time differ, it's still treated as a match).","Un candidato de coincidencia exacta es una build guardada en la que coinciden el World ID (worldCardId), rulesVersion, la asignación de progresión, la estimación de potenciador del jugador y la especificación de Power of Many (aunque difieran el nombre de la build, el buildId, la hora de creación o de actualización, se considera coincidencia).","","","medium","","",""
"duplicateReviewSection.intro3","duplicateReviewSection","ui","Similar candidates are limited in scope to avoid false positives. Only cases where ""only one allocation category differs"" or ""only the player booster estimate/Power of Many specification differs"" are safely detected — other differences are not treated as candidates.","Los candidatos similares tienen un alcance limitado para evitar falsos positivos. Solo se detectan con seguridad los casos en que ""solo difiere una categoría de asignación"" o ""solo difiere la estimación de potenciador del jugador o la especificación de Power of Many""; otras diferencias no se consideran candidatos.","","","medium","","",""
"duplicateReviewSection.staleNoticeTemplate","duplicateReviewSection","ui","The data used for duplicate detection ({targets}) was updated in another tab.","Los datos usados para detectar duplicados ({targets}) se actualizaron en otra pestaña.","","","medium","","",""
"duplicateReviewSection.staleBuildLabel","duplicateReviewSection","ui","saved builds","builds guardadas","","16","medium","","",""
"duplicateReviewSection.staleMyTeamLabel","duplicateReviewSection","ui","My Team","Mi equipo","","12","medium","","",""
"duplicateReviewSection.staleSquadLabel","duplicateReviewSection","ui","squads","plantillas","","12","medium","","",""
"duplicateReviewSection.totalBuildsLabel","duplicateReviewSection","ui","Total saved builds","Total de builds guardadas","","24","medium","","",""
"duplicateReviewSection.exactGroupCountLabel","duplicateReviewSection","ui","Exact-match candidate groups","Grupos de coincidencia exacta","","37","medium","","",""
"duplicateReviewSection.exactBuildCountLabel","duplicateReviewSection","ui","Exact-match candidate builds","Builds de coincidencia exacta","","37","medium","","",""
"duplicateReviewSection.similarGroupCountLabel","duplicateReviewSection","ui","Similar candidate groups","Grupos de candidatos similares","","32","medium","","",""
"duplicateReviewSection.similarBuildCountLabel","duplicateReviewSection","ui","Similar candidate builds","Builds de candidatos similares","","32","medium","","",""
"duplicateReviewSection.noCandidateLabel","duplicateReviewSection","ui","No duplicate candidate","Sin candidatos a duplicado","","29","medium","","",""
"duplicateReviewSection.unresolvedLabel","duplicateReviewSection","ui","Undetermined","Sin determinar","","16","medium","","",""
"duplicateReviewSection.usedCandidateLabel","duplicateReviewSection","ui","In-use candidates","Candidatos en uso","","23","medium","","",""
"duplicateReviewSection.unusedCandidateLabel","duplicateReviewSection","ui","Unused candidates","Candidatos sin uso","","23","medium","","",""
"duplicateReviewSection.myTeamRefCandidateLabel","duplicateReviewSection","ui","Candidates referenced in My Team","Candidatos referenciados en Mi equipo","","42","medium","","",""
"duplicateReviewSection.squadRefCandidateLabel","duplicateReviewSection","ui","Candidates referenced in squads","Candidatos referenciados en plantillas","","41","medium","","",""
"duplicateReviewSection.unitBuildSuffix","duplicateReviewSection","ui","build(s)","build(s)","","12","medium","","",""
"duplicateReviewSection.unitGroupSuffix","duplicateReviewSection","ui","group(s)","grupo(s)","","12","medium","","",""
"duplicateReviewSection.footnote","duplicateReviewSection","ui","Units: ""build(s)"" = per saved build, ""group(s)"" = per duplicate-candidate grouping (a similar-candidate group is a pair of 2).","Unidades: ""build(s)"" = por build guardada, ""grupo(s)"" = por agrupación de candidatos a duplicado (un grupo de candidatos similares es un par de 2).","","","medium","","",""
"duplicateReviewSection.statusLabel","duplicateReviewSection","ui","Status: ","Estado: ","","12","medium","","",""
"duplicateReviewSection.statusWarning","duplicateReviewSection","ui","Attention (duplicate candidates present)","Atención (hay candidatos a duplicado)","","","high","","",""
"duplicateReviewSection.statusNormal","duplicateReviewSection","ui","Normal","Normal","","12","medium","","",""
"duplicateReviewSection.unresolvedSuffix","duplicateReviewSection","ui"," / Undetermined builds present"," / Hay builds sin determinar","","","medium","","",""
"duplicateReviewSection.unresolvedSummaryTemplate","duplicateReviewSection","ui","Undetermined builds ({count} — not included in ""no duplicate candidate"")","Builds sin determinar ({count}; no incluidas en ""sin candidatos a duplicado"")","","","medium","","",""
"duplicateReviewSection.worldIdTemplate","duplicateReviewSection","ui","World ID {id}","World ID {id}","","17","medium","","",""
"duplicateReviewSection.worldIdUnknown","duplicateReviewSection","ui","World ID unknown","World ID desconocido","","21","medium","","",""
"duplicateReviewSection.buildIdTemplate","duplicateReviewSection","ui","buildId {id}","buildId {id}","","16","medium","","",""
"duplicateReviewSection.buildIdUnknown","duplicateReviewSection","ui","buildId unknown","buildId desconocido","","20","medium","","",""
"duplicateReviewSection.unresolvedFootnote","duplicateReviewSection","ui","No auto-repair or auto-deletion is performed. Please check individually in My Builds or this page's list.","No se realiza ninguna reparación ni eliminación automática. Revisa cada una en Mis builds o en la lista de esta página.","","","medium","","",""
"duplicateReviewSection.similarUnsupportedNote","duplicateReviewSection","ui","Automatic detection of similar candidates is currently not performed, to avoid false positives.","Por ahora no se detectan automáticamente candidatos similares, para evitar falsos positivos.","","","medium","","",""
"duplicateReviewSection.noBuildsLabel","duplicateReviewSection","ui","You have no saved builds.","No tienes builds guardadas.","","33","medium","","",""
"duplicateReviewSection.noExactMatchLabel","duplicateReviewSection","ui","There are no exact-match saved-build candidates.","No hay candidatos de coincidencia exacta entre las builds guardadas.","","63","medium","","",""
"duplicateReviewSection.noMatchingCandidatesLabel","duplicateReviewSection","ui","No duplicate candidates match your criteria.","Ningún candidato a duplicado coincide con tus criterios.","","58","medium","","",""
"duplicateReviewSection.searchFilterSortHeading","duplicateReviewSection","ui","Search, Filter & Sort","Buscar, filtrar y ordenar","","28","medium","","",""
"duplicateReviewSection.filterActiveLabel","duplicateReviewSection","ui","Active","Activo","","12","medium","","",""
"duplicateReviewSection.searchLabel","duplicateReviewSection","ui","Search (player name, build name, World ID, buildId, rulesVersion, squad name)","Buscar (nombre de jugador, nombre de build, World ID, buildId, rulesVersion, nombre de plantilla)","","101","medium","","",""
"duplicateReviewSection.searchAriaLabel","duplicateReviewSection","accessibility","Search duplicate candidates","Buscar candidatos a duplicado","","36","high","","",""
"duplicateReviewSection.kindFilterLabel","duplicateReviewSection","ui","Kind","Tipo","","12","medium","","",""
"duplicateReviewSection.allOption","duplicateReviewSection","ui","All","Todos","","12","medium","","",""
"duplicateReviewSection.exactOption","duplicateReviewSection","ui","Exact-match candidates","Coincidencia exacta","","29","medium","","",""
"duplicateReviewSection.similarOption","duplicateReviewSection","ui","Similar candidates","Candidatos similares","","24","medium","","",""
"duplicateReviewSection.usageFilterLabel","duplicateReviewSection","ui","Usage status","Estado de uso","","16","medium","","",""
"duplicateReviewSection.usedOption","duplicateReviewSection","ui","In use","En uso","","12","medium","","",""
"duplicateReviewSection.unusedOption","duplicateReviewSection","ui","Unused","Sin uso","","12","medium","","",""
"duplicateReviewSection.rulesFilterLabel","duplicateReviewSection","ui","Rules","Reglas","","12","medium","","",""
"duplicateReviewSection.currentRulesOption","duplicateReviewSection","ui","Current rules","Reglas actuales","","17","medium","","",""
"duplicateReviewSection.legacyRulesOption","duplicateReviewSection","ui","Outdated rules","Reglas antiguas","","19","medium","","",""
"duplicateReviewSection.cardTypeFilterLabel","duplicateReviewSection","ui","Card type","Tipo de carta","","12","medium","","",""
"duplicateReviewSection.registeredPositionFilterLabel","duplicateReviewSection","ui","Registered position","Posición registrada","","25","medium","","",""
"duplicateReviewSection.myTeamRefCheckLabel","duplicateReviewSection","ui","Has My Team reference","Referenciada en Mi equipo","","28","medium","","",""
"duplicateReviewSection.squadRefCheckLabel","duplicateReviewSection","ui","Has squad reference","Referenciada en plantillas","","25","medium","","",""
"duplicateReviewSection.multiUseCheckLabel","duplicateReviewSection","ui","Used in multiple places","Usada en varios sitios","","30","medium","","",""
"duplicateReviewSection.pomCheckLabel","duplicateReviewSection","ui","Has Power of Many specified","Con Power of Many especificado","","36","medium","","",""
"duplicateReviewSection.experimentalCheckLabel","duplicateReviewSection","ui","Has experimental estimate","Con estimación experimental","","33","medium","","",""
"duplicateReviewSection.sortLabel","duplicateReviewSection","ui","Sort","Ordenar","","12","medium","","",""
"duplicateReviewSection.clearSearchButton","duplicateReviewSection","ui","Clear search criteria","Borrar criterios de búsqueda","","28","medium","","",""
"duplicateReviewSection.exactBadge","duplicateReviewSection","ui","Exact-match candidate","Coincidencia exacta","","28","medium","","",""
"duplicateReviewSection.similarBadge","duplicateReviewSection","ui","Similar candidate","Candidato similar","","23","medium","","",""
"duplicateReviewSection.anyUsedBadge","duplicateReviewSection","ui","Includes in-use","Incluye en uso","","20","medium","","",""
"duplicateReviewSection.allUnusedBadge","duplicateReviewSection","ui","All unused","Todas sin uso","","13","medium","","",""
"duplicateReviewSection.matchingFieldsHeading","duplicateReviewSection","ui","Matching fields","Campos que coinciden","","20","medium","","",""
"duplicateReviewSection.differingFieldsHeading","duplicateReviewSection","ui","Differing fields","Campos que difieren","","21","medium","","",""
"duplicateReviewSection.similarReasonTemplate","duplicateReviewSection","ui","Reason for similarity: {reason}","Motivo de similitud: {reason}","","","medium","","",""
"duplicateReviewSection.usedRefTemplate","duplicateReviewSection","ui","In use — {count} reference(s)","En uso: {count} referencia(s)","","","medium","","",""
"duplicateReviewSection.unusedBadge","duplicateReviewSection","ui","Unused","Sin uso","","12","medium","","",""
"duplicateReviewSection.multiUseBadge","duplicateReviewSection","ui","Multiple places","Varios sitios","","20","medium","","",""
"duplicateReviewSection.pomBadge","duplicateReviewSection","ui","Power of Many specified","Power of Many especificado","","30","medium","","",""
"duplicateReviewSection.experimentalBadge","duplicateReviewSection","ui","Experimental estimate","Estimación experimental","","28","medium","","",""
"duplicateReviewSection.selectedBoosterLabel","duplicateReviewSection","ui","selectedPlayerBooster: ","selectedPlayerBooster: ","","30","medium","","",""
"duplicateReviewSection.pomFieldLabel","duplicateReviewSection","ui"," / Power of Many: "," / Power of Many: ","","24","medium","","",""
"duplicateReviewSection.estimatedOvrLabel","duplicateReviewSection","ui","Estimated OVR at save time: ","OVR estimado al guardar: ","","37","medium","","",""
"duplicateReviewSection.myTeamSelectedInline","duplicateReviewSection","ui","My Team selected / ","Seleccionada en Mi equipo / ","","25","medium","","",""
"duplicateReviewSection.myTeamFavoriteInline","duplicateReviewSection","ui","My Team favorite / ","Favorita en Mi equipo / ","","25","medium","","",""
"duplicateReviewSection.noReferenceLabel","duplicateReviewSection","ui","Not referenced","Sin referencias","","19","medium","","",""
"duplicateReviewSection.openMyTeamLink","duplicateReviewSection","ui","Open My Team","Abrir Mi equipo","","16","medium","","",""
"duplicateReviewSection.openSquadTemplate","duplicateReviewSection","ui","Open ""{name}""","Abrir ""{name}""","","17","medium","","",""
"buildInventoryView.pageTitle","buildInventoryView","metadata","Build Analysis","Análisis de builds","","19","medium","","",""
"buildInventoryView.pageDescription","buildInventoryView","metadata","Review saved-build usage status, duplicate candidates, outdated rules, and reference issues. Training allocation, My Team, and squads are not changed. A training intent is added to the matching saved build only when you explicitly save it from Build Analysis.","Revisa el estado de uso de las builds guardadas, los posibles duplicados, las reglas desactualizadas y los problemas de referencia. No se modifica la asignación de entrenamiento, Mi equipo ni las plantillas. Solo se añade una intención de entrenamiento a la build guardada correspondiente cuando la guardas explícitamente desde Análisis de builds.","","","medium","","",""
"buildInventoryView.scopeLoadingMessage","buildInventoryView","ui","Checking your account…","Comprobando tu cuenta…","","29","medium","","",""
"buildInventoryView.sortUpdatedDesc","buildInventoryView","ui","Newest updated first","Actualizadas recientemente primero","","26","medium","","",""
"buildInventoryView.sortUpdatedAsc","buildInventoryView","ui","Oldest updated first","Actualizadas hace más tiempo primero","","26","medium","","",""
"buildInventoryView.sortCreatedDesc","buildInventoryView","ui","Newest created first","Creadas recientemente primero","","26","medium","","",""
"buildInventoryView.sortPlayerAsc","buildInventoryView","ui","By player name","Por nombre de jugador","","19","medium","","",""
"buildInventoryView.sortNameAsc","buildInventoryView","ui","By build name","Por nombre de build","","17","medium","","",""
"buildInventoryView.sortRefsDesc","buildInventoryView","ui","Most references first","Más referencias primero","","28","medium","","",""
"buildInventoryView.sortRefsAsc","buildInventoryView","ui","Fewest references first","Menos referencias primero","","30","medium","","",""
"buildInventoryView.sortProblemFirst","buildInventoryView","ui","Problem builds first","Builds con problemas primero","","26","medium","","",""
"buildInventoryView.sortUnusedFirst","buildInventoryView","ui","Unused builds first","Builds sin usar primero","","25","medium","","",""
"buildInventoryView.issueMissing","buildInventoryView","ui","Deleted reference","Referencia eliminada","","23","medium","","",""
"buildInventoryView.issueMismatch","buildInventoryView","ui","worldCardId mismatch","worldCardId no coincide","","26","medium","","",""
"buildInventoryView.issueInvalidBuildId","buildInventoryView","ui","Invalid buildId","buildId no válido","","20","medium","","",""
"buildInventoryView.issueUnknown","buildInventoryView","ui","Unknown reference","Referencia desconocida","","23","medium","","",""
"buildInventoryView.emptyTitle","buildInventoryView","ui","You have no saved builds","No tienes builds guardadas","","32","medium","","",""
"buildInventoryView.emptyDescription","buildInventoryView","ui","Adjust progression on the player detail or compare screen, then add it with ""Save this progression.""","Ajusta la progresión en el detalle del jugador o en la pantalla de comparación y añádela con ""Guardar esta progresión"".","","","medium","","",""
"buildInventoryView.openCompareLink","buildInventoryView","ui","Open player compare","Abrir comparación de jugadores","","25","medium","","",""
"buildInventoryView.openMyBuildsLink","buildInventoryView","ui","Open My Builds","Abrir Mis builds","","19","medium","","",""
"buildInventoryView.openMyTeamLink","buildInventoryView","ui","Open My Team","Abrir Mi equipo","","16","medium","","",""
"buildInventoryView.openSquadsLink","buildInventoryView","ui","Open squads","Abrir plantillas","","15","medium","","",""
"buildInventoryView.storageWarningTemplate","buildInventoryView","ui","This browser cannot read {missing} saved data (localStorage unavailable). Analysis results are incomplete to that extent.","Este navegador no puede leer los datos guardados de {missing} (localStorage no disponible). Los resultados del análisis están incompletos en esa medida.","","","high","","",""
"buildInventoryView.missingBuildsLabel","buildInventoryView","ui","saved builds","builds guardadas","","16","medium","","",""
"buildInventoryView.missingMyTeamLabel","buildInventoryView","ui","My Team","Mi equipo","","12","medium","","",""
"buildInventoryView.missingSquadLabel","buildInventoryView","ui","squad","plantilla","","12","medium","","",""
"buildInventoryView.cardsErrorSuffix","buildInventoryView","ui"," (analysis targets are still shown — only card names/images are missing.)"," (los elementos analizados se siguen mostrando; solo faltan los nombres/imágenes de las cartas).","","","high","","",""
"buildInventoryView.staleNoticeTemplate","buildInventoryView","ui","{targets} were updated in another tab.","{targets} se actualizaron en otra pestaña.","","","medium","","",""
"buildInventoryView.staleBuildLabel","buildInventoryView","ui","Saved builds","Builds guardadas","","16","medium","","",""
"buildInventoryView.staleMyTeamLabel","buildInventoryView","ui","My Team","Mi equipo","","12","medium","","",""
"buildInventoryView.staleSquadLabel","buildInventoryView","ui","Squads","Plantillas","","12","medium","","",""
"buildInventoryView.summaryHeading","buildInventoryView","ui","Overall Summary","Resumen general","","20","medium","","",""
"buildInventoryView.statusPrefix","buildInventoryView","ui","— Status: ","— Estado: ","","13","medium","","",""
"buildInventoryView.statusWarning","buildInventoryView","ui","Attention (problem references present)","Atención (hay referencias con problemas)","","","high","","",""
"buildInventoryView.statusNormal","buildInventoryView","ui","Normal","Normal","","12","medium","","",""
"buildInventoryView.totalBuildsLabel","buildInventoryView","ui","Total saved builds","Total de builds guardadas","","24","medium","","",""
"buildInventoryView.usedLabel","buildInventoryView","ui","In use","En uso","","12","medium","","",""
"buildInventoryView.unusedLabel","buildInventoryView","ui","Unused","Sin usar","","12","medium","","",""
"buildInventoryView.multiUseLabel","buildInventoryView","ui","Used in multiple places","Usadas en varios lugares","","30","medium","","",""
"buildInventoryView.myTeamSelectedLabel","buildInventoryView","ui","Selected in My Team","Seleccionadas en Mi equipo","","25","medium","","",""
"buildInventoryView.myTeamFavoriteLabel","buildInventoryView","ui","Favorite in My Team","Favoritas en Mi equipo","","25","medium","","",""
"buildInventoryView.squadUsedLabel","buildInventoryView","ui","Used in squads","Usadas en plantillas","","19","medium","","",""
"buildInventoryView.currentRulesLabel","buildInventoryView","ui","Current rules","Reglas actuales","","17","medium","","",""
"buildInventoryView.legacyRulesLabel","buildInventoryView","ui","Outdated rules","Reglas desactualizadas","","19","medium","","",""
"buildInventoryView.unknownRulesLabel","buildInventoryView","ui","Rules unknown","Reglas desconocidas","","17","medium","","",""
"buildInventoryView.pomBuildsLabel","buildInventoryView","ui","Has Power of Many specified","Con Power of Many especificado","","36","medium","","",""
"buildInventoryView.experimentalBuildsLabel","buildInventoryView","ui","Has experimental estimate","Con estimación experimental","","33","medium","","",""
"buildInventoryView.missingMyTeamRefsLabel","buildInventoryView","ui","Deleted My Team references","Referencias de Mi equipo eliminadas","","34","medium","","",""
"buildInventoryView.missingSquadRefsLabel","buildInventoryView","ui","Deleted squad references","Referencias de plantilla eliminadas","","32","medium","","",""
"buildInventoryView.mismatchRefsLabel","buildInventoryView","ui","worldCardId mismatches","worldCardId que no coinciden","","29","medium","","",""
"buildInventoryView.invalidBuildIdRefsLabel","buildInventoryView","ui","Invalid buildIds","buildId no válidos","","21","medium","","",""
"buildInventoryView.unknownRefsLabel","buildInventoryView","ui","Unknown references","Referencias desconocidas","","24","medium","","",""
"buildInventoryView.unitBuildSuffix","buildInventoryView","ui","build(s)","build(s)","","12","medium","","",""
"buildInventoryView.unitSlotSuffix","buildInventoryView","ui","slot(s)","puesto(s)","","12","medium","","",""
"buildInventoryView.summaryFootnote","buildInventoryView","ui","Units: ""build(s)"" = per saved build, ""count"" = number of normal/problem references, ""slot(s)"" = squad slots. Deleted or worldCardId-mismatched references are not counted as ""in use.""","Unidades: ""build(s)"" = por build guardada, ""cantidad"" = número de referencias normales/con problemas, ""puesto(s)"" = puestos de plantilla. Las referencias eliminadas o con worldCardId que no coincide no cuentan como ""en uso"".","","","medium","","",""
"buildInventoryView.legacyGuideHeadingTemplate","buildInventoryView","ui","Outdated-Rule Build Review Guide ({count} build(s))","Guía de revisión de builds con reglas desactualizadas ({count} build(s))","","","medium","","",""
"buildInventoryView.legacyGuideIntro","buildInventoryView","ui","A read-only guide for reviewing builds saved under outdated rules (an old rulesVersion) and, if needed, re-adjusting them to current rules yourself, individually. This screen never auto-converts, bulk-converts, overwrites, deletes, unlinks, or reassigns outdated-rule builds. Existing outdated-rule builds are kept as-is. This is not an ""automatic migration feature.""","Guía de solo lectura para revisar las builds guardadas con reglas desactualizadas (un rulesVersion antiguo) y, si hace falta, reajustarlas tú mismo a las reglas actuales, una por una. Esta pantalla nunca convierte automáticamente, convierte en bloque, sobrescribe, elimina, desvincula ni reasigna builds con reglas desactualizadas. Las builds existentes con reglas desactualizadas se conservan tal cual. No es una ""función de migración automática"".","","","medium","","",""
"buildInventoryView.legacyGuideCaution","buildInventoryView","ui","Caution (this screen is read-only)","Atención (esta pantalla es de solo lectura)","","","medium","","",""
"buildInventoryView.legacyGuideCautionNotes","buildInventoryView","ui","Outdated-rule builds have not been automatically converted to current rules. The allocation interpretation may differ from current rules.｜This screen never bulk-converts, overwrites, deletes, unlinks, or reassigns outdated-rule builds.｜Points are shown using the outdated rulesVersion's ruleset as saved (not recalculated under current rules).","Las builds con reglas desactualizadas no se han convertido automáticamente a las reglas actuales. La interpretación de la asignación puede diferir de las reglas actuales.｜Esta pantalla nunca convierte en bloque, sobrescribe, elimina, desvincula ni reasigna builds con reglas desactualizadas.｜Los puntos se muestran con el conjunto de reglas del rulesVersion desactualizado tal como se guardó (no se recalculan con las reglas actuales).","","","medium","","",""
"buildInventoryView.legacyStepsHeading","buildInventoryView","ui","Steps to re-verify under current rules (per build)","Pasos para volver a verificar con las reglas actuales (por build)","","65","medium","","",""
"buildInventoryView.legacyStep1","buildInventoryView","ui","Check the outdated-rule build's allocation, rulesVersion, and usage status in the list below.","Comprueba en la lista de abajo la asignación, el rulesVersion y el estado de uso de la build con reglas desactualizadas.","","","medium","","",""
"buildInventoryView.legacyStep2","buildInventoryView","ui","Open the target player's Progression tab via each build's ""Open in Progression"" (the outdated-rule build's allocation is not loaded automatically).","Abre la pestaña Progresión del jugador correspondiente con ""Abrir en Progresión"" de cada build (la asignación de la build con reglas desactualizadas no se carga automáticamente).","","","medium","","",""
"buildInventoryView.legacyStep3","buildInventoryView","ui","Review and adjust the allocation under current rules.","Revisa y ajusta la asignación con las reglas actuales.","","","medium","","",""
"buildInventoryView.legacyStep4","buildInventoryView","ui","Without overwriting the existing outdated-rule build, save it under a new build name (""Save this progression"").","Sin sobrescribir la build existente con reglas desactualizadas, guárdala con un nombre de build nuevo (""Guardar esta progresión"").","","","medium","","",""
"buildInventoryView.legacyStep5","buildInventoryView","ui","Re-select the newly saved build individually in My Team or a squad (the ""Choose a saved build"" panel in My Team / the squad editor).","Vuelve a seleccionar individualmente la build recién guardada en Mi equipo o en una plantilla (el panel ""Elegir una build guardada"" de Mi equipo / el editor de plantillas).","","","medium","","",""
"buildInventoryView.legacyStep6","buildInventoryView","ui","Decide individually in My Builds whether the outdated-rule build is still needed, after confirming references have been removed.","Decide individualmente en Mis builds si aún necesitas la build con reglas desactualizadas, tras confirmar que se han quitado sus referencias.","","","medium","","",""
"buildInventoryView.legacyNote1","buildInventoryView","ui","Even after saving a new build, the existing outdated-rule build remains as-is.","Aunque guardes una build nueva, la build existente con reglas desactualizadas se mantiene tal cual.","","","medium","","",""
"buildInventoryView.legacyNote2","buildInventoryView","ui","References in My Team and squads do not switch automatically. Please re-select them manually.","Las referencias en Mi equipo y en las plantillas no cambian automáticamente. Vuelve a seleccionarlas manualmente.","","","medium","","",""
"buildInventoryView.legacyNote3","buildInventoryView","ui","After reviewing, you can manage it individually (rename, duplicate, delete) from My Builds.","Tras revisarla, puedes gestionarla individualmente (renombrar, duplicar, eliminar) desde Mis builds.","","","medium","","",""
"buildInventoryView.legacyUnitFootnote","buildInventoryView","ui","Units: ""build(s)"" = per saved build, ""count"" = reference count, ""slot(s)"" = squad slots.","Unidades: ""build(s)"" = por build guardada, ""cantidad"" = número de referencias, ""puesto(s)"" = puestos de plantilla.","","","medium","","",""
"buildInventoryView.showLegacyOnlyButton","buildInventoryView","ui","Show only outdated-rule builds","Mostrar solo builds con reglas desactualizadas","","39","medium","","",""
"buildInventoryView.clearFilterButton","buildInventoryView","ui","Clear filter","Quitar filtro","","16","medium","","",""
"buildInventoryView.manageInMyBuildsLink","buildInventoryView","ui","Manage in My Builds","Gestionar en Mis builds","","25","medium","","",""
"buildInventoryView.perRowGuideNote","buildInventoryView","ui","Each outdated-rule build row below has its own links: ""Player detail / Open in Progression / Manage in My Builds / My Team / squads in use.""","Cada fila de build con reglas desactualizadas tiene sus propios enlaces: ""Detalle del jugador / Abrir en Progresión / Gestionar en Mis builds / Mi equipo / plantillas en uso"".","","","medium","","",""
"buildInventoryView.noLegacyTitle","buildInventoryView","ui","No outdated-rule builds","No hay builds con reglas desactualizadas","","30","medium","","",""
"buildInventoryView.noLegacyDescription","buildInventoryView","ui","Your saved builds are all under current rules, unknown rules, or there are no saved builds. There are several possible reasons no outdated-rule builds exist, so this does not confirm an explicit migration took place.","Todas tus builds guardadas usan las reglas actuales o reglas desconocidas, o no hay builds guardadas. Hay varias razones posibles por las que no existen builds con reglas desactualizadas, así que esto no confirma que se haya realizado una migración explícita.","","","medium","","",""
"buildInventoryView.issuesSummaryTemplate","buildInventoryView","ui","Deleted or invalid saved-build references ({count})","Referencias a builds guardadas eliminadas o no válidas ({count})","","","medium","","",""
"buildInventoryView.noIssuesLabel","buildInventoryView","ui","There are no deleted or invalid saved-build references.","No hay referencias a builds guardadas eliminadas o no válidas.","","72","medium","","",""
"buildInventoryView.allFilterLabel","buildInventoryView","ui","All","Todas","","12","medium","","",""
"buildInventoryView.searchIssuesPlaceholder","buildInventoryView","ui","Squad name, buildId, World ID","Nombre de plantilla, buildId, World ID","","38","medium","","",""
"buildInventoryView.searchIssuesAriaLabel","buildInventoryView","accessibility","Search problem references","Buscar referencias con problemas","","33","high","","",""
"buildInventoryView.noMatchingIssuesLabel","buildInventoryView","ui","No problem references match your criteria.","Ninguna referencia con problemas coincide con tus criterios.","","55","medium","","",""
"buildInventoryView.issuesFootnote","buildInventoryView","ui","This list is for review only. It does not unlink, reassign, or auto-repair references. Please check and fix them individually in My Team / the target squad / My Builds.","Esta lista es solo para revisión. No desvincula, reasigna ni repara automáticamente las referencias. Compruébalas y corrígelas individualmente en Mi equipo / la plantilla correspondiente / Mis builds.","","","medium","","",""
"buildInventoryView.searchFilterSortHeading","buildInventoryView","ui","Search, Filter & Sort","Buscar, filtrar y ordenar","","28","medium","","",""
"buildInventoryView.filterActiveLabel","buildInventoryView","ui","Active","Activo","","12","medium","","",""
"buildInventoryView.searchLabel","buildInventoryView","ui","Search (build name, player name, World ID, buildId, squad name)","Buscar (nombre de build, nombre de jugador, World ID, buildId, nombre de plantilla)","","82","medium","","",""
"buildInventoryView.searchPlaceholderExample","buildInventoryView","ui","Messi / Finisher / 89138556575063 / Main","Messi / Finisher / 89138556575063 / Main","","","medium","","",""
"buildInventoryView.searchAriaLabel","buildInventoryView","accessibility","Search saved builds","Buscar builds guardadas","","25","high","","",""
"buildInventoryView.usageFilterLabel","buildInventoryView","ui","Usage status","Estado de uso","","16","medium","","",""
"buildInventoryView.allOption","buildInventoryView","ui","All","Todas","","12","medium","","",""
"buildInventoryView.usedOption","buildInventoryView","ui","In use","En uso","","12","medium","","",""
"buildInventoryView.unusedOption","buildInventoryView","ui","Unused","Sin usar","","12","medium","","",""
"buildInventoryView.rulesFilterLabel","buildInventoryView","ui","Rules","Reglas","","12","medium","","",""
"buildInventoryView.currentRulesOption","buildInventoryView","ui","Current rules","Reglas actuales","","17","medium","","",""
"buildInventoryView.legacyRulesOption","buildInventoryView","ui","Outdated rules","Reglas desactualizadas","","19","medium","","",""
"buildInventoryView.unknownRulesOption","buildInventoryView","ui","Rules unknown","Reglas desconocidas","","17","medium","","",""
"buildInventoryView.cardTypeFilterLabel","buildInventoryView","ui","Card type","Tipo de carta","","12","medium","","",""
"buildInventoryView.registeredPositionFilterLabel","buildInventoryView","ui","Registered position","Posición registrada","","25","medium","","",""
"buildInventoryView.myTeamSelectedCheckLabel","buildInventoryView","ui","Selected in My Team","Seleccionada en Mi equipo","","25","medium","","",""
"buildInventoryView.myTeamFavoriteCheckLabel","buildInventoryView","ui","Favorite in My Team","Favorita en Mi equipo","","25","medium","","",""
"buildInventoryView.squadUsedCheckLabel","buildInventoryView","ui","Used in a squad","Usada en una plantilla","","20","medium","","",""
"buildInventoryView.multiUseCheckLabel","buildInventoryView","ui","Used in multiple places","Usada en varios lugares","","30","medium","","",""
"buildInventoryView.pomCheckLabel","buildInventoryView","ui","Has Power of Many specified","Con Power of Many especificado","","36","medium","","",""
"buildInventoryView.experimentalCheckLabel","buildInventoryView","ui","Has experimental estimate","Con estimación experimental","","33","medium","","",""
"buildInventoryView.problemRefCheckLabel","buildInventoryView","ui","Has a problem reference","Con referencia con problemas","","30","medium","","",""
"buildInventoryView.sortAriaLabel","buildInventoryView","accessibility","Sort","Ordenar","","12","high","","",""
"buildInventoryView.clearSearchButton","buildInventoryView","ui","Clear search criteria","Borrar criterios de búsqueda","","28","medium","","",""
"buildInventoryView.showingCountPrefix","buildInventoryView","ui","Showing ","Mostrando ","","12","medium","","",""
"buildInventoryView.showingCountMiddle","buildInventoryView","ui"," of "," de ","","12","medium","","",""
"buildInventoryView.showingCountSuffix","buildInventoryView","ui"," build(s)"," build(s)","","12","medium","","",""
"buildInventoryView.noResultsTitle","buildInventoryView","ui","No saved builds match your criteria","Ninguna build guardada coincide con tus criterios","","46","medium","","",""
"buildInventoryView.noResultsDescription","buildInventoryView","ui","Try changing your search terms or filters.","Prueba a cambiar los términos de búsqueda o los filtros.","","","medium","","",""
"buildInventoryView.usageHeadingTemplate","buildInventoryView","ui","Usage (total {count} reference(s))","Uso (total: {count} referencia(s))","","","medium","","",""
"buildInventoryView.myTeamSelectedCountTemplate","buildInventoryView","ui","Selected in My Team ({count})","Seleccionada en Mi equipo ({count})","","","medium","","",""
"buildInventoryView.myTeamFavoriteCountTemplate","buildInventoryView","ui","Favorite build in My Team ({count})","Build favorita en Mi equipo ({count})","","","medium","","",""
"buildInventoryView.squadAreaSuffixTemplate","buildInventoryView","ui"," ({areas} · squadId {squadId})"," ({areas} · squadId {squadId})","","","medium","","",""
"buildInventoryView.starterSlotsTemplate","buildInventoryView","ui","{count} starter slot(s)","{count} puesto(s) de titular","","30","medium","","",""
"buildInventoryView.benchSlotsTemplate","buildInventoryView","ui","{count} bench slot(s)","{count} puesto(s) de banquillo","","28","medium","","",""
"buildInventoryView.notUsedLabel","buildInventoryView","ui","Not referenced anywhere (unused).","No se usa en ningún lugar (sin usar).","","43","medium","","",""
"buildInventoryView.myTeamLinkLabel","buildInventoryView","ui","My Team","Mi equipo","","12","medium","","",""
"buildInventoryView.usedRefTemplate","buildInventoryView","ui","In use — {count} reference(s)","En uso — {count} referencia(s)","","","medium","","",""
"buildInventoryView.multiUseBadge","buildInventoryView","ui","Multiple places","Varios lugares","","20","medium","","",""
"buildInventoryView.mismatchRefTemplate","buildInventoryView","ui","worldCardId mismatch x{count}","worldCardId no coincide x{count}","","","medium","","",""
"buildInventoryView.starterAreaLabel","buildInventoryView","ui","Starter","Titular","","12","medium","","",""
"buildInventoryView.benchAreaLabel","buildInventoryView","ui","Bench","Banquillo","","12","medium","","",""
"buildInventoryView.squadSourceTemplate","buildInventoryView","ui","{area} · {squadName} ({squadId}) · {slot}","{area} · {squadName} ({squadId}) · {slot}","","","medium","","",""
"buildInventoryView.myTeamSelectedSourceTemplate","buildInventoryView","ui","My Team selected (teamCardId {teamCardId})","Seleccionada en Mi equipo (teamCardId {teamCardId})","","","medium","","",""
"buildInventoryView.myTeamFavoriteSourceTemplate","buildInventoryView","ui","My Team favorite (teamCardId {teamCardId})","Favorita en Mi equipo (teamCardId {teamCardId})","","","medium","","",""
"buildInventoryView.openSquadLink","buildInventoryView","ui","Open target squad","Abrir plantilla","","23","medium","","",""
"buildInventoryView.experimentalSuffixTemplate","buildInventoryView","ui"," / Experimental estimate: {value}"," / Estimación experimental: {value}","","","medium","","",""
"buildInventoryView.experimentalYesLabel","buildInventoryView","ui","Yes","Sí","","12","medium","","",""
"buildInventoryView.experimentalNoLabel","buildInventoryView","ui","No","No","","12","medium","","",""
"buildAnalysis.analyzeButtonLabel","buildAnalysis","ui","Analyze This Build","Analizar esta build","","24","medium","","",""
"buildAnalysis.analyzingStatusLabel","buildAnalysis","ui","Analyzing","Analizando","","12","medium","","",""
"buildAnalysis.panelHeadingTemplate","buildAnalysis","ui","Individual analysis for {name}","Análisis individual de {name}","","","medium","","",""
"buildAnalysis.closePanelAriaTemplate","buildAnalysis","accessibility","Close analysis for {name}","Cerrar el análisis de {name}","","","high","","",""
"buildAnalysis.normalModeLabel","buildAnalysis","ui","Normal","Normal","","12","medium","","",""
"buildAnalysis.harshModeLabel","buildAnalysis","ui","Harsh","Directo","","12","medium","","",""
"buildAnalysis.modeToggleGroupAriaLabel","buildAnalysis","accessibility","Switch review mode","Cambiar modo de valoración","","24","high","","",""
"buildAnalysis.pointsHeading","buildAnalysis","ui","Progression Points","Puntos de progresión","","24","medium","","",""
"buildAnalysis.trainingFocusHeading","buildAnalysis","ui","Training Focus","Enfoque del entrenamiento","","19","medium","","",""
"buildAnalysis.strongestGrowthHeading","buildAnalysis","ui","Strongest Growth Areas","Áreas con mayor crecimiento","","29","medium","","",""
"buildAnalysis.underinvestedHeading","buildAnalysis","ui","Relatively Underinvested Areas","Áreas con relativamente poca inversión","","39","medium","","",""
"buildAnalysis.strengthsHeading","buildAnalysis","ui","Strengths","Puntos fuertes","","12","medium","","",""
"buildAnalysis.concernsHeading","buildAnalysis","ui","Concerns","Aspectos a revisar","","12","medium","","",""
"buildAnalysis.normalReviewHeading","buildAnalysis","ui","Normal Review","Valoración normal","","17","medium","","",""
"buildAnalysis.harshReviewHeading","buildAnalysis","ui","Harsh Review","Valoración directa","","16","medium","","",""
"buildAnalysis.improvementHeading","buildAnalysis","ui","Improvement Suggestions","Sugerencias de mejora","","30","medium","","",""
"buildAnalysis.comparisonHeading","buildAnalysis","ui","Comparison with Other Builds (Same Card)","Comparación con otras builds (misma carta)","","52","medium","","",""
"buildAnalysis.limitationsHeading","buildAnalysis","ui","Analysis Limitations","Limitaciones del análisis","","26","medium","","",""
"buildAnalysis.confidenceLabel","buildAnalysis","ui","Analysis Confidence","Fiabilidad del análisis","","25","medium","","",""
"buildAnalysis.confidenceHigh","buildAnalysis","ui","High","Alta","","12","medium","","",""
"buildAnalysis.confidenceMedium","buildAnalysis","ui","Medium","Media","","12","medium","","",""
"buildAnalysis.confidenceLimited","buildAnalysis","ui","Limited","Limitada","","12","medium","","",""
"buildAnalysis.confidenceUnavailable","buildAnalysis","ui","Unavailable","No disponible","","15","medium","","",""
"buildAnalysis.noStrengthsText","buildAnalysis","ui","No clear strengths can be confirmed at this time.","Por ahora no se puede confirmar ningún punto fuerte claro.","","","medium","","",""
"buildAnalysis.noConcernsText","buildAnalysis","ui","No clear concerns can be confirmed at this time.","Por ahora no se puede confirmar ningún aspecto a revisar claro.","","","medium","","",""
"buildAnalysis.noSuggestionsText","buildAnalysis","ui","There are no improvement suggestions to show at this time.","Por ahora no hay sugerencias de mejora que mostrar.","","","medium","","",""
"buildAnalysis.noComparisonText","buildAnalysis","ui","There are no other saved builds for this card.","No hay otras builds guardadas para esta carta.","","","medium","","",""
"buildAnalysis.noLimitationsText","buildAnalysis","ui","No notable limitations.","Sin limitaciones destacables.","","30","medium","","",""
"buildAnalysis.priorityLabelTemplate","buildAnalysis","ui","Priority {priority}","Prioridad {priority}","","25","medium","","",""
"buildAnalysis.suggestionTargetTemplate","buildAnalysis","ui","Target area: {category}","Área objetivo: {category}","","30","medium","","",""
"buildAnalysis.suggestionReasonLabel","buildAnalysis","ui","Reason: ","Motivo: ","","12","medium","","",""
"buildAnalysis.suggestionRecheckLabel","buildAnalysis","ui","Recheck: ","Revisar: ","","12","medium","","",""
"buildAnalysis.suggestionPreserveLabel","buildAnalysis","ui","Preserve: ","Conservar: ","","13","medium","","",""
"buildAnalysis.suggestionPreserveNoneText","buildAnalysis","ui","None in particular","Nada en particular","","24","medium","","",""
"buildAnalysis.improvementSourceIntentLabel","buildAnalysis","ui","Improvement candidate based on your selected training intent","Mejora candidata basada en la intención de entrenamiento que elegiste","","78","medium","","",""
"buildAnalysis.generalSuggestionsToggleLabel","buildAnalysis","ui","See general-perspective improvement candidates too","Ver también mejoras candidatas desde una perspectiva general","","65","medium","","",""
"buildAnalysis.comparisonUsedPointsMoreTemplate","buildAnalysis","ui","The current build uses {diff}pt more than ""{other}"".","La build actual usa {diff}pt más que ""{other}"".","","","medium","","",""
"buildAnalysis.comparisonUsedPointsLessTemplate","buildAnalysis","ui","The current build uses {diff}pt less than ""{other}"".","La build actual usa {diff}pt menos que ""{other}"".","","","medium","","",""
"buildAnalysis.comparisonUsedPointsSameText","buildAnalysis","ui","The current build and ""{other}"" use the same amount of points.","La build actual y ""{other}"" usan la misma cantidad de puntos.","","","medium","","",""
"buildAnalysis.comparisonRemainingPointsDiffUnknownText","buildAnalysis","ui","Remaining points diff: unknown","Diferencia de puntos restantes: desconocida","","","medium","","",""
"buildAnalysis.comparisonRemainingPointsMoreTemplate","buildAnalysis","ui","The current build has {diff}pt more remaining points than ""{other}"".","A la build actual le quedan {diff}pt más que a ""{other}"".","","","medium","","",""
"buildAnalysis.comparisonRemainingPointsLessTemplate","buildAnalysis","ui","The current build has {diff}pt fewer remaining points than ""{other}"".","A la build actual le quedan {diff}pt menos que a ""{other}"".","","","medium","","",""
"buildAnalysis.comparisonRemainingPointsSameText","buildAnalysis","ui","The current build and ""{other}"" have the same remaining points.","A la build actual y a ""{other}"" les quedan los mismos puntos.","","","medium","","",""
"buildAnalysis.comparisonOvrMoreTemplate","buildAnalysis","ui","The current build's saved estimated OVR is {diff} higher than ""{other}"".","El OVR estimado guardado de la build actual es {diff} más alto que el de ""{other}"".","","","medium","","",""
"buildAnalysis.comparisonOvrLessTemplate","buildAnalysis","ui","The current build's saved estimated OVR is {diff} lower than ""{other}"".","El OVR estimado guardado de la build actual es {diff} más bajo que el de ""{other}"".","","","medium","","",""
"buildAnalysis.comparisonOvrSameText","buildAnalysis","ui","The current build and ""{other}"" have the same saved estimated OVR.","La build actual y ""{other}"" tienen el mismo OVR estimado guardado.","","","medium","","",""
"buildAnalysis.comparisonOvrDiffUnknownText","buildAnalysis","ui","Saved estimated OVR diff: unknown","Diferencia de OVR estimado guardado: desconocida","","","medium","","",""
"buildAnalysis.comparisonFocusDifferentTemplate","buildAnalysis","ui","Training focus differs: this build centers on {current}, the other on {other}.","El enfoque del entrenamiento es distinto: esta build se centra en {current} y la otra en {other}.","","","medium","","",""
"buildAnalysis.comparisonFocusSameText","buildAnalysis","ui","This build's training focus may be similar to the other one.","El enfoque del entrenamiento de esta build puede ser parecido al de la otra.","","","medium","","",""
"buildAnalysis.comparisonUsedStatusUsed","buildAnalysis","ui","In use","En uso","","12","medium","","",""
"buildAnalysis.comparisonUsedStatusUnused","buildAnalysis","ui","Not in use","Sin usar","","13","medium","","",""
"buildAnalysis.comparisonUpdatedAtTemplate","buildAnalysis","ui","Updated: {updatedAt}","Actualizada: {updatedAt}","","26","medium","","",""
"buildAnalysis.trainingFocusNoneText","buildAnalysis","ui","No progression points have been allocated yet.","Todavía no se han asignado puntos de progresión.","","","medium","","",""
"buildAnalysis.trainingFocusSingleTemplate","buildAnalysis","ui","Focused on {category} (Lv.{level}).","Centrada en {category} (Nv. {level}).","","","medium","","",""
"buildAnalysis.trainingFocusDominantTemplate","buildAnalysis","ui","Centered on {category} (Lv.{level}), with some allocation to {secondary} as well.","Centrada en {category} (Nv. {level}), con algo de asignación también a {secondary}.","","","medium","","",""
"buildAnalysis.trainingFocusDominantNoSecondaryTemplate","buildAnalysis","ui","Centered on {category} (Lv.{level}).","Centrada en {category} (Nv. {level}).","","","medium","","",""
"buildAnalysis.trainingFocusBalancedTemplate","buildAnalysis","ui","Allocated evenly across multiple areas rather than concentrating on one.","Asignación repartida de forma equilibrada entre varias áreas en lugar de concentrarse en una.","","","medium","","",""
"buildAnalysis.strongestGrowthNoneText","buildAnalysis","ui","No area has been meaningfully strengthened yet.","Todavía no hay ningún área reforzada de forma significativa.","","","medium","","",""
"buildAnalysis.underinvestedNoneText","buildAnalysis","ui","No area is notably underinvested.","No hay ningún área con una inversión especialmente baja.","","","medium","","",""
"buildAnalysis.completionLabel","buildAnalysis","ui","Completion State","Estado de la asignación","","21","medium","","",""
"buildAnalysis.completionUnallocated","buildAnalysis","ui","Not started (no allocation)","Sin empezar (sin asignación)","","","medium","","",""
"buildAnalysis.completionInProgress","buildAnalysis","ui","In progress","En curso","","15","medium","","",""
"buildAnalysis.completionNearComplete","buildAnalysis","ui","Nearly complete","Casi completa","","20","medium","","",""
"buildAnalysis.completionComplete","buildAnalysis","ui","Allocation complete","Asignación completa","","25","medium","","",""
"buildAnalysis.completionUnknown","buildAnalysis","ui","Unknown (missing maximum level data)","Desconocido (faltan datos de nivel máximo)","","","medium","","",""
"buildAnalysis.findingNoAllocationNormal","buildAnalysis","ui","No progression points have been allocated yet.","Todavía no se han asignado puntos de progresión.","","","medium","","",""
"buildAnalysis.findingNoAllocationHarsh","buildAnalysis","ui","No progression points have been allocated at all — this saved build hasn't shown its intent yet.","No se ha asignado ningún punto de progresión: esta build guardada todavía no muestra ninguna intención.","","","medium","","",""
"buildAnalysis.findingFocusedPrimaryCategoryNormal","buildAnalysis","ui","A clear training direction: focused on strengthening {category} (Lv.{level}).","Una dirección de entrenamiento clara: centrada en reforzar {category} (Nv. {level}).","","","medium","","",""
"buildAnalysis.findingFocusedPrimaryCategoryHarsh","buildAnalysis","ui","Heavily concentrated on {category} (Lv.{level}) alone, leaving other areas largely untouched. Worth rechecking whether that matches the intended use.","Muy concentrada solo en {category} (Nv. {level}), dejando las demás áreas prácticamente sin tocar. Conviene revisar si eso encaja con el uso previsto.","","","medium","","",""
"buildAnalysis.findingBalancedAllocationNormal","buildAnalysis","ui","Allocated evenly across {count} areas.","Asignación repartida de forma equilibrada entre {count} áreas.","","","medium","","",""
"buildAnalysis.findingBalancedAllocationHarsh","buildAnalysis","ui","Allocation is spread across {count} areas. Without a stated priority area or primary goal, this distribution alone cannot be judged as fitting or not fitting any particular use.","La asignación está repartida entre {count} áreas. Sin un área prioritaria ni un objetivo principal definidos, este reparto por sí solo no permite juzgar si encaja o no con un uso concreto.","","","medium","","",""
"buildAnalysis.findingNearFullyAllocated","buildAnalysis","ui","Few points remain, so this allocation is nearly complete.","Quedan pocos puntos, así que esta asignación está casi completa.","","","medium","","",""
"buildAnalysis.findingManyRemainingPointsNormal","buildAnalysis","ui","{remaining}pt remain unused, so there's still room to allocate.","Quedan {remaining}pt sin usar, así que aún hay margen para asignar.","","","medium","","",""
"buildAnalysis.findingManyRemainingPointsHarsh","buildAnalysis","ui","{remaining}pt are still sitting unused — it's too early to treat this allocation as finished.","Todavía hay {remaining}pt sin usar: es pronto para dar esta asignación por terminada.","","","medium","","",""
"buildAnalysis.findingUnderinvestedAreaPresentNormal","buildAnalysis","ui","Allocation to {category} is relatively low, though that doesn't necessarily mean the stats themselves are low.","La asignación a {category} es relativamente baja, aunque eso no significa necesariamente que sus estadísticas sean bajas.","","","medium","","",""
"buildAnalysis.findingUnderinvestedAreaPresentHarsh","buildAnalysis","ui","There's currently no allocation to {category}. Worth rechecking whether that's really unnecessary for the intended use.","Ahora mismo no hay asignación a {category}. Conviene revisar si de verdad no hace falta para el uso previsto.","","","medium","","",""
"buildAnalysis.findingLegacyOrUnknownRulesNormal","buildAnalysis","ui","This build was saved under legacy or unknown rules. Rechecking it under the current rules is recommended.","Esta build se guardó con reglas antiguas o desconocidas. Se recomienda revisarla con las reglas actuales.","","","medium","","",""
"buildAnalysis.findingLegacyOrUnknownRulesHarsh","buildAnalysis","ui","Still saved under legacy rules, without a recheck under the current rules.","Sigue guardada con reglas antiguas y sin revisar con las reglas actuales.","","","medium","","",""
"buildAnalysis.findingReferenceAnomalyNormal","buildAnalysis","ui","A data mismatch was found where this saved build is referenced. See the inventory results for details.","Se encontró una discrepancia de datos en una referencia a esta build guardada. Consulta los resultados del inventario para más detalles.","","","medium","","",""
"buildAnalysis.findingReferenceAnomalyHarsh","buildAnalysis","ui","There's a reference anomaly on this saved build. Fixing the reference should take priority over a detailed training analysis.","Hay una anomalía de referencia en esta build guardada. Corregir la referencia debería tener prioridad sobre un análisis detallado del entrenamiento.","","","medium","","",""
"buildAnalysis.findingExperimentalTrialIncluded","buildAnalysis","ui","Includes an experimental player booster trial.","Incluye una prueba experimental de Potenciador de jugador.","","","medium","","",""
"buildAnalysis.findingPowerOfManyIncluded","buildAnalysis","ui","The Power of Many selection is a user-entered trial value, not one automatically verified in-game.","La selección de Power of Many es un valor de prueba introducido por el usuario, no uno verificado automáticamente en el juego.","","","medium","","",""
"buildAnalysis.findingUniqueVsSiblings","buildAnalysis","ui","A training direction not shared by the other saved builds for this card.","Una dirección de entrenamiento que no comparten las demás builds guardadas de esta carta.","","","medium","","",""
"buildAnalysis.findingOverlapsWithSiblingNormal","buildAnalysis","ui","Training focus looks close to ""{siblingName}"". It may help to confirm how you're using each one.","El enfoque del entrenamiento parece cercano al de ""{siblingName}"". Puede ser útil confirmar cómo usas cada una.","","","medium","","",""
"buildAnalysis.findingOverlapsWithSiblingHarsh","buildAnalysis","ui","Training focus is close to ""{siblingName}"" — the reason for keeping them as separate saves is weak.","El enfoque del entrenamiento es cercano al de ""{siblingName}"": hay pocos motivos para mantenerlas como guardados separados.","","","medium","","",""
"buildAnalysis.findingOverlapsWithSiblingAbilityConfirmedHarsh","buildAnalysis","ui","Both the training focus and the main 26-ability composition are close to ""{siblingName}"" — based on what can currently be confirmed, there isn't a clear reason to keep these saved separately for different uses.","Tanto el enfoque del entrenamiento como la composición de los 26 atributos principales son cercanos a ""{siblingName}"": según lo que se puede confirmar ahora, no hay un motivo claro para guardarlas por separado para usos distintos.","","","high","","",""
"buildAnalysis.findingInsufficientData","buildAnalysis","ui","Some analysis isn't possible because card information is missing.","Parte del análisis no es posible porque falta información de la carta.","","","medium","","",""
"buildAnalysis.findingOverAllocatedPoints","buildAnalysis","ui","Used points exceed total points ({used} / {total}).","Los puntos usados superan el total de puntos ({used} / {total}).","","","medium","","",""
"buildAnalysis.suggestionTitleReferenceAnomaly","buildAnalysis","ui","Fix the saved build reference anomaly","Corregir la anomalía de referencia de la build guardada","","","medium","","",""
"buildAnalysis.suggestionTitleStartAllocation","buildAnalysis","ui","Set a progression allocation","Definir una asignación de progresión","","","medium","","",""
"buildAnalysis.suggestionTitleUseRemainingPoints","buildAnalysis","ui","Consider how to use the remaining points","Pensar cómo usar los puntos restantes","","","medium","","",""
"buildAnalysis.suggestionTitleConsiderUnderinvestedArea","buildAnalysis","ui","Consider allocating to {category}","Valorar asignar puntos a {category}","","","medium","","",""
"buildAnalysis.suggestionTitleRecheckUnderCurrentRules","buildAnalysis","ui","Recheck under the current rules","Revisar con las reglas actuales","","","medium","","",""
"buildAnalysis.suggestionTitleDifferentiateFromSibling","buildAnalysis","ui","Reconsider the role split with ""{siblingName}""","Replantear el reparto de roles con ""{siblingName}""","","","medium","","",""
"buildAnalysis.suggestionReasonReferenceAnomaly","buildAnalysis","ui","A deleted or mismatched reference was found for this saved build.","Se encontró una referencia eliminada o que no coincide para esta build guardada.","","","medium","","",""
"buildAnalysis.suggestionReasonNoAllocation","buildAnalysis","ui","No progression points have been allocated yet.","Todavía no se han asignado puntos de progresión.","","","medium","","",""
"buildAnalysis.suggestionReasonManyRemainingPoints","buildAnalysis","ui","{remaining}pt remain unused.","Quedan {remaining}pt sin usar.","","","medium","","",""
"buildAnalysis.suggestionReasonUnderinvestedArea","buildAnalysis","ui","There is currently no allocation to {category}.","Ahora mismo no hay asignación a {category}.","","","medium","","",""
"buildAnalysis.suggestionReasonLegacyRules","buildAnalysis","ui","Saved under legacy or unknown rules.","Guardada con reglas antiguas o desconocidas.","","","medium","","",""
"buildAnalysis.suggestionReasonOverlapsWithSibling","buildAnalysis","ui","Training focus is close to ""{siblingName}"".","El enfoque del entrenamiento es cercano al de ""{siblingName}"".","","","medium","","",""
"buildAnalysis.suggestionRecheckReferenceAnomaly","buildAnalysis","ui","Check the Build Analysis inventory results to confirm how the reference and this saved build should line up.","Consulta los resultados del inventario de Análisis de builds para confirmar cómo deben corresponderse la referencia y esta build guardada.","","","medium","","",""
"buildAnalysis.suggestionRecheckNoAllocation","buildAnalysis","ui","Check this card's registered position and current stats to consider a training direction.","Revisa la posición registrada y las estadísticas actuales de esta carta para decidir una dirección de entrenamiento.","","","medium","","",""
"buildAnalysis.suggestionRecheckManyRemainingPoints","buildAnalysis","ui","Whether to use the remaining points depends on the current intended use (starter / bench / trial, etc.).","Usar o no los puntos restantes depende del uso previsto actual (titular / suplente / prueba, etc.).","","","medium","","",""
"buildAnalysis.suggestionRecheckUnderinvestedArea","buildAnalysis","ui","Check whether this area is actually needed for the current intended use.","Comprueba si esta área es realmente necesaria para el uso previsto actual.","","","medium","","",""
"buildAnalysis.suggestionRecheckLegacyRules","buildAnalysis","ui","Allocation and point costs can differ from legacy rules under the current rules, so recheck this build.","Con las reglas actuales, la asignación y el coste en puntos pueden diferir de las reglas antiguas, así que revisa esta build.","","","medium","","",""
"buildAnalysis.suggestionRecheckOverlapsWithSibling","buildAnalysis","ui","Check whether both builds are still needed given the difference in intended use.","Comprueba si siguen haciendo falta ambas builds teniendo en cuenta la diferencia de uso previsto.","","","medium","","",""
"buildAnalysis.findingAbilityGainReflectsFocus","buildAnalysis","ui","The allocation to {category} has actually shown up as a meaningful ability gain (total +{delta}).","La asignación a {category} se ha traducido en una mejora de atributos significativa (total +{delta}).","","","medium","","",""
"buildAnalysis.findingAbilityGainHighlight","buildAnalysis","ui","The most improved ability is {ability}, up +{delta} from before training.","El atributo que más ha mejorado es {ability}, con +{delta} respecto a antes del entrenamiento.","","","medium","","",""
"buildAnalysis.findingOverinvestmentCandidateNormal","buildAnalysis","ui","{category} was already high before training (avg. around {baseAverage}) and received heavy allocation. Whether this area truly deserved top priority is worth rechecking.","{category} ya era alta antes del entrenamiento (media de unos {baseAverage}) y recibió mucha asignación. Conviene revisar si esta área merecía de verdad la máxima prioridad.","","","medium","","",""
"buildAnalysis.findingOverinvestmentCandidateHarsh","buildAnalysis","ui","{category} was already high before training (avg. around {baseAverage}), yet received the heaviest allocation — whether that was really the top priority is worth rechecking.","{category} ya era alta antes del entrenamiento (media de unos {baseAverage}) y aun así recibió la mayor asignación: conviene revisar si de verdad era la máxima prioridad.","","","medium","","",""
"buildAnalysis.findingUnderinvestedButHighFinal","buildAnalysis","ui","Allocation to {category} is relatively low, but the current final ability value is already around {finalAverage} on average — the stats themselves aren't necessarily low.","La asignación a {category} es relativamente baja, pero el valor final actual de sus atributos ya ronda {finalAverage} de media: las estadísticas en sí no son necesariamente bajas.","","","medium","","",""
"buildAnalysis.findingUnderinvestedAndLowFinal","buildAnalysis","ui","Allocation to {category} is low, and the current final ability value is also around {finalAverage} on average — relatively low within this build. Whether this area is actually needed for the current use still needs separate confirmation.","La asignación a {category} es baja y el valor final actual de sus atributos también ronda {finalAverage} de media, relativamente bajo dentro de esta build. Aún hay que confirmar por separado si esta área es necesaria para el uso actual.","","","medium","","",""
"buildAnalysis.findingUnderinvestedContextUnknown","buildAnalysis","ui","Allocation to {category} is low, but there isn't enough ability data to judge the situation in detail.","La asignación a {category} es baja, pero no hay suficientes datos de atributos para valorar la situación en detalle.","","","medium","","",""
"buildAnalysis.findingAbilityDataUnavailable","buildAnalysis","ui","Ability data could not be retrieved, so this analysis does not include ability-based findings.","No se pudieron obtener los datos de atributos, así que este análisis no incluye conclusiones basadas en atributos.","","","medium","","",""
"buildAnalysis.findingAbilityComparisonPracticallySame","buildAnalysis","ui","The main 26-ability composition is also practically close to ""{siblingName}"".","La composición de los 26 atributos principales también es prácticamente cercana a la de ""{siblingName}"".","","","medium","","",""
"buildAnalysis.findingAbilityComparisonDifferentFocus","buildAnalysis","ui","The main ability composition is clearly different from ""{siblingName}"".","La composición de los atributos principales es claramente distinta de la de ""{siblingName}"".","","","medium","","",""
"buildAnalysis.suggestionTitleOverinvestmentCandidate","buildAnalysis","ui","Recheck the allocation to {category}","Revisar la asignación a {category}","","","medium","","",""
"buildAnalysis.suggestionReasonOverinvestmentCandidate","buildAnalysis","ui","It was already high before training (avg. around {baseAverage}) and received heavy allocation.","Ya era alta antes del entrenamiento (media de unos {baseAverage}) y recibió mucha asignación.","","","medium","","",""
"buildAnalysis.suggestionRecheckOverinvestmentCandidate","buildAnalysis","ui","Recheck whether this additional investment was really the top priority for the current use.","Revisa si esta inversión adicional era de verdad la máxima prioridad para el uso actual.","","","medium","","",""
"buildAnalysis.abilityMainEffectsHeading","buildAnalysis","ui","Main Ability Effects","Efectos principales en los atributos","","26","medium","","",""
"buildAnalysis.abilityLargestGainsLabel","buildAnalysis","ui","Most Improved Abilities","Atributos que más mejoran","","30","medium","","",""
"buildAnalysis.abilityHighestFinalLabel","buildAnalysis","ui","Highest Final Abilities","Atributos finales más altos","","30","medium","","",""
"buildAnalysis.abilityNoGainsText","buildAnalysis","ui","No training-driven gains can be confirmed yet.","Todavía no se puede confirmar ninguna mejora debida al entrenamiento.","","","medium","","",""
"buildAnalysis.abilityNoDataText","buildAnalysis","ui","Ability data could not be retrieved.","No se pudieron obtener los datos de atributos.","","","medium","","",""
"buildAnalysis.abilityLoadingText","buildAnalysis","ui","Loading ability data…","Cargando datos de atributos…","","28","medium","","",""
"buildAnalysis.abilityBeforeLabel","buildAnalysis","ui","Before","Antes","","12","medium","","",""
"buildAnalysis.abilityTrainedLabel","buildAnalysis","ui","After Training (allocation only)","Tras el entrenamiento (solo asignación)","","42","medium","","",""
"buildAnalysis.abilityFinalLabel","buildAnalysis","ui","Final (as saved)","Final (según lo guardado)","","21","medium","","",""
"buildAnalysis.abilityGainValueTemplate","buildAnalysis","ui","+{value}","+{value}","","12","medium","","",""
"buildAnalysis.abilityDetailToggleLabel","buildAnalysis","ui","View 26-ability detail","Ver detalle de los 26 atributos","","29","medium","","",""
"buildAnalysis.abilityDetailRowTemplate","buildAnalysis","ui","{ability}: {before} → {trained} (trained) / {final} (final)  gain {delta}","{ability}: {before} → {trained} (entrenada) / {final} (final)  mejora {delta}","","","medium","","",""
"buildAnalysis.abilityComparisonDiffHeading","buildAnalysis","ui","Main Ability Differences vs Other Build","Diferencias en atributos principales frente a otra build","","51","medium","","",""
"buildAnalysis.abilityComparisonNoDataText","buildAnalysis","ui","No ability comparison data is available.","No hay datos de comparación de atributos.","","","medium","","",""
"buildAnalysis.abilityComparisonConditionLegacyText","buildAnalysis","ui","Includes a build saved under legacy or unknown rules, so a simple comparison isn't possible.","Incluye una build guardada con reglas antiguas o desconocidas, así que no es posible una comparación directa.","","","medium","","",""
"buildAnalysis.abilityComparisonConditionUnallocatedText","buildAnalysis","ui","One build has no allocation, so a simple comparison isn't possible.","Una de las builds no tiene asignación, así que no es posible una comparación directa.","","","medium","","",""
"buildAnalysis.abilityComparisonDiffRowTemplate","buildAnalysis","ui","{ability}: current {currentValue} / other {otherValue} (diff {diff})","{ability}: actual {currentValue} / otra {otherValue} (dif. {diff})","","","medium","","",""
"buildAnalysis.intentSectionHeading","buildAnalysis","ui","Analysis Intent","Intención del análisis","","20","medium","","",""
"buildAnalysis.intentUnsavedNote","buildAnalysis","ui","This input is not saved (it is not written to the saved build or localStorage, and is cleared when you leave this screen).","Estos datos no se guardan (no se escriben en la build guardada ni en localStorage, y se borran al salir de esta pantalla).","","","medium","","",""
"buildAnalysis.intentPositionLabel","buildAnalysis","ui","Intended Position","Posición prevista","","23","medium","","",""
"buildAnalysis.intentPositionNoneOption","buildAnalysis","ui","Unspecified","Sin especificar","","15","medium","","",""
"buildAnalysis.intentPrimaryGoalLabel","buildAnalysis","ui","Primary Goal","Objetivo principal","","16","medium","","",""
"buildAnalysis.intentGroupPrioritiesHeading","buildAnalysis","ui","Priority by Ability Area","Prioridad por área de atributos","","32","medium","","",""
"buildAnalysis.intentFieldPlayersHeading","buildAnalysis","ui","Field Player Ability Areas","Áreas de atributos de jugador de campo","","34","medium","","",""
"buildAnalysis.intentGoalkeepingHeading","buildAnalysis","ui","Goalkeeper Ability Areas","Áreas de atributos de portero","","32","medium","","",""
"buildAnalysis.intentStatePriority","buildAnalysis","ui","Priority","Prioridad","","12","medium","","",""
"buildAnalysis.intentStateNormal","buildAnalysis","ui","Normal","Normal","","12","medium","","",""
"buildAnalysis.intentStateLow","buildAnalysis","ui","Low Priority","Prioridad baja","","16","medium","","",""
"buildAnalysis.buildIntentFreeTextLabel","buildAnalysis","ui","Build Intent","Intención de la build","","16","medium","","",""
"buildAnalysis.buildIntentFreeTextDescription","buildAnalysis","ui","Describe what you want from this build in your own words. Use ""Read Build Intent"" to analyze it, then review and confirm before it affects the evaluation (nothing changes until you confirm).","Describe con tus palabras lo que quieres de esta build. Usa ""Leer intención de la build"" para analizarla y luego revísala y confírmala antes de que afecte a la evaluación (no cambia nada hasta que confirmes).","","","medium","","",""
"buildAnalysis.buildIntentFreeTextPlaceholder","buildAnalysis","ui","e.g. I want to play as RWF. I want to prioritize dribbling and quickness, and beat a defender one-on-one on the wing. Speed is already high, so it doesn't need to go much higher. Keep shooting at a minimum, and I don't care much about aerial ability or defending. I want to lean more toward breakthrough dribbling than Build 2.","p. ej. Quiero usarlo de RWF. Quiero priorizar el regate y la agilidad, y superar a un defensor en el uno contra uno por la banda. La velocidad ya es alta, así que no necesita subir mucho más. El disparo al mínimo, y el juego aéreo y la defensa no me importan mucho. Quiero que se incline más hacia el regate de desborde que la Build 2.","","426","medium","","",""
"buildAnalysis.buildIntentExampleToggleLabel","buildAnalysis","ui","See an example","Ver un ejemplo","","19","medium","","",""
"buildAnalysis.buildIntentExampleText","buildAnalysis","ui","I want to play as RWF. I want to prioritize dribbling and quickness, and beat a defender one-on-one on the wing. Speed is already high, so it doesn't need to go much higher. Keep shooting at a minimum, and I don't care much about aerial ability or defending. I want to lean more toward breakthrough dribbling than Build 2.","Quiero usarlo de RWF. Quiero priorizar el regate y la agilidad, y superar a un defensor en el uno contra uno por la banda. La velocidad ya es alta, así que no necesita subir mucho más. El disparo al mínimo, y el juego aéreo y la defensa no me importan mucho. Quiero que se incline más hacia el regate de desborde que la Build 2.","","","medium","","",""
"buildAnalysis.buildIntentAnalyzeButtonLabel","buildAnalysis","ui","Read Build Intent","Leer intención de la build","","23","medium","","",""
"buildAnalysis.buildIntentAnalyzingLabel","buildAnalysis","ui","Analyzing…","Analizando…","","13","medium","","",""
"buildAnalysis.buildIntentCancelLabel","buildAnalysis","ui","Cancel","Cancelar","","12","medium","","",""
"buildAnalysis.buildIntentRetryLabel","buildAnalysis","ui","Read Again","Volver a leer","","13","medium","","",""
"buildAnalysis.buildIntentDiscardLabel","buildAnalysis","ui","Discard Interpretation","Descartar interpretación","","29","medium","","",""
"buildAnalysis.buildIntentConfirmButtonLabel","buildAnalysis","ui","Use This for Analysis","Usar para el análisis","","28","high","","",""
"buildAnalysis.buildIntentInterpretationHeading","buildAnalysis","ui","Build Intent Read From Your Input","Intención de la build leída de tu texto","","43","medium","","",""
"buildAnalysis.buildIntentStaleNotice","buildAnalysis","ui","Your build intent has changed. Read it again to get an up-to-date interpretation.","La intención de tu build ha cambiado. Vuelve a leerla para obtener una interpretación actualizada.","","","medium","","",""
"buildAnalysis.buildIntentNotConfiguredNotice","buildAnalysis","ui","Automatic build intent analysis isn't available right now. You can still analyze by specifying the detailed settings manually.","El análisis automático de la intención de la build no está disponible ahora mismo. Puedes seguir analizando indicando los ajustes detallados manualmente.","","","medium","","",""
"buildAnalysis.buildIntentFailedNotice","buildAnalysis","ui","We couldn't read your build intent. Try again, or specify the detailed settings manually.","No pudimos leer la intención de tu build. Inténtalo de nuevo o indica los ajustes detallados manualmente.","","","high","","",""
"buildAnalysis.buildIntentConfirmedNotice","buildAnalysis","ui","This evaluation uses your confirmed build intent.","Esta evaluación usa la intención de la build que confirmaste.","","","high","","",""
"buildAnalysis.buildIntentManualDetailsToggleLabel","buildAnalysis","ui","Adjust the Reading in Detailed Settings","Ajustar la lectura en los ajustes detallados","","51","medium","","",""
"buildAnalysis.buildIntentAvoidOverinvestmentLabel","buildAnalysis","ui","Avoid Overinvestment","Evitar sobreinversión","","26","medium","","",""
"buildAnalysis.buildIntentIntentionallyIgnoreLabel","buildAnalysis","ui","Excluded","Excluido","","12","medium","","",""
"buildAnalysis.buildIntentComparisonTargetLabel","buildAnalysis","ui","Comparison Target Build","Build de referencia para comparar","","30","medium","","",""
"buildAnalysis.buildIntentComparisonTargetNoneOption","buildAnalysis","ui","Unspecified","Sin especificar","","15","medium","","",""
"buildAnalysis.buildIntentStrengthsToPreserveLabel","buildAnalysis","ui","Strengths to Preserve","Puntos fuertes a conservar","","28","medium","","",""
"buildAnalysis.buildIntentAmbiguitiesHeading","buildAnalysis","ui","Needs Confirmation","Requiere confirmación","","24","medium","","",""
"buildAnalysis.buildIntentAmbiguitiesNoneText","buildAnalysis","ui","None","Ninguno","","12","medium","","",""
"buildAnalysis.buildIntentConfidenceLabel","buildAnalysis","ui","Interpretation Confidence","Fiabilidad de la interpretación","","33","medium","","",""
"buildAnalysis.buildIntentConfidenceHigh","buildAnalysis","ui","High","Alta","","12","medium","","",""
"buildAnalysis.buildIntentConfidenceMedium","buildAnalysis","ui","Medium","Media","","12","medium","","",""
"buildAnalysis.buildIntentConfidenceLow","buildAnalysis","ui","Low","Baja","","12","medium","","",""
"buildAnalysis.buildIntentInterpPositionLabel","buildAnalysis","ui","Intended Position","Posición prevista","","23","medium","","",""
"buildAnalysis.buildIntentInterpGoalLabel","buildAnalysis","ui","Primary Goal","Objetivo principal","","16","medium","","",""
"buildAnalysis.buildIntentInterpPriorityLabel","buildAnalysis","ui","Top Priority","Máxima prioridad","","16","medium","","",""
"buildAnalysis.buildIntentInterpSecondaryLabel","buildAnalysis","ui","Secondary Priority","Prioridad secundaria","","24","medium","","",""
"buildAnalysis.buildIntentInterpAvoidOverinvestmentLabel","buildAnalysis","ui","Avoid Overinvesting In","Evitar sobreinvertir en","","29","medium","","",""
"buildAnalysis.buildIntentInterpIgnoredLabel","buildAnalysis","ui","Excluded From This Evaluation","Excluido de esta evaluación","","38","medium","","",""
"buildAnalysis.buildIntentInterpComparisonTargetLabel","buildAnalysis","ui","Build to Compare","Build a comparar","","21","medium","","",""
"buildAnalysis.buildIntentInterpComparisonFocusLabel","buildAnalysis","ui","Comparison Focus","Enfoque de la comparación","","21","medium","","",""
"buildAnalysis.buildIntentInterpPreserveLabel","buildAnalysis","ui","Strengths to Preserve","Puntos fuertes a conservar","","28","medium","","",""
"buildAnalysis.buildIntentInterpNoneValue","buildAnalysis","ui","Unspecified","Sin especificar","","15","medium","","",""
"buildAnalysis.buildIntentReadHeading","buildAnalysis","ui","What We Read","Lo que hemos leído","","16","medium","","",""
"buildAnalysis.buildIntentUnspecifiedCollapsedLabel","buildAnalysis","ui","Other items are unspecified","El resto de elementos no está especificado","","36","medium","","",""
"buildAnalysis.buildIntentClarificationHeading","buildAnalysis","ui","Please Confirm","Confirma, por favor","","19","medium","","",""
"buildAnalysis.clarificationNoneOptionLabel","buildAnalysis","ui","None of these","Ninguna de estas","","17","medium","","",""
"buildAnalysis.clarificationNoneOptionDescription","buildAnalysis","ui","Don't select any of these options. Use the detailed settings below to specify this manually if needed.","No selecciones ninguna de estas opciones. Si hace falta, usa los ajustes detallados de abajo para indicarlo manualmente.","","","medium","","",""
"buildAnalysis.buildIntentClarificationPendingNotice","buildAnalysis","ui","Answer everything above to enable ""Use This for Analysis"".","Responde a todo lo anterior para activar ""Usar para el análisis"".","","","medium","","",""
"buildAnalysis.clarificationCrossRoleQuestion","buildAnalysis","ui","""Cross""-related wording can mean more than one thing. Which is closer to what you mean?","Las expresiones relacionadas con ""centro"" pueden significar más de una cosa. ¿Cuál se acerca más a lo que quieres decir?","","","medium","","",""
"buildAnalysis.clarificationCrossRoleReason","buildAnalysis","ui","Cross-related phrases can mean either supplying crosses from the wing or scoring from crosses, so we need to confirm which one you mean.","Las frases sobre centros pueden referirse a dar centros desde la banda o a marcar de centros, así que necesitamos confirmar a cuál te refieres.","","","medium","","",""
"buildAnalysis.clarificationCrossSupplyLabel","buildAnalysis","ui","Supplying crosses from the wing","Dar centros desde la banda","","41","medium","","",""
"buildAnalysis.clarificationCrossSupplyDescription","buildAnalysis","ui","Treated as a use-case that emphasizes passing and chance creation.","Se trata como un uso que prioriza el pase y la creación de ocasiones.","","","medium","","",""
"buildAnalysis.clarificationCrossReceiveLabel","buildAnalysis","ui","Scoring from crosses","Marcar de centros","","26","medium","","",""
"buildAnalysis.clarificationCrossReceiveDescription","buildAnalysis","ui","Treated as a use-case that emphasizes aerial ability and shooting.","Se trata como un uso que prioriza el juego aéreo y el disparo.","","","medium","","",""
"buildAnalysis.clarificationCrossWideAttackLabel","buildAnalysis","ui","Wide attacking play overall","Juego ofensivo por banda en general","","36","medium","","",""
"buildAnalysis.clarificationCrossWideAttackDescription","buildAnalysis","ui","Treated as a use-case that emphasizes passing and chance creation while contributing to wide attacks.","Se trata como un uso que prioriza el pase y la creación de ocasiones mientras contribuye al ataque por banda.","","","medium","","",""
"buildAnalysis.clarificationCrossReceiveFocusQuestion","buildAnalysis","ui","When scoring from crosses, which matters more to you?","Al marcar de centros, ¿qué es más importante para ti?","","","medium","","",""
"buildAnalysis.clarificationCrossReceiveFocusReason","buildAnalysis","ui","Scoring from crosses can mean emphasizing aerial ability or emphasizing shooting, so we need to confirm which one you mean.","Marcar de centros puede significar priorizar el juego aéreo o priorizar el disparo, así que necesitamos confirmar a cuál te refieres.","","","medium","","",""
"buildAnalysis.clarificationCrossReceiveAerialLabel","buildAnalysis","ui","Emphasize aerial ability","Priorizar el juego aéreo","","32","medium","","",""
"buildAnalysis.clarificationCrossReceiveAerialDescription","buildAnalysis","ui","Emphasizes aerial strength and heading.","Prioriza el juego aéreo y el cabeceo.","","","medium","","",""
"buildAnalysis.clarificationCrossReceiveShootingLabel","buildAnalysis","ui","Emphasize shooting","Priorizar el disparo","","24","medium","","",""
"buildAnalysis.clarificationCrossReceiveShootingDescription","buildAnalysis","ui","Emphasizes shooting and finishing.","Prioriza el disparo y la finalización.","","","medium","","",""
"buildAnalysis.clarificationCrossReceiveBothLabel","buildAnalysis","ui","Emphasize both","Priorizar ambos","","19","medium","","",""
"buildAnalysis.clarificationCrossReceiveBothDescription","buildAnalysis","ui","Treated as a use-case that emphasizes both aerial ability and shooting.","Se trata como un uso que prioriza tanto el juego aéreo como el disparo.","","","medium","","",""
"buildAnalysis.buildIntentUnanalyzedHeading","buildAnalysis","ui","What We Couldn't Read","Lo que no hemos podido leer","","28","medium","","",""
"buildAnalysis.buildIntentUnanalyzedIntro","buildAnalysis","ui","We couldn't safely interpret the following. To avoid setting anything incorrectly, we haven't assigned any ability area for it automatically.","No hemos podido interpretar con seguridad lo siguiente. Para no configurar nada de forma incorrecta, no le hemos asignado automáticamente ningún área de atributos.","","","medium","","",""
"buildAnalysis.buildIntentUnanalyzedZeroHeading","buildAnalysis","ui","We couldn't fully organize your input","No hemos podido organizar del todo tu texto","","49","medium","","",""
"buildAnalysis.buildIntentUnanalyzedZeroBody","buildAnalysis","ui","We couldn't safely read a build intent from what you wrote. Try rewriting it using one of the examples below, or specify it directly in the detailed settings.","No hemos podido leer con seguridad una intención de build a partir de lo que escribiste. Prueba a reescribirlo usando uno de los ejemplos de abajo o indícalo directamente en los ajustes detallados.","","","medium","","",""
"buildAnalysis.buildIntentManualSettingsHintText","buildAnalysis","ui","You can specify the position or ability areas directly from ""Adjust the Reading in Detailed Settings"" below.","Puedes indicar la posición o las áreas de atributos directamente desde ""Ajustar la lectura en los ajustes detallados"", más abajo.","","","medium","","",""
"buildAnalysis.buildIntentAdditionalExamplesHeading","buildAnalysis","ui","More Examples to Try","Más ejemplos para probar","","26","medium","","",""
"buildAnalysis.buildIntentAdditionalExampleInsertLabel","buildAnalysis","ui","Add this example","Añadir este ejemplo","","21","medium","","",""
"buildAnalysis.buildIntentAdditionalExampleCrossSupplyLabel","buildAnalysis","ui","Example: supplying crosses from the wing","Ejemplo: dar centros desde la banda","","52","medium","","",""
"buildAnalysis.buildIntentAdditionalExampleCrossSupplyText","buildAnalysis","ui","I want to play as RWF. I want to deliver crosses. Passing is my top priority.","Quiero usarlo de RWF. Quiero dar centros. El pase es mi máxima prioridad.","","","medium","","",""
"buildAnalysis.buildIntentAdditionalExampleCrossReceiveLabel","buildAnalysis","ui","Example: scoring from crosses","Ejemplo: marcar de centros","","38","medium","","",""
"buildAnalysis.buildIntentAdditionalExampleCrossReceiveText","buildAnalysis","ui","I want to play as CF. I want to score from crosses. Aerial strength and shooting are my top priority.","Quiero usarlo de CF. Quiero marcar de centros. El juego aéreo y el disparo son mi máxima prioridad.","","","medium","","",""
"buildAnalysis.buildIntentAdditionalExampleCrossAmbiguousLabel","buildAnalysis","ui","Example: haven't decided on a role yet","Ejemplo: aún no he decidido el rol","","50","medium","","",""
"buildAnalysis.buildIntentAdditionalExampleCrossAmbiguousText","buildAnalysis","ui","I want cross-focused play.","Quiero un juego centrado en los centros.","","","medium","","",""
"buildAnalysis.presetCategoryScoringTitle","buildAnalysis","ui","Scoring","Goles","","12","medium","","",""
"buildAnalysis.presetCategoryDribblingPossessionTitle","buildAnalysis","ui","Dribbling & Ball Retention","Regate y conservación del balón","","34","medium","","",""
"buildAnalysis.presetCategoryPassingCreationTitle","buildAnalysis","ui","Passing & Chance Creation","Pase y creación de ocasiones","","33","medium","","",""
"buildAnalysis.presetCategoryWideCrossingTitle","buildAnalysis","ui","Wide Play & Crossing","Juego por banda y centros","","26","medium","","",""
"buildAnalysis.presetCategorySpeedCounterTitle","buildAnalysis","ui","Speed & Counterattacking","Velocidad y contraataque","","32","medium","","",""
"buildAnalysis.presetCategoryPhysicalAerialTitle","buildAnalysis","ui","Physical & Aerial","Físico y juego aéreo","","23","medium","","",""
"buildAnalysis.presetCategoryDefendingTitle","buildAnalysis","ui","Defending","Defensa","","12","medium","","",""
"buildAnalysis.presetCategoryGoalkeepingTitle","buildAnalysis","ui","Goalkeeping","Portería","","15","medium","","",""
"buildAnalysis.presetCategoryBalancedAdjustmentTitle","buildAnalysis","ui","Balanced & Adjustment","Equilibrio y ajuste","","28","medium","","",""
"buildAnalysis.presetTagScoring","buildAnalysis","ui","scoring","goles","","12","medium","","",""
"buildAnalysis.presetTagShooting","buildAnalysis","ui","shooting","disparo","","12","medium","","",""
"buildAnalysis.presetTagFinisher","buildAnalysis","ui","finisher","rematador","","12","medium","","",""
"buildAnalysis.presetTagBox","buildAnalysis","ui","penalty box","área","","15","medium","","",""
"buildAnalysis.presetTagDribbling","buildAnalysis","ui","dribbling","regate","","12","medium","","",""
"buildAnalysis.presetTagCross","buildAnalysis","ui","cross","centro","","12","medium","","",""
"buildAnalysis.presetTagAerial","buildAnalysis","ui","aerial","juego aéreo","","12","medium","","",""
"buildAnalysis.presetTagPossession","buildAnalysis","ui","possession","posesión","","13","medium","","",""
"buildAnalysis.presetTagCentral","buildAnalysis","ui","central","centro del campo","","12","medium","","",""
"buildAnalysis.presetTagWide","buildAnalysis","ui","wide","banda","","12","medium","","",""
"buildAnalysis.presetTagSpeed","buildAnalysis","ui","speed","velocidad","","12","medium","","",""
"buildAnalysis.presetTagPassing","buildAnalysis","ui","passing","pase","","12","medium","","",""
"buildAnalysis.presetTagFullback","buildAnalysis","ui","fullback","lateral","","12","medium","","",""
"buildAnalysis.presetTagDefending","buildAnalysis","ui","defending","defensa","","12","medium","","",""
"buildAnalysis.presetTagCounter","buildAnalysis","ui","counter","contraataque","","12","medium","","",""
"buildAnalysis.presetTagPhysical","buildAnalysis","ui","physical","físico","","12","medium","","",""
"buildAnalysis.presetTagTarget","buildAnalysis","ui","target man","delantero referencia","","13","medium","","",""
"buildAnalysis.presetTagGoalkeeping","buildAnalysis","ui","goalkeeper","portero","","13","medium","","",""
"buildAnalysis.presetTagBalance","buildAnalysis","ui","balance","equilibrio","","12","medium","","",""
"buildAnalysis.presetScoringSpecialistTitle","buildAnalysis","ui","Scoring Specialist","Especialista goleador","","24","medium","","",""
"buildAnalysis.presetScoringSpecialistShort","buildAnalysis","ui","Prioritizes shooting to maximize goal output.","Prioriza el disparo para maximizar los goles.","","","medium","","",""
"buildAnalysis.presetScoringSpecialistDetail","buildAnalysis","ui","Prioritizes the shooting ability area (finishing, set piece taking, curl). Suited for improving raw finishing quality.","Prioriza el área de atributos de disparo (finalización, balón parado, efecto). Adecuado para mejorar la calidad de definición pura.","","","medium","","",""
"buildAnalysis.presetBoxFinisherTitle","buildAnalysis","ui","Box Finisher","Rematador de área","","16","medium","","",""
"buildAnalysis.presetBoxFinisherShort","buildAnalysis","ui","Prioritizes shooting with quickness as a secondary focus.","Prioriza el disparo, con la agilidad como enfoque secundario.","","","medium","","",""
"buildAnalysis.presetBoxFinisherDetail","buildAnalysis","ui","Assumes quick reactions inside the box. Prioritizes shooting, with quickness as a secondary focus.","Supone reacciones rápidas dentro del área. Prioriza el disparo, con la agilidad como enfoque secundario.","","","medium","","",""
"buildAnalysis.presetDribbleToShotTitle","buildAnalysis","ui","Dribble to Shot","Regate y disparo","","20","medium","","",""
"buildAnalysis.presetDribbleToShotShort","buildAnalysis","ui","Prioritizes shooting with dribbling as a secondary focus.","Prioriza el disparo, con el regate como enfoque secundario.","","","medium","","",""
"buildAnalysis.presetDribbleToShotDetail","buildAnalysis","ui","Assumes creating your own shooting chance via dribbling. Prioritizes shooting, with dribbling as a secondary focus.","Supone crearte tu propia ocasión de disparo mediante el regate. Prioriza el disparo, con el regate como enfoque secundario.","","","medium","","",""
"buildAnalysis.presetCrossReceiveScoringTitle","buildAnalysis","ui","Score From Crosses","Marcar de centros","","24","medium","","",""
"buildAnalysis.presetCrossReceiveScoringShort","buildAnalysis","ui","Prioritizes shooting with aerial strength as a secondary focus.","Prioriza el disparo, con el juego aéreo como enfoque secundario.","","","medium","","",""
"buildAnalysis.presetCrossReceiveScoringDetail","buildAnalysis","ui","Assumes finishing crosses. Prioritizes shooting, with aerial strength as a secondary focus.","Supone rematar centros. Prioriza el disparo, con el juego aéreo como enfoque secundario.","","","medium","","",""
"buildAnalysis.presetAerialScoringTitle","buildAnalysis","ui","Aerial Scoring","Gol de cabeza","","19","medium","","",""
"buildAnalysis.presetAerialScoringShort","buildAnalysis","ui","Prioritizes aerial strength with shooting as a secondary focus.","Prioriza el juego aéreo, con el disparo como enfoque secundario.","","","medium","","",""
"buildAnalysis.presetAerialScoringDetail","buildAnalysis","ui","Centers scoring around aerial duel strength itself. Prioritizes aerial strength, with shooting as a secondary focus.","Basa el gol en la fuerza en el duelo aéreo en sí. Prioriza el juego aéreo, con el disparo como enfoque secundario.","","","medium","","",""
"buildAnalysis.presetDribbleBreakthroughTitle","buildAnalysis","ui","Dribble Breakthrough","Desborde con regate","","26","medium","","",""
"buildAnalysis.presetDribbleBreakthroughShort","buildAnalysis","ui","Prioritizes dribbling to improve breakthrough ability.","Prioriza el regate para mejorar la capacidad de desborde.","","","medium","","",""
"buildAnalysis.presetDribbleBreakthroughDetail","buildAnalysis","ui","Prioritizes the dribbling ability area (ball control, dribbling, tight possession).","Prioriza el área de atributos de regate (control del balón, regate, posesión cerrada).","","","medium","","",""
"buildAnalysis.presetBeatOneOnWingTitle","buildAnalysis","ui","Beat a Defender on the Wing","Superar al defensor por banda","","36","medium","","",""
"buildAnalysis.presetBeatOneOnWingShort","buildAnalysis","ui","Prioritizes dribbling with quickness as a secondary focus.","Prioriza el regate, con la agilidad como enfoque secundario.","","","medium","","",""
"buildAnalysis.presetBeatOneOnWingDetail","buildAnalysis","ui","Assumes beating a defender one-on-one on the wing. Prioritizes dribbling, with quickness as a secondary focus.","Supone superar a un defensor en el uno contra uno por la banda. Prioriza el regate, con la agilidad como enfoque secundario.","","","medium","","",""
"buildAnalysis.presetTightSpacePossessionTitle","buildAnalysis","ui","Hold the Ball in Tight Spaces","Conservar el balón en espacios reducidos","","38","medium","","",""
"buildAnalysis.presetTightSpacePossessionShort","buildAnalysis","ui","Aims for possession, prioritizing dribbling.","Busca la posesión, priorizando el regate.","","","medium","","",""
"buildAnalysis.presetTightSpacePossessionDetail","buildAnalysis","ui","Sets possession as the primary goal and prioritizes the dribbling ability area (including tight possession).","Fija la posesión como objetivo principal y prioriza el área de atributos de regate (incluida la posesión cerrada).","","","medium","","",""
"buildAnalysis.presetHardToDispossessTitle","buildAnalysis","ui","Avoid Losing the Ball","Evitar perder el balón","","28","medium","","",""
"buildAnalysis.presetHardToDispossessShort","buildAnalysis","ui","Aims for possession, prioritizing dribbling with lower body strength as a secondary focus.","Busca la posesión, priorizando el regate, con la fuerza de piernas como enfoque secundario.","","","medium","","",""
"buildAnalysis.presetHardToDispossessDetail","buildAnalysis","ui","Sets possession as the primary goal, prioritizes dribbling, with the lower body strength area (including balance) as a secondary focus.","Fija la posesión como objetivo principal, prioriza el regate y tiene el área de fuerza de piernas (incluido el equilibrio) como enfoque secundario.","","","medium","","",""
"buildAnalysis.presetCarryThroughCenterTitle","buildAnalysis","ui","Carry the Ball Through the Center","Conducir el balón por el centro","","43","medium","","",""
"buildAnalysis.presetCarryThroughCenterShort","buildAnalysis","ui","Prioritizes dribbling with quickness as a secondary focus.","Prioriza el regate, con la agilidad como enfoque secundario.","","","medium","","",""
"buildAnalysis.presetCarryThroughCenterDetail","buildAnalysis","ui","Assumes carrying the ball through the central midfield. Prioritizes dribbling, with quickness as a secondary focus.","Supone conducir el balón por el centro del campo. Prioriza el regate, con la agilidad como enfoque secundario.","","","medium","","",""
"buildAnalysis.presetCutInsideAttackTitle","buildAnalysis","ui","Cut Inside to Attack","Diagonal hacia dentro para atacar","","26","medium","","",""
"buildAnalysis.presetCutInsideAttackShort","buildAnalysis","ui","Prioritizes dribbling with shooting as a secondary focus.","Prioriza el regate, con el disparo como enfoque secundario.","","","medium","","",""
"buildAnalysis.presetCutInsideAttackDetail","buildAnalysis","ui","Assumes cutting inside from the wing. Prioritizes dribbling, with shooting as a secondary focus.","Supone irse hacia dentro desde la banda. Prioriza el regate, con el disparo como enfoque secundario.","","","medium","","",""
"buildAnalysis.presetReceiveAndDistributeTitle","buildAnalysis","ui","Receive and Distribute","Recibir y distribuir","","29","medium","","",""
"buildAnalysis.presetReceiveAndDistributeShort","buildAnalysis","ui","Aims for possession, prioritizing dribbling with passing as a secondary focus.","Busca la posesión, priorizando el regate, con el pase como enfoque secundario.","","","medium","","",""
"buildAnalysis.presetReceiveAndDistributeDetail","buildAnalysis","ui","Assumes receiving at your feet before distributing. Prioritizes dribbling, with passing as a secondary focus.","Supone recibir al pie antes de distribuir. Prioriza el regate, con el pase como enfoque secundario.","","","medium","","",""
"buildAnalysis.presetQuicknessFocusTitle","buildAnalysis","ui","Quickness Focus","Enfoque en agilidad","","20","medium","","",""
"buildAnalysis.presetQuicknessFocusShort","buildAnalysis","ui","Prioritizes quickness.","Prioriza la agilidad.","","29","medium","","",""
"buildAnalysis.presetQuicknessFocusDetail","buildAnalysis","ui","Prioritizes the quickness ability area (acceleration, speed).","Prioriza el área de atributos de agilidad (aceleración, velocidad).","","","medium","","",""
"buildAnalysis.presetPassingSpecialistTitle","buildAnalysis","ui","Passing Specialist","Especialista en pase","","24","medium","","",""
"buildAnalysis.presetPassingSpecialistShort","buildAnalysis","ui","Prioritizes passing to improve chance creation.","Prioriza el pase para mejorar la creación de ocasiones.","","","medium","","",""
"buildAnalysis.presetPassingSpecialistDetail","buildAnalysis","ui","Prioritizes the passing ability area (low pass, lofted pass, offensive awareness).","Prioriza el área de atributos de pase (pase raso, pase bombeado, actitud ofensiva).","","","medium","","",""
"buildAnalysis.presetGameMakingTitle","buildAnalysis","ui","Game Making","Creación de juego","","15","medium","","",""
"buildAnalysis.presetGameMakingShort","buildAnalysis","ui","Prioritizes passing with dribbling as a secondary focus.","Prioriza el pase, con el regate como enfoque secundario.","","","medium","","",""
"buildAnalysis.presetGameMakingDetail","buildAnalysis","ui","Assumes building attacking play. Prioritizes passing, with dribbling as a secondary focus.","Supone construir el juego ofensivo. Prioriza el pase, con el regate como enfoque secundario.","","","medium","","",""
"buildAnalysis.presetForwardServiceTitle","buildAnalysis","ui","Service to the Forward Line","Abastecer a la delantera","","36","medium","","",""
"buildAnalysis.presetForwardServiceShort","buildAnalysis","ui","Prioritizes passing.","Prioriza el pase.","","26","medium","","",""
"buildAnalysis.presetForwardServiceDetail","buildAnalysis","ui","Assumes distributing the ball forward from a deeper position. Prioritizes passing.","Supone distribuir el balón hacia delante desde una posición más retrasada. Prioriza el pase.","","","medium","","",""
"buildAnalysis.presetDistributeTheBallTitle","buildAnalysis","ui","Spread the Play","Abrir el juego","","20","medium","","",""
"buildAnalysis.presetDistributeTheBallShort","buildAnalysis","ui","Prioritizes passing with quickness as a secondary focus.","Prioriza el pase, con la agilidad como enfoque secundario.","","","medium","","",""
"buildAnalysis.presetDistributeTheBallDetail","buildAnalysis","ui","Assumes spreading play at a quick tempo. Prioritizes passing, with quickness as a secondary focus.","Supone abrir el juego a un ritmo rápido. Prioriza el pase, con la agilidad como enfoque secundario.","","","medium","","",""
"buildAnalysis.presetPossessionAnchorTitle","buildAnalysis","ui","Possession Anchor","Eje de la posesión","","23","medium","","",""
"buildAnalysis.presetPossessionAnchorShort","buildAnalysis","ui","Aims for possession, prioritizing passing with dribbling as a secondary focus.","Busca la posesión, priorizando el pase, con el regate como enfoque secundario.","","","medium","","",""
"buildAnalysis.presetPossessionAnchorDetail","buildAnalysis","ui","Assumes acting as the anchor of possession play. Prioritizes passing, with dribbling as a secondary focus.","Supone actuar como eje del juego de posesión. Prioriza el pase, con el regate como enfoque secundario.","","","medium","","",""
"buildAnalysis.presetCrossSupplyTitle","buildAnalysis","ui","Supply Crosses","Dar centros","","19","medium","","",""
"buildAnalysis.presetCrossSupplyShort","buildAnalysis","ui","Prioritizes passing.","Prioriza el pase.","","26","medium","","",""
"buildAnalysis.presetCrossSupplyDetail","buildAnalysis","ui","Assumes supplying crosses from the wing. Prioritizes passing. Suggested positions include wing forward, side midfield, and full-back roles.","Supone dar centros desde la banda. Prioriza el pase. Posiciones sugeridas: extremo, interior de banda y lateral.","","","medium","","",""
"buildAnalysis.presetDribbleThenCrossTitle","buildAnalysis","ui","Beat a Man Then Cross","Desbordar y centrar","","28","medium","","",""
"buildAnalysis.presetDribbleThenCrossShort","buildAnalysis","ui","Prioritizes passing with dribbling as a secondary focus.","Prioriza el pase, con el regate como enfoque secundario.","","","medium","","",""
"buildAnalysis.presetDribbleThenCrossDetail","buildAnalysis","ui","Assumes beating a defender down the line before crossing. Prioritizes passing, with dribbling as a secondary focus.","Supone superar a un defensor por la banda antes de centrar. Prioriza el pase, con el regate como enfoque secundario.","","","medium","","",""
"buildAnalysis.presetWideChanceCreationTitle","buildAnalysis","ui","Wide Chance Creation","Crear ocasiones desde la banda","","26","medium","","",""
"buildAnalysis.presetWideChanceCreationShort","buildAnalysis","ui","Prioritizes passing with quickness as a secondary focus.","Prioriza el pase, con la agilidad como enfoque secundario.","","","medium","","",""
"buildAnalysis.presetWideChanceCreationDetail","buildAnalysis","ui","Assumes creating chances from wide areas. Prioritizes passing, with quickness as a secondary focus.","Supone crear ocasiones desde las bandas. Prioriza el pase, con la agilidad como enfoque secundario.","","","medium","","",""
"buildAnalysis.presetCarryDownLineTitle","buildAnalysis","ui","Carry the Ball Down the Line","Conducir por la banda","","37","medium","","",""
"buildAnalysis.presetCarryDownLineShort","buildAnalysis","ui","Prioritizes dribbling with quickness as a secondary focus.","Prioriza el regate, con la agilidad como enfoque secundario.","","","medium","","",""
"buildAnalysis.presetCarryDownLineDetail","buildAnalysis","ui","Assumes carrying the ball down the touchline. Prioritizes dribbling, with quickness as a secondary focus.","Supone conducir el balón pegado a la línea de banda. Prioriza el regate, con la agilidad como enfoque secundario.","","","medium","","",""
"buildAnalysis.presetCutInsideShootTitle","buildAnalysis","ui","Cut Inside and Shoot","Diagonal hacia dentro y disparo","","26","medium","","",""
"buildAnalysis.presetCutInsideShootShort","buildAnalysis","ui","Prioritizes shooting with dribbling as a secondary focus.","Prioriza el disparo, con el regate como enfoque secundario.","","","medium","","",""
"buildAnalysis.presetCutInsideShootDetail","buildAnalysis","ui","Assumes cutting inside from the wing to shoot. Prioritizes shooting, with dribbling as a secondary focus.","Supone irse hacia dentro desde la banda para disparar. Prioriza el disparo, con el regate como enfoque secundario.","","","medium","","",""
"buildAnalysis.presetAttackingFullbackTitle","buildAnalysis","ui","Attacking Full-back","Lateral ofensivo","","25","medium","","",""
"buildAnalysis.presetAttackingFullbackShort","buildAnalysis","ui","Prioritizes passing with quickness as a secondary focus.","Prioriza el pase, con la agilidad como enfoque secundario.","","","medium","","",""
"buildAnalysis.presetAttackingFullbackDetail","buildAnalysis","ui","Assumes a full-back joining the attack. Prioritizes passing, with quickness as a secondary focus.","Supone un lateral que se suma al ataque. Prioriza el pase, con la agilidad como enfoque secundario.","","","medium","","",""
"buildAnalysis.presetDefensiveFullbackTitle","buildAnalysis","ui","Defensive Full-back","Lateral defensivo","","25","medium","","",""
"buildAnalysis.presetDefensiveFullbackShort","buildAnalysis","ui","Prioritizes defending.","Prioriza la defensa.","","29","medium","","",""
"buildAnalysis.presetDefensiveFullbackDetail","buildAnalysis","ui","Assumes a defense-focused full-back. Prioritizes defending. No other ability area is auto-set based on position alone.","Supone un lateral centrado en defender. Prioriza la defensa. Ninguna otra área de atributos se configura automáticamente solo por la posición.","","","medium","","",""
"buildAnalysis.presetSpeedBreakthroughTitle","buildAnalysis","ui","Speed Breakthrough","Desborde por velocidad","","24","medium","","",""
"buildAnalysis.presetSpeedBreakthroughShort","buildAnalysis","ui","Prioritizes quickness.","Prioriza la agilidad.","","29","medium","","",""
"buildAnalysis.presetSpeedBreakthroughDetail","buildAnalysis","ui","Prioritizes the quickness ability area (acceleration, speed).","Prioriza el área de atributos de agilidad (aceleración, velocidad).","","","medium","","",""
"buildAnalysis.presetRunInBehindTitle","buildAnalysis","ui","Run in Behind","Desmarque al espacio","","17","medium","","",""
"buildAnalysis.presetRunInBehindShort","buildAnalysis","ui","Prioritizes quickness with shooting as a secondary focus.","Prioriza la agilidad, con el disparo como enfoque secundario.","","","medium","","",""
"buildAnalysis.presetRunInBehindDetail","buildAnalysis","ui","Assumes running in behind the defense. Prioritizes quickness, with shooting as a secondary focus.","Supone desmarcarse a la espalda de la defensa. Prioriza la agilidad, con el disparo como enfoque secundario.","","","medium","","",""
"buildAnalysis.presetCounterOutletTitle","buildAnalysis","ui","Counterattack Outlet","Salida al contraataque","","26","medium","","",""
"buildAnalysis.presetCounterOutletShort","buildAnalysis","ui","Aims for counterattacking, prioritizing quickness with dribbling as a secondary focus.","Busca el contraataque, priorizando la agilidad, con el regate como enfoque secundario.","","","medium","","",""
"buildAnalysis.presetCounterOutletDetail","buildAnalysis","ui","Sets counterattacking as the primary goal, prioritizing quickness with dribbling as a secondary focus. Since counterattacking depends on team tactics, this is treated as reference information in single-build analysis.","Fija el contraataque como objetivo principal, priorizando la agilidad, con el regate como enfoque secundario. Como el contraataque depende de la táctica del equipo, en el análisis de una sola build se trata como información de referencia.","","","medium","","",""
"buildAnalysis.presetSprintDownWingTitle","buildAnalysis","ui","Sprint Down the Wing","Galopar por la banda","","26","medium","","",""
"buildAnalysis.presetSprintDownWingShort","buildAnalysis","ui","Prioritizes quickness with passing as a secondary focus.","Prioriza la agilidad, con el pase como enfoque secundario.","","","medium","","",""
"buildAnalysis.presetSprintDownWingDetail","buildAnalysis","ui","Assumes sprinting down the wing. Prioritizes quickness, with passing as a secondary focus.","Supone correr por la banda a toda velocidad. Prioriza la agilidad, con el pase como enfoque secundario.","","","medium","","",""
"buildAnalysis.presetAerialSpecialistTitle","buildAnalysis","ui","Aerial Specialist","Especialista aéreo","","23","medium","","",""
"buildAnalysis.presetAerialSpecialistShort","buildAnalysis","ui","Prioritizes aerial strength.","Prioriza el juego aéreo.","","","medium","","",""
"buildAnalysis.presetAerialSpecialistDetail","buildAnalysis","ui","Prioritizes the aerial strength ability area (heading, jumping, physical contact).","Prioriza el área de atributos de juego aéreo (cabeceo, salto, contacto físico).","","","medium","","",""
"buildAnalysis.presetTargetManTitle","buildAnalysis","ui","Target Man","Delantero referencia","","13","medium","","",""
"buildAnalysis.presetTargetManShort","buildAnalysis","ui","Prioritizes aerial strength with lower body strength as a secondary focus.","Prioriza el juego aéreo, con la fuerza de piernas como enfoque secundario.","","","medium","","",""
"buildAnalysis.presetTargetManDetail","buildAnalysis","ui","Assumes being the target man up front. Prioritizes aerial strength, with lower body strength as a secondary focus.","Supone ser el delantero referencia arriba. Prioriza el juego aéreo, con la fuerza de piernas como enfoque secundario.","","","medium","","",""
"buildAnalysis.presetPostPlayTitle","buildAnalysis","ui","Post-Up Play","Juego de espaldas","","16","medium","","",""
"buildAnalysis.presetPostPlayShort","buildAnalysis","ui","Aims for possession, prioritizing lower body strength with dribbling as a secondary focus.","Busca la posesión, priorizando la fuerza de piernas, con el regate como enfoque secundario.","","","medium","","",""
"buildAnalysis.presetPostPlayDetail","buildAnalysis","ui","Assumes holding up the ball with your back to goal. Sets possession as the primary goal, prioritizes lower body strength, with dribbling as a secondary focus.","Supone aguantar el balón de espaldas a la portería. Fija la posesión como objetivo principal, prioriza la fuerza de piernas y tiene el regate como enfoque secundario.","","","medium","","",""
"buildAnalysis.presetResistPhysicalContactTitle","buildAnalysis","ui","Resist Physical Contact","Resistir el contacto físico","","30","medium","","",""
"buildAnalysis.presetResistPhysicalContactShort","buildAnalysis","ui","Prioritizes lower body strength.","Prioriza la fuerza de piernas.","","","medium","","",""
"buildAnalysis.presetResistPhysicalContactDetail","buildAnalysis","ui","Prioritizes the lower body strength ability area (kicking power, balance, stamina).","Prioriza el área de atributos de fuerza de piernas (potencia de tiro, equilibrio, resistencia).","","","medium","","",""
"buildAnalysis.presetBallWinningSpecialistTitle","buildAnalysis","ui","Ball-Winning Specialist","Especialista en recuperar balones","","30","medium","","",""
"buildAnalysis.presetBallWinningSpecialistShort","buildAnalysis","ui","Prioritizes defending.","Prioriza la defensa.","","29","medium","","",""
"buildAnalysis.presetBallWinningSpecialistDetail","buildAnalysis","ui","Prioritizes the defending ability area (defensive awareness, tackling, ball winning).","Prioriza el área de atributos de defensa (actitud defensiva, recuperación de balón, robo de balón).","","","medium","","",""
"buildAnalysis.presetMidfieldDestroyerTitle","buildAnalysis","ui","Midfield Destroyer","Destructor en el medio","","24","medium","","",""
"buildAnalysis.presetMidfieldDestroyerShort","buildAnalysis","ui","Prioritizes defending with lower body strength as a secondary focus.","Prioriza la defensa, con la fuerza de piernas como enfoque secundario.","","","medium","","",""
"buildAnalysis.presetMidfieldDestroyerDetail","buildAnalysis","ui","Assumes breaking up attacks in midfield. Prioritizes defending, with lower body strength as a secondary focus.","Supone cortar ataques en el centro del campo. Prioriza la defensa, con la fuerza de piernas como enfoque secundario.","","","medium","","",""
"buildAnalysis.presetManMarkingFocusTitle","buildAnalysis","ui","Man-Marking Focus","Enfoque en marcaje individual","","23","medium","","",""
"buildAnalysis.presetManMarkingFocusShort","buildAnalysis","ui","Prioritizes defending with quickness as a secondary focus.","Prioriza la defensa, con la agilidad como enfoque secundario.","","","medium","","",""
"buildAnalysis.presetManMarkingFocusDetail","buildAnalysis","ui","Assumes strong one-on-one defending. Prioritizes defending, with quickness as a secondary focus.","Supone una defensa sólida en el uno contra uno. Prioriza la defensa, con la agilidad como enfoque secundario.","","","medium","","",""
"buildAnalysis.presetBacklineStabilityTitle","buildAnalysis","ui","Backline Stability","Solidez de la zaga","","24","medium","","",""
"buildAnalysis.presetBacklineStabilityShort","buildAnalysis","ui","Prioritizes defending with aerial strength as a secondary focus.","Prioriza la defensa, con el juego aéreo como enfoque secundario.","","","medium","","",""
"buildAnalysis.presetBacklineStabilityDetail","buildAnalysis","ui","Assumes stabilizing the back line. Prioritizes defending, with aerial strength as a secondary focus.","Supone dar estabilidad a la línea defensiva. Prioriza la defensa, con el juego aéreo como enfoque secundario.","","","medium","","",""
"buildAnalysis.presetShotStoppingFocusTitle","buildAnalysis","ui","Shot-Stopping Focus","Enfoque en paradas","","25","medium","","",""
"buildAnalysis.presetShotStoppingFocusShort","buildAnalysis","ui","Prioritizes Goalkeeping 1 (reflexes).","Prioriza Portero 1 (reflejos).","","","medium","","",""
"buildAnalysis.presetShotStoppingFocusDetail","buildAnalysis","ui","Prioritizes the Goalkeeping 1 ability area (GK awareness, GK reflexes). Since there is no dedicated GK primary goal in the existing model, the primary goal is treated as reference-only (""other"").","Prioriza el área de atributos Portero 1 (actitud de portero, reflejos de portero). Como el modelo actual no tiene un objetivo principal específico para porteros, el objetivo principal se trata solo como referencia (""otro"").","","","medium","","",""
"buildAnalysis.presetHighBallFocusTitle","buildAnalysis","ui","High Ball Handling","Dominio del balón aéreo","","24","medium","","",""
"buildAnalysis.presetHighBallFocusShort","buildAnalysis","ui","Prioritizes Goalkeeping 3 (reach).","Prioriza Portero 3 (alcance).","","","medium","","",""
"buildAnalysis.presetHighBallFocusDetail","buildAnalysis","ui","Prioritizes the Goalkeeping 3 ability area (reach). The primary goal is treated as reference-only (""other"").","Prioriza el área de atributos Portero 3 (alcance). El objetivo principal se trata solo como referencia (""otro"").","","","medium","","",""
"buildAnalysis.presetCatchingFocusTitle","buildAnalysis","ui","Catching Focus","Enfoque en atajadas","","19","medium","","",""
"buildAnalysis.presetCatchingFocusShort","buildAnalysis","ui","Prioritizes Goalkeeping 2 (catching).","Prioriza Portero 2 (atajada).","","","medium","","",""
"buildAnalysis.presetCatchingFocusDetail","buildAnalysis","ui","Prioritizes the Goalkeeping 2 ability area (catching, parrying). The primary goal is treated as reference-only (""other"").","Prioriza el área de atributos Portero 2 (atajada, despeje). El objetivo principal se trata solo como referencia (""otro"").","","","medium","","",""
"buildAnalysis.presetSweeperKeeperTitle","buildAnalysis","ui","Sweeper Keeper","Portero líbero","","19","medium","","",""
"buildAnalysis.presetSweeperKeeperShort","buildAnalysis","ui","Prioritizes Goalkeeping 1 with Goalkeeping 3 as a secondary focus.","Prioriza Portero 1, con Portero 3 como enfoque secundario.","","","medium","","",""
"buildAnalysis.presetSweeperKeeperDetail","buildAnalysis","ui","Assumes actively coming off the line. Prioritizes Goalkeeping 1, with Goalkeeping 3 as a secondary focus. The primary goal is treated as reference-only (""other"").","Supone salir activamente de la portería. Prioriza Portero 1, con Portero 3 como enfoque secundario. El objetivo principal se trata solo como referencia (""otro"").","","","medium","","",""
"buildAnalysis.presetDistributingGkTitle","buildAnalysis","ui","Distributing Goalkeeper","Portero distribuidor","","30","medium","","",""
"buildAnalysis.presetDistributingGkShort","buildAnalysis","ui","Prioritizes passing with Goalkeeping 1 as a secondary focus.","Prioriza el pase, con Portero 1 como enfoque secundario.","","","medium","","",""
"buildAnalysis.presetDistributingGkDetail","buildAnalysis","ui","Assumes also contributing to distribution. Prioritizes passing, with Goalkeeping 1 as a secondary focus.","Supone contribuir también a la distribución. Prioriza el pase, con Portero 1 como enfoque secundario.","","","medium","","",""
"buildAnalysis.presetBalancedTypeTitle","buildAnalysis","ui","Balanced Type","Tipo equilibrado","","17","medium","","",""
"buildAnalysis.presetBalancedTypeShort","buildAnalysis","ui","Choose this for even, balanced allocation without focusing on a single area.","Elige esta opción para una asignación pareja y equilibrada sin centrarte en una sola área.","","","medium","","",""
"buildAnalysis.presetBalancedTypeDetail","buildAnalysis","ui","Does not prioritize any single ability area. Treats the primary goal as balanced.","No prioriza ninguna área de atributos concreta. Trata el objetivo principal como equilibrado.","","","medium","","",""
"buildAnalysis.presetAttackLeaningBalanceTitle","buildAnalysis","ui","Attack-Leaning Balanced Type","Equilibrado con tendencia ofensiva","","37","medium","","",""
"buildAnalysis.presetAttackLeaningBalanceShort","buildAnalysis","ui","Keeps the primary goal balanced, with shooting and dribbling as secondary focuses.","Mantiene el objetivo principal equilibrado, con el disparo y el regate como enfoques secundarios.","","","medium","","",""
"buildAnalysis.presetAttackLeaningBalanceDetail","buildAnalysis","ui","Treats the primary goal as balanced while giving secondary focus to shooting and dribbling.","Trata el objetivo principal como equilibrado y da un enfoque secundario al disparo y al regate.","","","medium","","",""
"buildAnalysis.presetDefenseLeaningBalanceTitle","buildAnalysis","ui","Defense-Leaning Balanced Type","Equilibrado con tendencia defensiva","","38","medium","","",""
"buildAnalysis.presetDefenseLeaningBalanceShort","buildAnalysis","ui","Keeps the primary goal balanced, with defending and aerial strength as secondary focuses.","Mantiene el objetivo principal equilibrado, con la defensa y el juego aéreo como enfoques secundarios.","","","medium","","",""
"buildAnalysis.presetDefenseLeaningBalanceDetail","buildAnalysis","ui","Treats the primary goal as balanced while giving secondary focus to defending and aerial strength.","Trata el objetivo principal como equilibrado y da un enfoque secundario a la defensa y al juego aéreo.","","","medium","","",""
"buildAnalysis.presetSectionHeading","buildAnalysis","ui","Training Intent","Intención de entrenamiento","","20","medium","","",""
"buildAnalysis.presetSearchLabel","buildAnalysis","ui","Search training intents","Buscar intenciones de entrenamiento","","30","medium","","",""
"buildAnalysis.presetSearchPlaceholder","buildAnalysis","ui","e.g. cross, dribbling, defending","p. ej. centro, regate, defensa","","42","medium","","",""
"buildAnalysis.presetSearchNoResults","buildAnalysis","ui","No matching training intent was found. Choose from a category, or use the detailed settings.","No se encontró ninguna intención de entrenamiento. Elige una categoría o usa los ajustes detallados.","","","medium","","",""
"buildAnalysis.presetRecommendedHeading","buildAnalysis","ui","Recommended Intents","Intenciones recomendadas","","25","medium","","",""
"buildAnalysis.presetCategoryFilterLabel","buildAnalysis","ui","Filter by category","Filtrar por categoría","","24","medium","","",""
"buildAnalysis.presetCategoryAllLabel","buildAnalysis","ui","All","Todas","","12","medium","","",""
"buildAnalysis.presetPrimaryAbilityAreasLabel","buildAnalysis","ui","Ability areas this affects","Áreas de atributos afectadas","","34","medium","","",""
"buildAnalysis.presetMainSelectLabel","buildAnalysis","ui","Select as main intent","Elegir como intención principal","","28","medium","","",""
"buildAnalysis.presetMainSelectedBadge","buildAnalysis","ui","Main Intent","Intención principal","","15","medium","","",""
"buildAnalysis.presetSubSelectLabel","buildAnalysis","ui","Select as sub intent","Elegir como intención secundaria","","26","medium","","",""
"buildAnalysis.presetSubSelectedBadge","buildAnalysis","ui","Sub Intent","Intención secundaria","","13","medium","","",""
"buildAnalysis.presetSubMaxReachedNotice","buildAnalysis","ui","You can select up to 2 sub intents.","Puedes elegir hasta 2 intenciones secundarias.","","","medium","","",""
"buildAnalysis.presetClearSelectionLabel","buildAnalysis","ui","Clear selection","Borrar selección","","20","medium","","",""
"buildAnalysis.presetPreviewHeading","buildAnalysis","ui","Settings Preview","Vista previa de ajustes","","21","medium","","",""
"buildAnalysis.presetPreviewMainLabel","buildAnalysis","ui","Selected training intent","Intención de entrenamiento elegida","","32","medium","","",""
"buildAnalysis.presetPreviewSubLabel","buildAnalysis","ui","Selected sub intents","Intenciones secundarias elegidas","","26","medium","","",""
"buildAnalysis.presetPreviewNoneSelectedText","buildAnalysis","ui","None selected","Nada seleccionado","","17","medium","","",""
"buildAnalysis.presetPreviewDerivedHeading","buildAnalysis","ui","What this sets","Lo que se configura","","19","medium","","",""
"buildAnalysis.presetSourcePresetLabel","buildAnalysis","ui","Set by preset","Configurado por el preajuste","","17","medium","","",""
"buildAnalysis.presetSourceUserLabel","buildAnalysis","ui","Changed by you","Cambiado por ti","","19","medium","","",""
"buildAnalysis.presetSourceUnspecifiedLabel","buildAnalysis","ui","Unspecified","Sin especificar","","15","medium","","",""
"buildAnalysis.presetDetailSettingsToggleLabel","buildAnalysis","ui","Adjust the Settings Created From Your Intent","Ajustar la configuración creada a partir de tu intención","","58","medium","","",""
"buildAnalysis.presetResetToPresetDefaultsLabel","buildAnalysis","ui","Reset to Intent Defaults","Restablecer valores de la intención","","32","medium","","",""
"buildAnalysis.presetDiscardManualEditsLabel","buildAnalysis","ui","Discard All Manual Edits","Descartar todos los cambios manuales","","32","medium","","",""
"buildAnalysis.presetConflictHeading","buildAnalysis","ui","Your Selected Intent Conflicts With Detailed Settings","La intención elegida entra en conflicto con los ajustes detallados","","69","medium","","",""
"buildAnalysis.presetConflictTargetLabel","buildAnalysis","ui","Affected area","Área afectada","","17","medium","","",""
"buildAnalysis.presetConflictMainGoalLabel","buildAnalysis","ui","Selected intent","Intención elegida","","20","medium","","",""
"buildAnalysis.presetConflictManualSettingLabel","buildAnalysis","ui","Detailed setting","Ajuste detallado","","21","medium","","",""
"buildAnalysis.presetConflictUsePresetLabel","buildAnalysis","ui","Use the Intent's Setting","Usar el ajuste de la intención","","32","medium","","",""
"buildAnalysis.presetConflictUseManualLabel","buildAnalysis","ui","Use My Manual Setting","Usar mi ajuste manual","","28","medium","","",""
"buildAnalysis.presetConflictEditManualLabel","buildAnalysis","ui","Edit in Detailed Settings","Editar en ajustes detallados","","33","medium","","",""
"buildAnalysis.presetConflictBlocksConfirmNotice","buildAnalysis","ui","You cannot confirm ""Analyze with This Intent"" until the conflict is resolved.","No puedes confirmar ""Analizar con esta intención"" hasta resolver el conflicto.","","","high","","",""
"buildAnalysis.presetConfirmButtonLabel","buildAnalysis","ui","Analyze with This Intent","Analizar con esta intención","","32","high","","",""
"buildAnalysis.presetConfirmedNoticeHeading","buildAnalysis","ui","This evaluation uses your selected training intent.","Esta evaluación usa la intención de entrenamiento que elegiste.","","67","high","","",""
"buildAnalysis.presetConfirmedMainLabel","buildAnalysis","ui","Selected training intent","Intención de entrenamiento elegida","","32","high","","",""
"buildAnalysis.presetConfirmedSubLabel","buildAnalysis","ui","Sub intents","Intenciones secundarias","","15","high","","",""
"buildAnalysis.presetConfirmedUserModifiedLabel","buildAnalysis","ui","Manual changes","Cambios manuales","","19","high","","",""
"buildAnalysis.presetConfirmedUserModifiedYes","buildAnalysis","ui","Yes","Sí","","12","high","","",""
"buildAnalysis.presetConfirmedUserModifiedNo","buildAnalysis","ui","No","No","","12","high","","",""
"buildAnalysis.presetReturnToGeneralAnalysisLabel","buildAnalysis","ui","Return to General Analysis","Volver al análisis general","","34","medium","","",""
"buildAnalysis.presetChangeIntentButtonLabel","buildAnalysis","ui","Change Intent","Cambiar intención","","17","medium","","",""
"buildAnalysis.presetChangedNotConfirmedNotice","buildAnalysis","ui","Your training intent selection has changed. The current evaluation still uses the previously confirmed intent.","Tu selección de intención de entrenamiento ha cambiado. La evaluación actual sigue usando la intención confirmada anteriormente.","","","high","","",""
"buildAnalysis.presetChangedCurrentSelectionLabel","buildAnalysis","ui","Currently selected intent","Intención seleccionada ahora","","33","medium","","",""
"buildAnalysis.presetChangedInUseLabel","buildAnalysis","ui","Intent used in the current evaluation","Intención usada en la evaluación actual","","49","medium","","",""
"buildAnalysis.presetAnalyzeWithNewLabel","buildAnalysis","ui","Analyze With the New Intent","Analizar con la nueva intención","","36","medium","","",""
"buildAnalysis.presetRevertToPreviousLabel","buildAnalysis","ui","Revert to the Previous Intent","Volver a la intención anterior","","38","medium","","",""
"buildAnalysis.presetDetailChangedNotice","buildAnalysis","ui","Your detailed settings have changed. Apply the new settings to the evaluation.","Tus ajustes detallados han cambiado. Aplica los nuevos ajustes a la evaluación.","","","medium","","",""
"buildAnalysis.presetAnalyzeWithChangedSettingsLabel","buildAnalysis","ui","Analyze With the Changed Settings","Analizar con los ajustes cambiados","","43","medium","","",""
"buildAnalysis.presetRevertDetailChangesLabel","buildAnalysis","ui","Revert the Changes","Deshacer los cambios","","24","medium","","",""
"buildAnalysis.presetDeselectedNotice","buildAnalysis","ui","Your training intent selection has been cleared. Update to fall back to general analysis only.","Se ha borrado tu selección de intención de entrenamiento. Actualiza para volver solo al análisis general.","","","medium","","",""
"buildAnalysis.presetKeepPreviousSelectionLabel","buildAnalysis","ui","Keep the Previous Intent","Mantener la intención anterior","","32","medium","","",""
"buildAnalysis.presetReflectionHeading","buildAnalysis","ui","Settings Used in the Evaluation","Ajustes usados en la evaluación","","41","medium","","",""
"buildAnalysis.presetReflectionSourceLabel","buildAnalysis","ui","Source","Origen","","12","medium","","",""
"buildAnalysis.presetReflectionSourcePresetPlusUser","buildAnalysis","ui","Preset + Manual Changes","Preajuste + cambios manuales","","30","medium","","",""
"buildAnalysis.presetReflectionSourcePresetOnly","buildAnalysis","ui","Preset Only","Solo preajuste","","15","medium","","",""
"buildAnalysis.presetReflectionSourceManualOnly","buildAnalysis","ui","Manual Settings Only","Solo ajustes manuales","","26","medium","","",""
"buildAnalysis.presetReflectionSourceNone","buildAnalysis","ui","Not Set","Sin configurar","","12","medium","","",""
"buildAnalysis.presetReflectionStatusLabel","buildAnalysis","ui","Status","Estado","","12","medium","","",""
"buildAnalysis.presetReflectionStatusConfirmed","buildAnalysis","ui","Confirmed","Confirmado","","12","high","","",""
"buildAnalysis.presetReflectionUnconfirmedNotice","buildAnalysis","ui","There are unconfirmed changes","Hay cambios sin confirmar","","","high","","",""
"buildAnalysis.presetReflectionUnconfirmedMainChange","buildAnalysis","ui","Main intent","Intención principal","","15","high","","",""
"buildAnalysis.presetReflectionUnconfirmedDetailChange","buildAnalysis","ui","Detailed settings","Ajustes detallados","","23","high","","",""
"buildAnalysis.presetCarriedOverNotice","buildAnalysis","ui","Your training intent has carried over to another build on the same card.","Tu intención de entrenamiento se ha trasladado a otra build de la misma carta.","","","medium","","",""
"buildAnalysis.buildIntentStatusNotInputText","buildAnalysis","ui","Not Entered","Sin introducir","","15","medium","","",""
"buildAnalysis.buildIntentStatusNotAnalyzedText","buildAnalysis","ui","Not Analyzed","Sin analizar","","16","medium","","",""
"buildAnalysis.buildIntentStatusAnalyzingText","buildAnalysis","ui","Analyzing","Analizando","","12","medium","","",""
"buildAnalysis.buildIntentStatusAwaitingConfirmationText","buildAnalysis","ui","Awaiting Confirmation","Pendiente de confirmar","","28","high","","",""
"buildAnalysis.buildIntentStatusConfirmedText","buildAnalysis","ui","Confirmed","Confirmada","","12","high","","",""
"buildAnalysis.buildIntentStatusStaleText","buildAnalysis","ui","Outdated (Input Changed)","Desactualizada (texto cambiado)","","32","medium","","",""
"buildAnalysis.buildIntentStatusFailedText","buildAnalysis","ui","Analysis Failed","Error en el análisis","","20","high","","",""
"buildAnalysis.buildIntentStatusNotConfiguredText","buildAnalysis","ui","Analysis Not Configured","Análisis no configurado","","30","medium","","",""
"buildAnalysis.buildIntentStatusManualText","buildAnalysis","ui","Using Manual Settings","Usando ajustes manuales","","28","medium","","",""
"buildAnalysis.intentUserNoteCounterTemplate","buildAnalysis","ui","{count} / {max} characters","{count} / {max} caracteres","","","medium","","",""
"buildAnalysis.intentGoalUnspecified","buildAnalysis","ui","Unspecified","Sin especificar","","15","medium","","",""
"buildAnalysis.intentGoalScoring","buildAnalysis","ui","Scoring","Goles","","12","medium","","",""
"buildAnalysis.intentGoalDribbling","buildAnalysis","ui","Dribbling","Regate","","12","medium","","",""
"buildAnalysis.intentGoalPassing","buildAnalysis","ui","Passing / Chance Creation","Pase / creación de ocasiones","","","medium","","",""
"buildAnalysis.intentGoalSpeed","buildAnalysis","ui","Speed","Velocidad","","12","medium","","",""
"buildAnalysis.intentGoalPossession","buildAnalysis","ui","Ball Possession","Posesión del balón","","20","medium","","",""
"buildAnalysis.intentGoalPhysical","buildAnalysis","ui","Physical","Físico","","12","medium","","",""
"buildAnalysis.intentGoalAerial","buildAnalysis","ui","Aerial","Juego aéreo","","12","medium","","",""
"buildAnalysis.intentGoalDefense","buildAnalysis","ui","Defense","Defensa","","12","medium","","",""
"buildAnalysis.intentGoalPress","buildAnalysis","ui","Press","Presión","","12","medium","","",""
"buildAnalysis.intentGoalCounter","buildAnalysis","ui","Counter-Attack","Contraataque","","19","medium","","",""
"buildAnalysis.intentGoalBalance","buildAnalysis","ui","Balance","Equilibrio","","12","medium","","",""
"buildAnalysis.intentGoalOther","buildAnalysis","ui","Other","Otro","","12","medium","","",""
"buildAnalysis.intentReflectionHeading","buildAnalysis","ui","How Your Input Is Reflected","Cómo se refleja lo que indicaste","","36","medium","","",""
"buildAnalysis.intentReflectionUnspecifiedToggleLabel","buildAnalysis","ui","See other unspecified items","Ver otros elementos sin especificar","","36","medium","","",""
"buildAnalysis.intentReflectionFieldPrimaryGoal","buildAnalysis","ui","Central Analysis Goal","Objetivo central del análisis","","28","medium","","",""
"buildAnalysis.intentReflectionFieldPosition","buildAnalysis","ui","Intended Position","Posición prevista","","23","medium","","",""
"buildAnalysis.intentReflectionFieldPriorityGroups","buildAnalysis","ui","Priority Areas","Áreas prioritarias","","19","medium","","",""
"buildAnalysis.intentReflectionFieldLowerPriorityGroups","buildAnalysis","ui","Lower-Priority Areas","Áreas de menor prioridad","","26","medium","","",""
"buildAnalysis.intentReflectionFieldAvoidOverinvestmentGroups","buildAnalysis","ui","Areas to Avoid Overinvesting In","Áreas en las que evitar sobreinvertir","","","medium","","",""
"buildAnalysis.intentReflectionFieldIntentionallyIgnoredGroups","buildAnalysis","ui","Excluded From This Evaluation","Excluido de esta evaluación","","","medium","","",""
"buildAnalysis.intentReflectionFieldComparisonTarget","buildAnalysis","ui","Comparison Intent","Intención de la comparación","","23","medium","","",""
"buildAnalysis.intentReflectionFieldFreeText","buildAnalysis","ui","Build Intent","Intención de la build","","16","medium","","",""
"buildAnalysis.intentReflectionFieldStrengthsToPreserve","buildAnalysis","ui","Strengths to preserve","Puntos fuertes a conservar","","28","medium","","",""
"buildAnalysis.intentReflectionStatusUsed","buildAnalysis","ui","Used in Analysis","Usado en el análisis","","21","medium","","",""
"buildAnalysis.intentReflectionStatusReferenceOnly","buildAnalysis","ui","Reference Only","Solo referencia","","19","medium","","",""
"buildAnalysis.intentReflectionStatusDisplayOnly","buildAnalysis","ui","Displayed Only, Not Analyzed","Solo se muestra, no se analiza","","","medium","","",""
"buildAnalysis.intentReflectionStatusNotSpecified","buildAnalysis","ui","Not Specified","Sin especificar","","17","medium","","",""
"buildAnalysis.intentReflectionStatusLimitedByData","buildAnalysis","ui","Limited by Missing Data","Limitado por falta de datos","","30","medium","","",""
"buildAnalysis.intentAlignmentLabel","buildAnalysis","ui","Intent Alignment","Ajuste a la intención","","21","medium","","",""
"buildAnalysis.intentAlignmentHigh","buildAnalysis","ui","High","Alto","","12","medium","","",""
"buildAnalysis.intentAlignmentMostlyAligned","buildAnalysis","ui","Mostly Aligned","Mayormente ajustado","","19","medium","","",""
"buildAnalysis.intentAlignmentPartiallyAligned","buildAnalysis","ui","Partially Aligned","Parcialmente ajustado","","23","medium","","",""
"buildAnalysis.intentAlignmentPoorlyAligned","buildAnalysis","ui","Poorly Aligned","Poco ajustado","","19","medium","","",""
"buildAnalysis.intentAlignmentInsufficientInformation","buildAnalysis","ui","Insufficient Information","Información insuficiente","","32","medium","","",""
"buildAnalysis.generalEvaluationHeading","buildAnalysis","ui","General Build Evaluation","Evaluación general de la build","","32","medium","","",""
"buildAnalysis.intentEvaluationHeading","buildAnalysis","ui","Evaluation Against Your Intent","Evaluación según tu intención","","39","medium","","",""
"buildAnalysis.intentEvaluationEmptyGuidance","buildAnalysis","ui","Select a primary goal or priority areas to evaluate how well this build matches your intent.","Elige un objetivo principal o áreas prioritarias para evaluar cuánto se ajusta esta build a tu intención.","","","medium","","",""
"buildAnalysis.intentConclusionHeading","buildAnalysis","ui","Conclusion","Conclusión","","13","medium","","",""
"buildAnalysis.intentAlignedHeading","buildAnalysis","ui","Achievements Aligned with Your Intent","Logros acordes con tu intención","","49","medium","","",""
"buildAnalysis.intentMisalignmentHeading","buildAnalysis","ui","Clear Mismatches With Your Intent","Desajustes claros con tu intención","","43","medium","","",""
"buildAnalysis.intentOverinvestmentHeading","buildAnalysis","ui","Possible Overinvestment for This Intent","Posible sobreinversión para esta intención","","51","medium","","",""
"buildAnalysis.intentAcceptableLowHeading","buildAnalysis","ui","Not a Concern for This Use Case","No es un problema para este uso","","41","medium","","",""
"buildAnalysis.intentNotAProblemHeading","buildAnalysis","ui","Areas Not Treated as a Problem for This Use Case","Áreas que no se consideran un problema para este uso","","63","medium","","",""
"buildAnalysis.intentComparisonHeading","buildAnalysis","ui","Fit vs Other Builds for This Card","Ajuste frente a otras builds de esta carta","","43","medium","","",""
"buildAnalysis.intentImprovementHeading","buildAnalysis","ui","Improvement Priorities for This Intent","Prioridades de mejora para esta intención","","50","medium","","",""
"buildAnalysis.intentFinalHeading","buildAnalysis","ui","Final Verdict","Veredicto final","","17","medium","","",""
"buildAnalysis.intentNoneText","buildAnalysis","ui","None","Ninguno","","12","medium","","",""
"buildAnalysis.buildIntentEvidenceHeading","buildAnalysis","ui","Text That Supports This Reading","Texto en el que se basa esta lectura","","41","medium","","",""
"buildAnalysis.intentContextTemplate","buildAnalysis","ui","a build aimed at {goal}","una build orientada a {goal}","","30","medium","","",""
"buildAnalysis.intentContextWithPositionTemplate","buildAnalysis","ui","a build aimed at {goal} as {position}","una build orientada a {goal} como {position}","","","medium","","",""
"buildAnalysis.intentConclusionWithIssueTemplate","buildAnalysis","ui","Conclusion: This is {context}, but {issue}","Conclusión: es {context}, pero {issue}","","","medium","","",""
"buildAnalysis.intentConclusionNoIssueTemplate","buildAnalysis","ui","Conclusion: This is {context}, and allocation to your priority areas is broadly aligned with your intent.","Conclusión: es {context}, y la asignación a tus áreas prioritarias se ajusta en general a tu intención.","","","medium","","",""
"buildAnalysis.intentConclusionIssueNotReflectedTemplate","buildAnalysis","ui","allocation to {category}, which relates to your primary goal, is not reflected yet.","la asignación a {category}, relacionada con tu objetivo principal, aún no se refleja.","","","medium","","",""
"buildAnalysis.intentConclusionIssueUnderprioritizedTemplate","buildAnalysis","ui","allocation to {category}, which relates to your primary goal, is weaker than your other priority areas.","la asignación a {category}, relacionada con tu objetivo principal, es menor que la de tus otras áreas prioritarias.","","","medium","","",""
"buildAnalysis.intentConclusionIssueAvoidOverinvestmentTemplate","buildAnalysis","ui","allocation to {category}, which you asked not to overinvest in, has become large.","la asignación a {category}, en la que pediste no sobreinvertir, se ha vuelto grande.","","","medium","","",""
"buildAnalysis.intentConclusionIssueOverinvestmentTemplate","buildAnalysis","ui","allocation to {category}, which isn't a priority, has become large.","la asignación a {category}, que no es prioritaria, se ha vuelto grande.","","","medium","","",""
"buildAnalysis.intentConclusionAlignmentHigh","buildAnalysis","ui","The allocation priority matches your intent well.","La prioridad de la asignación se ajusta bien a tu intención.","","","medium","","",""
"buildAnalysis.intentConclusionAlignmentMostlyAligned","buildAnalysis","ui","The allocation priority is broadly aligned with your intent.","La prioridad de la asignación se ajusta en general a tu intención.","","","medium","","",""
"buildAnalysis.intentConclusionAlignmentPartiallyAligned","buildAnalysis","ui","The allocation priority isn't fully aligned with your intent.","La prioridad de la asignación no se ajusta del todo a tu intención.","","","medium","","",""
"buildAnalysis.intentConclusionAlignmentPoorlyAligned","buildAnalysis","ui","The allocation priority is significantly off from your intent.","La prioridad de la asignación se aleja bastante de tu intención.","","","medium","","",""
"buildAnalysis.intentConclusionAlignmentInsufficientInformation","buildAnalysis","ui","With the current data, it isn't possible to fully judge whether the allocation priority matches your intent.","Con los datos actuales no es posible juzgar del todo si la prioridad de la asignación se ajusta a tu intención.","","","medium","","",""
"buildAnalysis.intentConclusionAlignmentAndImprovementTemplate","buildAnalysis","ui","{alignment} The top improvement candidate is {category}.","{alignment} La principal mejora candidata es {category}.","","","medium","","",""
"buildAnalysis.intentAlignedGroupStronglyWithAbilitiesTemplate","buildAnalysis","ui","{categories} were marked as priority areas, and related abilities — including {abilityList} — have actually improved, aligning well with your intent.","{categories} se marcaron como áreas prioritarias y los atributos relacionados, como {abilityList}, han mejorado de verdad, en buena sintonía con tu intención.","","","medium","","",""
"buildAnalysis.intentAlignedGroupStronglyTemplate","buildAnalysis","ui","{categories} were marked as priority areas and are being strengthened as allocated, aligning well with your intent.","{categories} se marcaron como áreas prioritarias y se están reforzando según lo asignado, en buena sintonía con tu intención.","","","medium","","",""
"buildAnalysis.intentAlignedGroupMostlyWithAbilitiesTemplate","buildAnalysis","ui","{categories} were marked as priority areas, and related abilities — including {abilityList} — show confirmed improvement, broadly aligning with your intent.","{categories} se marcaron como áreas prioritarias y los atributos relacionados, como {abilityList}, muestran una mejora confirmada, en general acorde con tu intención.","","","medium","","",""
"buildAnalysis.intentAlignedGroupMostlyTemplate","buildAnalysis","ui","{categories} were marked as priority areas and broadly align with your intent.","{categories} se marcaron como áreas prioritarias y en general se ajustan a tu intención.","","","medium","","",""
"buildAnalysis.intentAlignedNoneText","buildAnalysis","ui","No priority area can currently be described as clearly aligned with your intent.","Por ahora ningún área prioritaria puede describirse como claramente ajustada a tu intención.","","","medium","","",""
"buildAnalysis.intentMisalignmentNoneText","buildAnalysis","ui","No allocation currently stands out as significantly off from your intent.","Por ahora ninguna asignación destaca por alejarse mucho de tu intención.","","","medium","","",""
"buildAnalysis.intentNotAProblemNoneText","buildAnalysis","ui","No areas are marked as lower priority.","No hay áreas marcadas como de menor prioridad.","","","medium","","",""
"buildAnalysis.intentAbilityDeltaItemTemplate","buildAnalysis","ui","{ability}{delta}","{ability}{delta}","","21","medium","","",""
"buildAnalysis.intentAbilityListSeparator","buildAnalysis","ui",", ",", ","","12","medium","","",""
"buildAnalysis.intentFindingPriorityNotReflected","buildAnalysis","ui","You marked {category} as a priority, but there's currently no allocation to it. Check whether the priorities match your intent.","Marcaste {category} como prioridad, pero ahora mismo no tiene asignación. Comprueba si las prioridades se ajustan a tu intención.","","","medium","","",""
"buildAnalysis.intentFindingPriorityUnderprioritized","buildAnalysis","ui","There is allocation to your priority area, {category}, but it's lower than your other priority areas, making it too weak to serve as the main focus for your intent.","Hay asignación a tu área prioritaria {category}, pero es menor que la de tus otras áreas prioritarias, demasiado débil para ser el foco principal de tu intención.","","","medium","","",""
"buildAnalysis.intentFindingPriorityInsufficientData","buildAnalysis","ui","Allocation to {category} is present, but ability data is insufficient, so its fit with your intent can't be judged.","Hay asignación a {category}, pero los datos de atributos son insuficientes, así que no se puede juzgar su ajuste a tu intención.","","","medium","","",""
"buildAnalysis.intentFindingPrimaryGoalReflected","buildAnalysis","ui","For a balance-focused intent, the allocation isn't concentrated on a specific area.","Para una intención centrada en el equilibrio, la asignación no se concentra en un área concreta.","","","medium","","",""
"buildAnalysis.intentFindingPrimaryGoalMismatch","buildAnalysis","ui","For a balance-focused intent, allocation to {category} stands out disproportionately.","Para una intención centrada en el equilibrio, la asignación a {category} destaca de forma desproporcionada.","","","medium","","",""
"buildAnalysis.intentFindingLowerPriorityLowAllocationGood","buildAnalysis","ui","Allocation to {category} is low, but since you marked it as lower priority for this intent, it isn't treated as a major concern.","La asignación a {category} es baja, pero como la marcaste como de menor prioridad para esta intención, no se considera un problema importante.","","","medium","","",""
"buildAnalysis.intentAcceptableLowOnlyTemplate","buildAnalysis","ui","{categories} are marked as lower priority, so they aren't treated as a major concern for this use case.","{categories} están marcadas como de menor prioridad, así que no se consideran un problema importante para este uso.","","","medium","","",""
"buildAnalysis.intentAcceptableExcludedOnlyTemplate","buildAnalysis","ui","{categories} are marked as excluded from this evaluation, so this low allocation isn't treated as a major concern.","{categories} están excluidas de esta evaluación, así que esta asignación baja no se considera un problema importante.","","","medium","","",""
"buildAnalysis.intentAcceptableLowAndExcludedTemplate","buildAnalysis","ui","{lowCategories} are marked as lower priority. {excludedCategories} are excluded from this evaluation, so these low allocations aren't treated as a major concern.","{lowCategories} están marcadas como de menor prioridad. {excludedCategories} están excluidas de esta evaluación, así que estas asignaciones bajas no se consideran un problema importante.","","","medium","","",""
"buildAnalysis.intentFindingNearComplete","buildAnalysis","ui","The allocation aligned with your intent is nearly complete, with few points remaining.","La asignación acorde con tu intención está casi completa y quedan pocos puntos.","","","medium","","",""
"buildAnalysis.intentFindingSpreadNotAProblem","buildAnalysis","ui","Allocation spans {count} areas, but since it is centered on your priority areas, this does not indicate an unclear purpose.","La asignación abarca {count} áreas, pero como se centra en tus áreas prioritarias, no indica un propósito poco claro.","","","medium","","",""
"buildAnalysis.intentFindingOverinvestmentOutsidePriorityNormal","buildAnalysis","ui","Allocation to {category} (notably {ability}), which isn't a priority, has become a large share. Whether this should take precedence over your intent is worth rechecking.","La asignación a {category} (sobre todo {ability}), que no es prioritaria, ocupa una parte grande. Conviene revisar si debería tener preferencia sobre tu intención.","","","medium","","",""
"buildAnalysis.intentFindingOverinvestmentOutsidePriorityHarsh","buildAnalysis","ui","{category} isn't one of your priority areas, yet related abilities such as {ability} were already high before training (avg. around {baseAverage}) and received heavy additional allocation. Whether this is really necessary for your intent is worth rechecking.","{category} no es una de tus áreas prioritarias, pero atributos relacionados como {ability} ya eran altos antes del entrenamiento (media de unos {baseAverage}) y recibieron mucha asignación adicional. Conviene revisar si de verdad es necesario para tu intención.","","","medium","","",""
"buildAnalysis.intentFindingGoalAuxiliaryOnly","buildAnalysis","ui","Press and counter-attack have limited evaluable scope from a single saved build's ability values alone. Treat this analysis as supplementary reference only.","La presión y el contraataque tienen un alcance evaluable limitado con solo los valores de atributos de una build guardada. Toma este análisis únicamente como referencia complementaria.","","","medium","","",""
"buildAnalysis.intentFindingInsufficientAbilityData","buildAnalysis","ui","Ability data is insufficient, so this intent-fit assessment is limited.","Los datos de atributos son insuficientes, así que esta valoración del ajuste a la intención es limitada.","","","medium","","",""
"buildAnalysis.intentFindingPriorityCountMany","buildAnalysis","ui","With {count} priority areas selected, a focused, intent-specific evaluation becomes limited.","Con {count} áreas prioritarias seleccionadas, una evaluación centrada en la intención concreta queda limitada.","","","medium","","",""
"buildAnalysis.intentFindingPriorityCountAll","buildAnalysis","ui","Every ability area is marked as a priority, so a per-intent priority ranking can't be determined.","Todas las áreas de atributos están marcadas como prioritarias, así que no se puede establecer un orden de prioridad según la intención.","","","medium","","",""
"buildAnalysis.intentFindingLowerPriorityCountMost","buildAnalysis","ui","With {count} areas marked as lower priority, there isn't enough remaining basis to judge what should be prioritized.","Con {count} áreas marcadas como de menor prioridad, no queda base suficiente para juzgar qué se debería priorizar.","","","medium","","",""
"buildAnalysis.intentComparisonCurrentCloserTemplate","buildAnalysis","ui","The current build may be closer to this intent than ""{siblingName}"".","La build actual puede estar más cerca de esta intención que ""{siblingName}"".","","","medium","","",""
"buildAnalysis.intentComparisonCurrentCloserDetailedTemplate","buildAnalysis","ui","The current build may be closer to this intent than ""{siblingName}"", with higher ability in priority areas including {abilityList}.","La build actual puede estar más cerca de esta intención que ""{siblingName}"", con atributos más altos en áreas prioritarias como {abilityList}.","","","medium","","",""
"buildAnalysis.intentComparisonOtherCloserTemplate","buildAnalysis","ui","""{siblingName}"" may be closer to this intent.","""{siblingName}"" puede estar más cerca de esta intención.","","","medium","","",""
"buildAnalysis.intentComparisonOtherCloserDetailedTemplate","buildAnalysis","ui","""{siblingName}"" may be closer to this intent, with higher ability in priority areas including {abilityList}.","""{siblingName}"" puede estar más cerca de esta intención, con atributos más altos en áreas prioritarias como {abilityList}.","","","medium","","",""
"buildAnalysis.intentComparisonSimilarTemplate","buildAnalysis","ui","The difference from ""{siblingName}"" is small, so it isn't clear which is closer to this intent.","La diferencia con ""{siblingName}"" es pequeña, así que no está claro cuál se acerca más a esta intención.","","","medium","","",""
"buildAnalysis.intentComparisonSimilarWithGroupsTemplate","buildAnalysis","ui","The final ability difference from ""{siblingName}"" in {categories} is small, so differentiation as a {goal} build is still insufficient. You'll need to decide where in your priority areas to create a clear difference.","La diferencia de atributos finales con ""{siblingName}"" en {categories} es pequeña, así que la diferenciación como build de {goal} aún es insuficiente. Tendrás que decidir en qué parte de tus áreas prioritarias crear una diferencia clara.","","","medium","","",""
"buildAnalysis.intentComparisonConditionDiffersTemplate","buildAnalysis","ui","Comparison conditions differ from ""{siblingName}"", so a simple intent-fit comparison isn't possible.","Las condiciones de comparación difieren de las de ""{siblingName}"", así que no es posible una comparación directa del ajuste a la intención.","","","medium","","",""
"buildAnalysis.intentComparisonInsufficientDataTemplate","buildAnalysis","ui","Ability data for ""{siblingName}"" is insufficient, so an intent-fit comparison isn't possible.","Los datos de atributos de ""{siblingName}"" son insuficientes, así que no es posible comparar el ajuste a la intención.","","","medium","","",""
"buildAnalysis.intentTopIssueNotReflectedTemplate","buildAnalysis","ui","The top priority is to actually allocate to {category}, which you marked as a priority.","Lo más prioritario es asignar puntos de verdad a {category}, que marcaste como prioridad.","","","medium","","",""
"buildAnalysis.intentTopIssueUnderprioritizedTemplate","buildAnalysis","ui","The top priority is to recheck allocation to {category} so it can serve as a main focus on par with your other priority areas.","Lo más prioritario es revisar la asignación a {category} para que pueda ser un foco principal al nivel de tus otras áreas prioritarias.","","","medium","","",""
"buildAnalysis.intentTopIssueAvoidOverinvestmentTemplate","buildAnalysis","ui","The top priority is to hold back allocation to {category}, which you asked not to overinvest in.","Lo más prioritario es contener la asignación a {category}, en la que pediste no sobreinvertir.","","","medium","","",""
"buildAnalysis.intentTopIssueOverinvestmentTemplate","buildAnalysis","ui","The top priority is to recheck allocation to {category}.","Lo más prioritario es revisar la asignación a {category}.","","","medium","","",""
"buildAnalysis.intentTopIssueNoneTemplate","buildAnalysis","ui","No major changes are needed for the current allocation.","No hacen falta cambios importantes en la asignación actual.","","","medium","","",""
"buildAnalysis.intentPreserveTemplate","buildAnalysis","ui","The ability gains achieved in {category} are a strength of this build — keep them.","Las mejoras de atributos logradas en {category} son un punto fuerte de esta build: consérvalas.","","","medium","","",""
"buildAnalysis.intentPreserveNoneTemplate","buildAnalysis","ui","No standout strength to preserve is clear at this time.","Por ahora no hay un punto fuerte destacado claro que conservar.","","","medium","","",""
"buildAnalysis.intentStateSecondary","buildAnalysis","ui","Secondary Priority","Prioridad secundaria","","24","medium","","",""
"buildAnalysis.buildIntentStatusConfirmedModifiedText","buildAnalysis","ui","Using your edited version of the reading","Usando tu versión editada de la lectura","","","high","","",""
"buildAnalysis.intentReflectionFieldSecondaryPriorityGroups","buildAnalysis","ui","Secondary priority areas","Áreas de prioridad secundaria","","32","medium","","",""
"buildAnalysis.intentConclusionIssueSecondaryNotReflectedTemplate","buildAnalysis","ui","Allocation to {category}, which you marked as a secondary priority, is not reflected yet.","La asignación a {category}, que marcaste como prioridad secundaria, aún no se refleja.","","","medium","","",""
"buildAnalysis.intentConclusionIssuePriorityInversionTemplate","buildAnalysis","ui","Allocation to {category}, a secondary priority, has exceeded your top priority areas.","La asignación a {category}, una prioridad secundaria, ha superado a la de tus áreas de máxima prioridad.","","","medium","","",""
"buildAnalysis.intentTopIssueSecondaryNotReflectedTemplate","buildAnalysis","ui","The next thing to consider is allocating to {category}, your secondary priority.","Lo siguiente a valorar es asignar puntos a {category}, tu prioridad secundaria.","","","medium","","",""
"buildAnalysis.intentTopIssuePriorityInversionTemplate","buildAnalysis","ui","The top priority is to recheck the balance between {category} (a secondary priority) and your top priority areas.","Lo más prioritario es revisar el equilibrio entre {category} (prioridad secundaria) y tus áreas de máxima prioridad.","","","medium","","",""
"buildAnalysis.intentFindingSecondaryNotReflected","buildAnalysis","ui","You marked {category} as a secondary priority, but the current allocation does not reflect it yet.","Marcaste {category} como prioridad secundaria, pero la asignación actual aún no lo refleja.","","","medium","","",""
"buildAnalysis.intentFindingSecondaryPriorityInversion","buildAnalysis","ui","Allocation to {category} (secondary priority, {level}) exceeds your top priority allocation ({maxLevel}). Consider rechecking the priority order.","La asignación a {category} (prioridad secundaria, {level}) supera la de tu máxima prioridad ({maxLevel}). Valora revisar el orden de prioridades.","","","medium","","",""
"buildAnalysis.intentFindingSecondaryPriorityInversionReview","buildAnalysis","ui","Allocation to {category} (secondary priority, {level}) is slightly above your top priority allocation ({maxLevel}). Since your top priority areas still show ability gains, this isn't treated as a clear mismatch — just check whether the allocation matches your intent.","La asignación a {category} (prioridad secundaria, {level}) está ligeramente por encima de la de tu máxima prioridad ({maxLevel}). Como tus áreas de máxima prioridad siguen mostrando mejoras de atributos, no se considera un desajuste claro: solo comprueba si la asignación se ajusta a tu intención.","","","medium","","",""
"buildAnalysis.intentConfirmationHeading","buildAnalysis","ui","Priority Order to Confirm","Orden de prioridades a confirmar","","33","high","","",""
"buildAnalysis.intentSecondaryHeading","buildAnalysis","ui","Secondary priority achievements","Logros de prioridad secundaria","","41","medium","","",""
"buildAnalysis.intentSecondaryAlignedWithAbilitiesTemplate","buildAnalysis","ui","{categories} were marked as a secondary priority, and gains in {abilityList} are confirmed. This isn't the primary goal, but it's a supporting result that matches your intent.","{categories} se marcaron como prioridad secundaria y se confirman mejoras en {abilityList}. No es el objetivo principal, pero es un resultado de apoyo acorde con tu intención.","","","medium","","",""
"buildAnalysis.intentSecondaryAlignedTemplate","buildAnalysis","ui","{categories} are allocated as a secondary priority.","{categories} tienen asignación como prioridad secundaria.","","","medium","","",""
"buildAnalysis.intentSecondaryInsufficientDataTemplate","buildAnalysis","ui","You marked {categories} as a secondary priority, but current ability data isn't enough to confirm the result.","Marcaste {categories} como prioridad secundaria, pero los datos de atributos actuales no bastan para confirmar el resultado.","","","medium","","",""
"buildAnalysis.intentPreserveSecondaryTemplate","buildAnalysis","ui","{category} shows a confirmed secondary strength that matches your intent.","{category} muestra un punto fuerte secundario confirmado acorde con tu intención.","","","medium","","",""
"buildAnalysis.intentPreserveUnconfirmedTemplate","buildAnalysis","ui","You asked to preserve {category}, but current ability data alone isn't enough to confirm it as a clear strength.","Pediste conservar {category}, pero los datos de atributos actuales por sí solos no bastan para confirmarlo como un punto fuerte claro.","","","high","","",""
"buildAnalysis.buildIntentManualNotice","buildAnalysis","ui","This analysis uses the intent settings you entered manually.","Este análisis usa los ajustes de intención que introdujiste manualmente.","","","medium","","",""
"buildAnalysis.buildIntentConfirmedModifiedNotice","buildAnalysis","ui","This evaluation uses your edited version of the reading.","Esta evaluación usa tu versión editada de la lectura.","","","high","","",""
"buildAnalysis.buildIntentStaleUsingPreviousNotice","buildAnalysis","ui","This evaluation is based on the previously confirmed build intent. Your latest free text hasn't been re-analyzed yet.","Esta evaluación se basa en la intención de la build confirmada anteriormente. Tu texto libre más reciente aún no se ha vuelto a analizar.","","","medium","","",""
"buildAnalysis.intentReflectionSourceLabel","buildAnalysis","ui","Source used for this analysis","Origen usado en este análisis","","38","medium","","",""
"buildAnalysis.buildIntentSourceAiConfirmedLabel","buildAnalysis","ui","Confirmed reading","Lectura confirmada","","23","high","","",""
"buildAnalysis.buildIntentSourceAiModifiedLabel","buildAnalysis","ui","Reading, edited by you","Lectura editada por ti","","29","medium","","",""
"buildAnalysis.buildIntentSourceManualLabel","buildAnalysis","ui","Fully manual settings","Ajustes totalmente manuales","","28","medium","","",""
"buildAnalysis.buildIntentSourceStaleLabel","buildAnalysis","ui","Outdated reading","Lectura desactualizada","","21","medium","","",""
"buildAnalysis.buildIntentSourceNotConfiguredLabel","buildAnalysis","ui","Analysis not configured","Análisis no configurado","","30","medium","","",""
"buildAnalysis.buildIntentSourceGeneralOnlyLabel","buildAnalysis","ui","General analysis only","Solo análisis general","","28","medium","","",""
"buildAnalysis.buildIntentMethodNotice","buildAnalysis","ui","Standard Analysis (Rule-Based) — not sent to an external AI service, no additional AI fees apply.","Análisis estándar (basado en reglas): no se envía a ningún servicio de IA externo ni genera costes adicionales de IA.","","","medium","","",""
"buildAnalysis.comparisonSummaryHeading","buildAnalysis","ui","Comparison summary","Resumen de la comparación","","24","medium","","",""
"buildAnalysis.comparisonTargetBadgeLabel","buildAnalysis","ui","Selected comparison target","Build de comparación elegida","","34","medium","","",""
"buildAnalysis.comparisonTargetNotFoundText","buildAnalysis","ui","The build you selected as a comparison target can't be found. It may have been deleted, or it may belong to a different card.","No se encuentra la build que elegiste para comparar. Puede que se haya eliminado o que pertenezca a otra carta.","","","medium","","",""
"buildAnalysis.comparisonDetailsToggleLabel","buildAnalysis","ui","View comparison details","Ver detalles de la comparación","","30","medium","","",""
"buildAnalysis.comparisonPurposeClosenessLabel","buildAnalysis","ui","Purpose closeness","Cercanía de propósito","","23","medium","","",""
"buildAnalysis.comparisonPurposeDiffLabel","buildAnalysis","ui","Purpose-area difference","Diferencia en áreas del propósito","","30","medium","","",""
"buildAnalysis.comparisonMajorDiffLabel","buildAnalysis","ui","Main differences","Diferencias principales","","21","medium","","",""
"buildAnalysis.comparisonDifferentiationLabel","buildAnalysis","ui","Differentiation","Diferenciación","","20","medium","","",""
"buildAnalysis.comparisonRecommendationLabel","buildAnalysis","ui","Recommendation","Recomendación","","19","medium","","",""
"buildAnalysis.comparisonOverallSimilarityLabel","buildAnalysis","ui","Overall similarity","Similitud general","","24","medium","","",""
"buildAnalysis.comparisonPurposeSimilaritySamePurposeText","buildAnalysis","ui","Very close","Muy cercano","","13","medium","","",""
"buildAnalysis.comparisonPurposeSimilarityClosePurposeText","buildAnalysis","ui","Mostly close","Bastante cercano","","16","medium","","",""
"buildAnalysis.comparisonPurposeSimilarityDifferentPurposeText","buildAnalysis","ui","Clearly different","Claramente distinto","","23","medium","","",""
"buildAnalysis.comparisonPurposeSimilarityNotSetText","buildAnalysis","ui","Not determinable (no goal set)","No determinable (sin objetivo)","","","medium","","",""
"buildAnalysis.comparisonPurposeSimilarityUnknownText","buildAnalysis","ui","Can't be determined","No se puede determinar","","25","medium","","",""
"buildAnalysis.comparisonPurposeDiffVerySmallText","buildAnalysis","ui","Very small","Muy pequeña","","13","medium","","",""
"buildAnalysis.comparisonPurposeDiffSmallText","buildAnalysis","ui","Small","Pequeña","","12","medium","","",""
"buildAnalysis.comparisonPurposeDiffSomeText","buildAnalysis","ui","Some difference","Cierta diferencia","","20","medium","","",""
"buildAnalysis.comparisonPurposeDiffClearText","buildAnalysis","ui","Clear difference","Diferencia clara","","21","medium","","",""
"buildAnalysis.comparisonPurposeDiffInsufficientDataText","buildAnalysis","ui","Insufficient data","Datos insuficientes","","23","medium","","",""
"buildAnalysis.comparisonDifferentiationWellText","buildAnalysis","ui","Clearly differentiated for the goal","Claramente diferenciada para el objetivo","","","medium","","",""
"buildAnalysis.comparisonDifferentiationPartialText","buildAnalysis","ui","Partially differentiated","Parcialmente diferenciada","","32","medium","","",""
"buildAnalysis.comparisonDifferentiationLimitedText","buildAnalysis","ui","Differentiation is limited","Diferenciación limitada","","","medium","","",""
"buildAnalysis.comparisonDifferentiationNotAssessableText","buildAnalysis","ui","Can't be assessed","No se puede evaluar","","23","medium","","",""
"buildAnalysis.comparisonOverallVerySimilarText","buildAnalysis","ui","Very similar","Muy similar","","16","medium","","",""
"buildAnalysis.comparisonOverallSimilarText","buildAnalysis","ui","Similar","Similar","","12","medium","","",""
"buildAnalysis.comparisonOverallPartiallyDifferentText","buildAnalysis","ui","Partially different","Parcialmente distinta","","25","medium","","",""
"buildAnalysis.comparisonOverallClearlyDifferentText","buildAnalysis","ui","Clearly different","Claramente distinta","","23","medium","","",""
"buildAnalysis.comparisonOverallUnknownText","buildAnalysis","ui","Can't be confirmed","No se puede confirmar","","24","medium","","",""
"buildAnalysis.comparisonGeneralOnlyNoticeText","buildAnalysis","ui","No training goal is set, so this compares the overall ability composition instead.","No hay un objetivo de entrenamiento definido, así que se compara la composición general de atributos.","","","medium","","",""
"buildAnalysis.comparisonInsufficientAbilityDataText","buildAnalysis","ui","Required ability data is missing, so this build can't be compared.","Faltan datos de atributos necesarios, así que esta build no se puede comparar.","","","medium","","",""
"buildAnalysis.comparisonPartiallyComparableGeneralOnlyText","buildAnalysis","ui","A detailed purpose-fit comparison isn't available for this pair. Showing a general ability comparison only.","No hay una comparación detallada del ajuste al propósito para este par. Se muestra solo una comparación general de atributos.","","","medium","","",""
"buildAnalysis.comparisonMajorDiffCurrentHigherTemplate","buildAnalysis","ui","{ability}: this build is +{diff} higher","{ability}: esta build tiene +{diff} más","","","medium","","",""
"buildAnalysis.comparisonMajorDiffOtherHigherTemplate","buildAnalysis","ui","{ability}: the comparison target is +{diff} higher","{ability}: la build de comparación tiene +{diff} más","","","medium","","",""
"buildAnalysis.comparisonNoMajorDiffText","buildAnalysis","ui","Purpose-relevant abilities are nearly equal.","Los atributos relevantes para el propósito están casi igualados.","","","medium","","",""
"buildAnalysis.comparisonRecommendationMaintainText","buildAnalysis","ui","Keeping the current role split is fine.","Mantener el reparto de roles actual está bien.","","","medium","","",""
"buildAnalysis.comparisonRecommendationDifferentiateTemplate","buildAnalysis","ui","Consider differentiating in {category}.","Valora diferenciarlas en {category}.","","","medium","","",""
"buildAnalysis.comparisonRecommendationSetPurposeText","buildAnalysis","ui","Check the comparison target setting to review the purpose-fit comparison for this pair.","Revisa el ajuste de la build de comparación para ver la comparación del ajuste al propósito de este par.","","","medium","","",""
"buildAnalysis.comparisonRecommendationInsufficientDataText","buildAnalysis","ui","A recommendation isn't available due to insufficient ability data.","No hay recomendación disponible por falta de datos de atributos.","","","medium","","",""
"buildAnalysis.comparisonRecommendationNotComparableText","buildAnalysis","ui","A recommendation isn't available because this build can't be compared.","No hay recomendación disponible porque esta build no se puede comparar.","","","medium","","",""
"buildAnalysis.comparisonRecommendationGeneralOnlyText","buildAnalysis","ui","Set a training goal to see a purpose-based comparison and recommendation.","Define un objetivo de entrenamiento para ver una comparación y una recomendación basadas en el propósito.","","","medium","","",""
"buildAnalysis.comparisonDetailUsedPointsLabel","buildAnalysis","ui","Used points","Puntos usados","","15","medium","","",""
"buildAnalysis.comparisonDetailRemainingPointsLabel","buildAnalysis","ui","Remaining points","Puntos restantes","","21","medium","","",""
"buildAnalysis.comparisonDetailOvrLabel","buildAnalysis","ui","Saved-time estimated OVR","OVR estimado al guardar","","32","medium","","",""
"buildAnalysis.comparisonDetailAllocationDiffLabel","buildAnalysis","ui","Training allocation difference","Diferencia en la asignación de entrenamiento","","39","medium","","",""
"buildAnalysis.comparisonDetailAbilityDiffLabel","buildAnalysis","ui","Final ability difference","Diferencia en atributos finales","","32","medium","","",""
"buildAnalysis.comparisonDetailCurrentHigherLabel","buildAnalysis","ui","Abilities higher on this build","Atributos más altas en esta build","","39","medium","","",""
"buildAnalysis.comparisonDetailOtherHigherLabel","buildAnalysis","ui","Abilities higher on the comparison target","Atributos más altas en la build de comparación","","54","medium","","",""
"buildAnalysis.comparisonDetailNoDiffText","buildAnalysis","ui","No differences","Sin diferencias","","19","medium","","",""
"buildAnalysis.comparisonDetailLimitationsLabel","buildAnalysis","ui","Comparison limitations","Limitaciones de la comparación","","29","medium","","",""
"buildAnalysis.diagnosisCardHeading","buildAnalysis","ui","Diagnosis card","Tarjeta de diagnóstico","","19","medium","","",""
"buildAnalysis.diagnosisCardShowLabel","buildAnalysis","ui","Show card","Mostrar tarjeta","","12","medium","","",""
"buildAnalysis.diagnosisCardHideLabel","buildAnalysis","ui","Hide card","Ocultar tarjeta","","12","medium","","",""
"buildAnalysis.diagnosisCardGuidanceNoIntentText","buildAnalysis","ui","Confirm a training goal to see the goal-based diagnosis card.","Confirma un objetivo de entrenamiento para ver la tarjeta de diagnóstico basada en el objetivo.","","","medium","","",""
"buildAnalysis.diagnosisCardPendingChangesNotice","buildAnalysis","ui","There are unconfirmed changes. This card reflects the last confirmed settings.","Hay cambios sin confirmar. Esta tarjeta refleja los últimos ajustes confirmados.","","","medium","","",""
"buildAnalysis.diagnosisCardAlignmentLabel","buildAnalysis","ui","Purpose fit","Ajuste al propósito","","15","medium","","",""
"buildAnalysis.diagnosisCardAlignmentHighText","buildAnalysis","ui","Well aligned","Bien ajustada","","16","medium","","",""
"buildAnalysis.diagnosisCardAlignmentMostlyText","buildAnalysis","ui","Mostly aligned","Mayormente ajustada","","19","medium","","",""
"buildAnalysis.diagnosisCardAlignmentPartiallyText","buildAnalysis","ui","Partially misaligned","Parcialmente desajustada","","26","medium","","",""
"buildAnalysis.diagnosisCardAlignmentPoorlyText","buildAnalysis","ui","Clearly misaligned","Claramente desajustada","","24","medium","","",""
"buildAnalysis.diagnosisCardAlignmentAbilityDataText","buildAnalysis","ui","Ability data insufficient","Datos de atributos insuficientes","","","medium","","",""
"buildAnalysis.diagnosisCardAlignmentNeedsConfirmationText","buildAnalysis","ui","Needs confirmation","Requiere confirmación","","24","high","","",""
"buildAnalysis.diagnosisCardHeadlineInsufficientAbilityDataTemplate","buildAnalysis","ui","Purpose fit for the {goal} build can't be confirmed because ability data is insufficient.","No se puede confirmar el ajuste al propósito de la build de {goal} porque los datos de atributos son insuficientes.","","","medium","","",""
"buildAnalysis.diagnosisCardHeadlineWellAlignedNormalTemplate","buildAnalysis","ui","Your {goal} goal is reflected in the ability composition.","Tu objetivo de {goal} se refleja en la composición de atributos.","","","medium","","",""
"buildAnalysis.diagnosisCardHeadlineWellAlignedHarshTemplate","buildAnalysis","ui","This build's allocation matches its {goal} goal well.","La asignación de esta build se ajusta bien a su objetivo de {goal}.","","","medium","","",""
"buildAnalysis.diagnosisCardHeadlineWellAlignedImprovementNormalTemplate","buildAnalysis","ui","Your {goal} goal is mostly reflected, though {category} is worth a look.","Tu objetivo de {goal} se refleja en general, aunque conviene echar un vistazo a {category}.","","","medium","","",""
"buildAnalysis.diagnosisCardHeadlineWellAlignedImprovementHarshTemplate","buildAnalysis","ui","This build is mostly aligned with its {goal} goal, but the {category} allocation is worth reconsidering.","Esta build se ajusta en general a su objetivo de {goal}, pero conviene replantear la asignación a {category}.","","","medium","","",""
"buildAnalysis.diagnosisCardHeadlineClearIssueNormalTemplate","buildAnalysis","ui","For your {goal} goal, the {category} allocation may be worth reconsidering.","Para tu objetivo de {goal}, puede que convenga replantear la asignación a {category}.","","","medium","","",""
"buildAnalysis.diagnosisCardHeadlineClearIssueHarshTemplate","buildAnalysis","ui","As a {goal} build, the {category} allocation should be reconsidered.","Como build de {goal}, la asignación a {category} debería replantearse.","","","medium","","",""
"buildAnalysis.diagnosisCardHeadlineConfirmationNormalTemplate","buildAnalysis","ui","For your {goal} goal, please check whether the {category} allocation is intentional.","Para tu objetivo de {goal}, comprueba si la asignación a {category} es intencionada.","","","high","","",""
"buildAnalysis.diagnosisCardHeadlineConfirmationHarshTemplate","buildAnalysis","ui","As a {goal} build, whether the {category} allocation is intentional needs to be confirmed.","Como build de {goal}, hay que confirmar si la asignación a {category} es intencionada.","","","high","","",""
"buildAnalysis.diagnosisCardHeadlineNeedsReviewNormalTemplate","buildAnalysis","ui","The allocation for your {goal} goal may be worth reviewing again.","Puede que convenga volver a revisar la asignación para tu objetivo de {goal}.","","","medium","","",""
"buildAnalysis.diagnosisCardHeadlineNeedsReviewHarshTemplate","buildAnalysis","ui","As a {goal} build, the overall allocation is worth reconsidering.","Como build de {goal}, conviene replantear la asignación en conjunto.","","","medium","","",""
"buildAnalysis.achievementsHeading","buildAnalysis","ui","Key results","Resultados clave","","15","medium","","",""
"buildAnalysis.diagnosisCardNoAchievementsText","buildAnalysis","ui","No clear results matching the goal have been confirmed yet.","Todavía no se han confirmado resultados claros acordes con el objetivo.","","","medium","","",""
"buildAnalysis.concernHeading","buildAnalysis","ui","Biggest concern","Principal aspecto a revisar","","20","medium","","",""
"buildAnalysis.diagnosisCardConcernInsufficientDataText","buildAnalysis","ui","Some purpose-fit checks can't be confirmed because ability data is insufficient.","Algunas comprobaciones del ajuste al propósito no se pueden confirmar porque los datos de atributos son insuficientes.","","","medium","","",""
"buildAnalysis.diagnosisCardConcernNoneText","buildAnalysis","ui","No major issues have been found for this goal.","No se han encontrado problemas importantes para este objetivo.","","","medium","","",""
"buildAnalysis.preserveHighlightHeading","buildAnalysis","ui","Strength to keep","Punto fuerte a conservar","","21","medium","","",""
"buildAnalysis.diagnosisCardPreserveUnconfirmedText","buildAnalysis","ui","You intended to keep this strength, but it can't yet be confirmed from the current ability values alone.","Querías conservar este punto fuerte, pero todavía no se puede confirmar solo con los valores de atributos actuales.","","","high","","",""
"buildAnalysis.imageSaveButtonLabel","buildAnalysis","ui","Save as image","Guardar como imagen","","17","medium","","",""
"buildAnalysis.imageSaveButtonAriaLabel","buildAnalysis","accessibility","Save the diagnosis as an image","Guardar el diagnóstico como imagen","","39","high","","",""
"buildAnalysis.imagePreviewHeading","buildAnalysis","ui","Image preview","Vista previa de la imagen","","17","medium","","",""
"buildAnalysis.imageOrientationLabel","buildAnalysis","ui","Image orientation","Orientación de la imagen","","23","medium","","",""
"buildAnalysis.imageOrientationPortraitLabel","buildAnalysis","ui","Portrait","Vertical","","12","medium","","",""
"buildAnalysis.imageOrientationLandscapeLabel","buildAnalysis","ui","Landscape","Horizontal","","12","medium","","",""
"buildAnalysis.imageModeGroupAriaLabel","buildAnalysis","accessibility","Image normal/harsh switch","Cambiar imagen entre normal y directo","","33","high","","",""
"buildAnalysis.imageSaveConfirmLabel","buildAnalysis","ui","Save PNG","Guardar PNG","","12","high","","",""
"buildAnalysis.imageGeneratingText","buildAnalysis","ui","Generating image…","Generando imagen…","","23","medium","","",""
"buildAnalysis.imageSuccessText","buildAnalysis","ui","PNG image saved","Imagen PNG guardada","","20","medium","","",""
"buildAnalysis.imageFailedText","buildAnalysis","ui","Couldn't generate the image. Please try again.","No se pudo generar la imagen. Inténtalo de nuevo.","","","high","","",""
"buildAnalysis.imagePendingChangesBlockedText","buildAnalysis","ui","Analyze with the updated settings before saving the image.","Analiza con los ajustes actualizados antes de guardar la imagen.","","","medium","","",""
"buildAnalysis.imageNormalDiagnosisLabel","buildAnalysis","ui","Normal diagnosis","Diagnóstico normal","","21","medium","","",""
"buildAnalysis.imageHarshDiagnosisLabel","buildAnalysis","ui","Harsh diagnosis","Diagnóstico directo","","20","medium","","",""
"buildAnalysis.imageFooterText","buildAnalysis","ui","Based on confirmed analysis settings.","Basado en los ajustes de análisis confirmados.","","","medium","","",""
"buildAnalysis.savedIntentHeading","buildAnalysis","ui","Save status","Estado de guardado","","15","medium","","",""
"buildAnalysis.savedIntentStatusSaved","buildAnalysis","ui","Saved","Guardada","","12","medium","","",""
"buildAnalysis.savedIntentStatusUnsaved","buildAnalysis","ui","Not saved","Sin guardar","","12","medium","","",""
"buildAnalysis.savedIntentSaveGroupAriaLabel","buildAnalysis","accessibility","Training intent save actions","Acciones de guardado de la intención de entrenamiento","","37","high","","",""
"buildAnalysis.savedIntentSavingText","buildAnalysis","ui","Saving…","Guardando…","","12","medium","","",""
"buildAnalysis.savedIntentSaveButtonLabel","buildAnalysis","ui","Save training intent","Guardar intención","","26","medium","","",""
"buildAnalysis.savedIntentUpdateButtonLabel","buildAnalysis","ui","Update saved intent","Actualizar intención guardada","","25","medium","","",""
"buildAnalysis.savedIntentRevertToSavedLabel","buildAnalysis","ui","Revert to saved settings","Volver a los ajustes guardados","","32","medium","","",""
"buildAnalysis.savedIntentDeleteConfirmText","buildAnalysis","ui","This removes the training intent saved to this build. The training allocation and the saved build itself are not deleted.","Esto elimina la intención de entrenamiento guardada en esta build. La asignación de entrenamiento y la propia build guardada no se eliminan.","","","high","","",""
"buildAnalysis.savedIntentDeleteOnlyLabel","buildAnalysis","ui","Delete intent only","Eliminar solo la intención","","24","high","","",""
"buildAnalysis.savedIntentDeleteCancelLabel","buildAnalysis","ui","Cancel","Cancelar","","12","high","","",""
"buildAnalysis.savedIntentDeletingText","buildAnalysis","ui","Deleting…","Eliminando…","","12","medium","","",""
"buildAnalysis.savedIntentDeleteButtonLabel","buildAnalysis","ui","Delete saved intent","Eliminar intención guardada","","25","high","","",""
"buildAnalysis.savedIntentUnsavedNoticeText","buildAnalysis","ui","This training intent hasn't been saved yet.","Esta intención de entrenamiento aún no se ha guardado.","","","medium","","",""
"buildAnalysis.savedIntentNoConfirmedIntentText","buildAnalysis","ui","Confirm a training goal to be able to save it.","Confirma un objetivo de entrenamiento para poder guardarlo.","","","high","","",""
"buildAnalysis.savedIntentUpToDateText","buildAnalysis","ui","Using the saved training intent.","Usando la intención de entrenamiento guardada.","","","medium","","",""
"buildAnalysis.savedIntentDivergedText","buildAnalysis","ui","The current analysis settings differ from the saved training intent.","Los ajustes de análisis actuales difieren de la intención de entrenamiento guardada.","","","medium","","",""
"buildAnalysis.savedIntentPendingChangesText","buildAnalysis","ui","There are unconfirmed changes. Press ""Analyze with this goal"" before saving.","Hay cambios sin confirmar. Pulsa ""Analizar con esta intención"" antes de guardar.","","","medium","","",""
"buildAnalysis.savedIntentSaveSuccessText","buildAnalysis","ui","Training intent saved.","Intención de entrenamiento guardada.","","29","medium","","",""
"buildAnalysis.savedIntentSaveFailedText","buildAnalysis","ui","Couldn't save the training intent. Please try again.","No se pudo guardar la intención de entrenamiento. Inténtalo de nuevo.","","","high","","",""
"buildAnalysis.savedIntentDeleteFailedText","buildAnalysis","ui","Couldn't delete the training intent. Please try again.","No se pudo eliminar la intención de entrenamiento. Inténtalo de nuevo.","","","high","","",""
"buildAnalysis.savedIntentPresetUnresolvedText","buildAnalysis","ui","The previously saved training goal preset can't be found. Only the saved detailed settings were restored.","No se encuentra el preajuste de objetivo de entrenamiento guardado anteriormente. Solo se restauraron los ajustes detallados guardados.","","","medium","","",""
"buildAnalysis.savedIntentComparisonTargetMissingText","buildAnalysis","ui","The saved comparison target can't be found, so it was restored with no comparison target.","No se encuentra la build de comparación guardada, así que se restauró sin build de comparación.","","","medium","","",""
"worldPlayerSearchCard.disabledAriaTemplate","worldPlayerSearchCard","accessibility","{name} ({identity}) {reason}","{name} ({identity}) {reason}","","","high","","",""
"worldPlayerSearchCard.enabledAriaTemplate","worldPlayerSearchCard","accessibility","{action} {name} ({identity})","{action} {name} ({identity})","","","high","","",""
"worldPlayerSearchCard.cannotAddFallback","worldPlayerSearchCard","ui","cannot be added","no se puede añadir","","20","medium","","",""
"worldPlayerSearchCard.ovrTooltip","worldPlayerSearchCard","ui","The card's overall OVR as saved (not position-specific)","OVR general de la carta tal como se guardó (no específico de la posición)","","","medium","","",""
"worldPlayerSearchCard.noEnglishName","worldPlayerSearchCard","ui","(No English name)","(Sin nombre en inglés)","","23","medium","","",""
"worldPlayerSearchCard.maxOvrLabel","worldPlayerSearchCard","ui","Max {value}","Máx. {value}","","15","medium","","",""
"worldPlayerSearchCard.levelCapLabel","worldPlayerSearchCard","ui","Lv cap {value}","Nv. máx. {value}","","19","medium","","",""
"worldPlayerSearchCard.noTeamInfo","worldPlayerSearchCard","ui","No team / nationality info","Sin información de equipo / nacionalidad","","","medium","","",""
"worldPlayerSearchCard.pomTooltip","worldPlayerSearchCard","ui","Power of Many (gold, depends on Game Plan; not automatically applied to standard values in any mode)","Power of Many (dorado, depende del plan de juego; no se aplica automáticamente a los valores estándar en ningún modo)","","","medium","","",""
"worldPlayerSearchCard.fixedProvisionalTooltip","worldPlayerSearchCard","ui","Fixed-type (estimated): the effect content is externally cross-verified. Applied provisionally as fixed-type to standard values since there is no concrete evidence it's Power of Many.","Tipo fijo (estimado): el contenido del efecto se ha verificado con fuentes externas. Se aplica provisionalmente como tipo fijo a los valores estándar, ya que no hay pruebas concretas de que sea Power of Many.","","","medium","","",""
"worldPlayerSearchCard.fixedTooltip","worldPlayerSearchCard","ui","Fixed-type (blue, applied to standard values under standard mode)","Tipo fijo (azul, se aplica a los valores estándar en el modo estándar)","","","medium","","",""
"worldPlayerSearchCard.unresolvedTooltip","worldPlayerSearchCard","ui","Attached booster whose activation method and effect could not be confirmed (not added to standard values)","Potenciador incluido cuyo método de activación y efecto no se han podido confirmar (no se suma a los valores estándar)","","","medium","","",""
"worldPlayerSearchCard.pomChipTemplate","worldPlayerSearchCard","ui","Power of Many {nameEn} max +{level}","Power of Many {nameEn} máx. +{level}","","","medium","","",""
"worldPlayerSearchCard.fixedProvisionalChipTemplate","worldPlayerSearchCard","ui","{nameEn} +{level} (fixed-type estimate)","{nameEn} +{level} (tipo fijo estimado)","","","medium","","",""
"worldPlayerSearchCard.fixedChipTemplate","worldPlayerSearchCard","ui","{nameEn} +{level} (fixed-type)","{nameEn} +{level} (tipo fijo)","","","medium","","",""
"worldPlayerSearchCard.unresolvedChip","worldPlayerSearchCard","ui","Unresolved booster","Potenciador sin resolver","","24","medium","","",""
"worldPlayerSearchCard.noAttachedBoosters","worldPlayerSearchCard","ui","No attached boosters","Sin potenciadores","","26","medium","","",""
"worldPlayerSearchCard.detailLink","worldPlayerSearchCard","ui","Detail","Detalles","","12","medium","","",""
"worldPlayerSearchCard.detailNewTabSuffix","worldPlayerSearchCard","ui"," (new tab)"," (nueva pestaña)","","13","medium","","",""
"worldPlayerSearchCard.unknownCardType","worldPlayerSearchCard","ui","Unknown card type","Tipo de carta desconocido","","23","medium","","",""
"worldPlayerSearchCard.unknownPosition","worldPlayerSearchCard","ui","Unknown position","Posición desconocida","","21","medium","","",""
"worldPlayerSearchCard.maxOvrTemplate","worldPlayerSearchCard","ui","Max OVR {value}","OVR máx. {value}","","20","medium","","",""
"worldPlayerSearchCard.noOvrInfoLabel","worldPlayerSearchCard","ui","No OVR info","Sin información de OVR","","15","medium","","",""
"worldPlayerSearchCard.cardImageAltTemplate","worldPlayerSearchCard","ui","{name} {cardType} card image","Imagen de la carta {cardType} de {name}","","","medium","","",""
"addPlayerSearch.selectCardHeadingTemplate","addPlayerSearch","ui","Select a card to add for {slot}","Elige una carta para añadir en {slot}","","","medium","","",""
"addPlayerSearch.closeButton","addPlayerSearch","ui","Close","Cerrar","","12","medium","","",""
"addPlayerSearch.maxPlayersNoteTemplate","addPlayerSearch","ui","Compare supports a maximum of {max} players. Remove one before adding another.","La comparación admite un máximo de {max} jugadores. Quita uno antes de añadir otro.","","","medium","","",""
"addPlayerSearch.searchPlaceholder","addPlayerSearch","ui","Search by player name, World ID, or position...","Busca por nombre de jugador, World ID o posición...","","62","medium","","",""
"addPlayerSearch.searchAriaLabelTemplate","addPlayerSearch","accessibility","Search for a player to add for {slot}","Buscar un jugador para añadir en {slot}","","","high","","",""
"addPlayerSearch.duplicateNote","addPlayerSearch","ui","The same card (matching World ID) cannot be added twice. Different cards of the same player (different World ID) can still be compared. Order: name match → highest max OVR.","No se puede añadir dos veces la misma carta (mismo World ID). Sí se pueden comparar distintas cartas del mismo jugador (World ID diferente). Orden: coincidencia de nombre → mayor OVR máximo.","","","medium","","",""
"addPlayerSearch.minLengthPromptTemplate","addPlayerSearch","ui","Enter a player name, World ID, or position ({min}+ characters).","Introduce un nombre de jugador, World ID o posición ({min} caracteres o más).","","","medium","","",""
"addPlayerSearch.tooShortTemplate","addPlayerSearch","ui","Enter {remaining} more character(s) (to avoid listing all cards at once).","Introduce {remaining} carácter(es) más (para no mostrar todas las cartas a la vez).","","","medium","","",""
"addPlayerSearch.searchFailedError","addPlayerSearch","ui","Could not search for players.","No se pudieron buscar jugadores.","","","high","","",""
"addPlayerSearch.retryButton","addPlayerSearch","ui","Retry","Reintentar","","12","medium","","",""
"addPlayerSearch.noResults","addPlayerSearch","ui","No cards match your criteria.","Ninguna carta coincide con tus criterios.","","","medium","","",""
"addPlayerSearch.resultCountTemplate","addPlayerSearch","ui","{count} result(s)","Resultados: {count}","","23","medium","","",""
"addPlayerSearch.addingLabel","addPlayerSearch","ui","Adding…","Añadiendo…","","12","medium","","",""
"addPlayerSearch.addToSlotTemplate","addPlayerSearch","ui","Add for {slot}","Añadir en {slot}","","19","medium","","",""
"addPlayerSearch.alreadyAddedReason","addPlayerSearch","ui","Already added to compare","Ya está en la comparación","","32","medium","","",""
"addPlayerSearch.processingReason","addPlayerSearch","ui","Adding in progress","Añadiendo","","24","medium","","",""
"addPlayerSearch.addFailedError","addPlayerSearch","ui","Could not add this player to compare. Please try again.","No se pudo añadir este jugador a la comparación. Inténtalo de nuevo.","","","high","","",""
"playerSearchPanel.searchAriaLabel","playerSearchPanel","accessibility","Search for a player to add to the squad","Buscar un jugador para añadir a la plantilla","","51","high","","",""
"playerSearchPanel.duplicateNotePrefix","playerSearchPanel","ui","The same card cannot be placed twice. Different cards of the same player (different World ID) can still be added.","No se puede colocar la misma carta dos veces. Sí puedes añadir otras cartas del mismo jugador (con otro World ID).","","","medium","","",""
"playerSearchPanel.sortNoteWithPositionTemplate","playerSearchPanel","ui"," Order: name match → {position} match → highest OVR."," Orden: coincidencia de nombre → coincidencia de {position} → mayor OVR.","","","medium","","",""
"playerSearchPanel.sortNoteDefault","playerSearchPanel","ui"," Order: name match → highest OVR."," Orden: coincidencia de nombre → mayor OVR.","","","medium","","",""
"playerSearchPanel.placedLabel","playerSearchPanel","ui","Placed","Colocado","","12","medium","","",""
"playerSearchPanel.placedWithLocationTemplate","playerSearchPanel","ui","Placed: {where}","Colocado: {where}","","20","medium","","",""
"formationSelect.ariaLabel","formationSelect","accessibility","Select formation","Seleccionar formación","","21","high","","",""
"squadTemplatesBoard.pageTitle","squadTemplatesBoard","metadata","Squad templates","Modelos de plantilla","","20","medium","","",""
"squadTemplatesBoard.pageDescription","squadTemplatesBoard","metadata","Save a formation and player placement (including free-placement coordinates) as a template to use as the starting point for new squads. Templates are stored only in this device's browser (localStorage), separately from your regular squads.","Guarda una formación y la colocación de los jugadores (incluidas las coordenadas de colocación libre) como modelo de plantilla para usarlo como punto de partida de nuevas plantillas. Los modelos de plantilla se guardan solo en el navegador de este dispositivo (localStorage), aparte de tus plantillas normales.","","","medium","","",""
"squadTemplatesBoard.scopeLoadingMessage","squadTemplatesBoard","ui","Checking your account…","Comprobando tu cuenta…","","29","medium","","",""
"squadTemplatesBoard.storageUnavailableHeading","squadTemplatesBoard","ui","Templates cannot be saved in this environment","No se pueden guardar modelos de plantilla en este entorno","","59","medium","","",""
"squadTemplatesBoard.storageUnavailableNote","squadTemplatesBoard","ui","This browser cannot use localStorage (e.g. private browsing mode).","Este navegador no puede usar localStorage (por ejemplo, en modo de navegación privada).","","","medium","","",""
"squadTemplatesBoard.backToSquadListLink","squadTemplatesBoard","ui","← Back to squad list","← Volver a la lista de plantillas","","26","medium","","",""
"squadTemplatesBoard.createEmptyHeading","squadTemplatesBoard","ui","Create an empty template (formation only)","Crear un modelo de plantilla vacío (solo formación)","","54","medium","","",""
"squadTemplatesBoard.createEmptyNote","squadTemplatesBoard","ui","A ""full template"" that includes players can be created from any squad's ""Save as template"" in the squad list (free-placement coordinates are saved too).","Puedes crear un ""modelo de plantilla completo"" con jugadores desde ""Guardar como modelo de plantilla"" de cualquier plantilla en la lista de plantillas (también se guardan las coordenadas de colocación libre).","","","medium","","",""
"squadTemplatesBoard.templateNameLabel","squadTemplatesBoard","ui","Template name","Nombre del modelo de plantilla","","17","medium","","",""
"squadTemplatesBoard.newTemplateNameAria","squadTemplatesBoard","accessibility","New template name","Nombre del nuevo modelo de plantilla","","23","high","","",""
"squadTemplatesBoard.formationLabel","squadTemplatesBoard","ui","Formation","Formación","","12","medium","","",""
"squadTemplatesBoard.createButton","squadTemplatesBoard","ui","Create","Crear","","12","medium","","",""
"squadTemplatesBoard.defaultEmptyTemplateName","squadTemplatesBoard","ui","Empty template","Modelo de plantilla vacío","","19","medium","","",""
"squadTemplatesBoard.templatesHeadingTemplate","squadTemplatesBoard","ui","Templates{countSuffix}","Modelos de plantilla{countSuffix}","","29","medium","","",""
"squadTemplatesBoard.templatesCountSuffixTemplate","squadTemplatesBoard","ui"," ({count})"," ({count})","","13","medium","","",""
"squadTemplatesBoard.loadingText","squadTemplatesBoard","ui","Loading…","Cargando…","","12","medium","","",""
"squadTemplatesBoard.noTemplatesNote","squadTemplatesBoard","ui","There are no templates yet.","Aún no hay modelos de plantilla.","","","medium","","",""
"squadTemplatesBoard.emptyTypeBadge","squadTemplatesBoard","ui","Empty","Vacío","","12","medium","","",""
"squadTemplatesBoard.fullTypeBadge","squadTemplatesBoard","ui","Full","Completo","","12","medium","","",""
"squadTemplatesBoard.customPlacementBadge","squadTemplatesBoard","ui","Custom placement","Colocación personalizada","","21","medium","","",""
"squadTemplatesBoard.startersTemplate","squadTemplatesBoard","ui","Starters {count}/11","Titulares {count}/11","","25","medium","","",""
"squadTemplatesBoard.benchTemplate","squadTemplatesBoard","ui","Bench {count}","Banquillo {count}","","17","medium","","",""
"squadTemplatesBoard.hasManagerLabel","squadTemplatesBoard","ui","Has manager","Con entrenador","","15","medium","","",""
"squadTemplatesBoard.noManagerLabel","squadTemplatesBoard","ui","No manager","Sin entrenador","","13","medium","","",""
"squadTemplatesBoard.createFromTemplateButton","squadTemplatesBoard","ui","Create from this template","Crear desde este modelo de plantilla","","33","medium","","",""
"squadTemplatesBoard.renameButton","squadTemplatesBoard","ui","Rename","Renombrar","","12","medium","","",""
"squadTemplatesBoard.deleteButton","squadTemplatesBoard","ui","Delete","Eliminar","","12","high","","",""
"squadTemplatesBoard.newSquadNamePrompt","squadTemplatesBoard","ui","New squad name","Nombre de la nueva plantilla","","19","medium","","",""
"squadTemplatesBoard.templateNamePrompt","squadTemplatesBoard","ui","Template name","Nombre del modelo de plantilla","","17","medium","","",""
"squadTemplatesBoard.deleteConfirmTemplate","squadTemplatesBoard","ui","This will delete the template ""{name}"" (only this template — squads already created from it are not affected).","Se eliminará el modelo de plantilla ""{name}"" (solo este modelo de plantilla; las plantillas ya creadas a partir de él no se ven afectadas).","","","high","","",""
"squadTemplatesBoard.deleteConfirmButton","squadTemplatesBoard","ui","Delete","Eliminar","","12","high","","",""
"squadTemplatesBoard.cancelDeleteButton","squadTemplatesBoard","ui","Cancel","Cancelar","","12","high","","",""
"squadTemplatesBoard.backToSquadListButton","squadTemplatesBoard","ui","Back to squad list","Volver a la lista de plantillas","","24","medium","","",""
"slotPlayerPanel.slotSuffix","slotPlayerPanel","ui","slot","puesto","","12","medium","","",""
"slotPlayerPanel.movingCancelButton","slotPlayerPanel","ui","Selecting move destination… Cancel","Eligiendo destino… Cancelar","","45","medium","","",""
"slotPlayerPanel.emptySlotNote","slotPlayerPanel","ui","This slot is empty.","Este puesto está vacío.","","25","medium","","",""
"slotPlayerPanel.addPlayerButton","slotPlayerPanel","ui","+ Add player","+ Añadir jugador","","16","medium","","",""
"slotPlayerPanel.placementRoleLabel","slotPlayerPanel","ui","Placement role: ","Rol asignado: ","","21","medium","","",""
"slotPlayerPanel.autoInferredTemplate","slotPlayerPanel","ui"," (auto-inferred: {role} / manually overridden)"," (deducido automáticamente: {role} / cambiado manualmente)","","","medium","","",""
"slotPlayerPanel.suitabilityLabelTemplate","slotPlayerPanel","ui","Player suitability: {label} (registered {position})","Idoneidad del jugador: {label} (registrado {position})","","","medium","","",""
"slotPlayerPanel.adjustPositionButton","slotPlayerPanel","ui","Adjust position","Ajustar posición","","20","medium","","",""
"slotPlayerPanel.roleLabel","slotPlayerPanel","ui","Role","Rol","","12","medium","","",""
"slotPlayerPanel.roleAriaLabelTemplate","slotPlayerPanel","accessibility","Placement role for {position}","Rol asignado para {position}","","","high","","",""
"slotPlayerPanel.autoRoleOptionTemplate","slotPlayerPanel","ui","Auto ({role})","Auto ({role})","","17","medium","","",""
"slotPlayerPanel.baseToDisplayedOvrPrefixTemplate","slotPlayerPanel","ui","Base OVR {base} → Displayed OVR ","OVR base {base} → OVR mostrado ","","","medium","","",""
"slotPlayerPanel.estimateNote","slotPlayerPanel","ui"," (estimate, under verification)"," (estimación, en verificación)","","","medium","","",""
"slotPlayerPanel.progressionDeltaTemplate","slotPlayerPanel","ui","Progression {delta}","Progresión {delta}","","25","medium","","",""
"slotPlayerPanel.playerBoosterDeltaTemplate","slotPlayerPanel","ui","Player booster (standard-applied, incl. presumed-fixed) {delta}","Potenciador de jugador (aplicación estándar, incl. supuestamente fijos) {delta}","","","medium","","",""
"slotPlayerPanel.managerDeltaTemplate","slotPlayerPanel","ui","Manager {delta}","Entrenador {delta}","","20","medium","","",""
"slotPlayerPanel.cannotProgressNote","slotPlayerPanel","ui","This card cannot be progressed (max level).","Esta carta no se puede progresar (nivel máximo).","","","medium","","",""
"slotPlayerPanel.attachedBoosterSlotTemplate","slotPlayerPanel","ui","Attached {slot}:","{slot} equipado:","","21","medium","","",""
"slotPlayerPanel.powerOfManyNote","slotPlayerPanel","ui","Gold, variable (Game Plan-dependent) — not reflected in team totals","Oro, variable (depende del Game Plan): no se refleja en los totales del equipo","","","medium","","",""
"slotPlayerPanel.verifiedScreenTemplate","slotPlayerPanel","ui","Measured on a reference screen{fixedNote} — reflected in team","Medido en una pantalla de referencia{fixedNote}: se refleja en el equipo","","","medium","","",""
"slotPlayerPanel.externalVerifiedTemplate","slotPlayerPanel","ui","Externally cross-verified (not KONAMI-confirmed){fixedNote} — reflected in team","Verificado con fuentes externas (no confirmado por KONAMI){fixedNote}: se refleja en el equipo","","","medium","","",""
"slotPlayerPanel.underVerificationNote","slotPlayerPanel","ui","Effect under verification — not reflected","Efecto en verificación: no se refleja","","","medium","","",""
"slotPlayerPanel.fixedTypeEstimateSuffix","slotPlayerPanel","ui",", presumed fixed-type",", supuestamente de tipo fijo","","28","medium","","",""
"slotPlayerPanel.experimentalBoosterPrefix","slotPlayerPanel","ui","Experimental booster estimate (overrides attached — ","Estimación experimental de potenciador (sustituye al equipado; ","","","medium","","",""
"slotPlayerPanel.experimentalBoosterTeamNote","slotPlayerPanel","ui","does not affect team totals","no afecta a los totales del equipo","","","medium","","",""
"slotPlayerPanel.experimentalBoosterSuffix","slotPlayerPanel","ui",")",")","","12","medium","","",""
"slotPlayerPanel.noBoosterOption","slotPlayerPanel","ui","None","Ninguno","","12","medium","","",""
"slotPlayerPanel.boosterIdMismatchNote","slotPlayerPanel","ui","This card's numeric ID does not match the public booster table's numbering scheme, so it cannot be auto-detected. It is not applied to other cards.","El ID numérico de esta carta no coincide con la numeración de la tabla pública de potenciadores, así que no se puede detectar automáticamente. No se aplica a otras cartas.","","","medium","","",""
"slotPlayerPanel.progressionPolicyLabel","slotPlayerPanel","ui","Progression policy","Criterio de progresión","","24","medium","","",""
"slotPlayerPanel.buildModeAriaTemplate","slotPlayerPanel","accessibility","Progression policy for {position}","Criterio de progresión para {position}","","","high","","",""
"slotPlayerPanel.savedBuildOptionTemplate","slotPlayerPanel","ui","Saved build: {name}","Build guardada: {name}","","25","medium","","",""
"slotPlayerPanel.savedBuildAriaTemplate","slotPlayerPanel","accessibility","Apply a saved build for {position}","Aplicar una build guardada para {position}","","","high","","",""
"slotPlayerPanel.applySavedBuildOption","slotPlayerPanel","ui","Apply a saved build...","Aplicar una build guardada...","","29","medium","","",""
"slotPlayerPanel.legacyRuleSuffix","slotPlayerPanel","ui"," (outdated rules)"," (reglas antiguas)","","23","medium","","",""
"slotPlayerPanel.squadBuildLabel","slotPlayerPanel","ui","Squad build:","Build de plantilla:","","16","medium","","",""
"slotPlayerPanel.notSetLabel","slotPlayerPanel","ui","Not set","Sin establecer","","12","medium","","",""
"slotPlayerPanel.notFoundDeletedLabel","slotPlayerPanel","ui","Not found (deleted)","No encontrada (eliminada)","","25","high","","",""
"slotPlayerPanel.chooseSavedBuildButton","slotPlayerPanel","ui","Choose a saved build","Elegir build guardada","","26","medium","","",""
"slotPlayerPanel.staleBuildNote","slotPlayerPanel","ui","This saved build uses outdated rules. Recalculating with current rules (allocation interpretation may change).","Esta build guardada usa reglas antiguas. Se recalcula con las reglas actuales (la interpretación del reparto puede cambiar).","","","medium","","",""
"slotPlayerPanel.moveSwapButton","slotPlayerPanel","ui","Move / swap","Mover / cambiar","","15","medium","","",""
"slotPlayerPanel.moveToBenchButton","slotPlayerPanel","ui","To bench","Al banquillo","","12","medium","","",""
"slotPlayerPanel.removeFromSlotButton","slotPlayerPanel","ui","Remove from slot","Quitar del puesto","","21","medium","","",""
"slotPlayerPanel.clearCaptainButton","slotPlayerPanel","ui","Clear captain","Quitar capitán","","17","medium","","",""
"slotPlayerPanel.setCaptainButton","slotPlayerPanel","ui","Set as captain","Nombrar capitán","","19","medium","","",""
"slotPlayerPanel.compareFullLabel","slotPlayerPanel","ui","Compare supports up to 4","Comparación: máximo 4","","32","medium","","",""
"slotPlayerPanel.playerDetailLink","slotPlayerPanel","ui","Player detail","Detalle del jugador","","17","medium","","",""
"slotPlayerPanel.progressionLinkLabel","slotPlayerPanel","ui","Progression","Progresión","","15","medium","","",""
"slotPlayerPanel.boosterSlotAriaTemplate","slotPlayerPanel","accessibility","Player booster for {position}","Potenciador de jugador para {position}","","","high","","",""
"slotPlayerPanel.boosterLevelAriaTemplate","slotPlayerPanel","accessibility","Booster level for {position}","Nivel de potenciador para {position}","","","high","","",""
"squadPitch.compatExactTitle","squadPitch","ui","Matches registered position","Coincide con la posición registrada","","36","medium","","",""
"squadPitch.compatRelatedTitle","squadPitch","ui","Suitability unconfirmed (nearby position)","Idoneidad sin confirmar (posición cercana)","","54","medium","","",""
"squadPitch.compatUnresolvedTitle","squadPitch","ui","Suitability unconfirmed","Idoneidad sin confirmar","","30","medium","","",""
"squadPitch.compatMismatchTitle","squadPitch","ui","Possible mismatch","Posible desajuste","","23","medium","","",""
"squadPitch.compatEmptyTitle","squadPitch","ui","Unplaced","Sin colocar","","12","medium","","",""
"squadPitch.snapLabelTemplate","squadPitch","ui","Snapped: {types}","Ajustado: {types}","","21","medium","","",""
"squadPitch.freePlacementLabel","squadPitch","ui","Free placement","Colocación libre","","19","medium","","",""
"squadPitch.guideHorizontalLabel","squadPitch","ui","Same line","Misma línea","","12","medium","","",""
"squadPitch.guideCenterLabel","squadPitch","ui","Center","Centro","","12","medium","","",""
"squadPitch.guideSymmetryLabel","squadPitch","ui","Left-right symmetry","Simetría izquierda-derecha","","25","medium","","",""
"squadPitch.moveTargetPrefix","squadPitch","ui","Move target — ","Destino — ","","19","medium","","",""
"squadPitch.moveSourcePrefix","squadPitch","ui","Moving — ","Moviendo — ","","12","medium","","",""
"squadPitch.occupiedSlotAriaTemplate","squadPitch","accessibility","{position}: {name} ({compat})","{position}: {name} ({compat})","","","high","","",""
"squadPitch.moveTargetSwapSuffix","squadPitch","ui"," · select to swap"," · selecciona para intercambiar","","23","medium","","",""
"squadPitch.emptySlotAriaTemplate","squadPitch","accessibility","{position}: Empty slot. ","{position}: puesto vacío. ","","32","high","","",""
"squadPitch.moveTargetMoveHereLabel","squadPitch","ui","Select to move here","Selecciona para mover aquí","","25","medium","","",""
"squadPitch.addPlayerLabel","squadPitch","ui","Add player","Añadir jugador","","13","medium","","",""
"compareSaveBuildDialog.defaultName","compareSaveBuildDialog","ui","Progression from Compare","Progresión desde Comparar","","32","medium","","",""
"compareSaveBuildDialog.nameRequiredError","compareSaveBuildDialog","ui","Please enter a build name (1-60 characters).","Introduce un nombre de build (1-60 caracteres).","","","high","","",""
"compareSaveBuildDialog.saveFailedTemplate","compareSaveBuildDialog","ui","Could not save: {error}","No se pudo guardar: {error}","","30","high","","",""
"compareSaveBuildDialog.saveErrorGeneric","compareSaveBuildDialog","ui","An error occurred while saving (localStorage may be unavailable). The compare allocation is unchanged.","Se produjo un error al guardar (es posible que localStorage no esté disponible). La asignación de la comparación no ha cambiado.","","","high","","",""
"compareSaveBuildDialog.modalTitleTemplate","compareSaveBuildDialog","ui","Save progression for Player {index} {name}","Guardar progresión del jugador {index} {name}","","","medium","","",""
"compareSaveBuildDialog.intro","compareSaveBuildDialog","ui","Saves this allocation as a saved build. Once saved, you can select it from player detail, My Team, and each squad editor. It is not automatically applied to existing squads.","Guarda esta asignación como build guardada. Una vez guardada, puedes seleccionarla desde los detalles del jugador, Mi equipo y el editor de cada plantilla. No se aplica automáticamente a las plantillas existentes.","","","medium","","",""
"compareSaveBuildDialog.allocationHeadingTemplate","compareSaveBuildDialog","ui","Progression allocation (used {used} / total {total}pt)","Asignación de progresión (usados {used} / total {total}pt)","","","medium","","",""
"compareSaveBuildDialog.buildNameLabel","compareSaveBuildDialog","ui","Build name","Nombre de la build","","13","medium","","",""
"compareSaveBuildDialog.buildNameAriaLabel","compareSaveBuildDialog","accessibility","Name of the progression build to save","Nombre de la build de progresión que se guardará","","49","high","","",""
"compareSaveBuildDialog.saveMethodLegend","compareSaveBuildDialog","ui","Save method","Forma de guardar","","15","medium","","",""
"compareSaveBuildDialog.saveAsNewOption","compareSaveBuildDialog","ui","Save as a new build","Guardar como build nueva","","25","medium","","",""
"compareSaveBuildDialog.overwriteExistingOption","compareSaveBuildDialog","ui","Overwrite an existing saved build","Sobrescribir una build guardada existente","","","medium","","",""
"compareSaveBuildDialog.overwriteSelectAriaLabel","compareSaveBuildDialog","accessibility","Saved build to overwrite","Build guardada que se sobrescribirá","","32","high","","",""
"compareSaveBuildDialog.includePomLabel","compareSaveBuildDialog","ui","Include the user-specified Power of Many stage","Incluir la fase de Power of Many indicada por el usuario","","60","medium","","",""
"compareSaveBuildDialog.pomCurrentTemplate","compareSaveBuildDialog","ui"," (current: {tier})"," (actual: {tier})","","24","medium","","",""
"compareSaveBuildDialog.pomUnspecifiedNote","compareSaveBuildDialog","ui"," (not specified for this card)"," (no indicada para esta carta)","","","medium","","",""
"compareSaveBuildDialog.pomNoSpecificValue","compareSaveBuildDialog","ui","Specified","Indicada","","12","medium","","",""
"compareSaveBuildDialog.footnote","compareSaveBuildDialog","ui","Experimental estimates and manager settings are not included in saved builds (existing saved-build spec). Fixed boosters are resolved from card data and are not saved.","Las estimaciones experimentales y los ajustes del entrenador no se incluyen en las builds guardadas (especificación actual de builds guardadas). Los potenciadores fijos se obtienen de los datos de la carta y no se guardan.","","","medium","","",""
"compareSaveBuildDialog.cancelButton","compareSaveBuildDialog","ui","Cancel","Cancelar","","12","medium","","",""
"compareSaveBuildDialog.overwriteWarningTemplate","compareSaveBuildDialog","ui","This overwrites ""{name}"" (cannot be automatically reverted to the original allocation).","Se sobrescribirá ""{name}"" (no se puede volver automáticamente a la asignación original).","","","high","","",""
"compareSaveBuildDialog.overwriteSaveButton","compareSaveBuildDialog","ui","Overwrite and save","Sobrescribir y guardar","","24","medium","","",""
"compareSaveBuildDialog.confirmOverwriteButton","compareSaveBuildDialog","ui","Confirm overwrite","Confirmar sobrescritura","","23","high","","",""
"compareSaveBuildDialog.savingButton","compareSaveBuildDialog","ui","Saving…","Guardando…","","12","medium","","",""
"compareSaveBuildDialog.saveButton","compareSaveBuildDialog","ui","Save","Guardar","","12","medium","","",""
"compareCategoryPreview.headingTemplate","compareCategoryPreview","ui","Abilities affected by {label} ({mode})","Atributos afectadas por {label} ({mode})","","","medium","","",""
"compareCategoryPreview.headingHint","compareCategoryPreview","ui","Pre-progression → Current (diff)","Antes de progresión → Actual (dif.)","","","medium","","",""
"compareCategoryPreview.noInfoTemplate","compareCategoryPreview","ui","Player {index}: No info","Jugador {index}: sin información","","30","medium","","",""
"compareCategoryPreview.valueAriaLabelTemplate","compareCategoryPreview","accessibility","Player {index} {name} pre-progression {before} current {now} diff {diff}","Jugador {index} {name} antes de progresión {before} actual {now} diferencia {diff}","","","high","","",""
"compareCategoryPreview.personPrefixTemplate","compareCategoryPreview","ui","Player {index}: ","Jugador {index}: ","","21","medium","","",""
"compareCategoryPreview.diffLabelTemplate","compareCategoryPreview","ui","Player 1 − Player 2: ","Jugador 1 − Jugador 2: ","","28","medium","","",""
"compareCategoryPreview.statusLineTemplate","compareCategoryPreview","ui","Player {index} {label} Lv {level} · used {used} / remaining {remaining}pt","Jugador {index} {label} Nv. {level} · usados {used} / restantes {remaining}pt","","","medium","","",""
"compareCategoryPreview.footnote","compareCategoryPreview","ui","Values are the result of the existing progression calculation (calculateBuild). Fixed boosters, Power of Many, and manager corrections are included in the Standard / Post-condition mode values (expand a row in the 26-ability table to see the per-layer breakdown).","Los valores son el resultado del cálculo de progresión existente (calculateBuild). Los potenciadores fijos, Power of Many y las correcciones del entrenador se incluyen en los valores de los modos Estándar / Tras condiciones (despliega una fila de la tabla de 26 atributos para ver el desglose por capas).","","","medium","","",""
"compareRadarChart.seriesStyleSolid","compareRadarChart","ui","Solid · Circle","Continua · Círculo","","19","medium","","",""
"compareRadarChart.seriesStyleDashedSquare","compareRadarChart","ui","Dashed · Square","Discontinua · Cuadrado","","20","medium","","",""
"compareRadarChart.seriesStyleDottedTriangle","compareRadarChart","ui","Dotted · Triangle","Punteada · Triángulo","","23","medium","","",""
"compareRadarChart.seriesStyleDashDotDiamond","compareRadarChart","ui","Dash-dot · Diamond","Raya-punto · Rombo","","24","medium","","",""
"compareRadarChart.altLinePersonTemplate","compareRadarChart","ui","Player {index} {name} ({cardType}): ","Jugador {index} {name} ({cardType}): ","","","medium","","",""
"compareRadarChart.graphDisplayLabel","compareRadarChart","ui","Graph display:","Gráfico:","","19","medium","","",""
"compareRadarChart.personOrdinalTemplate","compareRadarChart","ui","Player {n}","Jugador {n}","","13","medium","","",""
"compareRadarChart.showPreBuildTemplate","compareRadarChart","ui","Show pre-progression ({target})","Mostrar antes de la progresión ({target})","","","medium","","",""
"compareRadarChart.showPreBuildFallback","compareRadarChart","ui","Selected","Seleccionado","","12","medium","","",""
"compareRadarChart.chartAriaLabelTemplate","compareRadarChart","accessibility","Ability radar ({mode}, simple category average, not position-specific OVR). {altLines}","Radar de atributos ({mode}, media simple por categoría, no es el OVR por posición). {altLines}","","","high","","",""
"compareRadarChart.legendPersonTemplate","compareRadarChart","ui","Player {index} {name} ({cardType} · {styleLabel})","Jugador {index} {name} ({cardType} · {styleLabel})","","","medium","","",""
"compareRadarChart.categoryValuesSummaryTemplate","compareRadarChart","ui","Category values (numeric, {mode})","Valores por categoría (numéricos, {mode})","","","medium","","",""
"compareRadarChart.playerHeader","compareRadarChart","ui","Player","Jugador","","12","medium","","",""
"compareRadarChart.managerNote","compareRadarChart","ui","Some series include manager corrections (Standard / Post-condition modes).","Algunas series incluyen correcciones del entrenador (modos Estándar / Con condiciones).","","","medium","","",""
"comparisonTables.deltaProgressionPrefix","comparisonTables","ui","Prog","Prog","","12","medium","","",""
"comparisonTables.deltaPlayerBoosterPrefix","comparisonTables","ui","Bst","Pot","","12","medium","","",""
"comparisonTables.deltaConditionalPrefix","comparisonTables","ui","Cond","Cond","","12","medium","","",""
"comparisonTables.deltaManagerBoosterPrefix","comparisonTables","ui","Mgr","Entr","","12","medium","","",""
"comparisonTables.rulesLabel","comparisonTables","ui","Rules: ","Reglas: ","","12","medium","","",""
"comparisonTables.estimatedOvrLabel","comparisonTables","ui","Estimated OVR (under verification): ","OVR estimado (en verificación): ","","47","medium","","",""
"comparisonTables.boosterModePrefix","comparisonTables","ui","Booster mode: ","Modo de potenciador: ","","19","medium","","",""
"comparisonTables.boosterModeStandard","comparisonTables","ui","Standard","Estándar","","12","medium","","",""
"comparisonTables.boosterModeNoteSuffix","comparisonTables","ui"," (reflects in ranking boosters cross-checked against two external sources for the card's built-in effect. Includes effects assumed to be fixed-type since there is no concrete evidence they are Power of Many. Not confirmed by KONAMI. User-specified Power of Many values and manual estimates are not included in ranking.)"," (en la clasificación se reflejan los potenciadores cuyo efecto incluido en la carta se ha contrastado con dos fuentes externas. Incluye efectos que se suponen de tipo fijo al no haber pruebas concretas de que sean Power of Many. No confirmado por KONAMI. Los valores de Power of Many indicados por el usuario y las estimaciones manuales no se incluyen en la clasificación.)","","","medium","","",""
"comparisonTables.basicInfoHeading","comparisonTables","ui","Basic Info","Información básica","","13","medium","","",""
"comparisonTables.itemHeader","comparisonTables","ui","Item","Elemento","","12","medium","","",""
"comparisonTables.positionMatchLabel","comparisonTables","ui","Position match: ","Coincide la posición: ","","21","medium","","",""
"comparisonTables.yes","comparisonTables","ui","Yes","Sí","","12","medium","","",""
"comparisonTables.no","comparisonTables","ui","No","No","","12","medium","","",""
"comparisonTables.categoryHeading","comparisonTables","ui","Category Comparison","Comparación por categoría","","25","medium","","",""
"comparisonTables.categoryHeadingHint","comparisonTables","ui","simple total/average, not an official rating","total/media simple, no es una valoración oficial","","","medium","","",""
"comparisonTables.categoryHeader","comparisonTables","ui","Category","Categoría","","12","medium","","",""
"comparisonTables.diffHeader","comparisonTables","ui","Diff","Dif.","","12","medium","","",""
"comparisonTables.avgTemplate","comparisonTables","ui","(avg {value})","(media {value})","","17","medium","","",""
"comparisonTables.totalRowLabel","comparisonTables","ui","Overall (simple total)","General (total simple)","","29","medium","","",""
"comparisonTables.abilitiesHeading","comparisonTables","ui","Abilities (26 items)","Atributos (26)","","26","medium","","",""
"comparisonTables.conditionalToggleLabel","comparisonTables","ui","Compare including user-specified conditions (reflects manual gold/variable booster stages; not auto-determined)","Comparar con condiciones indicadas por el usuario (refleja niveles manuales de potenciadores dorados/variables; no se determinan automáticamente)","","145","medium","","",""
"comparisonTables.conditionalNote","comparisonTables","ui","This table shows ""post-condition"" values. This is an estimate based on stages the user specified after checking their own Game Plan — it is not a value the app auto-verified against squad composition. It is not included in the regular compare ranking (default view).","Esta tabla muestra valores ""con condiciones"". Es una estimación basada en los niveles que el usuario indicó tras revisar su propio Plan de juego; no es un valor que la app haya verificado automáticamente con la composición de la plantilla. No se incluye en la clasificación normal de la comparación (vista predeterminada).","","","medium","","",""
"comparisonTables.abilityHeader","comparisonTables","ui","Ability","Atributo","","12","medium","","",""
"comparisonTables.legendPrefix","comparisonTables","ui","Small labels: ","Etiquetas pequeñas: ","","19","medium","","",""
"comparisonTables.legendProgression","comparisonTables","ui","Prog = progression delta","Prog = diferencia por progresión","","32","medium","","",""
"comparisonTables.legendPlayerBooster","comparisonTables","ui"," / Bst = card-attached booster ("," / Pot = potenciador incluido en la carta (","","","medium","","",""
"comparisonTables.legendStandardMode","comparisonTables","ui","Standard mode","modo Standard","","17","medium","","",""
"comparisonTables.legendPlayerBoosterDetailSuffix","comparisonTables","ui",": 2 types measured via screenshot plus 27 types cross-checked between eFootball World and EFScout. Includes effects assumed to be fixed-type. Not confirmed by KONAMI. Excludes ones under verification or manual estimates)",": 2 tipos medidos con capturas más 27 tipos contrastados entre eFootball World y EFScout. Incluye efectos que se suponen de tipo fijo. No confirmado por KONAMI. Excluye los que están en verificación y las estimaciones manuales)","","","medium","","",""
"comparisonTables.legendConditional","comparisonTables","ui"," / Cond = Total Package user-specified stage (shown only in ""post-condition"" view; not auto-determined)"," / Cond = nivel de Total Package indicado por el usuario (solo en la vista ""con condiciones""; no se determina automáticamente)","","","medium","","",""
"comparisonTables.legendManagerBooster","comparisonTables","ui"," / Mgr = manager booster. "," / Entr = potenciador del entrenador. ","","","medium","","",""
"comparisonTables.legendSuffix","comparisonTables","ui","The default ranking does not include manual Total Package stages. The highest value is shown in ","La clasificación predeterminada no incluye niveles manuales de Total Package. El valor más alto se muestra en ","","","medium","","",""
"comparisonTables.legendHighestColor","comparisonTables","ui","green","verde","","12","medium","","",""
"comparisonTables.legendDisplaySuffix","comparisonTables","ui",".",".","","12","medium","","",""
"comparisonTables.skillsHeading","comparisonTables","ui","Skill Comparison","Comparación de habilidades","","21","medium","","",""
"comparisonTables.playerSkillsTitle","comparisonTables","ui","Player Skills","Habilidades del jugador","","17","medium","","",""
"comparisonTables.aiStylesTitle","comparisonTables","ui","AI Playing Styles","Estilos de juego de la IA","","23","medium","","",""
"comparisonTables.countLabel","comparisonTables","ui","Count: ","Cantidad: ","","12","medium","","",""
"comparisonTables.sharedByAllTemplate","comparisonTables","ui","Shared by all ({count})","Comunes a todos ({count})","","30","medium","","",""
"comparisonTables.noneLabel","comparisonTables","ui","None","Ninguna","","12","medium","","",""
"comparisonTables.partialTitle","comparisonTables","ui","Held by some only","Solo las tienen algunos","","23","medium","","",""
"comparisonTables.uniqueToPlayerTemplate","comparisonTables","ui","Unique to {name} ({count})","Exclusivas de {name} ({count})","","","medium","","",""
"comparisonCockpit.abilitiesTableLink","comparisonCockpit","ui","To 26-ability table ↓","A la tabla de 26 atributos ↓","","28","medium","","",""
"comparisonCockpit.backToTrainingLink","comparisonCockpit","ui","Back to progression ↑","Volver a la progresión ↑","","28","medium","","",""
"comparisonCockpit.ariaLabel","comparisonCockpit","accessibility","Compare cockpit (progression, ability radar, category preview)","Cabina de comparación (progresión, radar de atributos, vista previa por categoría)","","81","high","","",""
"comparisonCockpit.heading","comparisonCockpit","ui","Compare Cockpit","Cabina de comparación","","20","medium","","",""
"comparisonCockpit.headingHint","comparisonCockpit","ui","Moving a progression slider instantly updates the radar, category values, and the 26-ability table.","Al mover un control de progresión se actualizan al instante el radar, los valores por categoría y la tabla de 26 atributos.","","","medium","","",""
"comparisonCockpit.selectPlayerAriaLabel","comparisonCockpit","accessibility","Select player to train","Seleccionar jugador para entrenar","","29","high","","",""
"comparisonCockpit.playerTabTemplate","comparisonCockpit","ui","Player {index} {name}","Jugador {index} {name}","","28","medium","","",""
"comparisonCockpit.activeSuffix","comparisonCockpit","ui"," (training)"," (entrenando)","","15","medium","","",""
"compareTrainingPanel.cannotProgressNote","compareTrainingPanel","ui","This card cannot be trained (abilities stay at base values).","Esta carta no se puede entrenar (los atributos se quedan en sus valores base).","","","medium","","",""
"compareTrainingPanel.autoAllocatedAnnounceTemplate","compareTrainingPanel","ui","{name}: applied the {mode} allocation.","{name}: se aplicó el reparto {mode}.","","","medium","","",""
"compareTrainingPanel.resetButton","compareTrainingPanel","ui","Reset","Restablecer","","12","medium","","",""
"compareTrainingPanel.resetAnnounceTemplate","compareTrainingPanel","ui","{name}: reset progression.","{name}: progresión restablecida.","","","medium","","",""
"compareTrainingPanel.saveThisBuildButton","compareTrainingPanel","ui","Save this build","Guardar esta build","","20","medium","","",""
"compareTrainingPanel.autoAllocateNote","compareTrainingPanel","ui","Auto-allocate is a heuristic for ""allocation policy."" It differs from in-game auto-allocation or OVR maximization. You can still adjust with the sliders afterward.","El reparto automático es una heurística según la ""política de reparto"". Es distinto del reparto automático del juego o de la maximización del OVR. Después puedes ajustarlo con los controles deslizantes.","","","medium","","",""
"compareTrainingPanel.usedPointsLabel","compareTrainingPanel","ui","Used {value}pt","Usados {value}pt","","19","medium","","",""
"compareTrainingPanel.remainingPointsLabel","compareTrainingPanel","ui","Remaining {value}pt","Restantes {value}pt","","25","medium","","",""
"compareTrainingPanel.overAllocatedLabel","compareTrainingPanel","ui","Over-allocated","Exceso de puntos","","19","medium","","",""
"compareTrainingPanel.totalPointsLabel","compareTrainingPanel","ui","Total {value}pt","Total {value}pt","","20","medium","","",""
"compareTrainingPanel.gkHeading","compareTrainingPanel","ui","GK Training (3 items)","Entrenamiento de portero (3 elementos)","","28","medium","","",""
"compareTrainingPanel.gkLevelLabelTemplate","compareTrainingPanel","ui","Allocated Lv {level}","Asignado Nv. {level}","","26","medium","","",""
"compareTrainingPanel.gkExpandedSuffix","compareTrainingPanel","ui"," (GK, expanded by default)"," (GK, desplegado por defecto)","","","medium","","",""
"compareTrainingPanel.gkCollapsedSuffix","compareTrainingPanel","ui"," (non-GK, collapsed by default)"," (no GK, plegado por defecto)","","","medium","","",""
"compareTrainingPanel.definitionNote","compareTrainingPanel","ui","Category target abilities, step costs, and caps use the same definitions as the player detail progression screen. The same allocation yields the same 26 abilities.","Los atributos objetivo de cada categoría, los costes por nivel y los límites usan las mismas definiciones que la pantalla de progresión del detalle del jugador. El mismo reparto da los mismos 26 atributos.","","","medium","","",""
"compareTrainingPanel.manualSuffix","compareTrainingPanel","ui"," (manual)"," (manual)","","12","medium","","",""
"compareTrainingPanel.embeddedHeadingTemplate","compareTrainingPanel","ui","Progression for {name}","Progresión de {name}","","29","medium","","",""
"compareTrainingPanel.collapsedHeading","compareTrainingPanel","ui","Adjust progression","Ajustar progresión","","24","medium","","",""
"comparePlayerIdentityCard.cardImageAltTemplate","comparePlayerIdentityCard","ui","{name} {cardType} card image","Imagen de la carta {cardType} de {name}","","","medium","","",""
"comparePlayerIdentityCard.noEnglishName","comparePlayerIdentityCard","ui","(No English name)","(Sin nombre en inglés)","","23","medium","","",""
"comparePlayerIdentityCard.ovrTooltip","comparePlayerIdentityCard","ui","The card's overall OVR as saved (not position-specific)","OVR general de la carta tal como se guardó (no específico de la posición)","","","medium","","",""
"comparePlayerIdentityCard.ovrLineTemplate","comparePlayerIdentityCard","ui","Max {max} / Base {base}","Máx. {max} / Base {base}","","30","medium","","",""
"comparePlayerIdentityCard.pomChipTooltip","comparePlayerIdentityCard","ui","Power of Many (gold, depends on Game Plan; not automatically reflected in compare ranking)","Power of Many (dorado, depende del Game Plan; no se refleja automáticamente en la clasificación de la comparación)","","","medium","","",""
"comparePlayerIdentityCard.fixedProvisionalTooltip","comparePlayerIdentityCard","ui","Fixed-type (estimated): the effect content is externally cross-verified. Applied provisionally as fixed-type to standard values since there is no concrete evidence it's Power of Many.","Tipo fijo (estimado): el contenido del efecto está contrastado con fuentes externas. Se aplica provisionalmente como tipo fijo a los valores estándar porque no hay pruebas concretas de que sea Power of Many.","","","medium","","",""
"comparePlayerIdentityCard.fixedTooltip","comparePlayerIdentityCard","ui","Fixed-type (reflected in standard values under standard mode)","Tipo fijo (reflejado en los valores estándar en modo estándar)","","","medium","","",""
"comparePlayerIdentityCard.unresolvedTooltip","comparePlayerIdentityCard","ui","Attached booster whose activation method and effect could not be confirmed","Potenciador incluido cuyo método de activación y efecto no se pudieron confirmar","","","medium","","",""
"comparePlayerIdentityCard.pomChipTemplate","comparePlayerIdentityCard","ui","{nameEn} max +{level}","{nameEn} máx. +{level}","","28","medium","","",""
"comparePlayerIdentityCard.fixedChipTemplate","comparePlayerIdentityCard","ui","{nameEn} +{level}","{nameEn} +{level}","","23","medium","","",""
"comparePlayerIdentityCard.provisionalSuffix","comparePlayerIdentityCard","ui"," (estimated)"," (estimado)","","16","medium","","",""
"comparePlayerIdentityCard.unresolvedChip","comparePlayerIdentityCard","ui","Unresolved","Sin resolver","","13","medium","","",""
"comparePlayerIdentityCard.noAttachedBoosters","comparePlayerIdentityCard","ui","No attached boosters","Sin potenciadores incluidos","","26","medium","","",""
"comparePlayerIdentityCard.pomSelectionLabelTemplate","comparePlayerIdentityCard","ui","Power of Many selection: {tier} (user-specified, conditional value only)","Selección de Power of Many: {tier} (especificado por el usuario, solo valor condicional)","","","medium","","",""
"comparePlayerIdentityCard.currentTrainingTemplate","comparePlayerIdentityCard","ui","Current: {label}","Actual: {label}","","21","medium","","",""
"comparePlayerIdentityCard.playerDetailLink","comparePlayerIdentityCard","ui","Player detail","Detalle del jugador","","17","medium","","",""
"comparePlayerIdentityCard.progressionScreenLink","comparePlayerIdentityCard","ui","Progression screen","Pantalla de progresión","","24","medium","","",""
"playerControlColumn.removeAriaTemplate","playerControlColumn","accessibility","Remove {name} from compare","Quitar a {name} de la comparación","","","high","","",""
"playerControlColumn.savedBuildTrainingLabelTemplate","playerControlColumn","ui","Saved build: {name}","Build guardada: {name}","","25","medium","","",""
"playerControlColumn.manualTrainingLabel","playerControlColumn","ui","Manual progression","Progresión manual","","24","medium","","",""
"playerControlColumn.followsPolicyLabel","playerControlColumn","ui","Follows progression policy","Sigue la política de progresión","","34","medium","","",""
"playerControlColumn.trainingPolicyLabel","playerControlColumn","ui","Progression policy","Política de progresión","","24","medium","","",""
"playerControlColumn.trainingPolicyAriaTemplate","playerControlColumn","accessibility","Progression policy for {name}","Política de progresión de {name}","","","high","","",""
"playerControlColumn.savedBuildOptionTemplate","playerControlColumn","ui","Saved build: {name}","Build guardada: {name}","","25","medium","","",""
"playerControlColumn.manualTrainingOption","playerControlColumn","ui","Manual progression (slider below)","Progresión manual (control deslizante abajo)","","","medium","","",""
"playerControlColumn.applyBuildAriaTemplate","playerControlColumn","accessibility","Apply saved build for {name}","Aplicar build guardada a {name}","","","high","","",""
"playerControlColumn.applyBuildDefaultOption","playerControlColumn","ui","Apply saved build...","Aplicar build guardada...","","26","medium","","",""
"playerControlColumn.trainingConsolidatedNoteTemplate","playerControlColumn","ui","Progression sliders can be operated together below in the ""Compare Cockpit"" ({mode} · using {used}/{total}pt).","Los controles de progresión se pueden manejar juntos abajo, en el ""Panel de comparación"" ({mode} · usando {used}/{total}pt).","","","medium","","",""
"playerControlColumn.positionFitSummary","playerControlColumn","ui","Position Fit","Idoneidad de posición","","16","medium","","",""
"playerControlColumn.registeredPositionLabel","playerControlColumn","ui","Registered position: ","Posición registrada: ","","28","medium","","",""
"playerControlColumn.currentOverallLabel","playerControlColumn","ui","Position-specific overall with current progression: ","Valoración por posición con la progresión actual: ","","68","medium","","",""
"playerControlColumn.currentOverallValue","playerControlColumn","ui","—","—","","12","medium","","",""
"playerControlColumn.currentOverallNote","playerControlColumn","ui"," (calculation rule under review)"," (regla de cálculo en revisión)","","","medium","","",""
"playerControlColumn.overallExplanation","playerControlColumn","ui","Current progression is reflected in the 26-ability comparison above. Position-specific overall values are not shown because KONAMI has not published the formula, ability weighting, or rounding rules, and there are not enough sample display values across cards to estimate reliably (we do not show made-up numbers).","La progresión actual se refleja en la comparación de los 26 atributos de arriba. No se muestran valoraciones por posición porque KONAMI no ha publicado la fórmula, la ponderación de atributos ni las reglas de redondeo, y no hay suficientes valores de muestra entre cartas para estimarlas de forma fiable (no mostramos cifras inventadas).","","","medium","","",""
"playerControlColumn.attachedBoosterPrefixTemplate","playerControlColumn","ui","Attached {slot}: ","{slot} incluido: ","","23","medium","","",""
"playerControlColumn.powerOfManyNote","playerControlColumn","ui","Variable booster (gold, depends on Game Plan) · not reflected in compare ranking","Potenciador variable (dorado, depende del Plan de juego) · no se refleja en la clasificación de la comparación","","","medium","","",""
"playerControlColumn.verifiedScreenshotNoteTemplate","playerControlColumn","ui","Confirmed via reference screenshots{fixedSuffix} · reflected in compare","Confirmado con capturas de referencia{fixedSuffix} · se refleja en la comparación","","","medium","","",""
"playerControlColumn.fixedEstimateSuffix","playerControlColumn","ui"," · estimated fixed-type"," · tipo fijo estimado","","30","medium","","",""
"playerControlColumn.externalCrossVerifiedNoteTemplate","playerControlColumn","ui","Externally cross-verified (not KONAMI-confirmed){fixedSuffix} · reflected in compare","Contrastado con fuentes externas (no confirmado por KONAMI){fixedSuffix} · se refleja en la comparación","","","medium","","",""
"playerControlColumn.underVerificationNote","playerControlColumn","ui","Effect under verification · not reflected in compare","Efecto en verificación · no se refleja en la comparación","","","medium","","",""
"playerControlColumn.additionalBoosterPrefix","playerControlColumn","ui","Additional booster (B2, overrides the attached one; ","Potenciador adicional (B2, sustituye al incluido; ","","","medium","","",""
"playerControlColumn.additionalBoosterHighlight","playerControlColumn","ui","confirmed ones affect the compare ranking","los confirmados afectan a la clasificación de la comparación","","","medium","","",""
"playerControlColumn.additionalBoosterSuffix","playerControlColumn","ui",")",")","","12","medium","","",""
"playerControlColumn.boosterLevelAriaTemplate","playerControlColumn","accessibility","Booster level for {name}","Nivel de potenciador de {name}","","32","high","","",""
"playerControlColumn.additionalBoosterAriaTemplate","playerControlColumn","accessibility","Additional booster (B2) for {name}","Potenciador adicional (B2) de {name}","","","high","","",""
"playerControlColumn.noneOption","playerControlColumn","ui","None","Ninguno","","12","medium","","",""
"playerControlColumn.boosterFootnotePrefix","playerControlColumn","ui","Card-attached boosters are reflected in compare under ","Los potenciadores incluidos en la carta se reflejan en la comparación en el ","","","medium","","",""
"playerControlColumn.boosterFootnoteHighlight","playerControlColumn","ui","Standard mode","modo Standard","","17","medium","","",""
"playerControlColumn.boosterFootnoteSuffix","playerControlColumn","ui"," (2 types measured via screenshot plus 27 types cross-checked between eFootball World and EFScout; includes effects assumed to be fixed-type; not confirmed by KONAMI). The additional booster (B2) applies only to that card and overrides the slot's attached effect. Confirmed B2 boosters (all of the ones listed here) also affect the normal final values and compare ranking."," (2 tipos medidos con capturas más 27 tipos contrastados entre eFootball World y EFScout; incluye efectos que se suponen de tipo fijo; no confirmado por KONAMI). El potenciador adicional (B2) solo se aplica a esa carta y sustituye al efecto incluido en esa ranura. Los potenciadores B2 confirmados (todos los que aparecen aquí) también afectan a los valores finales normales y a la clasificación de la comparación.","","","medium","","",""
"playerControlColumn.managerLabel","playerControlColumn","ui","Manager","Entrenador","","12","medium","","",""
"playerControlColumn.managerClearButton","playerControlColumn","ui","Clear","Quitar","","12","medium","","",""
"playerControlColumn.noManagerLabel","playerControlColumn","ui","No manager","Sin entrenador","","13","medium","","",""
"playerControlColumn.managerChangeButton","playerControlColumn","ui","Change","Cambiar","","12","medium","","",""
"playerControlColumn.managerChooseButton","playerControlColumn","ui","Choose from manager list","Elegir de la lista de entrenadores","","32","medium","","",""
"comparisonBoard.sameTrainingLabel","comparisonBoard","ui","Same progression for all:","Misma progresión para todos:","","33","medium","","",""
"comparisonBoard.sameManagerLabel","comparisonBoard","ui","Same manager for all:","Mismo entrenador para todos:","","28","medium","","",""
"comparisonBoard.chooseFromManagerListButton","comparisonBoard","ui","Choose from manager list","Elegir de la lista de entrenadores","","32","medium","","",""
"comparisonBoard.clearAllManagersButton","comparisonBoard","ui","Clear all managers","Quitar todos los entrenadores","","24","medium","","",""
"comparisonBoard.perPlayerManagerNote","comparisonBoard","ui","To set a different manager per player, use each player's own column.","Para asignar un entrenador distinto a cada jugador, usa la columna de cada jugador.","","","medium","","",""
"comparisonBoard.sharedManagerPickerTitle","comparisonBoard","ui","Select manager to apply to all","Selecciona el entrenador para todos","","39","medium","","",""
"comparisonBoard.perPlayerManagerPickerTitleTemplate","comparisonBoard","ui","Select manager for {name}","Selecciona el entrenador para {name}","","","medium","","",""
"comparisonBoard.fallbackPlayerName","comparisonBoard","ui","Player","Jugador","","12","medium","","",""
"comparisonBoard.maxPlayersErrorTemplate","comparisonBoard","ui","Compare supports a maximum of {max} players.","La comparación admite un máximo de {max} jugadores.","","","high","","",""
"comparisonBoard.duplicateCardError","comparisonBoard","ui","The same card cannot be added twice.","No se puede añadir la misma carta dos veces.","","","high","","",""
"comparisonBoard.fetchPlayerFailedError","comparisonBoard","ui","Could not fetch the player.","No se pudo obtener el jugador.","","","high","","",""
"comparisonBoard.fetchPlayerErrorGeneric","comparisonBoard","ui","Failed to fetch the player.","Error al obtener el jugador.","","","high","","",""
"comparisonBoard.buildSavedNoticeTemplate","comparisonBoard","ui","Saved ""{name}"" (selectable from player detail, My Team, and squads).","Se guardó ""{name}"" (seleccionable desde el detalle del jugador, Mi equipo y las plantillas).","","","medium","","",""
"comparisonBoard.confirmOverwriteWarningTemplate","comparisonBoard","ui","Some columns have manual allocations or saved builds. Applying ""{mode}"" to everyone will overwrite them.","Algunas columnas tienen asignaciones manuales o builds guardadas. Aplicar ""{mode}"" a todos las sobrescribirá.","","","high","","",""
"comparisonBoard.overwriteTargetsLabel","comparisonBoard","ui","Will be overwritten: ","Se sobrescribirá: ","","28","medium","","",""
"comparisonBoard.overwriteTargetTemplate","comparisonBoard","ui","Player {index} ({name})","Jugador {index} ({name})","","30","medium","","",""
"comparisonBoard.overwriteApplyButton","comparisonBoard","ui","Overwrite and apply","Sobrescribir y aplicar","","25","medium","","",""
"comparisonBoard.overwriteCancelButton","comparisonBoard","ui","Cancel","Cancelar","","12","medium","","",""
"comparisonBoard.selectSlotOrdinalTemplate","comparisonBoard","ui","Select player {n}","Seleccionar jugador {n}","","23","medium","","",""
"comparisonBoard.addPlayerToSlotButtonTemplate","comparisonBoard","ui","+ Add player {n}","+ Añadir jugador {n}","","21","medium","","",""
"comparisonBoard.maxPlayersNoteTemplate","comparisonBoard","ui","Compare supports a maximum of {max} players. To add another, remove one with ✕ first.","La comparación admite un máximo de {max} jugadores. Para añadir otro, quita primero uno con ✕.","","","medium","","",""
"comparisonBoard.needTwoPlayersTitle","comparisonBoard","ui","Select 2 or more players to compare","Selecciona 2 o más jugadores para comparar","","46","medium","","",""
"comparisonBoard.needTwoPlayersDescriptionTemplate","comparisonBoard","ui","Use an empty slot above to add a player (up to {max}). Different cards of the same player can also be compared.","Usa un hueco vacío de arriba para añadir un jugador (hasta {max}). También se pueden comparar distintas cartas del mismo jugador.","","","medium","","",""
"comparisonBoard.browseHighOvrButton","comparisonBoard","ui","Browse high-OVR cards","Ver cartas de OVR alto","","28","medium","","",""
"comparePage.title","comparePage","ui","Player Compare","Comparar jugadores","","19","medium","","",""
"comparePage.description","comparePage","ui","Compare 2-4 World cards side by side: basic info, 26 abilities, skills, progression builds, and manager corrections. Progression and manager corrections reuse the existing calculation engine (rules are still being verified). Players, progression policy, and manager are stored in the URL so you can share it.","Compara de 2 a 4 cartas World en paralelo: información básica, 26 atributos, habilidades, builds de progresión y correcciones del entrenador. La progresión y las correcciones del entrenador reutilizan el motor de cálculo existente (las reglas aún se están verificando). Los jugadores, la política de progresión y el entrenador se guardan en la URL para que puedas compartirla.","","","medium","","",""
"comparePage.backToPlayers","comparePage","ui","Back to player list","Volver a la lista de jugadores","","25","medium","","",""
"comparePage.dataUnavailableTitle","comparePage","ui","Data unavailable","Datos no disponibles","","21","medium","","",""
"comparePage.dataUnavailableDescription","comparePage","ui","World data has not been imported into SQLite.","Los datos de World no se han importado a SQLite.","","","medium","","",""
"worldPlayerHero.backToList","worldPlayerHero","ui","Back to player list","Volver a la lista de jugadores","","25","medium","","",""
"worldPlayerHero.noImage","worldPlayerHero","ui","No image","Sin imagen","","12","medium","","",""
"worldPlayerHero.maxOvrLabel","worldPlayerHero","ui","Max OVR","OVR máx.","","12","medium","","",""
"worldPlayerHero.baseAndCapTemplate","worldPlayerHero","ui","Base {base} / Lv cap {cap}","Base {base} / Nv. máx. {cap}","","","medium","","",""
"worldPlayerHero.noEnglishName","worldPlayerHero","ui","(No English name)","(Sin nombre en inglés)","","23","medium","","",""
"worldPlayerHero.idBadgeTemplate","worldPlayerHero","ui","ID {id}","ID {id}","","12","medium","","",""
"worldPlayerHero.baseOvrLabel","worldPlayerHero","ui","Base OVR","OVR base","","12","medium","","",""
"worldPlayerHero.maxOvrFactLabel","worldPlayerHero","ui","Max OVR","OVR máx.","","12","medium","","",""
"worldPlayerHero.maxLevelLabel","worldPlayerHero","ui","Max level","Nivel máximo","","12","medium","","",""
"worldPlayerHero.preferredFootLabel","worldPlayerHero","ui","Preferred foot","Pie preferido","","19","medium","","",""
"worldPlayerHero.heightWeightTemplate","worldPlayerHero","ui","Height / Weight","Altura / Peso","","20","medium","","",""
"worldPlayerHero.teamLabel","worldPlayerHero","ui","Team","Equipo","","12","medium","","",""
"playerDetailPage.worldDataUnavailableTitle","playerDetailPage","ui","World data is unavailable","Los datos de World no están disponibles","","33","medium","","",""
"playerDetailPage.worldDataUnavailableDescription","playerDetailPage","ui","World data has not been imported into SQLite.","Los datos de World no se han importado a SQLite.","","","medium","","",""
"playerDetailPage.backToPlayerList","playerDetailPage","ui","Back to player list","Volver a la lista de jugadores","","25","medium","","",""
"playerDetailPage.analysisScopeWorldEfhub","playerDetailPage","ui","World + eFHUB detail","World + detalle de eFHUB","","26","medium","","",""
"playerDetailPage.analysisScopeWorld","playerDetailPage","ui","World data","Datos de World","","13","medium","","",""
"playerDetailPage.nationalityLabel","playerDetailPage","ui","Nationality","Nacionalidad","","15","medium","","",""
"playerDetailPage.regionLabel","playerDetailPage","ui","Region","Región","","12","medium","","",""
"playerDetailPage.leagueLabel","playerDetailPage","ui","League","Liga","","12","medium","","",""
"playerDetailPage.teamLabel","playerDetailPage","ui","Team","Equipo","","12","medium","","",""
"playerDetailPage.ageLabel","playerDetailPage","ui","Age","Edad","","12","medium","","",""
"playerDetailPage.heightLabel","playerDetailPage","ui","Height","Altura","","12","medium","","",""
"playerDetailPage.weightLabel","playerDetailPage","ui","Weight","Peso","","12","medium","","",""
"playerDetailPage.preferredFootLabel","playerDetailPage","ui","Preferred foot","Pie preferido","","19","medium","","",""
"playerDetailPage.playingStyleLabel","playerDetailPage","ui","Attacking playing style","Estilo de juego ofensivo","","30","medium","","",""
"playerDetailPage.playingStyleDefLabel","playerDetailPage","ui","Defensive playing style","Estilo de juego defensivo","","30","medium","","",""
"playerDetailPage.booster1Label","playerDetailPage","ui","Booster 1 (ID)","Potenciador 1 (ID)","","19","medium","","",""
"playerDetailPage.booster2Label","playerDetailPage","ui","Booster 2 (ID)","Potenciador 2 (ID)","","19","medium","","",""
"playerDetailPage.basicInfoHeading","playerDetailPage","ui","Basic Info","Información básica","","13","medium","","",""
"playerDetailPage.statsHeading","playerDetailPage","ui","Abilities (26 items, World values)","Atributos (26, valores de World)","","45","medium","","",""
"playerDetailPage.statsHint","playerDetailPage","ui","Excludes progression and manager corrections","Sin progresión ni ajustes del entrenador","","","medium","","",""
"playerDetailPage.playerSkillsHeading","playerDetailPage","ui","Player Skills","Habilidades del jugador","","17","medium","","",""
"playerDetailPage.noSkills","playerDetailPage","ui","No skill information.","Sin información de habilidades.","","28","medium","","",""
"playerDetailPage.aiStylesHeading","playerDetailPage","ui","AI Playing Styles","Estilos de juego de la IA","","23","medium","","",""
"playerDetailPage.noAiStyles","playerDetailPage","ui","No AI styles.","Sin estilos de IA.","","17","medium","","",""
"playerDetailPage.progressionHeading","playerDetailPage","ui","Progression (under verification)","Progresión (en verificación)","","42","medium","","",""
"playerDetailPage.dataProvenanceHeading","playerDetailPage","ui","Data Provenance","Procedencia de los datos","","20","medium","","",""
"playerDetailPage.dataSourceLabel","playerDetailPage","ui","Data source","Fuente de datos","","15","medium","","",""
"playerDetailPage.sourceUrlLabel","playerDetailPage","ui","Source URL","URL de origen","","13","medium","","",""
"playerDetailPage.appearanceUpdatedLabel","playerDetailPage","ui","Updated at (appearance)","Actualizado (aparición)","","30","medium","","",""
"playerDetailPage.fetchedAtLabel","playerDetailPage","ui","Fetched at","Obtenido el","","13","medium","","",""
"playerDetailPage.efhubDiffHeading","playerDetailPage","ui","Differences from eFHUB values (reference only, not auto-applied)","Diferencias con los valores de eFHUB (solo referencia, no se aplican automáticamente)","","84","medium","","",""
"playerDetailPage.tableItemHeader","playerDetailPage","ui","Item","Elemento","","12","medium","","",""
"playerDetailPage.tableWorldHeader","playerDetailPage","ui","World","World","","12","medium","","",""
"playerDetailPage.tableEfhubHeader","playerDetailPage","ui","eFHUB","eFHUB","","12","medium","","",""
"playerDetailPage.notYetHeading","playerDetailPage","ui","Not Yet Available (under investigation)","Aún no disponible (en investigación)","","51","medium","","",""
"playerDetailPage.notYetHint","playerDetailPage","ui","Items not included in the players/search API","Elementos no incluidos en la API players/search","","","medium","","",""
"playerDetailPage.notYetZeroNote","playerDetailPage","ui","Not shown when the value is 0 or empty.","No se muestra si el valor es 0 o está vacío.","","","medium","","",""
"playerDetailPage.notYetBadgeSuffix","playerDetailPage","ui",": under investigation",": en investigación","","28","medium","","",""
"playerDetailPage.notYetSecondaryPosition","playerDetailPage","ui","Secondary position fit","Idoneidad en posiciones secundarias","","29","medium","","",""
"playerDetailPage.tabsAriaLabel","playerDetailPage","accessibility","Player detail","Ficha del jugador","","17","high","","",""
"playerDetailPage.tabOverview","playerDetailPage","ui","Overview","Resumen","","12","medium","","",""
"playerDetailPage.tabStats","playerDetailPage","ui","Abilities","Atributos","","12","medium","","",""
"playerDetailPage.tabSkills","playerDetailPage","ui","Skills","Habilidades","","12","medium","","",""
"playerDetailPage.tabProgression","playerDetailPage","ui","Progression","Progresión","","15","medium","","",""
"playerDetailPage.tabData","playerDetailPage","ui","Data","Datos","","12","medium","","",""
"legacyPlayerDetail.backToList","legacyPlayerDetail","ui","← Back to player list","← Volver a la lista de jugadores","","28","medium","","",""
"legacyPlayerDetail.noJapaneseName","legacyPlayerDetail","ui","(No Japanese name)","(Sin nombre japonés)","","24","medium","","",""
"legacyPlayerDetail.noEnglishName","legacyPlayerDetail","ui","(No English name)","(Sin nombre en inglés)","","23","medium","","",""
"legacyPlayerDetail.efhubIdLabel","legacyPlayerDetail","ui","Player ID (eFHUB)","ID de jugador (eFHUB)","","23","medium","","",""
"legacyPlayerDetail.ovrLabel","legacyPlayerDetail","ui","OVR","OVR","","12","medium","","",""
"legacyPlayerDetail.provenanceHeading","legacyPlayerDetail","ui","Data Provenance","Procedencia de los datos","","20","medium","","",""
"legacyPlayerDetail.dataSourceLabel","legacyPlayerDetail","ui","Data source","Fuente de datos","","15","medium","","",""
"legacyPlayerDetail.sourceUrlLabel","legacyPlayerDetail","ui","Source URL","URL de origen","","13","medium","","",""
"legacyPlayerDetail.httpMethodLabel","legacyPlayerDetail","ui","HTTP method","Método HTTP","","15","medium","","",""
"legacyPlayerDetail.fetchedAtLabel","legacyPlayerDetail","ui","Fetched at","Obtenido el","","13","medium","","",""
"legacyPlayerDetail.noSourceInfo","legacyPlayerDetail","ui","No source information available.","No hay información de origen disponible.","","","medium","","",""
"legacyPlayerDetail.futureHeading","legacyPlayerDetail","ui","Planned for a Future Version","Previsto para una versión futura","","37","medium","","",""
"legacyPlayerDetail.futureDescription","legacyPlayerDetail","ui","Abilities (attack/defense/physical), skills, playing styles, position-specific overall, progression, boosters, tiers, and player compare. These will be implemented after further research into eFHUB's per-player data (Phase 1-2 of docs/efootball-team-ai-design.md).","Atributos (ataque/defensa/físico), habilidades, estilos de juego, valoración general por posición, progresión, potenciadores, niveles y comparación de jugadores. Se implementarán tras investigar más a fondo los datos por jugador de eFHUB (Fase 1-2 de docs/efootball-team-ai-design.md).","","","medium","","",""
"legacyPlayerDetail.imageProxyNote","legacyPlayerDetail","ui","Player images are fetched from efimg.com via our own proxy (/api/player-image/[id]).","Las imágenes de los jugadores se obtienen de efimg.com mediante nuestro propio proxy (/api/player-image/[id]).","","","medium","","",""
"worldFilters.sortOvrMaxDesc","worldFilters","ui","Max OVR (high to low)","OVR máx. (de mayor a menor)","","28","medium","","",""
"worldFilters.sortOvrMaxAsc","worldFilters","ui","Max OVR (low to high)","OVR máx. (de menor a mayor)","","28","medium","","",""
"worldFilters.sortOvrBaseDesc","worldFilters","ui","Base OVR (high to low)","OVR base (de mayor a menor)","","29","medium","","",""
"worldFilters.sortOvrBaseAsc","worldFilters","ui","Base OVR (low to high)","OVR base (de menor a mayor)","","29","medium","","",""
"worldFilters.sortName","worldFilters","ui","By name (English)","Por nombre (inglés)","","23","medium","","",""
"worldFilters.sortUpdatedDesc","worldFilters","ui","Recently updated","Actualizados recientemente","","21","medium","","",""
"worldFilters.filterLabelQ","worldFilters","ui","Search","Buscar","","12","medium","","",""
"worldFilters.filterLabelPosition","worldFilters","ui","Position","Posición","","12","medium","","",""
"worldFilters.filterLabelCardType","worldFilters","ui","Card type","Tipo de carta","","12","medium","","",""
"worldFilters.filterLabelPlayingStyle","worldFilters","ui","Attacking PS","Estilo ofensivo","","16","medium","","",""
"worldFilters.filterLabelPlayingStyleDef","worldFilters","ui","Defensive PS","Estilo defensivo","","16","medium","","",""
"worldFilters.filterLabelMinOvr","worldFilters","ui","Max OVR ≥","OVR máx. ≥","","12","medium","","",""
"worldFilters.filterLabelMaxOvr","worldFilters","ui","Max OVR ≤","OVR máx. ≤","","12","medium","","",""
"worldFilters.filterLabelBooster","worldFilters","ui","Booster","Potenciador","","12","medium","","",""
"worldFilters.searchPlaceholder","worldFilters","ui","Japanese name / English name / World ID / eFHUB ID","Nombre japonés / nombre inglés / World ID / eFHUB ID","","65","medium","","",""
"worldFilters.searchAriaLabel","worldFilters","accessibility","Search players","Buscar jugadores","","19","high","","",""
"worldFilters.sortAriaLabel","worldFilters","accessibility","Sort","Ordenar","","12","high","","",""
"worldFilters.filterToggleTemplate","worldFilters","ui","Filters{count}","Filtros{count}","","19","medium","","",""
"worldFilters.positionAriaLabel","worldFilters","accessibility","Position","Posición","","12","high","","",""
"worldFilters.positionAll","worldFilters","ui","Position: All","Posición: todas","","17","medium","","",""
"worldFilters.cardTypeAriaLabel","worldFilters","accessibility","Card type","Tipo de carta","","12","high","","",""
"worldFilters.cardTypeAll","worldFilters","ui","Type: All","Tipo: todos","","12","medium","","",""
"worldFilters.playingStyleAriaLabel","worldFilters","accessibility","Attacking playing style","Estilo de juego ofensivo","","30","high","","",""
"worldFilters.playingStyleAll","worldFilters","ui","Attacking PS: All","Estilo ofensivo: todos","","23","medium","","",""
"worldFilters.playingStyleDefAriaLabel","worldFilters","accessibility","Defensive playing style","Estilo de juego defensivo","","30","high","","",""
"worldFilters.playingStyleDefAll","worldFilters","ui","Defensive PS: All","Estilo defensivo: todos","","23","medium","","",""
"worldFilters.minOvrPlaceholder","worldFilters","ui","Max OVR ≥","OVR máx. ≥","","12","medium","","",""
"worldFilters.minOvrAriaLabel","worldFilters","accessibility","Max OVR lower bound","Límite inferior de OVR máx.","","25","high","","",""
"worldFilters.maxOvrPlaceholder","worldFilters","ui","Max OVR ≤","OVR máx. ≤","","12","medium","","",""
"worldFilters.maxOvrAriaLabel","worldFilters","accessibility","Max OVR upper bound","Límite superior de OVR máx.","","25","high","","",""
"worldFilters.clearAllButton","worldFilters","ui","Clear all","Quitar todo","","12","medium","","",""
"worldPlayerCard.noEnglishName","worldPlayerCard","ui","(No English name)","(Sin nombre en inglés)","","23","medium","","",""
"worldPlayerCard.baseOvrLabel","worldPlayerCard","ui","Base {value}","Base {value}","","16","medium","","",""
"worldPlayerCard.levelCapLabel","worldPlayerCard","ui","Lv cap {value}","Nv. máx. {value}","","19","medium","","",""
"worldPagination.ariaLabel","worldPagination","accessibility","Pagination","Paginación","","13","high","","",""
"worldPagination.rangeTemplate","worldPagination","ui","Showing {from}–{to} of {total}","Mostrando {from}–{to} de {total}","","","medium","","",""
"worldPagination.prevLabel","worldPagination","ui","← Previous","← Anterior","","13","medium","","",""
"worldPagination.nextLabel","worldPagination","ui","Next →","Siguiente →","","12","medium","","",""
"worldPagination.pageOfTemplate","worldPagination","ui","{page} / {totalPages}","{page} / {totalPages}","","28","medium","","",""
"playersPage.title","playersPage","ui","Players","Jugadores","","12","medium","","",""
"playersPage.metaTemplate","playersPage","ui","{count} players","{count} jugadores","","20","medium","","",""
"playersPage.descriptionTemplate","playersPage","ui","Search and filter all eFootball World cards. {importedAt}","Busca y filtra todas las cartas World de eFootball. {importedAt}","","","medium","","",""
"playersPage.importedAtPrefix","playersPage","ui","Imported: ","Importado: ","","13","medium","","",""
"playersPage.compareLink","playersPage","ui","Go to player compare","Ir a la comparación de jugadores","","26","medium","","",""
"playersPage.noDataTitle","playersPage","ui","World data has not been set up yet","Los datos World aún no se han configurado","","45","medium","","",""
"playersPage.noDataDescription","playersPage","ui","Run `node scripts/sync-world-players-initial.mjs` in the terminal to import it into SQLite.","Ejecuta `node scripts/sync-world-players-initial.mjs` en la terminal para importarlos a SQLite.","","","medium","","",""
"playersPage.loadErrorTitle","playersPage","ui","Could not load player data","No se pudieron cargar los datos de jugadores","","34","high","","",""
"playersPage.loadErrorDescription","playersPage","ui","Please reload in a moment. If the problem persists, check the SQLite database.","Vuelve a cargar en un momento. Si el problema persiste, revisa la base de datos SQLite.","","","high","","",""
"playersPage.noResultsTitle","playersPage","ui","No players match your criteria","Ningún jugador coincide con tus criterios","","39","medium","","",""
"playersPage.noResultsDescription","playersPage","ui","Try changing your search term or filters. Click a filter chip to clear it individually.","Prueba a cambiar el término de búsqueda o los filtros. Haz clic en un chip de filtro para quitarlo individualmente.","","","medium","","",""
"playersPage.clearAllFiltersButton","playersPage","ui","Clear all filters","Quitar todos los filtros","","23","medium","","",""
"playersPage.noCardsTitle","playersPage","ui","No cards to display","No hay cartas que mostrar","","25","medium","","",""
"playersPage.noCardsDescription","playersPage","ui","Check that World data has been imported.","Comprueba que se hayan importado los datos World.","","","medium","","",""
"playersPage.showingRangeTemplate","playersPage","ui","Showing {from}–{to} of {total}","Mostrando {from}–{to} de {total}","","","medium","","",""
"playersPage.dataSourcePrefix","playersPage","ui","Data source: ","Fuente de datos: ","","17","medium","","",""
"playersPage.defaultSourceName","playersPage","ui","eFootball World","eFootball World","","20","medium","","",""
"tagEditor.duplicateTag","tagEditor","ui","This tag already exists.","Esta etiqueta ya existe.","","32","medium","","",""
"tagEditor.maxTagsTemplate","tagEditor","ui","You can add up to {max} tags.","Puedes añadir hasta {max} etiquetas.","","","medium","","",""
"tagEditor.labelTemplate","tagEditor","ui","Tags (optional, up to {maxTags}, {maxLen} characters each)","Etiquetas (opcional, hasta {maxTags}, {maxLen} caracteres cada una)","","","medium","","",""
"tagEditor.removeTagAriaTemplate","tagEditor","accessibility","Remove tag ""{tag}""","Quitar la etiqueta ""{tag}""","","24","high","","",""
"tagEditor.placeholder","tagEditor","ui","e.g. Main / Dribbler / Progression candidate","p. ej. Titular / Regateador / Candidato a progresión","","","medium","","",""
"tagEditor.addButton","tagEditor","ui","Add","Añadir","","12","medium","","",""
"myTeamAddDialog.editTitle","myTeamAddDialog","ui","Edit My Team Record","Editar registro de Mi equipo","","25","medium","","",""
"myTeamAddDialog.addTitle","myTeamAddDialog","ui","Add to My Team","Añadir a Mi equipo","","19","medium","","",""
"myTeamAddDialog.saveFailedFallback","myTeamAddDialog","ui","Could not save.","No se ha podido guardar.","","20","high","","",""
"myTeamAddDialog.introAddTemplate","myTeamAddDialog","ui","This adds {playerName} (ID {worldCardId}) to My Team. My Team manages cards you actually own. It is independent of Favorites — adding here does not add it to Favorites.","Se añadirá a {playerName} (ID {worldCardId}) a Mi equipo. Mi equipo gestiona las cartas que realmente tienes. Es independiente de Favoritos: añadirla aquí no la añade a Favoritos.","","","medium","","",""
"myTeamAddDialog.introEditTemplate","myTeamAddDialog","ui","This edits the My Team record for {playerName} (ID {worldCardId}). My Team manages cards you actually own, independent of Favorites.","Se editará el registro de Mi equipo de {playerName} (ID {worldCardId}). Mi equipo gestiona las cartas que realmente tienes, de forma independiente de Favoritos.","","","medium","","",""
"myTeamAddDialog.ownershipLabel","myTeamAddDialog","ui","Ownership status","Estado de posesión","","21","medium","","",""
"myTeamAddDialog.usageLabel","myTeamAddDialog","ui","Usage status (optional)","Estado de uso (opcional)","","30","medium","","",""
"myTeamAddDialog.usageNote","myTeamAddDialog","ui","Usage status is separate from actual squad placement. Setting it to ""Main"" does not automatically place the card in a squad.","El estado de uso es independiente de la colocación real en una plantilla. Marcarla como ""Principal"" no la coloca automáticamente en ninguna plantilla.","","","medium","","",""
"myTeamAddDialog.noteLabelTemplate","myTeamAddDialog","ui","Note (optional, up to {max} characters)","Nota (opcional, hasta {max} caracteres)","","","medium","","",""
"myTeamAddDialog.notePlaceholder","myTeamAddDialog","ui","e.g. Planned as ST / strong 1v1 / adjust progression next","p. ej. Prevista como ST / fuerte en el 1 contra 1 / ajustar progresión después","","75","medium","","",""
"myTeamAddDialog.noteCountTemplate","myTeamAddDialog","ui","{count} / {max}","{count} / {max}","","20","medium","","",""
"myTeamAddDialog.cancelButton","myTeamAddDialog","ui","Cancel","Cancelar","","12","medium","","",""
"myTeamAddDialog.saveButton","myTeamAddDialog","ui","Save","Guardar","","12","medium","","",""
"myTeamAddDialog.addButton","myTeamAddDialog","ui","Add to My Team","Añadir a Mi equipo","","19","medium","","",""
"myTeamButton.registeredAria","myTeamButton","accessibility","Registered in My Team","Registrado en Mi equipo","","28","high","","",""
"myTeamButton.registeredLabel","myTeamButton","ui","Registered in My Team","Registrado en Mi equipo","","28","medium","","",""
"myTeamButton.openInMyTeamLink","myTeamButton","ui","Open in My Team","Abrir en Mi equipo","","20","medium","","",""
"myTeamButton.addButton","myTeamButton","ui","Add to My Team","Añadir a Mi equipo","","19","medium","","",""
"myTeamButton.unavailableNote","myTeamButton","ui","This browser cannot save","Este navegador no puede guardar","","32","medium","","",""
"favoritesView.pageTitle","favoritesView","metadata","Favorites","Favoritos","","12","medium","","",""
"favoritesView.pageDescription","favoritesView","metadata","Save cards you're interested in, and check their progression and compare them later. Cards you don't own can be registered too.","Guarda las cartas que te interesan para revisar su progresión y compararlas más tarde. También puedes registrar cartas que no tienes.","","","medium","","",""
"favoritesView.emptyTitle","favoritesView","ui","You have no favorites yet","Aún no tienes favoritos","","33","medium","","",""
"favoritesView.emptyDescription","favoritesView","ui","Add cards using the star icon in the players list or on a player's detail page. Cards you don't own can be favorited too.","Añade cartas con el icono de estrella en la lista de jugadores o en la página de detalle de un jugador. También puedes marcar como favoritas cartas que no tienes.","","","medium","","",""
"favoritesView.noResultsTitle","favoritesView","ui","No favorites match your criteria","Ningún favorito coincide con tus criterios","","42","medium","","",""
"favoritesView.removeLabel","favoritesView","ui","Remove from favorites","Quitar de favoritos","","28","medium","","",""
"favoritesView.scopeLoadingMessage","favoritesView","ui","Checking your account…","Comprobando tu cuenta…","","29","medium","","",""
"favoriteButton.saveFailedFallback","favoriteButton","ui","Could not save","No se pudo guardar","","19","high","","",""
"favoriteButton.removeLabel","favoriteButton","ui","Remove from favorites","Quitar de favoritos","","28","medium","","",""
"favoriteButton.addLabel","favoriteButton","ui","Add to favorites","Añadir a favoritos","","21","medium","","",""
"favoriteButton.favoritedCompactLabel","favoriteButton","ui","Favorited","Favorito","","12","medium","","",""
"favoriteButton.notFavoritedCompactLabel","favoriteButton","ui","Favorite","Favorito","","12","medium","","",""
"favoriteButton.favoritedLabel","favoriteButton","ui","Favorited","En favoritos","","12","medium","","",""
"favoriteButton.addFavoriteLabel","favoriteButton","ui","Add to favorites","Añadir a favoritos","","21","medium","","",""
"favoriteButton.unavailableNote","favoriteButton","ui","This browser cannot save (lost when closed)","Este navegador no puede guardar (se pierde al cerrar)","","","medium","","",""
"userCardFilters.sortAddedDesc","userCardFilters","ui","Recently added","Añadidas recientemente","","19","medium","","",""
"userCardFilters.sortAddedAsc","userCardFilters","ui","Oldest added","Añadidas hace más tiempo","","16","medium","","",""
"userCardFilters.sortOvrDesc","userCardFilters","ui","OVR (high to low)","OVR (de mayor a menor)","","23","medium","","",""
"userCardFilters.sortOvrAsc","userCardFilters","ui","OVR (low to high)","OVR (de menor a mayor)","","23","medium","","",""
"userCardFilters.sortName","userCardFilters","ui","By name","Por nombre","","12","medium","","",""
"userCardFilters.sortPosition","userCardFilters","ui","By position","Por posición","","15","medium","","",""
"userCardFilters.searchSrLabel","userCardFilters","ui","Search","Buscar","","12","medium","","",""
"userCardFilters.searchPlaceholder","userCardFilters","ui","Player name / team / nationality / card ID","Jugador / equipo / nacionalidad / ID de carta","","55","medium","","",""
"userCardFilters.sortAriaLabel","userCardFilters","accessibility","Sort","Ordenar","","12","high","","",""
"userCardFilters.positionFilterAriaLabel","userCardFilters","accessibility","Filter by position","Filtrar por posición","","24","high","","",""
"userCardFilters.positionFilterAll","userCardFilters","ui","Position: All","Posición: todas","","17","medium","","",""
"userCardFilters.cardTypeFilterAriaLabel","userCardFilters","accessibility","Filter by card type","Filtrar por tipo de carta","","25","high","","",""
"userCardFilters.cardTypeFilterAll","userCardFilters","ui","Card type: All","Tipo de carta: todos","","19","medium","","",""
"userCardFilters.ownershipFilterAriaLabel","userCardFilters","accessibility","Filter by ownership status","Filtrar por estado de posesión","","34","high","","",""
"userCardFilters.ownershipFilterAll","userCardFilters","ui","Ownership: All","Posesión: todas","","19","medium","","",""
"userCardFilters.ownershipOwned","userCardFilters","ui","Owned","En posesión","","12","medium","","",""
"userCardFilters.ownershipWanted","userCardFilters","ui","Wanted","Deseada","","12","medium","","",""
"userCardFilters.ownershipReleased","userCardFilters","ui","Released","Liberada","","12","medium","","",""
"userCardFilters.ownershipUnknown","userCardFilters","ui","Not set","Sin definir","","12","medium","","",""
"userCardFilters.inTeamFilterAriaLabel","userCardFilters","accessibility","Filter by ownership","Filtrar por posesión","","25","high","","",""
"userCardFilters.inTeamFilterAll","userCardFilters","ui","Ownership: All","Posesión: todas","","19","medium","","",""
"userCardFilters.inTeamFilterYes","userCardFilters","ui","In My Team","En Mi equipo","","13","medium","","",""
"userCardFilters.inTeamFilterNo","userCardFilters","ui","Not in My Team","No está en Mi equipo","","19","medium","","",""
"userCardFilters.boosterFilterAriaLabel","userCardFilters","accessibility","Filter by booster","Filtrar por potenciador","","23","high","","",""
"userCardFilters.boosterFilterAll","userCardFilters","ui","Booster: All","Potenciador: todos","","16","medium","","",""
"userCardFilters.boosterFilterHas","userCardFilters","ui","Has booster","Con potenciador","","15","medium","","",""
"userCardFilters.boosterFilterPom","userCardFilters","ui","Has Power of Many","Con Power of Many","","23","medium","","",""
"userCardFilters.clearFiltersButton","userCardFilters","ui","Clear filters","Borrar filtros","","17","medium","","",""
"userCardFilters.countTemplate","userCardFilters","ui","{shown} / {total}","{shown} / {total}","","23","medium","","",""
"userCardTile.compareAddedMsg","userCardTile","ui","Added to compare.","Añadido a la comparación.","","23","medium","","",""
"userCardTile.compareAlreadyMsg","userCardTile","ui","Already in compare.","Ya está en la comparación.","","25","medium","","",""
"userCardTile.compareFullMsg","userCardTile","ui","Compare is at the maximum number of players.","La comparación ya tiene el máximo de jugadores.","","","medium","","",""
"userCardTile.compareFailedMsg","userCardTile","ui","Could not add.","No se pudo añadir.","","19","high","","",""
"userCardTile.resolvingCardInfo","userCardTile","ui","Resolving card information…","Obteniendo información de la carta…","","","medium","","",""
"userCardTile.boosterGold","userCardTile","ui","Gold","Oro","","12","medium","","",""
"userCardTile.boosterBlue","userCardTile","ui","Blue","Azul","","12","medium","","",""
"userCardTile.noBuildsSaved","userCardTile","ui","No builds in TeamAIXI","Sin builds en TeamAIXI","","28","medium","","",""
"userCardTile.selectedBuildTemplate","userCardTile","ui","Selected build: {name} ({count} saved)","Build seleccionada: {name} (guardadas: {count})","","","medium","","",""
"userCardTile.buildsSavedTemplate","userCardTile","ui","Builds saved in TeamAIXI ({count})","Builds guardadas en TeamAIXI ({count})","","","medium","","",""
"userCardTile.usedInSquadsCountTemplate","userCardTile","ui","In use in {count} squad(s): ","En uso en plantillas ({count}): ","","","medium","","",""
"userCardTile.detailLink","userCardTile","ui","Details","Detalles","","12","medium","","",""
"userCardTile.progressionLink","userCardTile","ui","Progression","Progresión","","15","medium","","",""
"userCardTile.addToCompareButton","userCardTile","ui","Add to compare","Añadir a comparación","","19","medium","","",""
"userCardTile.defaultRemoveLabel","userCardTile","ui","Remove","Quitar","","12","medium","","",""
"userCardTile.ownershipOwned","userCardTile","ui","Owned","En posesión","","12","medium","","",""
"userCardTile.ownershipWanted","userCardTile","ui","Wanted","Deseada","","12","medium","","",""
"userCardTile.ownershipReleased","userCardTile","ui","Released","Liberada","","12","medium","","",""
"userCardTile.ownershipUnknown","userCardTile","ui","Not set","Sin establecer","","12","medium","","",""
"userCardTile.usageMain","userCardTile","ui","Main","Principal","","12","medium","","",""
"userCardTile.usageRotation","userCardTile","ui","Rotation","Rotación","","12","medium","","",""
"userCardTile.usageReserve","userCardTile","ui","Reserve","Reserva","","12","medium","","",""
"userCardTile.usageUnused","userCardTile","ui","Unused","Sin usar","","12","medium","","",""
"userCardTile.usageUnknown","userCardTile","ui","Not set","Sin establecer","","12","medium","","",""
"localStorageNotice.whatFavorites","localStorageNotice","ui","Favorites","Favoritos","","12","medium","","",""
"localStorageNotice.whatMyTeam","localStorageNotice","ui","My Team","Mi equipo","","12","medium","","",""
"localStorageNotice.whatBuilds","localStorageNotice","ui","Saved progression builds","Builds de progresión guardadas","","32","medium","","",""
"localStorageNotice.whatFavoritesAndMyTeam","localStorageNotice","ui","Favorites and My Team","Favoritos y Mi equipo","","28","medium","","",""
"localStorageNotice.bodyPrefixTemplate","localStorageNotice","ui","{what} is currently saved ","{what}: por ahora se guarda ","","","medium","","",""
"localStorageNotice.bodyBold","localStorageNotice","ui","only in this browser","solo en este navegador","","26","medium","","",""
"localStorageNotice.bodySuffix","localStorageNotice","ui",". Syncing or backing up to another device, or saving to a server, is not yet supported. Login and account sync are planned for a future version.",". Aún no se puede sincronizar ni hacer copia de seguridad en otro dispositivo, ni guardar en un servidor. El inicio de sesión y la sincronización de cuenta están previstos para una versión futura.","","","medium","","",""
"localStorageNotice.bodySuffixMyTeam","localStorageNotice","ui",". After logging in, you can use an alpha trial feature on the account screen to explicitly save and retrieve My Team from the cloud. This is not automatic sync across devices.",". Tras iniciar sesión, puedes usar una función de prueba alfa en la pantalla de cuenta para guardar y recuperar Mi equipo en la nube de forma explícita. No es una sincronización automática entre dispositivos.","","","medium","","",""
"myTeam.pageTitle","myTeam","metadata","My Team","Mi equipo","","12","medium","","",""
"myTeam.pageDescription","myTeam","metadata","Manage cards you actually own and connect them to progression builds, compare, and squads. Managed independently from Favorites.","Gestiona las cartas que realmente tienes y conéctalas con builds de progresión, comparaciones y plantillas. Se gestiona de forma independiente de Favoritos.","","","medium","","",""
"myTeam.emptyTitle","myTeam","ui","My Team has no cards yet","Mi equipo aún no tiene cartas","","32","medium","","",""
"myTeam.emptyDescription","myTeam","ui","Add cards you own to connect them to progression builds and squads.","Añade las cartas que tienes para conectarlas con builds de progresión y plantillas.","","","medium","","",""
"myTeam.findPlayersLink","myTeam","ui","Find players","Buscar jugadores","","16","medium","","",""
"myTeam.viewFavoritesLink","myTeam","ui","View favorites","Ver favoritos","","19","medium","","",""
"myTeam.notAvailableNotice","myTeam","ui","Cannot save in this browser. Additions and changes may be lost when you close the page.","No se puede guardar en este navegador. Las adiciones y cambios pueden perderse al cerrar la página.","","","medium","","",""
"myTeam.ownedCardCountLabel","myTeam","ui","Owned cards","Cartas propias","","15","medium","","",""
"myTeam.totalFavoriteCountLabel","myTeam","ui","Favorites (overall)","Favoritos (total)","","25","medium","","",""
"myTeam.mainCardCountLabel","myTeam","ui","Main cards","Cartas principales","","13","medium","","",""
"myTeam.buildsSavedCountLabel","myTeam","ui","Builds saved in TeamAIXI","Builds guardadas en TeamAIXI","","32","medium","","",""
"myTeam.buildsSavedNote","myTeam","ui","""Builds saved"" reflects storage state within TeamAIXI — it is separate from actual in-game progression.","""Builds guardadas"" refleja el estado de guardado dentro de TeamAIXI; es independiente de la progresión real en el juego.","","","medium","","",""
"myTeam.noResultsTitle","myTeam","ui","No cards match your criteria","Ninguna carta coincide con tus criterios","","37","medium","","",""
"myTeam.noResultsDescription","myTeam","ui","Try changing your search term or filters.","Prueba a cambiar el término de búsqueda o los filtros.","","","medium","","",""
"myTeam.clearFiltersButton","myTeam","ui","Clear filters","Borrar filtros","","17","medium","","",""
"myTeam.resolvingCards","myTeam","ui","Resolving card information…","Obteniendo información de las cartas…","","","medium","","",""
"myTeam.editButton","myTeam","ui","Edit","Editar","","12","medium","","",""
"myTeam.useInSquadLink","myTeam","ui","Use in squad","Usar en plantilla","","16","medium","","",""
"myTeam.removeFromMyTeamLabel","myTeam","ui","Remove from My Team","Quitar de Mi equipo","","25","medium","","",""
"myTeam.savedBuildHeading","myTeam","ui","Saved Build","Build guardada","","15","medium","","",""
"myTeam.selectedPrefix","myTeam","ui","Selected: ","Seleccionada: ","","13","medium","","",""
"myTeam.favoritePrefix","myTeam","ui","Favorite: ","Favorita: ","","13","medium","","",""
"myTeam.noneLabel","myTeam","ui","None","Ninguna","","12","medium","","",""
"myTeam.buildMissingLabel","myTeam","ui","Not found (deleted)","No encontrada (eliminada)","","25","medium","","",""
"myTeam.savedCountSuffix","myTeam","ui","{count} saved","{count} guardadas","","17","medium","","",""
"myTeam.quickSelectLabel","myTeam","ui","Quick select:","Selección rápida:","","17","medium","","",""
"myTeam.quickSelectNone","myTeam","ui","None","Ninguna","","12","medium","","",""
"myTeam.legacyRulesSuffix","myTeam","ui"," (outdated rules)"," (reglas obsoletas)","","23","medium","","",""
"myTeam.chooseBuildButton","myTeam","ui","Choose saved build","Elegir build guardada","","24","medium","","",""
"myTeam.openInProgressionLink","myTeam","ui","Open in Progression","Abrir en Progresión","","25","medium","","",""
"myTeam.removeConfirmTitle","myTeam","ui","Remove from My Team?","¿Quitar de Mi equipo?","","26","high","","",""
"myTeam.removeConfirmButton","myTeam","ui","Remove from My Team","Quitar de Mi equipo","","25","high","","",""
"myTeam.removeConfirmBodyTemplate","myTeam","ui","This removes {name} from My Team.","Se quitará a {name} de Mi equipo.","","","high","","",""
"myTeam.removeConfirmNote","myTeam","ui","Favorites, saved progression builds, saved squads, and compare state are not deleted (only the association is removed).","No se eliminan los favoritos, las builds de progresión guardadas, las plantillas guardadas ni el estado de comparación (solo se elimina la asociación).","","","high","","",""
"myTeam.customUsageSuffix","myTeam","ui"," · Custom"," · Personalizado","","12","medium","","",""
"myTeam.starterUsageTemplate","myTeam","ui","Starter {role}","Titular {role}","","19","medium","","",""
"myTeam.captainUsageSuffix","myTeam","ui"," · C"," · C","","12","medium","","",""
"myTeam.benchUsageLabel","myTeam","ui","Bench","Banquillo","","12","medium","","",""
"myTeam.selectedBuildAriaTemplate","myTeam","accessibility","Selected build for {name}","Build seleccionada para {name}","","","high","","",""
"myTeam.scopeLoadingMessage","myTeam","ui","Checking your account…","Comprobando tu cuenta…","","29","medium","","",""
"myTeam.legacyNoticeTemplate","myTeam","ui","There are {count} My Team item(s) saved to this browser from before account separation. This data has not been deleted. To use it under your current account, open the local data migration screen.","Hay elementos de Mi equipo guardados en este navegador antes de la separación por cuentas ({count}). Estos datos no se han eliminado. Para usarlos con tu cuenta actual, abre la pantalla de migración de datos locales.","","","medium","","",""
"myTeam.migrationLinkLabel","myTeam","ui","Open local data migration screen","Abrir la pantalla de migración de datos locales","","42","medium","","",""
"bench.modeNone","bench","ui","No progression","Sin progresión","","19","medium","","",""
"bench.modeAttack","bench","ui","Attack","Ataque","","12","medium","","",""
"bench.modeDefense","bench","ui","Defense","Defensa","","12","medium","","",""
"bench.modeBalance","bench","ui","Balance","Equilibrio","","12","medium","","",""
"bench.modeGk","bench","ui","GK","GK","","12","medium","","",""
"bench.heading","bench","ui","Bench","Banquillo","","12","medium","","",""
"bench.addButton","bench","ui","+ Add bench player","+ Añadir suplente","","24","medium","","",""
"bench.empty","bench","ui","No bench players registered.","No hay suplentes registrados.","","","medium","","",""
"bench.moveCandidatePrefix","bench","ui","Move target — ","Destino — ","","19","medium","","",""
"bench.movingPrefix","bench","ui","Moving — ","Moviendo — ","","12","medium","","",""
"bench.benchSlotLabel","bench","ui","Bench","Banquillo","","12","medium","","",""
"bench.moveSwapSuffix","bench","ui"," · Select to swap"," · Selecciona para intercambiar","","23","medium","","",""
"bench.moveStartSuffix","bench","ui"," · Select to start move/substitution"," · Selecciona para mover/sustituir","","","medium","","",""
"bench.positionUnknown","bench","ui","?","?","","12","medium","","",""
"bench.displayedOvrPrefix","bench","ui","Displayed OVR ","OVR mostrado ","","19","medium","","",""
"bench.ovrUnknown","bench","ui","–","–","","12","medium","","",""
"bench.loadingLabel","bench","ui","Loading…","Cargando…","","12","medium","","",""
"bench.errorLabel","bench","ui","Failed to load","Error al cargar","","19","high","","",""
"bench.moveUpAriaTemplate","bench","accessibility","Move {name} up","Subir a {name}","","19","high","","",""
"bench.moveDownAriaTemplate","bench","accessibility","Move {name} down","Bajar a {name}","","21","high","","",""
"bench.removeButton","bench","ui","Remove","Quitar","","12","medium","","",""
"bench.staleBuildLabel","bench","ui","Outdated-rule build","Build con reglas antiguas","","25","medium","","",""
"bench.buildModeAriaTemplate","bench","accessibility","Bench progression focus for {name}","Enfoque de progresión en el banquillo para {name}","","","high","","",""
"bench.squadBuildLabelPrefix","bench","ui","Squad build: ","Build de plantilla: ","","17","medium","","",""
"bench.buildNotSet","bench","ui","Not set","Sin definir","","12","medium","","",""
"bench.buildDeleted","bench","ui","Deleted","Eliminada","","12","high","","",""
"bench.chooseBuildButton","bench","ui","Choose saved build","Elegir build guardada","","24","medium","","",""
"bench.moveToBenchAria","bench","accessibility","Move target — move to bench","Destino — mover al banquillo","","36","high","","",""
"bench.moveToBenchButton","bench","ui","Move here (to bench)","Mover aquí (al banquillo)","","26","medium","","",""
"bestXi.pageTitle","bestXi","metadata","AI Best XI | TeamAIXI","AI Best XI | TeamAIXI","","28","medium","","",""
"bestXi.heading","bestXi","ui","AI Best XI","AI Best XI","","13","medium","","",""
"bestXi.description","bestXi","ui","Selects a starting XI from your saved players and builds using deterministic rules.","Selecciona un once inicial a partir de tus jugadores y builds guardados mediante reglas deterministas.","","","medium","","",""
"bestXi.disclaimerNotAi","bestXi","ui","AI Best XI uses your saved data and deterministic selection rules. It does not use generative AI and never sends data to an external AI service.","AI Best XI usa tus datos guardados y reglas de selección deterministas. No usa IA generativa y nunca envía datos a un servicio de IA externo.","","","medium","","",""
"bestXi.modeLabel","bestXi","ui","Overall / whole-team optimization","Optimización global / de todo el equipo","","43","medium","","",""
"bestXi.modeDescription","bestXi","ui","Overall / whole-team optimization compares all 11 slots together, so no single extremely high rating can hide other weak slots, and selects a 4-3-3 starting XI from your saved candidates (no weighted-sum ""AI score"" is used).","La optimización global / de todo el equipo compara los 11 puestos a la vez, para que una sola valoración muy alta no oculte otros puestos débiles, y selecciona un once inicial 4-3-3 entre tus candidatos guardados (no se usa ninguna ""puntuación IA"" de suma ponderada).","","","medium","","",""
"bestXi.formationNotice","bestXi","ui","This initial version always selects using a 4-3-3 formation.","Esta versión inicial siempre selecciona con la formación 4-3-3.","","","medium","","",""
"bestXi.criteriaHeading","bestXi","ui","Selection criteria (in priority order)","Criterios de selección (por orden de prioridad)","","50","medium","","",""
"bestXi.criteriaFilledSlots","bestXi","ui","1. Maximize the number of required slots that can be filled","1. Maximizar el número de puestos obligatorios que se pueden cubrir","","","medium","","",""
"bestXi.criteriaExactPosition","bestXi","ui","2. Maximize the number of players placed in their exact registered position","2. Maximizar el número de jugadores colocados exactamente en su posición registrada","","","medium","","",""
"bestXi.criteriaRelatedMinimized","bestXi","ui","3. Keep placements in a related (non-exact) position to the necessary minimum","3. Limitar al mínimo necesario las colocaciones en una posición relacionada (no exacta)","","","medium","","",""
"bestXi.criteriaPositionRatingBalance","bestXi","ui","4. Compare each position's estimated rating by raising the weakest slot first, so one standout player never hides the rest","4. Comparar la valoración estimada de cada posición elevando primero el puesto más débil, para que un jugador destacado nunca oculte al resto","","","medium","","",""
"bestXi.criteriaAbilityDataConfidence","bestXi","ui","5. Prefer candidates whose ability data could be confirmed","5. Preferir candidatos cuyos datos de atributos se hayan podido confirmar","","","medium","","",""
"bestXi.criteriaIntentSupplementary","bestXi","ui","6. Use any saved development intent (intended position) only as a supplementary factor that never overrides actual suitability or rating","6. Usar la intención de desarrollo guardada (posición prevista) solo como factor complementario que nunca prevalece sobre la idoneidad o la valoración reales","","","medium","","",""
"bestXi.resultStatsTemplate","bestXi","ui","{filled} / 11 slots filled (exact position: {exact}, related position: {related})","{filled} / 11 puestos cubiertos (posición exacta: {exact}, posición relacionada: {related})","","","medium","","",""
"bestXi.candidatePoolTemplate","bestXi","ui","Candidates: {playerCount} saved players, {buildCount} available builds","Candidatos: {playerCount} jugadores guardados, {buildCount} builds disponibles","","","medium","","",""
"bestXi.generateButton","bestXi","ui","Build Best XI","Crear Best XI","","17","medium","","",""
"bestXi.regenerateButton","bestXi","ui","Re-select","Volver a seleccionar","","12","medium","","",""
"bestXi.generatingText","bestXi","ui","Selecting…","Seleccionando…","","13","medium","","",""
"bestXi.staleNoticeText","bestXi","ui","Your candidate data may have changed. Re-select to use the latest data.","Es posible que tus datos de candidatos hayan cambiado. Vuelve a seleccionar para usar los datos más recientes.","","","medium","","",""
"bestXi.emptyMyTeamHeading","bestXi","ui","No players registered in My Team","No hay jugadores registrados en Mi equipo","","42","medium","","",""
"bestXi.emptyMyTeamBody","bestXi","ui","AI Best XI selects from the player cards and saved builds registered in My Team. Add players to My Team first.","AI Best XI selecciona entre las cartas de jugador y las builds guardadas registradas en Mi equipo. Primero añade jugadores a Mi equipo.","","","medium","","",""
"bestXi.goToMyTeamLink","bestXi","ui","Go to My Team","Ir a Mi equipo","","17","medium","","",""
"bestXi.goToBuildInventoryLink","bestXi","ui","View saved builds","Ver builds guardadas","","23","medium","","",""
"bestXi.unfilledSlotsHeading","bestXi","ui","Open slots","Puestos vacíos","","13","medium","","",""
"bestXi.unfilledSlotNoCandidate","bestXi","ui","No candidates found.","No se han encontrado candidatos.","","26","medium","","",""
"bestXi.unfilledSlotOnlyIneligibleCandidates","bestXi","ui","No eligible candidates found.","No se han encontrado candidatos válidos.","","","medium","","",""
"bestXi.needMorePlayersTemplate","bestXi","ui","{count} more candidates are needed to complete the starting XI.","Faltan {count} candidatos para completar el once inicial.","","","medium","","",""
"bestXi.needOnePlayerText","bestXi","ui","1 more candidate is needed to complete the starting XI.","Falta 1 candidato para completar el once inicial.","","","medium","","",""
"bestXi.addPlayersHint","bestXi","ui","Add players to My Team, or create a saved build.","Añade jugadores a Mi equipo o crea una build guardada.","","","medium","","",""
"bestXi.selectedBuildLabel","bestXi","ui","Build used","Build usada","","13","medium","","",""
"bestXi.noSavedBuildLabel","bestXi","ui","No saved build (currently confirmable ability values)","Sin build guardada (valores de atributos confirmables actualmente)","","69","medium","","",""
"bestXi.suitabilityLabel","bestXi","ui","Position suitability","Idoneidad de posición","","26","medium","","",""
"bestXi.suitabilityExact","bestXi","ui","Natural position","Posición natural","","21","medium","","",""
"bestXi.suitabilityRelated","bestXi","ui","Unconfirmed (nearby position)","Sin confirmar (posición cercana)","","","medium","","",""
"bestXi.suitabilityUnresolved","bestXi","ui","Unconfirmed","Sin confirmar","","15","medium","","",""
"bestXi.positionRatingLabel","bestXi","ui","Estimated rating for this position","Valoración estimada para esta posición","","45","medium","","",""
"bestXi.positionRatingUnavailable","bestXi","ui","Unavailable","No disponible","","15","medium","","",""
"bestXi.reasonsHeading","bestXi","ui","Selection reasons","Motivos de la selección","","23","medium","","",""
"bestXi.reasonExactPosition","bestXi","ui","Matches the registered position.","Coincide con la posición registrada.","","","medium","","",""
"bestXi.reasonTopPositionRating","bestXi","ui","The highest-rated candidate for this position among the pool.","El candidato con mejor valoración para esta posición entre los disponibles.","","","medium","","",""
"bestXi.reasonOnlyEligibleCandidate","bestXi","ui","The only eligible candidate for this slot.","El único candidato válido para este puesto.","","","medium","","",""
"bestXi.reasonBestBuildAmongOwnBuilds","bestXi","ui","The best-fitting build among this player's multiple saved builds.","La build que mejor encaja entre las varias builds guardadas de este jugador.","","","medium","","",""
"bestXi.reasonFullAbilityDataConfirmed","bestXi","ui","The saved build's ability data could be confirmed.","Se han podido confirmar los datos de atributos de la build guardada.","","","high","","",""
"bestXi.reasonNoSavedBuildUsesBaseStats","bestXi","ui","No saved build exists, so the currently confirmable ability values are used.","No hay ninguna build guardada, así que se usan los valores de atributos confirmables actualmente.","","","medium","","",""
"bestXi.reasonIntentPositionMatch","bestXi","ui","Matches the intended position declared in the saved development intent (a supplementary reason).","Coincide con la posición prevista indicada en la intención de desarrollo guardada (motivo complementario).","","","medium","","",""
"bestXi.reasonOptimalOverallPlacement","bestXi","ui","Not this player's individually best position, but this slot was chosen to optimize the team as a whole.","No es la mejor posición individual de este jugador, pero se eligió este puesto para optimizar el equipo en conjunto.","","","medium","","",""
"bestXi.alternativesHeading","bestXi","ui","Notable alternatives","Alternativas destacadas","","26","medium","","",""
"bestXi.alternativesEmptyText","bestXi","ui","There are no notable alternative candidates.","No hay candidatos alternativos destacados.","","","medium","","",""
"bestXi.alternativesSlotPrefixTemplate","bestXi","ui","{position}:","{position}:","","15","medium","","",""
"bestXi.exclusionSameCardBuildUsedElsewhere","bestXi","ui","Another saved build of the same player is already used elsewhere in this team.","Otra build guardada del mismo jugador ya se usa en otra parte de este equipo.","","","medium","","",""
"bestXi.exclusionLowerPositionRating","bestXi","ui","The selected player rated higher for this position.","El jugador seleccionado tenía mejor valoración para esta posición.","","","medium","","",""
"bestXi.exclusionLowerSuitability","bestXi","ui","The selected player had better position suitability.","El jugador seleccionado tenía mejor idoneidad de posición.","","","medium","","",""
"bestXi.exclusionAbilityDataUnavailable","bestXi","ui","Ability data could not be confirmed.","No se han podido confirmar los datos de atributos.","","","medium","","",""
"bestXi.exclusionUsedInOtherRequiredSlot","bestXi","ui","The same player is already used in another required slot.","El mismo jugador ya se usa en otro puesto obligatorio.","","","medium","","",""
"bestXi.exclusionNoAppropriateSlotInFormation","bestXi","ui","There is no appropriate slot for this candidate in this formation.","No hay ningún puesto adecuado para este candidato en esta formación.","","","medium","","",""
"bestXi.exclusionLegacyRulesLimitedComparison","bestXi","ui","This build was saved under outdated rules, so comparison is limited.","Esta build se guardó con reglas obsoletas, así que la comparación es limitada.","","","medium","","",""
"bestXi.exclusionPositionSuitabilityUnresolved","bestXi","ui","The player's suitability for this position could not be confirmed, so the candidate was excluded from automatic selection.","No se ha podido confirmar la idoneidad del jugador para esta posición, así que el candidato se excluyó de la selección automática.","","","medium","","",""
"bestXi.exclusionGkFieldMismatch","bestXi","ui","The goalkeeper and outfield positions do not match, so the candidate was excluded from automatic selection.","Las posiciones de portero y de jugador de campo no coinciden, así que el candidato se excluyó de la selección automática.","","","medium","","",""
"bestXi.limitationsHeading","bestXi","ui","Limitations","Limitaciones","","15","medium","","",""
"bestXi.limitationSingleFormationOnly","bestXi","ui","This initial version only supports the 4-3-3 formation.","Esta versión inicial solo admite la formación 4-3-3.","","","medium","","",""
"bestXi.limitationNoBenchSelection","bestXi","ui","Bench members are not selected.","No se seleccionan los suplentes del banquillo.","","","medium","","",""
"bestXi.limitationNoManagerSelection","bestXi","ui","Manager bonuses are not applied in this version.","En esta versión no se aplican las bonificaciones del entrenador.","","","medium","","",""
"bestXi.limitationPersonIdentityUnavailable","bestXi","ui","This version does not detect duplicates across different cards of the same real player, because no reliable identity data exists for that. Duplicate use of the same card or the same saved build is still prevented.","Esta versión no detecta duplicados entre distintas cartas del mismo jugador real, porque no existen datos de identidad fiables para ello. Sí se evita el uso duplicado de la misma carta o de la misma build guardada.","","","medium","","",""
"bestXi.limitationAdditionalPositionAptitudeLimited","bestXi","ui","Additional-position aptitude data is only available for a small subset of cards, so most candidates are judged using only their registered position.","Los datos de aptitud para posiciones adicionales solo están disponibles para unas pocas cartas, así que la mayoría de candidatos se evalúan solo con su posición registrada.","","","medium","","",""
"bestXi.limitationLargeCandidatePoolBounded","bestXi","ui","When the candidate pool is extremely large, selection uses each position's top candidates to remain deterministic.","Cuando hay muchísimos candidatos, la selección usa los mejores candidatos de cada posición para seguir siendo determinista.","","","medium","","",""
"bestXi.notAWinPredictionText","bestXi","ui","This is not a win-rate or match-result prediction feature.","Esta función no predice porcentajes de victoria ni resultados de partidos.","","","medium","","",""
"bestXi.resultsNotSavedText","bestXi","ui","This selection result is not saved. It disappears when you leave the page.","Este resultado de selección no se guarda. Desaparece al salir de la página.","","","medium","","",""
"bestXi.withinYourCandidatesText","bestXi","ui","This is the best XI within your own saved candidates.","Este es el mejor once dentro de tus propios candidatos guardados.","","","medium","","",""
"bestXi.unavailableCardNoWorldCardData","bestXi","ui","Player data could not be retrieved.","No se han podido obtener los datos del jugador.","","","medium","","",""
"bestXi.unavailableCardNoAbilityData","bestXi","ui","Ability data could not be confirmed.","No se han podido confirmar los datos de atributos.","","","medium","","",""
"bestXi.unavailableCardsHeading","bestXi","ui","My Team players that could not be used as candidates","Jugadores de Mi equipo que no se pudieron usar como candidatos","","68","medium","","",""
"bestXi.pitchViewHeading","bestXi","ui","Formation view","Vista de formación","","19","medium","","",""
"bestXi.listViewHeading","bestXi","ui","Selected players","Jugadores seleccionados","","21","medium","","",""
"bestXi.slotEmptyLabel","bestXi","ui","Not selected","Sin seleccionar","","16","medium","","",""
"bestXi.legacyRuleBadge","bestXi","ui","Outdated rules","Reglas obsoletas","","19","medium","","",""
"bestXi.alternativeCandidateCountTemplate","bestXi","ui","{count} more candidates available","{count} candidatos más disponibles","","","medium","","",""
"bestXi.playerDetailToggleAriaTemplate","bestXi","accessibility","Show or hide selection reasons for {name}","Mostrar u ocultar los motivos de selección de {name}","","","high","","",""
"bestXi.closePanelAriaTemplate","bestXi","accessibility","Close details for {name}","Cerrar detalles de {name}","","32","high","","",""
"footer.ariaLandmark","footer","core","Site footer","Pie de página del sitio","","15","high","","",""
"footer.aboutLink","footer","core","About","Acerca de","","12","high","","",""
"footer.termsLink","footer","core","Terms of use","Términos de uso","","16","high","","",""
"footer.privacyLink","footer","core","Privacy","Privacidad","","12","high","","",""
"footer.disclaimerLink","footer","core","Disclaimer","Aviso legal","","13","high","","",""
"footer.dataManagementLink","footer","core","Data management","Gestión de datos","","20","high","","",""
"footer.supportLink","footer","core","Support","Soporte","","12","high","","",""
"footer.releaseReadinessLink","footer","core","Release readiness","Preparación del lanzamiento","","23","high","","",""
"footer.unofficialNotice","footer","core","TeamAIXI is an unofficial squad analysis tool for eFootball™. It is not an official KONAMI or eFootball™ service and is not endorsed by, affiliated with or operated by KONAMI. Trademarks and product names belong to their respective owners. Data, analysis and diagnoses may contain errors or delays and do not guarantee in-game decisions.","TeamAIXI es una herramienta no oficial de análisis de plantillas para eFootball™. No es un servicio oficial de KONAMI ni de eFootball™, y KONAMI no lo respalda, no está afiliado a él ni lo opera. Las marcas y los nombres de productos pertenecen a sus respectivos propietarios. Los datos, análisis y diagnósticos pueden contener errores o retrasos y no garantizan decisiones dentro del juego.","","","high","","",""
"footer.draftBadge","footer","core","v1.0 · Free · No sign-in","v1.0 · Gratis · Sin registro","","32","high","","",""
"about.pageTitle","about","metadata","About | TeamAIXI","Acerca de | TeamAIXI","","21","medium","","",""
"about.pageDescriptionMeta","about","metadata","What you can do with TeamAIXI v1.0 and what v1.0 does not offer.","Qué puedes hacer con TeamAIXI v1.0 y qué no ofrece la v1.0.","","","medium","","",""
"about.heading","about","ui","About this service","Acerca de este servicio","","24","medium","","",""
"about.intro","about","ui","TeamAIXI is an unofficial squad analysis tool for eFootball™ for browsing player data, progression planning, comparing players, diagnosing squads and sharing results. TeamAIXI v1.0 is free and can be used without signing in. Account features are planned for a future update.","TeamAIXI es una herramienta no oficial de análisis de plantillas para eFootball™ que permite consultar datos de jugadores, planificar la progresión, comparar jugadores, diagnosticar plantillas y compartir resultados. TeamAIXI v1.0 es gratuita y se puede usar sin iniciar sesión. Las funciones de cuenta están previstas para una futura actualización.","","","medium","","",""
"about.ruleBasedNotice","about","ui","Features whose name includes ""AI"" (such as AI Best XI) are not generative AI. They are rule-based analysis built on confirmable ability values and deterministic rules.","Las funciones cuyo nombre incluye ""AI"" (como AI Best XI) no son IA generativa. Son análisis basados en reglas, construidos sobre valores de atributos confirmables y reglas deterministas.","","","medium","","",""
"about.externalAiNotice","about","ui","Analysis content is never sent to an external AI service.","El contenido del análisis nunca se envía a un servicio de IA externo.","","","medium","","",""
"about.scopeNotice","about","ui","Analysis only considers the candidates you have saved (My Team and saved builds).","El análisis solo tiene en cuenta los candidatos que has guardado (Mi equipo y builds guardadas).","","","medium","","",""
"about.availableHeading","about","ui","Available now","Disponible ahora","","17","medium","","",""
"about.availablePlayerBrowsing","about","ui","Browsing player and card data","Consulta de datos de jugadores y cartas","","","medium","","",""
"about.availableProgressionCalc","about","ui","Progression calculation (26 abilities, standard OVR, position-specific rating)","Cálculo de progresión (26 atributos, OVR estándar, valoración por posición)","","","medium","","",""
"about.availableMyTeam","about","ui","My Team (managing owned players)","Mi equipo (gestión de los jugadores que tienes)","","","medium","","",""
"about.availableSavedBuilds","about","ui","Saved builds (saved progression allocations)","Builds guardadas (repartos de progresión guardados)","","","medium","","",""
"about.availableBuildAnalysis","about","ui","Build Analysis (progression-goal analysis)","Análisis de builds (análisis de objetivos de progresión)","","","medium","","",""
"about.availablePresets","about","ui","Training-goal presets (45 presets across 9 categories)","Preajustes de objetivos de entrenamiento (45 preajustes en 9 categorías)","","","medium","","",""
"about.availableNormalHarshMode","about","ui","Standard and harsh evaluation modes (a difference in presentation only; calculations are identical)","Modos de evaluación estándar y directo (solo cambia la presentación; los cálculos son idénticos)","","","medium","","",""
"about.availableCardCompare","about","ui","Comparing multiple builds of the same card","Comparación de varias builds de la misma carta","","","medium","","",""
"about.availableDiagnosisCard","about","ui","Diagnosis result card","Tarjeta de resultado del diagnóstico","","28","medium","","",""
"about.availablePngExport","about","ui","Saving as a PNG image","Guardar como imagen PNG","","28","medium","","",""
"about.availableSavedSquads","about","ui","Saved squads","Plantillas guardadas","","16","medium","","",""
"about.availableSquadDiagnosis","about","ui","Squad diagnosis","Diagnóstico de plantilla","","20","medium","","",""
"about.availableBestXi","about","ui","AI Best XI (rule-based selection from your saved candidates)","AI Best XI (selección basada en reglas entre tus candidatos guardados)","","","medium","","",""
"about.availableJsonBackup","about","ui","JSON backup of saved builds (export and import)","Copia de seguridad JSON de builds guardadas (exportar e importar)","","","medium","","",""
"about.availableAccountAuth","about","ui","Every feature works without signing in (account features are planned for a future update)","Todas las funciones se pueden usar sin iniciar sesión (las funciones de cuenta están previstas para una futura actualización)","","","medium","","",""
"about.availableReferenceDataSupabase","about","ui","Player and manager data is updated automatically on a schedule (only updates that pass the safety checks are applied automatically; anything else is reviewed by the operator)","Los datos de jugadores y entrenadores se actualizan automáticamente de forma programada (solo se aplican automáticamente las actualizaciones que superan las comprobaciones de seguridad; el resto las revisa el operador)","","","medium","","",""
"about.betaHeading","about","ui","Known limitations","Limitaciones conocidas","","23","medium","","",""
"about.betaBestXiIntro","about","ui","AI Best XI works, but has the following known limitations.","AI Best XI funciona, pero tiene las siguientes limitaciones conocidas.","","","medium","","",""
"about.betaBestXiDedupLimit","about","ui","It does not detect when the same real player appears on multiple different cards.","No detecta cuando el mismo jugador real aparece en varias cartas distintas.","","","medium","","",""
"about.betaBestXiSubPositionLimit","about","ui","Additional-position aptitude data is only available for a small subset of cards.","Los datos de aptitud para posiciones adicionales solo están disponibles para unas pocas cartas.","","","medium","","",""
"about.betaBestXiPoolScopeLimit","about","ui","Selection only considers the candidates you have saved (it does not search every card automatically).","La selección solo tiene en cuenta los candidatos que has guardado (no busca automáticamente entre todas las cartas).","","","medium","","",""
"about.betaMyTeamCloudSave","about","ui","Your data is stored in this browser. Move it to another device with export and import on the Data management page","Tus datos se guardan en este navegador. Pásalos a otro dispositivo con exportar e importar en la página de gestión de datos","","","medium","","",""
"about.betaReferenceDataAutoUpdateDryRun","about","ui","Reference data is refreshed from an hourly automatic check, so it may lag behind the game","Los datos de referencia se actualizan mediante una comprobación automática cada hora, así que pueden ir por detrás del juego","","","medium","","",""
"about.notProvidedHeading","about","ui","Not provided","No disponible","","16","medium","","",""
"about.notProvidedSync","about","ui","Automatic sync across devices","Sincronización automática entre dispositivos","","","medium","","",""
"about.notProvidedCloudBackup","about","ui","Automatic cloud backup of all data (automatic saving of data other than My Team)","Copia de seguridad automática en la nube de todos los datos (guardado automático de datos distintos de Mi equipo)","","","medium","","",""
"about.notProvidedFriends","about","ui","Friends, rivals and public profiles","Amigos, rivales y perfiles públicos","","","medium","","",""
"about.notProvidedRanking","about","ui","Rankings and usage statistics","Clasificaciones y estadísticas de uso","","","medium","","",""
"about.notProvidedBilling","about","ui","Payments and billing","Pagos y facturación","","26","medium","","",""
"about.notProvidedPro","about","ui","A paid Pro plan","Un plan Pro de pago","","20","medium","","",""
"about.notProvidedNativeApp","about","ui","A native app","Una app nativa","","16","medium","","",""
"about.notProvidedVoiceChat","about","ui","Posts, comments, photo posts and community","Publicaciones, comentarios, publicación de fotos y comunidad","","","medium","","",""
"about.notProvidedGenerativeAi","about","ui","Any generative AI or external AI API integration","IA generativa o integración con API de IA externas","","","medium","","",""
"about.notOfficialNotice","about","ui","The Service is not an official KONAMI or eFootball™ service and is not endorsed by, affiliated with or operated by KONAMI.","El Servicio no es un servicio oficial de KONAMI ni de eFootball™, y no está respaldado, afiliado ni gestionado por KONAMI.","","","medium","","",""
"about.winRateNotice","about","ui","Analysis results do not guarantee win rates or match outcomes.","Los resultados del análisis no garantizan porcentajes de victoria ni resultados de partidos.","","","medium","","",""
"about.draftNotice","about","ui","This page describes TeamAIXI v1.0 (October 4, 2026). Features may change in future updates.","Esta página describe TeamAIXI v1.0 (4 de octubre de 2026). Las funciones pueden cambiar en futuras actualizaciones.","","","medium","","",""
"dataManagement.pageTitle","dataManagement","metadata","Data Management | TeamAIXI","Gestión de datos | TeamAIXI","","34","medium","","",""
"dataManagement.pageDescriptionMeta","dataManagement","metadata","Where your saved data lives, how to back it up, and how to delete it.","Dónde se guardan tus datos, cómo hacer una copia de seguridad y cómo eliminarlos.","","","medium","","",""
"dataManagement.heading","dataManagement","ui","Data management","Gestión de datos","","20","medium","","",""
"dataManagement.intro","dataManagement","ui","This page explains what data is stored where, what happens if you delete it, and how to back it up.","Esta página explica qué datos se guardan y dónde, qué ocurre si los eliminas y cómo hacer una copia de seguridad.","","","medium","","",""
"dataManagement.draftNotice","dataManagement","ui","This description is a beta-preparation draft based on the current implementation.","Esta descripción es un borrador de preparación para la beta basado en la implementación actual.","","","medium","","",""
"dataManagement.storedDataHeading","dataManagement","ui","Data that is stored","Datos que se guardan","","25","medium","","",""
"dataManagement.storedDataBody","dataManagement","ui","Favorites, My Team, saved builds (including allocations and saved training intent), saved squads, squad templates, and display settings are currently stored in your browser's localStorage.","Los favoritos, Mi equipo, las builds guardadas (incluidos los repartos y la intención de entrenamiento guardada), las plantillas guardadas, los modelos de plantilla y los ajustes de visualización se guardan actualmente en el localStorage de tu navegador.","","","medium","","",""
"dataManagement.browserRiskHeading","dataManagement","ui","Effects of clearing browser data","Efectos de borrar los datos del navegador","","42","medium","","",""
"dataManagement.browserRiskBody","dataManagement","ui","If you clear data (browsing history, site data, etc.) from your browser settings, saved content may not be recoverable.","Si borras datos (historial de navegación, datos de sitios, etc.) desde los ajustes del navegador, es posible que el contenido guardado no se pueda recuperar.","","","medium","","",""
"dataManagement.browserRiskSameDeviceDifferentBrowser","dataManagement","ui","Even on the same computer, a different browser is treated as having entirely separate data.","Incluso en el mismo ordenador, cada navegador tiene sus datos completamente separados.","","","medium","","",""
"dataManagement.browserRiskPrivateMode","dataManagement","ui","In private/incognito mode, saved content may not persist once the window is closed.","En modo privado/incógnito, es posible que el contenido guardado no se conserve al cerrar la ventana.","","","medium","","",""
"dataManagement.browserRiskBrowserSettings","dataManagement","ui","Depending on your browser settings, site data may be deleted automatically after a period of time.","Según los ajustes del navegador, los datos de sitios pueden eliminarse automáticamente tras un tiempo.","","","medium","","",""
"dataManagement.noSyncNoCloudBody","dataManagement","ui","There is currently no automatic sync across devices and no cloud backup. Data does not automatically carry over to another device or browser.","Actualmente no hay sincronización automática entre dispositivos ni copia de seguridad en la nube. Los datos no se trasladan automáticamente a otro dispositivo o navegador.","","","medium","","",""
"dataManagement.jsonBackupHeading","dataManagement","ui","JSON backup","Copia de seguridad en JSON","","15","medium","","",""
"dataManagement.jsonBackupBody","dataManagement","ui","Saved builds can be exported to and imported from a JSON file.","Las builds guardadas se pueden exportar e importar mediante un archivo JSON.","","","medium","","",""
"dataManagement.jsonBackupWhereBody","dataManagement","ui","Export and import are available from the ""My Builds"" or saved-builds list screen.","Puedes exportar e importar desde la pantalla ""Mis builds"" o la lista de builds guardadas.","","","medium","","",""
"dataManagement.jsonBackupTimingRecommendation","dataManagement","ui","We recommend taking a JSON backup regularly whenever you create or update an important saved build.","Te recomendamos hacer una copia de seguridad en JSON con regularidad cada vez que crees o actualices una build guardada importante.","","","medium","","",""
"dataManagement.jsonBackupContentWarning","dataManagement","ui","A JSON file may contain the content of your saved builds (allocations, saved training intent, etc.).","Un archivo JSON puede contener el contenido de tus builds guardadas (repartos, intención de entrenamiento guardada, etc.).","","","high","","",""
"dataManagement.jsonBackupSharingWarning","dataManagement","ui","Keep backup JSON files somewhere safe, and avoid publishing them publicly.","Guarda los archivos JSON de copia de seguridad en un lugar seguro y evita publicarlos.","","","high","","",""
"dataManagement.jsonBackupImportWarning","dataManagement","ui","Do not casually import a JSON file from an unknown source.","No importes a la ligera un archivo JSON de origen desconocido.","","","high","","",""
"dataManagement.howToDeleteHeading","dataManagement","ui","How to delete individual data","Cómo eliminar datos concretos","","38","high","","",""
"dataManagement.howToDeleteBuild","dataManagement","ui","Deleting a saved build: delete it from ""My Builds"" or the saved-builds list.","Eliminar una build guardada: elimínala desde ""Mis builds"" o la lista de builds guardadas.","","","high","","",""
"dataManagement.howToDeleteMyTeam","dataManagement","ui","Removing from My Team: use the menu on each player in ""My Team"" to delete or change ownership status.","Quitar de Mi equipo: usa el menú de cada jugador en ""Mi equipo"" para eliminarlo o cambiar su estado de posesión.","","","high","","",""
"dataManagement.howToDeleteSquad","dataManagement","ui","Deleting a saved squad: delete it from the squad list.","Eliminar una plantilla guardada: elimínala desde la lista de plantillas.","","","high","","",""
"dataManagement.howToDeleteIntentOnly","dataManagement","ui","Deleting only the saved training intent: from a saved build's edit screen, you can discard the training-intent settings (the build itself remains).","Eliminar solo la intención de entrenamiento guardada: desde la pantalla de edición de una build guardada, puedes descartar los ajustes de intención de entrenamiento (la build se conserva).","","","high","","",""
"dataManagement.deleteAllHeading","dataManagement","ui","Delete all local data","Eliminar todos los datos locales","","28","high","","",""
"dataManagement.deleteAllIntro","dataManagement","ui","This deletes all of the Service's data stored in this browser at once. It does not affect SQLite (player/manager data) or the data of any other site.","Elimina de una vez todos los datos del Servicio guardados en este navegador. No afecta a SQLite (datos de jugadores/entrenadores) ni a los datos de otros sitios.","","","high","","",""
"dataManagement.deleteAllTargetHeading","dataManagement","ui","What will be deleted","Qué se eliminará","","26","high","","",""
"dataManagement.deleteAllTargetFavorites","dataManagement","ui","Favorites","Favoritos","","12","high","","",""
"dataManagement.deleteAllTargetMyTeam","dataManagement","ui","My Team","Mi equipo","","12","high","","",""
"dataManagement.deleteAllTargetBuilds","dataManagement","ui","Saved builds (including saved training intent)","Builds guardadas (incluida la intención de entrenamiento guardada)","","","high","","",""
"dataManagement.deleteAllTargetSquads","dataManagement","ui","Saved squads","Plantillas guardadas","","16","high","","",""
"dataManagement.deleteAllTargetTemplates","dataManagement","ui","Squad templates","Modelos de plantilla","","20","high","","",""
"dataManagement.deleteAllTargetEditorPrefs","dataManagement","ui","Squad editor display settings","Ajustes de visualización del editor de plantilla","","","high","","",""
"dataManagement.deleteAllTargetComparisonState","dataManagement","ui","Temporary squad comparison state","Estado temporal de comparación de plantillas","","","high","","",""
"dataManagement.deleteAllExcludedNote","dataManagement","ui","Your language setting and sidebar collapsed state are not deleted.","No se eliminan tu ajuste de idioma ni el estado contraído de la barra lateral.","","","high","","",""
"dataManagement.deleteAllScopeNote","dataManagement","ui","This bulk deletion only targets the shared (legacy) data saved to this browser before account separation. Your current guest (signed-out) area, and your signed-in account's own My Team, My Builds, Favorites, Saved Squads, and Squad Templates areas, along with your cloud My Team, are not deleted by this action.","Esta eliminación masiva solo afecta a los datos compartidos (antiguos) guardados en este navegador antes de la separación por cuentas. No se eliminan con esta acción tu área actual de invitado (sin sesión iniciada), las áreas propias de Mi equipo, Mis builds, Favoritos, Plantillas guardadas y Modelos de plantilla de tu cuenta con sesión iniciada, ni tu Mi equipo en la nube.","","","high","","",""
"dataManagement.deleteAllNothingToDelete","dataManagement","ui","There is currently no data to delete.","Actualmente no hay datos que eliminar.","","","high","","",""
"dataManagement.deleteAllStartButton","dataManagement","ui","Delete all local data","Eliminar todos los datos locales","","28","high","","",""
"dataManagement.deleteAllConfirmTitle","dataManagement","ui","Are you sure you want to delete everything?","¿Seguro que quieres eliminarlo todo?","","56","high","","",""
"dataManagement.deleteAllConfirmBody","dataManagement","ui","This action cannot be undone. All of the data listed above will be deleted.","Esta acción no se puede deshacer. Se eliminarán todos los datos indicados arriba.","","","high","","",""
"dataManagement.deleteAllConfirmButton","dataManagement","ui","Delete","Eliminar","","12","high","","",""
"dataManagement.deleteAllCancelButton","dataManagement","ui","Cancel","Cancelar","","12","high","","",""
"dataManagement.deleteAllBackupReminder","dataManagement","ui","We recommend backing up any important saved builds to JSON before deleting.","Te recomendamos hacer una copia de seguridad en JSON de las builds guardadas importantes antes de eliminar.","","","high","","",""
"dataManagement.deleteAllInProgress","dataManagement","ui","Deleting…","Eliminando…","","12","high","","",""
"dataManagement.deleteAllSuccessMessage","dataManagement","ui","Local data has been deleted.","Se han eliminado los datos locales.","","","high","","",""
"dataManagement.deleteAllFailureMessage","dataManagement","ui","Deletion failed. Please check your browser settings and try again.","No se pudo eliminar. Revisa los ajustes del navegador e inténtalo de nuevo.","","","high","","",""
"dataManagement.deleteAllPartialFailureMessage","dataManagement","ui","Some data could not be deleted. Please reload the page and try again.","Algunos datos no se pudieron eliminar. Vuelve a cargar la página e inténtalo de nuevo.","","","high","","",""
"dataManagement.deleteAllStorageUnavailable","dataManagement","ui","Browser storage is not available in this environment, so there is no data to delete.","El almacenamiento del navegador no está disponible en este entorno, así que no hay datos que eliminar.","","","high","","",""
"support.pageTitle","support","metadata","Support | TeamAIXI","Soporte | TeamAIXI","","24","high","","",""
"support.pageDescriptionMeta","support","metadata","How to contact us, report a bug, or reach us as a rights holder.","Cómo contactarnos, informar de un error o escribirnos como titular de derechos.","","","high","","",""
"support.heading","support","ui","Support","Soporte","","12","high","","",""
"support.intro","support","ui","This page explains how to contact us about the Service or report a bug.","Esta página explica cómo contactarnos sobre el Servicio o informar de un error.","","","high","","",""
"support.draftNotice","support","ui","Support for TeamAIXI v1.0. A single operator handles messages in order; reply times cannot be promised.","Soporte de TeamAIXI v1.0. Una sola persona atiende los mensajes por orden de llegada; no se pueden garantizar plazos de respuesta.","","","high","","",""
"support.notConfiguredNotice","support","ui","The support contact channel is being prepared before release.","El canal de contacto de soporte se está preparando antes del lanzamiento.","","","high","","",""
"support.sharedChannelIntro","support","ui","General inquiries, bug reports, contact from rights holders, and privacy inquiries are currently all handled through a shared contact channel.","Las consultas generales, los informes de errores, el contacto de titulares de derechos y las consultas de privacidad se atienden actualmente a través de un canal de contacto común.","","","high","","",""
"support.sharedChannelEmailLabel","support","ui","Contact email address","Dirección de correo de contacto","","28","high","","",""
"support.dedicatedChannelLabel","support","ui","TeamAIXI Support","Soporte de TeamAIXI","","21","high","","",""
"support.contactSafetyNotice","support","ui","Do not send passwords, verification codes, API keys, secrets, addresses, phone numbers, or other personal information. Bug reports should include only the screen, steps, time of occurrence, device, operating system, and browser.","No envíes contraseñas, códigos de verificación, claves de API, secretos, direcciones, números de teléfono ni otros datos personales. Los informes de errores deben incluir solo la pantalla, los pasos, el momento en que ocurrió, el dispositivo, el sistema operativo y el navegador.","","","high","","",""
"support.sendMailButtonLabel","support","ui","Send an email","Enviar un correo","","17","high","","",""
"support.betaLimitsHeading","support","ui","Known limitations in v1.0","Limitaciones conocidas de la v1.0","","33","high","","",""
"support.betaLimitsIntro","support","ui","Please note the following.","Ten en cuenta lo siguiente.","","","high","","",""
"support.betaLimitData","support","ui","Player and manager data is updated from an hourly automatic check (GitHub's scheduler can occasionally leave gaps of a few hours) and may differ from the latest in-game content; see ""Imported"" on each page for the update date.","Los datos de jugadores y entrenadores se actualizan mediante una comprobación automática cada hora (el programador de GitHub puede dejar a veces huecos de unas horas) y pueden diferir del contenido más reciente del juego; consulta ""Importado"" en cada página para ver la fecha de actualización.","","","high","","",""
"support.betaLimitStorage","support","ui","My Team, saved builds, saved squads and similar data are stored in your current browser. Full automatic sync across devices is not available (My Team cloud save is an alpha feature).","Mi equipo, las builds guardadas, las plantillas guardadas y otros datos similares se almacenan en tu navegador actual. No hay sincronización automática completa entre dispositivos (el guardado en la nube de Mi equipo es una función alfa).","","","high","","",""
"support.betaLimitRecommendation","support","ui","Suggestions such as the Best XI are reference information based on this Service's own rules, not official ratings.","Las sugerencias como el Best XI son información de referencia basada en las reglas propias de este Servicio, no valoraciones oficiales.","","","high","","",""
"support.betaLimitChanges","support","ui","Features, screens and data formats may change in future updates.","Las funciones, pantallas y formatos de datos pueden cambiar en futuras actualizaciones.","","","high","","",""
"support.betaLimitWorldLag","support","ui","Player card (World) data only reflects updates that pass the safety checks after each automatic check, so it may lag behind the game and the data source. The counts and import date on the home page are the current values.","Los datos de cartas de jugador (World) solo reflejan las actualizaciones que superan las comprobaciones de seguridad tras cada comprobación automática, por lo que pueden ir por detrás del juego y de la fuente de datos. Los recuentos y la fecha de importación de la página de inicio son los valores actuales.","","","high","","",""
"support.betaLimitNoPayment","support","ui","TeamAIXI is free. Continued availability is not guaranteed. TeamAIXI is an unofficial squad analysis tool for eFootball™. It is not an official KONAMI or eFootball™ service.","TeamAIXI es gratuito. No se garantiza su disponibilidad continuada. TeamAIXI es una herramienta no oficial de análisis de plantillas para eFootball™. No es un servicio oficial de KONAMI ni de eFootball™.","","","high","","",""
"support.betaLimitDataDeletion","support","ui","Data saved in this browser can be deleted on the ""Data management"" page. To request account deletion, please contact us using the channels below.","Los datos guardados en este navegador se pueden eliminar en la página ""Gestión de datos"". Para solicitar la eliminación de tu cuenta, contáctanos por los canales indicados abajo.","","","high","","",""
"support.betaLimitsFeedback","support","ui","Please tell us about anything you notice or any bugs via ""Bug reports"" below.","Cuéntanos cualquier cosa que notes o cualquier error mediante ""Informes de errores"" más abajo.","","","high","","",""
"support.mailtoAriaGeneral","support","accessibility","Send an email for a general inquiry","Enviar un correo con una consulta general","","","high","","",""
"support.mailtoAriaBugReport","support","accessibility","Send an email to report a bug","Enviar un correo para informar de un error","","","high","","",""
"support.mailtoAriaRights","support","accessibility","Send an email as a rights holder","Enviar un correo como titular de derechos","","","high","","",""
"support.mailtoAriaPrivacy","support","accessibility","Send an email for a privacy inquiry","Enviar un correo con una consulta de privacidad","","","high","","",""
"support.mailtoSubjectGeneral","support","ui","TeamAIXI General Inquiry","TeamAIXI: consulta general","","32","high","","",""
"support.mailtoSubjectBugReport","support","ui","TeamAIXI Bug Report","TeamAIXI: informe de error","","25","high","","",""
"support.mailtoSubjectRights","support","ui","TeamAIXI Rights-Related Contact","TeamAIXI: contacto sobre derechos","","","high","","",""
"support.mailtoSubjectPrivacy","support","ui","TeamAIXI Privacy Inquiry","TeamAIXI: consulta de privacidad","","32","high","","",""
"support.safetyNoticeHeading","support","ui","Before you contact us","Antes de contactarnos","","28","high","","",""
"support.safetyNoPassword","support","ui","Please do not send a password.","No envíes ninguna contraseña.","","","high","","",""
"support.safetyNoAuthCode","support","ui","Please do not send an authentication code.","No envíes ningún código de autenticación.","","","high","","",""
"support.safetyNoRecoveryCode","support","ui","Please do not send a recovery code.","No envíes ningún código de recuperación.","","","high","","",""
"support.safetyNoPaymentInfo","support","ui","Please do not send payment information.","No envíes información de pago.","","","high","","",""
"support.safetyNoUnnecessaryPersonalInfo","support","ui","Please do not include unnecessary personal information.","No incluyas datos personales innecesarios.","","","high","","",""
"support.generalContactHeading","support","ui","General inquiries","Consultas generales","","23","high","","",""
"support.generalContactIntro","support","ui","Please send general inquiries and bug reports here.","Envía aquí las consultas generales y los informes de errores.","","","high","","",""
"support.generalContactUnset","support","ui","A general inquiry channel is currently being prepared.","Actualmente se está preparando un canal para consultas generales.","","","high","","",""
"support.generalContactEmailLabel","support","ui","Contact email","Correo de contacto","","17","high","","",""
"support.bugReportHeading","support","ui","Bug reports","Informes de errores","","15","high","","",""
"support.bugReportIntro","support","ui","When reporting a bug, please include the following information where possible.","Al informar de un error, incluye la siguiente información en la medida de lo posible.","","","high","","",""
"support.bugReportAlphaParticipantNotice","support","ui","If you notice a bug or odd behavior, contact us here. Please do not send your real name, contact details other than your email address, passwords or game account details.","Si notas un error o un comportamiento extraño, contáctanos aquí. No envíes tu nombre real, datos de contacto distintos de tu correo electrónico, contraseñas ni datos de tu cuenta del juego.","","","high","","",""
"support.bugReportFieldPage","support","ui","The page where it occurred","La página donde ocurrió","","","high","","",""
"support.bugReportFieldSteps","support","ui","Steps to reproduce","Pasos para reproducirlo","","24","high","","",""
"support.bugReportFieldExpected","support","ui","Expected result","Resultado esperado","","20","high","","",""
"support.bugReportFieldActual","support","ui","Actual result","Resultado real","","17","high","","",""
"support.bugReportFieldBrowser","support","ui","Your browser","Tu navegador","","16","high","","",""
"support.bugReportFieldWidth","support","ui","Screen width (PC, phone, etc.)","Ancho de pantalla (PC, móvil, etc.)","","","high","","",""
"support.bugReportFieldErrorMessage","support","ui","Any error message shown","Cualquier mensaje de error mostrado","","30","high","","",""
"support.bugReportNoPersonalData","support","ui","Please do not include personal information or internal data.","No incluyas datos personales ni datos internos.","","","high","","",""
"support.bugReportNoUnsolicitedJsonAttachment","support","ui","Please do not attach a JSON backup file unless asked to.","No adjuntes un archivo de copia de seguridad JSON a menos que se te pida.","","","high","","",""
"support.bugReportCheckScreenshot","support","ui","If you send a screenshot, please check it for personal information first.","Si envías una captura de pantalla, comprueba antes que no contenga datos personales.","","","high","","",""
"support.issueTrackerLabel","support","ui","Issue tracker","Seguimiento de incidencias","","17","high","","",""
"support.rightsHolderHeading","support","ui","Contact for rights holders","Contacto para titulares de derechos","","34","high","","",""
"support.rightsHolderIntro","support","ui","If you hold rights related to player names, cards, data, or images used here, please contact us with the following information.","Si eres titular de derechos relacionados con nombres de jugadores, cartas, datos o imágenes usados aquí, contáctanos con la siguiente información.","","","high","","",""
"support.rightsHolderContactIntro","support","ui","Please send any contact regarding content, data, images, or rights here.","Envía aquí cualquier comunicación relativa a contenido, datos, imágenes o derechos.","","","high","","",""
"support.rightsHolderFieldContent","support","ui","The content in question","El contenido en cuestión","","30","high","","",""
"support.rightsHolderFieldUrl","support","ui","The relevant URL","La URL correspondiente","","21","high","","",""
"support.rightsHolderFieldRightType","support","ui","Type of right","Tipo de derecho","","17","high","","",""
"support.rightsHolderFieldContactInfo","support","ui","Your contact information","Tus datos de contacto","","32","high","","",""
"support.rightsHolderFieldRequestedAction","support","ui","Requested removal or correction","Retirada o corrección solicitada","","","high","","",""
"support.rightsHolderFieldEvidence","support","ui","Supporting evidence, if any","Pruebas que lo respalden, si las hay","","","high","","",""
"support.rightsHolderFieldReplyTo","support","ui","Reply-to address","Dirección de respuesta","","21","high","","",""
"support.rightsHolderUnsetNotice","support","ui","A dedicated rights-holder contact channel is currently being prepared. Once the general contact address above is set up, please use it in the meantime.","Actualmente se está preparando un canal de contacto específico para titulares de derechos. Mientras tanto, una vez configurada la dirección de contacto general de arriba, utilízala.","","","high","","",""
"support.rightsHolderEmailLabel","support","ui","Rights-holder contact","Contacto para titulares de derechos","","28","high","","",""
"support.privacyContactHeading","support","ui","Privacy-related inquiries","Consultas sobre privacidad","","33","high","","",""
"support.privacyContactIntro","support","ui","Please send any contact regarding privacy or how your local data is handled here.","Envía aquí cualquier comunicación relativa a la privacidad o al tratamiento de tus datos locales.","","","high","","",""
"support.privacyContactUnsetNotice","support","ui","A dedicated privacy contact channel is currently being prepared.","Actualmente se está preparando un canal de contacto específico para privacidad.","","","high","","",""
"support.privacyContactEmailLabel","support","ui","Privacy contact","Contacto de privacidad","","20","high","","",""
"support.noSubmissionFormNotice","support","ui","This page is informational only and is not a submission form. If a contact address above is set, please contact it directly.","Esta página es solo informativa y no es un formulario de envío. Si hay una dirección de contacto configurada arriba, contacta directamente con ella.","","","high","","",""
"support.safetyNoApiKey","support","ui","Do not send API keys or secrets.","No envíes claves de API ni secretos.","","","high","","",""
"support.bugReportOnlyFacts","support","ui","In a bug report, include only the screen, the steps, the date and time, and your device and browser.","En un informe de error, incluye solo la pantalla, los pasos, la fecha y hora, y tu dispositivo y navegador.","","","high","","",""
"auth.authErrorLinkExpired","auth","ui","This link has expired or has already been used. Please request a new confirmation email or password reset.","Este enlace ha caducado o ya se ha usado. Solicita un nuevo correo de confirmación o un restablecimiento de contraseña.","","","high","","",""
"auth.authErrorLinkInvalid","auth","ui","We couldn't verify this link. Open the link in the email again, or request a new confirmation email or password reset.","No hemos podido verificar este enlace. Vuelve a abrir el enlace del correo o solicita un nuevo correo de confirmación o un restablecimiento de contraseña.","","","high","","",""
"auth.authErrorRateLimited","auth","ui","Too many attempts in a short time. Please wait a while and try again.","Demasiados intentos en poco tiempo. Espera un rato y vuelve a intentarlo.","","","high","","",""
"auth.authErrorNotConfigured","auth","ui","Account features are unavailable right now. Features that don't need sign-in still work.","Las funciones de cuenta no están disponibles ahora mismo. Las funciones que no requieren iniciar sesión siguen funcionando.","","","high","","",""
"auth.authErrorServiceUnavailable","auth","ui","We couldn't reach the authentication service. Please wait a moment and try again. Your link may still work.","No hemos podido conectar con el servicio de autenticación. Espera un momento y vuelve a intentarlo. Es posible que tu enlace siga siendo válido.","","","high","","",""
"auth.confirmRetryButton","auth","ui","Try again","Reintentar","","12","high","","",""
"auth.confirmPageTitle","auth","ui","Confirm your email link","Confirma el enlace de tu correo","","30","high","","",""
"auth.confirmPageBody","auth","ui","Press the button below to verify this link and finish.","Pulsa el botón de abajo para verificar este enlace y terminar.","","","high","","",""
"auth.confirmButton","auth","ui","Confirm","Confirmar","","12","high","","",""
"auth.confirmProcessing","auth","ui","Verifying…","Verificando…","","13","high","","",""
"auth.confirmSuccess","auth","ui","Confirmed. Redirecting…","Confirmado. Redirigiendo…","","30","high","","",""
"auth.confirmWhyButton","auth","ui","We ask you to press a button so that automatic link checks by email services don't use up the link first.","Te pedimos que pulses un botón para que las comprobaciones automáticas de enlaces de los servicios de correo no consuman el enlace antes que tú.","","137","high","","",""
"auth.emailChangeHeading","auth","ui","Change email address","Cambiar correo electrónico","","26","high","","",""
"auth.emailChangeLabel","auth","ui","New email address","Nuevo correo electrónico","","23","high","","",""
"auth.emailChangeSubmit","auth","ui","Send confirmation email","Enviar correo de confirmación","","30","high","","",""
"auth.emailChangeSent","auth","ui","Request received. Open the link in the confirmation email sent to the new address (and, depending on settings, the current one) to finish.","Solicitud recibida. Para terminar, abre el enlace del correo de confirmación enviado a la nueva dirección (y, según la configuración, también a la actual).","","","high","","",""
"auth.emailChangeLimitedNotice","auth","ui","Changing your email address needs a confirmation email. Email sending is in limited testing, so this is not available yet.","Para cambiar tu correo electrónico se necesita un correo de confirmación. El envío de correos está en pruebas limitadas, así que esta opción aún no está disponible.","","","high","","",""
"auth.reauthenticationNeededMessage","auth","ui","For your security, this action requires verification. While email sending is in limited testing, please sign out and use password reset instead.","Por tu seguridad, esta acción requiere verificación. Mientras el envío de correos esté en pruebas limitadas, cierra sesión y usa el restablecimiento de contraseña.","","","high","","",""
"auth.supportPrivacyNotice","auth","ui","Never send your password, verification codes, email links or personal information to support.","Nunca envíes al soporte tu contraseña, códigos de verificación, enlaces de correo ni datos personales.","","","high","","",""
"auth.sessionExpiredMessage","auth","ui","Your session has expired. Please sign in again. Features that don't need sign-in still work.","Tu sesión ha caducado. Vuelve a iniciar sesión. Las funciones que no requieren iniciar sesión siguen funcionando.","","","high","","",""
"auth.accountLimitedTitle","auth","ui","Account features are in limited testing","Las funciones de cuenta están en pruebas limitadas","","51","high","","",""
"auth.accountLimitedBody","auth","ui","TeamAIXI v1.0 can be used without signing in. Account features are planned for a future update (currently in limited testing). Player search, comparison, progression, and diagnosis can be used without signing in.","TeamAIXI v1.0 se puede usar sin iniciar sesión. Las funciones de cuenta están previstas para una futura actualización (actualmente en pruebas limitadas). La búsqueda de jugadores, la comparación, la progresión y el diagnóstico se pueden usar sin iniciar sesión.","","","high","","",""
"auth.accountLimitedExisting","auth","ui","If you already have an account, you can sign in.","Si ya tienes una cuenta, puedes iniciar sesión.","","","high","","",""
"auth.accountLimitedBrowse","auth","ui","Browse players","Ver jugadores","","19","high","","",""
"auth.navSignUpLimited","auth","ui","About accounts","Sobre las cuentas","","19","high","","",""
"auth.signInNoAccountLimitedPrompt","auth","ui","Creating new accounts is currently in limited testing.","La creación de cuentas nuevas está actualmente en pruebas limitadas.","","","high","","",""
"auth.signInLimitedLink","auth","ui","Learn more","Más información","","13","high","","",""
"auth.emailSendFailedMessage","auth","ui","We couldn't send the authentication email. Please wait and try again. Avoid repeated requests, and contact support if the problem continues.","No hemos podido enviar el correo de autenticación. Espera y vuelve a intentarlo. Evita solicitudes repetidas y contacta con el soporte si el problema continúa.","","","high","","",""
"auth.passwordResetLimitedNotice","auth","ui","Email sending is currently in limited testing. If the reset email does not arrive, please do not keep resending; check the support page instead.","El envío de correos está actualmente en pruebas limitadas. Si no llega el correo de restablecimiento, no lo reenvíes una y otra vez; consulta la página de soporte.","","","high","","",""
"auth.navSignIn","auth","ui","Sign in","Iniciar sesión","","12","high","","",""
"auth.navSignUp","auth","ui","Sign up","Registrarse","","12","high","","",""
"auth.navAccount","auth","ui","Account","Cuenta","","12","high","","",""
"auth.emailLabel","auth","ui","Email address","Correo electrónico","","17","high","","",""
"auth.passwordLabel","auth","ui","Password","Contraseña","","12","high","","",""
"auth.passwordConfirmLabel","auth","ui","Confirm password","Confirmar contraseña","","21","high","","",""
"auth.passwordRequirementsHint","auth","ui","At least 12 characters, including an uppercase letter, a lowercase letter, a digit, and a symbol.","Al menos 12 caracteres, con una mayúscula, una minúscula, un número y un símbolo.","","","high","","",""
"auth.passwordMismatchError","auth","ui","Passwords do not match.","Las contraseñas no coinciden.","","30","high","","",""
"auth.invalidEmailError","auth","ui","Please enter a valid email address.","Introduce un correo electrónico válido.","","","high","","",""
"auth.genericErrorMessage","auth","ui","Something went wrong. Please try again later.","Algo ha salido mal. Vuelve a intentarlo más tarde.","","","high","","",""
"auth.tryAgainMessage","auth","ui","Please try again.","Vuelve a intentarlo.","","23","high","","",""
"auth.processingAuthMessage","auth","ui","Processing authentication…","Procesando la autenticación…","","","high","","",""
"auth.checkingSessionMessage","auth","ui","Checking your session…","Comprobando tu sesión…","","29","high","","",""
"auth.signUpPageTitle","auth","ui","Sign up","Registrarse","","12","high","","",""
"auth.signUpSubmitButton","auth","ui","Create account","Crear cuenta","","19","high","","",""
"auth.signUpSuccessTitle","auth","ui","Confirmation email sent","Correo de confirmación enviado","","30","high","","",""
"auth.signUpSuccessMessage","auth","ui","We sent a confirmation email to the address you entered. Please open the link in that email to finish signing up.","Hemos enviado un correo de confirmación a la dirección que has introducido. Abre el enlace de ese correo para terminar el registro.","","","high","","",""
"auth.signUpFailedMessage","auth","ui","Sign-up failed. Please check your details and try again.","No se ha podido completar el registro. Revisa tus datos y vuelve a intentarlo.","","","high","","",""
"auth.signUpHaveAccountPrompt","auth","ui","Already have an account?","¿Ya tienes una cuenta?","","32","high","","",""
"auth.signUpSignInLink","auth","ui","Sign in","Iniciar sesión","","12","high","","",""
"auth.signInPageTitle","auth","ui","Sign in","Iniciar sesión","","12","high","","",""
"auth.signInSubmitButton","auth","ui","Sign in","Iniciar sesión","","12","high","","",""
"auth.signInFailedMessage","auth","ui","The email address or password is incorrect.","El correo electrónico o la contraseña no son correctos.","","","high","","",""
"auth.signInNoAccountPrompt","auth","ui","Don't have an account?","¿No tienes una cuenta?","","29","high","","",""
"auth.signInSignUpLink","auth","ui","Sign up","Registrarse","","12","high","","",""
"auth.signInForgotPasswordLink","auth","ui","Forgot your password?","¿Has olvidado tu contraseña?","","28","high","","",""
"auth.logoutButton","auth","ui","Sign out","Cerrar sesión","","12","high","","",""
"auth.logoutProcessingMessage","auth","ui","Signing out…","Cerrando sesión…","","16","high","","",""
"auth.forgotPasswordPageTitle","auth","ui","Forgot your password?","¿Has olvidado tu contraseña?","","28","high","","",""
"auth.forgotPasswordDescription","auth","ui","Enter your email address and we'll send you a link to reset your password.","Introduce tu correo electrónico y te enviaremos un enlace para restablecer tu contraseña.","","","high","","",""
"auth.forgotPasswordSubmitButton","auth","ui","Send reset email","Enviar correo de restablecimiento","","21","high","","",""
"auth.forgotPasswordSentMessage","auth","ui","If an account exists for that email address, we sent a password reset email. Please check your inbox.","Si existe una cuenta con ese correo electrónico, te hemos enviado un correo para restablecer la contraseña. Revisa tu bandeja de entrada.","","","high","","",""
"auth.updatePasswordPageTitle","auth","ui","Set a new password","Establecer nueva contraseña","","24","high","","",""
"auth.updatePasswordDescription","auth","ui","Enter your new password.","Introduce tu nueva contraseña.","","32","high","","",""
"auth.updatePasswordSubmitButton","auth","ui","Update password","Actualizar contraseña","","20","high","","",""
"auth.updatePasswordSuccessMessage","auth","ui","Your password has been updated. Please sign in again with your new password.","Tu contraseña se ha actualizado. Vuelve a iniciar sesión con tu nueva contraseña.","","","high","","",""
"auth.callbackProcessingMessage","auth","ui","Verifying your authentication…","Verificando tu autenticación…","","","high","","",""
"auth.callbackFailedMessage","auth","ui","We couldn't verify your authentication. Please try signing in or signing up again.","No hemos podido verificar tu autenticación. Vuelve a intentar iniciar sesión o registrarte.","","","high","","",""
"auth.callbackReturnLink","auth","ui","Back to sign in","Volver a iniciar sesión","","20","high","","",""
"auth.accountPageTitle","auth","ui","Account","Cuenta","","12","high","","",""
"auth.accountLoginRequiredMessage","auth","ui","You need to sign in to view this page.","Debes iniciar sesión para ver esta página.","","","high","","",""
"auth.accountLoggedInLabel","auth","ui","Signed in","Sesión iniciada","","12","high","","",""
"auth.accountEmailLabel","auth","ui","Confirmed email address","Correo electrónico confirmado","","30","high","","",""
"auth.accountCloudSyncNoticeTitle","auth","ui","Automatic sync across devices is not yet available","La sincronización automática entre dispositivos aún no está disponible","","65","high","","",""
"auth.accountCloudSyncNoticeDesc","auth","ui","Automatic sync across devices is not supported. After logging in, you can use an alpha trial feature to explicitly save and retrieve My Team from the cloud. Favorites, saved builds, and saved squads are not yet cloud-saveable.","La sincronización automática entre dispositivos no está disponible. Tras iniciar sesión, puedes usar una función de prueba alfa para guardar y recuperar Mi equipo de la nube de forma explícita. Los favoritos, las builds guardadas y las plantillas guardadas aún no se pueden guardar en la nube.","","","high","","",""
"auth.accountLocalDataNoticeDesc","auth","ui","Favorites, saved builds, saved squads, and similar data continue to be stored only in this device's browser (locally). My Team is also stored locally by default; it is only saved to or retrieved from the cloud when you explicitly do so using the alpha feature below.","Los favoritos, las builds guardadas, las plantillas guardadas y datos similares se siguen guardando solo en el navegador de este dispositivo (localmente). Mi equipo también se guarda localmente por defecto; solo se guarda en la nube o se recupera de ella cuando lo haces de forma explícita con la función alfa de abajo.","","","high","","",""
"auth.accountNoAutoUploadNoticeDesc","auth","ui","Signing in does not automatically upload the local data already stored on this device.","Iniciar sesión no sube automáticamente los datos locales ya guardados en este dispositivo.","","","high","","",""
"auth.accountCrossDeviceNoticeDesc","auth","ui","Syncing data across other devices or browsers is not supported yet.","Aún no se pueden sincronizar datos con otros dispositivos o navegadores.","","","high","","",""
"auth.accountDeletionFutureNoticeDesc","auth","ui","Account deletion is planned for a future phase.","La eliminación de cuentas está prevista para una fase futura.","","","high","","",""
"auth.signUpNextStepsHeading","auth","ui","What to do next","Siguientes pasos","","20","high","","",""
"auth.signUpStep1","auth","ui","Check the inbox for the email address you registered.","Revisa la bandeja de entrada del correo electrónico que registraste.","","","high","","",""
"auth.signUpStep2","auth","ui","Open the confirmation email from TeamAIXI.","Abre el correo de confirmación de TeamAIXI.","","","high","","",""
"auth.signUpStep3","auth","ui","Click the confirmation link in the email.","Haz clic en el enlace de confirmación del correo.","","","high","","",""
"auth.signUpStep4","auth","ui","Once confirmed, continue to the sign-in page or your account page.","Una vez confirmado, continúa a la página de inicio de sesión o a la página de tu cuenta.","","","high","","",""
"auth.signUpGoToSignInButton","auth","ui","Go to sign in","Ir a iniciar sesión","","17","high","","",""
"auth.signUpSpamFolderNotice","auth","ui","If you don't see the email, please also check your spam folder.","Si no ves el correo, revisa también la carpeta de spam.","","","high","","",""
"auth.signUpAlreadyConfirmedNotice","auth","ui","If your email address is already confirmed, you can just sign in.","Si tu correo electrónico ya está confirmado, simplemente inicia sesión.","","","high","","",""
"auth.signUpEmailNotArrivingNotice","auth","ui","If the email hasn't arrived after a while, you can resend the confirmation email.","Si el correo no llega después de un rato, puedes reenviar el correo de confirmación.","","","high","","",""
"auth.localDevConfirmationNotice","auth","ui","This is a local development environment. Open the confirmation link on the Windows PC running this site. A localhost link opened on another device cannot reach the development server.","Este es un entorno de desarrollo local. Abre el enlace de confirmación en el PC con Windows que ejecuta este sitio. Un enlace de localhost abierto en otro dispositivo no puede llegar al servidor de desarrollo.","","","high","","",""
"auth.resendConfirmationButton","auth","ui","Resend confirmation email","Reenviar correo de confirmación","","33","high","","",""
"auth.resendConfirmationSending","auth","ui","Sending…","Enviando…","","12","high","","",""
"auth.resendConfirmationSuccessMessage","auth","ui","The confirmation email has been resent. It may take a little time to arrive.","Se ha reenviado el correo de confirmación. Puede tardar un poco en llegar.","","","high","","",""
"auth.resendConfirmationRateLimitedMessage","auth","ui","Too many emails were sent in a short time, so resending is unavailable right now. Please wait a while and try again.","Se han enviado demasiados correos en poco tiempo, así que el reenvío no está disponible ahora mismo. Espera un rato y vuelve a intentarlo.","","","high","","",""
"auth.resendConfirmationFailedMessage","auth","ui","Failed to resend the confirmation email. Please try again later.","No se ha podido reenviar el correo de confirmación. Vuelve a intentarlo más tarde.","","","high","","",""
"auth.resendConfirmationWaitTemplate","auth","ui","You can resend in {seconds}s","Podrás reenviar en {seconds} s","","","high","","",""
"searchInput.rejectedTitle","searchInput","ui","This search term cannot be used","No se puede usar este término de búsqueda","","41","medium","","",""
"searchInput.rejectedDescription","searchInput","ui","Please remove unusual symbols or characters and try again.","Quita los símbolos o caracteres inusuales y vuelve a intentarlo.","","","medium","","",""
"searchInput.clearSearch","searchInput","ui","Clear search","Borrar búsqueda","","16","medium","","",""
"abilityEditor.sectionTitle","abilityEditor","ui","Train from abilities","Entrenar desde atributos","","26","medium","","",""
"abilityEditor.sectionHint","abilityEditor","ui","Tap an ability to light up every ability in the same progression category, then train it from the panel below.","Toca un atributo para resaltar todos los de la misma categoría de progresión y entrénalo desde el panel de abajo.","","","medium","","",""
"abilityEditor.trainThisAbility","abilityEditor","ui","Train this ability","Entrenar este atributo","","24","medium","","",""
"abilityEditor.relatedAbilities","abilityEditor","ui","Related abilities","Atributos relacionadas","","23","medium","","",""
"abilityEditor.selected","abilityEditor","ui","Selected","Seleccionada","","12","medium","","",""
"abilityEditor.related","abilityEditor","ui","Related","Relacionada","","12","medium","","",""
"abilityEditor.nextUpgrade","abilityEditor","ui","Next upgrade","Siguiente mejora","","16","medium","","",""
"abilityEditor.remainingPoints","abilityEditor","ui","Remaining progression points","Puntos de progresión restantes","","","medium","","",""
"abilityEditor.remainingShort","abilityEditor","ui","Left","Quedan","","12","medium","","",""
"abilityEditor.requiredPoints","abilityEditor","ui","Required points","Puntos necesarios","","20","medium","","",""
"abilityEditor.refundPoints","abilityEditor","ui","Points returned","Puntos devueltos","","20","medium","","",""
"abilityEditor.progressionCategory","abilityEditor","ui","Progression category","Categoría de progresión","","26","medium","","",""
"abilityEditor.clearSelection","abilityEditor","ui","Clear selection","Quitar selección","","20","medium","","",""
"abilityEditor.notEnoughPoints","abilityEditor","ui","Not enough points","Puntos insuficientes","","23","medium","","",""
"abilityEditor.notEnoughToReach","abilityEditor","ui","Not enough points to reach this level","No hay puntos suficientes para llegar a este nivel","","","medium","","",""
"abilityEditor.categoryAtMax","abilityEditor","ui","This category is at maximum","Esta categoría está al máximo","","","medium","","",""
"abilityEditor.atMinimum","abilityEditor","ui","Already at the minimum","Ya está en el mínimo","","29","medium","","",""
"abilityEditor.before","abilityEditor","ui","Before","Antes","","12","medium","","",""
"abilityEditor.after","abilityEditor","ui","After","Después","","12","medium","","",""
"abilityEditor.preview","abilityEditor","ui","Preview","Vista previa","","12","medium","","",""
"abilityEditor.maximumReachable","abilityEditor","ui","Maximum reachable","Máximo alcanzable","","23","medium","","",""
"abilityEditor.allocationSummary","abilityEditor","ui","Allocation summary","Resumen de asignación","","24","medium","","",""
"abilityEditor.editingProgression","abilityEditor","ui","Editing progression","Editando progresión","","25","medium","","",""
"abilityEditor.levelPrefix","abilityEditor","ui","Lv","Nv.","","12","medium","","",""
"abilityEditor.pointsUnit","abilityEditor","ui","pt","pt","","12","medium","","",""
"abilityEditor.maxBadge","abilityEditor","ui","MAX","MÁX","","12","medium","","",""
"abilityEditor.decreaseLabel","abilityEditor","ui","Lower {category} by one level","Bajar {category} un nivel","","38","medium","","",""
"abilityEditor.increaseLabel","abilityEditor","ui","Raise {category} by one level","Subir {category} un nivel","","38","medium","","",""
"abilityEditor.sliderLabel","abilityEditor","ui","{category} progression level","Nivel de progresión de {category}","","37","medium","","",""
"abilityEditor.sliderValueText","abilityEditor","ui","{category} level {level} (maximum reachable {reachable}, {remaining} pt left)","{category} nivel {level} (máximo alcanzable {reachable}, quedan {remaining} pt)","","","medium","","",""
"abilityEditor.chipLabel","abilityEditor","ui","{category} level {level}","{category} nivel {level}","","32","medium","","",""
"abilityEditor.levelChange","abilityEditor","ui","{from} → {to} ({delta})","{from} → {to} ({delta})","","30","medium","","",""
"abilityEditor.resetCategory","abilityEditor","ui","Revert","Revertir","","12","medium","","",""
"abilityEditor.resetCategoryHint","abilityEditor","ui","Returns this category to its level when you selected it","Devuelve esta categoría al nivel que tenía al seleccionarla","","","medium","","",""
"abilityEditor.goToSave","abilityEditor","ui","Go to save","Ir a guardar","","13","medium","","",""
"abilityEditor.tapHint","abilityEditor","ui","Tap an ability to train it","Toca un atributo para entrenarlo","","","medium","","",""
"abilityEditor.breakdownToggle","abilityEditor","ui","Breakdown","Desglose","","12","medium","","",""
"abilityEditor.breakdownBase","abilityEditor","ui","Base","Base","","12","medium","","",""
"abilityEditor.breakdownProgression","abilityEditor","ui","Progression","Progresión","","15","medium","","",""
"abilityEditor.breakdownBooster","abilityEditor","ui","Booster","Potenciador","","12","medium","","",""
"abilityEditor.breakdownManager","abilityEditor","ui","Manager","Entrenador","","12","medium","","",""
"abilityEditor.breakdownOther","abilityEditor","ui","Other","Otros","","12","medium","","",""
"abilityEditor.breakdownFinal","abilityEditor","ui","Final","Final","","12","medium","","",""
"abilityEditor.cannotProgress","abilityEditor","ui","This card cannot be progressed","Esta carta no se puede progresar","","","medium","","",""
"abilityEditor.unreachable","abilityEditor","ui","Unreachable","Inalcanzable","","15","medium","","",""
"abilityEditor.groupOffense","abilityEditor","ui","Attacking","Ataque","","12","medium","","",""
"abilityEditor.groupPhysical","abilityEditor","ui","Athleticism","Físico","","15","medium","","",""
"abilityEditor.groupDefense","abilityEditor","ui","Defending","Defensa","","12","medium","","",""
"abilityEditor.groupGk","abilityEditor","ui","GK","Portero","","12","medium","","",""
"abilityEditor.gkCollapsed","abilityEditor","ui","GK abilities (collapsed)","Atributos de portero (contraídas)","","32","medium","","",""
"abilityEditor.panelRegionLabel","abilityEditor","ui","Progression panel","Panel de progresión","","23","medium","","",""
"abilityEditor.chipsRegionLabel","abilityEditor","ui","Allocation by category","Asignación por categoría","","29","medium","","",""
"abilityEditor.done","abilityEditor","ui","Done","Listo","","12","medium","","",""
"abilityEditor.doneHint","abilityEditor","ui","Closes the panel (your changes stay)","Cierra el panel (tus cambios se mantienen)","","","medium","","",""
"abilityEditor.unsaved","abilityEditor","ui","Unsaved","Sin guardar","","12","medium","","",""
"abilityEditor.savedState","abilityEditor","ui","Saved","Guardado","","12","medium","","",""
"abilityEditor.quickSave","abilityEditor","ui","Save","Guardar","","12","medium","","",""
"abilityEditor.saveAs","abilityEditor","ui","Save as…","Guardar como…","","12","medium","","",""
"abilityEditor.saveSucceeded","abilityEditor","ui","Saved: {name}","Guardado: {name}","","17","medium","","",""
"abilityEditor.saveFailed","abilityEditor","ui","Could not save: {reason}","No se pudo guardar: {reason}","","32","high","","",""
"abilityEditor.quickSaveName","abilityEditor","ui","Build {n}","Build {n}","","12","medium","","",""
"abilityEditor.skipToPanel","abilityEditor","ui","Go to the progression panel","Ir al panel de progresión","","","medium","","",""
"abilityEditor.announceLevel","abilityEditor","ui","{category} level {level}, {remaining} pt left","{category} nivel {level}, quedan {remaining} pt","","","medium","","",""
"abilityEditor.announceSelected","abilityEditor","ui","{ability} selected. Progression category {category}","{ability} seleccionada. Categoría de progresión {category}","","","medium","","",""
"abilityEditor.resetAll","abilityEditor","ui","Reset all progression","Restablecer toda la progresión","","28","medium","","",""
"abilityEditor.undoReset","abilityEditor","ui","Undo reset","Deshacer restablecimiento","","13","medium","","",""
"abilityEditor.revertShort","abilityEditor","ui","↺ Revert","↺ Revertir","","12","medium","","",""
"abilityEditor.rowAffordance","abilityEditor","ui","Tap to train","Toca para entrenar","","16","medium","","",""
"basePercentile.heading","basePercentile","share","Base ability standing (percentile)","Posición de los atributos base (percentil)","","","high","","",""
"basePercentile.explanation","basePercentile","share","This ranking compares the base ability value before progression with the current World card distribution","Esta clasificación compara el valor base del atributo antes de la progresión con la distribución actual de cartas World","","","high","","",""
"basePercentile.notBuildNotice","basePercentile","share","It does not reflect the current build or the progression preview.","No refleja la build actual ni la vista previa de progresión.","","","high","","",""
"basePercentile.fallback","basePercentile","share","Percentile data could not be matched to the current player dataset","No se pudieron emparejar los datos de percentil con el conjunto de jugadores actual","","","high","","",""
"basePercentile.loading","basePercentile","share","Loading…","Cargando…","","12","high","","",""
"basePercentile.scopeLabel","basePercentile","share","Compare within","Comparar dentro de","","19","high","","",""
"basePercentile.scopeAll","basePercentile","share","All World cards","Todas las cartas World","","20","high","","",""
"basePercentile.scopePositionTemplate","basePercentile","share","Same registered position ({pos})","Misma posición registrada ({pos})","","","high","","",""
"basePercentile.scopeField","basePercentile","share","Outfield players","Jugadores de campo","","21","high","","",""
"basePercentile.scopeGk","basePercentile","share","Goalkeepers","Porteros","","15","high","","",""
"basePercentile.populationTemplate","basePercentile","share","{n} cards · distribution as of {date}","Cartas: {n} · distribución a {date}","","","high","","",""
"basePercentile.scopeTooSmall","basePercentile","share","Not shown for this scope because it has too few cards.","No se muestra para este ámbito porque tiene muy pocas cartas.","","","high","","",""
"basePercentile.bucketTopLt1","basePercentile","share","Top <1%","Top <1 %","","12","high","","",""
"basePercentile.bucketTop1","basePercentile","share","Top 1%","Top 1 %","","12","high","","",""
"basePercentile.bucketTop5","basePercentile","share","Top 5%","Top 5 %","","12","high","","",""
"basePercentile.bucketTop10","basePercentile","share","Top 10%","Top 10 %","","12","high","","",""
"basePercentile.bucketTop25","basePercentile","share","Top 25%","Top 25 %","","12","high","","",""
"basePercentile.bucketTop50","basePercentile","share","Top 50%","Top 50 %","","12","high","","",""
"basePercentile.bucketBelowMedian","basePercentile","share","Below median","Bajo la mediana","","16","high","","",""
"basePercentile.compareToggle","basePercentile","share","Show base ability percentiles","Mostrar percentiles de atributos base","","","high","","",""
"basePercentile.compareScopeNote","basePercentile","share","All players are compared within the same scope (all World cards).","Todos los jugadores se comparan dentro del mismo ámbito (todas las cartas World).","","","high","","",""
"titles.primaryLabel","titles","share","Title","Título","","12","high","","",""
"titles.badgesLabel","titles","share","Badges","Insignias","","12","high","","",""
"titles.none","titles","share","No title meets the conditions.","Ningún título cumple las condiciones.","","","high","","",""
"titles.whySummary","titles","share","Why this?","¿Por qué?","","12","high","","",""
"titles.rulesVersionTemplate","titles","share","Rules {version}","Reglas {version}","","20","high","","",""
"titles.playerExplanationTemplate","titles","share","Shown by fixed rules from the base ability standing (among {scope}). A title needs every ability in the rule within the top 5%; a badge within the top 10%.","Se muestra según reglas fijas a partir de la posición de los atributos base (entre {scope}). Un título exige que todos los atributos de la regla estén en el top 5 %; una insignia, en el top 10 %.","","","high","","",""
"titles.diagnosisExplanation","titles","share","Shown by fixed rules from the diagnosis category grades (A or better). The title is the highest-scoring category.","Se muestra según reglas fijas a partir de las notas de las categorías del diagnóstico (A o mejor). El título corresponde a la categoría con mayor puntuación.","","","high","","",""
"titles.diagnosisReasonTemplate","titles","share","{category} {score} ({tier})","{category} {score} ({tier})","","","high","","",""
"titles.rulePace","titles","share","Pace","Ritmo","","12","high","","",""
"titles.ruleFinishing","titles","share","Finishing","Finalización","","12","high","","",""
"titles.ruleDribbling","titles","share","Dribbling","Regate","","12","high","","",""
"titles.rulePassing","titles","share","Passing range","Alcance de pase","","17","high","","",""
"titles.ruleSetPieces","titles","share","Set pieces","Balón parado","","13","high","","",""
"titles.ruleAerial","titles","share","Aerial","Juego aéreo","","12","high","","",""
"titles.ruleBallWinning","titles","share","Ball winning","Recuperación","","16","high","","",""
"titles.rulePhysicality","titles","share","Physicality","Físico","","15","high","","",""
"titles.ruleStamina","titles","share","Stamina","Resistencia","","12","high","","",""
"titles.ruleShotStopping","titles","share","Shot-stopping","Paradas","","17","high","","",""
"titles.ruleHandling","titles","share","Handling & reach","Blocaje y alcance","","21","high","","",""
"titles.ruleGkAwareness","titles","share","GK awareness","Actitud de portero","","16","high","","",""
"titles.dgCounterAttack","titles","share","Counter-attacking","Contragolpe","","23","high","","",""
"titles.dgPassBuildUp","titles","share","Build-up","Salida de balón","","12","high","","",""
"titles.dgDribblePossession","titles","share","Possession","Posesión","","13","high","","",""
"titles.dgPressResistance","titles","share","Press-resistant","Resistente a la presión","","20","high","","",""
"titles.dgSpeed","titles","share","Pace-based","Basado en velocidad","","13","high","","",""
"titles.dgAerial","titles","share","Aerial","Juego aéreo","","12","high","","",""
"titles.dgAttack","titles","share","Attack-minded","Ofensivo","","17","high","","",""
"titles.dgDefense","titles","share","Solid defence","Defensa sólida","","17","high","","",""
"yourBest.heading","yourBest","share","Your best","Lo mejor de ti","","12","high","","",""
"yourBest.explanation","yourBest","share","The My Team card with the highest base ability standing for each ability group (outfield players and goalkeepers are compared separately). Opening this loads your cards' abilities.","La carta de Mi equipo con la mejor posición en atributos base de cada grupo de atributos (los jugadores de campo y los porteros se comparan por separado). Al abrir esta sección se cargan los atributos de tus cartas.","","","high","","",""
"yourBest.none","yourBest","share","No card to show (none is at or above the median, or My Team is empty).","No hay ninguna carta que mostrar (ninguna está en la mediana o por encima, o Mi equipo está vacío).","","","high","","",""
"growthProfile.heading","growthProfile","share","Growth profile","Perfil de crecimiento","","19","high","","",""
"growthProfile.explanation","growthProfile","share","Shows how each squad's overall score changed, from the diagnosis history saved on this device (only entries under the same diagnosis rules are compared; nothing is sent anywhere).","Muestra cómo ha cambiado la puntuación general de cada plantilla según el historial de diagnósticos guardado en este dispositivo (solo se comparan entradas con las mismas reglas de diagnóstico; no se envía nada).","","","high","","",""
"growthProfile.empty","growthProfile","share","Save a diagnosis of the same squad twice or more to see its trend.","Guarda un diagnóstico de la misma plantilla dos o más veces para ver su evolución.","","","high","","",""
"growthProfile.trendTemplate","growthProfile","share","{count} diagnoses: overall {first} → {latest} ({delta})","Diagnósticos: {count} · general {first} → {latest} ({delta})","","","high","","",""
"growthProfile.mostImprovedTemplate","growthProfile","share","Most improved: {category} {from} → {to}","Mayor mejora: {category} {from} → {to}","","","high","","",""
"growthProfile.overcameTemplate","growthProfile","share","Went from a weakness to A or better: {categories}","De punto débil a A o mejor: {categories}","","","high","","",""
"growthProfile.excludedRulesTemplate","growthProfile","share","{count} entries under different diagnosis rules are not compared.","No se comparan {count} entradas con reglas de diagnóstico distintas.","","","high","","",""
"localBackup.heading","localBackup","ui","Back up, restore or delete this area's data","Copia de seguridad, restauración o eliminación de los datos de esta área","","","medium","","",""
"localBackup.intro","localBackup","ui","Export the data saved in this browser's {region} to one JSON file, restore it from that file, or delete it all at once.","Exporta los datos guardados en el {region} de este navegador a un único archivo JSON, restáuralos desde ese archivo o elimínalos todos a la vez.","","","medium","","",""
"localBackup.regionGuest","localBackup","ui","signed-out (guest) area","espacio sin sesión iniciada (invitado)","","30","medium","","",""
"localBackup.regionAccount","localBackup","ui","signed-in account's area","espacio de la cuenta con sesión iniciada","","32","medium","","",""
"localBackup.scopePending","localBackup","ui","Checking which data area to use…","Comprobando qué área de datos usar…","","","medium","","",""
"localBackup.storageUnavailable","localBackup","ui","This browser can't save or read data.","Este navegador no puede guardar ni leer datos.","","","medium","","",""
"localBackup.currentDataHeading","localBackup","ui","Current data","Datos actuales","","16","medium","","",""
"localBackup.noData","localBackup","ui","No data is saved in this area.","No hay datos guardados en esta área.","","","medium","","",""
"localBackup.sectionMyTeam","localBackup","ui","My Team","Mi equipo","","12","medium","","",""
"localBackup.sectionFavorites","localBackup","ui","Favorites","Favoritos","","12","medium","","",""
"localBackup.sectionBuilds","localBackup","ui","Saved builds (cards)","Builds guardadas (cartas)","","26","medium","","",""
"localBackup.sectionSquads","localBackup","ui","Saved squads","Plantillas guardadas","","16","medium","","",""
"localBackup.sectionTemplates","localBackup","ui","Squad templates","Modelos de plantilla","","20","medium","","",""
"localBackup.sectionHistory","localBackup","ui","Diagnosis history","Historial de diagnósticos","","23","medium","","",""
"localBackup.noteNoIdentity","localBackup","ui","The file contains no account identifiers (user ID or email address).","El archivo no contiene identificadores de cuenta (ID de usuario ni dirección de correo).","","","medium","","",""
"localBackup.noteSharing","localBackup","ui","The file includes what you entered, such as notes, tags and squad names. Don't send it to other people.","El archivo incluye lo que has introducido, como notas, etiquetas y nombres de plantillas. No lo envíes a otras personas.","","","medium","","",""
"localBackup.noteExcluded","localBackup","ui","Display language, sidebar state and temporary selections are not included.","No se incluyen el idioma de visualización, el estado de la barra lateral ni las selecciones temporales.","","","medium","","",""
"localBackup.exportButton","localBackup","ui","Export to JSON","Exportar a JSON","","19","medium","","",""
"localBackup.importButton","localBackup","ui","Import from JSON","Importar desde JSON","","21","medium","","",""
"localBackup.deleteButton","localBackup","ui","Delete this area's data","Eliminar los datos de esta área","","30","high","","",""
"localBackup.exportDone","localBackup","ui","Exported.","Exportado.","","12","medium","","",""
"localBackup.exportDoneWithSkipped","localBackup","ui","Exported. Damaged items were left out.","Exportado. Se omitieron los elementos dañados.","","","medium","","",""
"localBackup.exportFailed","localBackup","ui","Couldn't export.","No se pudo exportar.","","21","high","","",""
"localBackup.importTooLarge","localBackup","ui","The file is too large (limit 5 MB).","El archivo es demasiado grande (límite: 5 MB).","","","medium","","",""
"localBackup.importReadFailed","localBackup","ui","Couldn't read the file.","No se pudo leer el archivo.","","30","high","","",""
"localBackup.importNotBackup","localBackup","ui","This isn't a backup file exported from this app.","Este no es un archivo de copia de seguridad exportado desde esta app.","","","medium","","",""
"localBackup.importInvalidSectionTemplate","localBackup","ui","""{section}"" isn't valid, so nothing was imported (nothing changed).","""{section}"" no es válido, así que no se importó nada (no cambió nada).","","","medium","","",""
"localBackup.importConfirmTitle","localBackup","ui","Import and replace?","¿Importar y reemplazar?","","25","high","","",""
"localBackup.importConfirmBody","localBackup","ui","For the items in the file, the current data in the {region} will be replaced. Items not in the file stay as they are. This can't be undone.","Para los elementos del archivo, se reemplazarán los datos actuales del {region}. Los elementos que no estén en el archivo se mantienen igual. No se puede deshacer.","","","high","","",""
"localBackup.importExportFirst","localBackup","ui","We recommend exporting your current data first.","Te recomendamos exportar primero tus datos actuales.","","","medium","","",""
"localBackup.importConfirmButton","localBackup","ui","Import","Importar","","12","high","","",""
"localBackup.importScopeChanged","localBackup","ui","Your sign-in state changed, so the import was cancelled. Please choose the file again.","Tu estado de sesión cambió, así que se canceló la importación. Vuelve a elegir el archivo.","","","medium","","",""
"localBackup.importDone","localBackup","ui","Imported.","Importado.","","12","medium","","",""
"localBackup.importFailedRolledBack","localBackup","ui","Couldn't import. Your data is as it was before.","No se pudo importar. Tus datos siguen como estaban.","","","high","","",""
"localBackup.importFailedPartial","localBackup","ui","The import failed part-way and some items couldn't be restored. Please import from your exported file again.","La importación falló a mitad y algunos elementos no se pudieron restaurar. Vuelve a importar desde tu archivo exportado.","","","high","","",""
"localBackup.deleteConfirmTitle","localBackup","ui","Delete this area's data?","¿Eliminar los datos de esta área?","","32","high","","",""
"localBackup.deleteConfirmBody","localBackup","ui","My Team, favorites, saved builds, saved squads, templates and diagnosis history in the {region} will be deleted. Other areas and display settings stay. This can't be undone.","Se eliminarán Mi equipo, los favoritos, las builds guardadas, las plantillas guardadas, los modelos y el historial de diagnósticos del {region}. Las demás áreas y los ajustes de visualización se mantienen. No se puede deshacer.","","","high","","",""
"localBackup.deleteConfirmButton","localBackup","ui","Delete","Eliminar","","12","high","","",""
"localBackup.deleteDone","localBackup","ui","Deleted this area's data.","Se eliminaron los datos de esta área.","","","high","","",""
"localBackup.deleteFailed","localBackup","ui","Some data couldn't be deleted.","No se pudieron eliminar algunos datos.","","","high","","",""
"localBackup.cancel","localBackup","ui","Cancel","Cancelar","","12","medium","","",""
"shareCard.optionsSummary","shareCard","share","Choose a size · Preview","Elige un tamaño · Vista previa","","30","high","","",""
"shareCard.ratioLabel","shareCard","share","Image size","Tamaño de imagen","","13","high","","",""
"shareCard.ratio34","shareCard","share","Portrait 3:4 (default)","Vertical 3:4 (predeterminado)","","29","high","","",""
"shareCard.ratio11","shareCard","share","Square 1:1","Cuadrado 1:1","","13","high","","",""
"shareCard.ratio916","shareCard","share","Tall 9:16 (stories)","Alto 9:16 (historias)","","25","high","","",""
"shareCard.ratio169","shareCard","share","Wide 16:9","Panorámico 16:9","","12","high","","",""
"shareCard.previewLoading","shareCard","share","Creating a preview…","Creando vista previa…","","25","high","","",""
"shareCard.previewAltTemplate","shareCard","share","Squad diagnosis card preview ({ratio})","Vista previa de la tarjeta de diagnóstico de plantilla ({ratio})","","","high","","",""
"shareCard.shareButton","shareCard","share","Share","Compartir","","12","high","","",""
"shareCard.shareTitle","shareCard","share","Squad diagnosis","Diagnóstico de plantilla","","20","high","","",""
"shareCard.shared","shareCard","share","Shared.","Compartido.","","12","high","","",""
"shareCard.privacyNote","shareCard","share","The image shows only the squad name, formation and ratings (no URL, ID or account information). Don't put personal information in squad names.","La imagen solo muestra el nombre de la plantilla, la formación y las valoraciones (sin URL, ID ni datos de la cuenta). No pongas datos personales en los nombres de las plantillas.","","","high","","",""
"shareCard.imgHeading","shareCard","share","Squad Diagnosis (Squad Build Evaluation)","Diagnóstico de plantilla (evaluación de la composición)","","52","high","","",""
"shareCard.imgFormationPrefix","shareCard","share","Formation: ","Formación: ","","15","high","","",""
"shareCard.imgOverallScore","shareCard","share","Overall Rating","Valoración global","","19","high","","",""
"shareCard.imgTierPrefix","shareCard","share","Grade ","Rango ","","12","high","","",""
"shareCard.imgNotRated","shareCard","share","Not rated","Sin valorar","","12","high","","",""
"shareCard.imgRatedCategoriesPrefix","shareCard","share","Rated categories: ","Categorías valoradas: ","","24","high","","",""
"shareCard.imgTopStrength","shareCard","share","Top Strength","Punto fuerte principal","","16","high","","",""
"shareCard.imgTopWeakness","shareCard","share","Top Weakness","Punto débil principal","","16","high","","",""
"shareCard.imgNone","shareCard","share","None","Ninguno","","12","high","","",""
"shareCard.imgDisclaimer","shareCard","share","A build evaluation based on registered data. It does not guarantee match results, national rankings, or win rates.","Una evaluación de la composición basada en los datos registrados. No garantiza resultados de partidos, clasificaciones nacionales ni porcentajes de victoria.","","","high","","",""
"shareCard.imgCreatedTemplate","shareCard","share","Created {date}","Creado el {date}","","19","high","","",""
"progressionTab.analysisScopeDefault","progressionTab","ui","World data","Datos de World","","13","medium","","",""
"progressionTab.eligibilityTrending","progressionTab","ui","TRENDING cards (POTW etc.) cannot be progressed.","Las cartas TRENDING (POTW, etc.) no se pueden progresar.","","","medium","","",""
"progressionTab.eligibilityMaxLevel1","progressionTab","ui","This card has no progression points because its maximum level is 1.","Esta carta no tiene puntos de progresión porque su nivel máximo es 1.","","","medium","","",""
"progressionTab.cannotProgressFallback","progressionTab","ui","This card cannot be progressed.","Esta carta no se puede progresar.","","","medium","","",""
"progressionTab.baseValuesKept","progressionTab","ui","(Abilities are shown at their base values.)","(Los atributos se muestran con sus valores base.)","","","medium","","",""
"progressionTab.statComparisonTitle","progressionTab","ui","Abilities (before / after progression)","Atributos (antes / después de la progresión)","","50","medium","","",""
"progressionTab.estimatedOvr","progressionTab","ui","Est. OVR","OVR est.","","12","medium","","",""
"progressionTab.underVerification","progressionTab","ui","Unverified","Sin verificar","","13","medium","","",""
"progressionTab.calculationDetailsSummary","progressionTab","ui","Show how this is calculated and where the data comes from (mode, evidence level, rules version, full breakdown)","Mostrar cómo se calcula y de dónde salen los datos (modo, nivel de evidencia, versión de reglas, desglose completo)","","","medium","","",""
"progressionTab.detailedBreakdownTitle","progressionTab","ui","Detailed breakdown (table)","Desglose detallado (tabla)","","34","medium","","",""
"progressionTab.autoAllocationTitle","progressionTab","ui","Auto progression (allocation policy)","Progresión automática (política de asignación)","","47","medium","","",""
"progressionTab.resetProgression","progressionTab","ui","Reset progression","Restablecer progresión","","23","medium","","",""
"progressionTab.buildModeNone","progressionTab","ui","No progression","Sin progresión","","19","medium","","",""
"progressionTab.buildModeAttack","progressionTab","ui","Attack focus","Enfoque ofensivo","","16","medium","","",""
"progressionTab.buildModeDefense","progressionTab","ui","Defence focus","Enfoque defensivo","","17","medium","","",""
"progressionTab.buildModeBalance","progressionTab","ui","Balanced","Equilibrado","","12","medium","","",""
"progressionTab.buildModeGk","progressionTab","ui","GK focus","Enfoque GK","","12","medium","","",""
"progressionTab.autoAllocationNote","progressionTab","ui","Auto progression is a heuristic allocation policy. It differs from the in-game auto allocation and does not guarantee the highest OVR. You can still adjust each slider afterwards.","La progresión automática es una política de asignación heurística. Difiere de la asignación automática del juego y no garantiza el OVR más alto. Después puedes ajustar cada control deslizante.","","","medium","","",""
"progressionTab.groupsTitle","progressionTab","ui","Ability groups (category levels)","Grupos de atributos (niveles por categoría)","","42","medium","","",""
"progressionTab.groupsHint","progressionTab","ui","{shooting} targets are confirmed / others are unverified","Los objetivos de {shooting} están confirmados / los demás no están verificados","","","medium","","",""
"progressionTab.gkGroupsSummary","progressionTab","ui","GK progression (3 groups)","Progresión de portero (3 grupos)","","","medium","","",""
"progressionTab.gkAllocatedNonGk","progressionTab","ui","Allocated Lv {level} (not a GK, collapsed)","Asignado Nv. {level} (no es GK, contraído)","","","medium","","",""
"progressionTab.gkAllocatedGk","progressionTab","ui","Allocated Lv {level} (GK, expanded)","Asignado Nv. {level} (GK, expandido)","","","medium","","",""
"progressionTab.gkGroupsNote","progressionTab","ui","Adjusts {stats}. Collapsing keeps the allocation, used points and staged costs.","Ajusta {stats}. Al contraer se conservan la asignación, los puntos usados y los costes escalonados.","","","medium","","",""
"progressionTab.cardFallbackName","progressionTab","ui","Card {id}","Carta {id}","","12","medium","","",""
"progressionTab.maxOvrLabel","progressionTab","ui","Max OVR","OVR máx.","","12","medium","","",""
"progressionTab.maxOvrShort","progressionTab","ui","Max OVR","OVR máx.","","12","medium","","",""
"progressionTab.levelCap","progressionTab","ui","Max Lv {level}","Nv. máx. {level}","","19","medium","","",""
"progressionTab.noEnglishName","progressionTab","ui","(no English name)","(sin nombre en inglés)","","23","medium","","",""
"progressionTab.boostersHeading","progressionTab","ui","Boosters","Potenciadores","","12","medium","","",""
"progressionTab.b2Heading","progressionTab","ui","Extra booster (B2, chosen by you)","Potenciador extra (B2, elegido por ti)","","43","medium","","",""
"progressionTab.b2Note","progressionTab","ui","A booster you add yourself, separate from the card's own booster (B1). A confirmed B2 booster is applied right away to its target abilities, the normal final values, comparison rankings and team totals. An unconfirmed B2 booster (trial only; previous choices can still be changed) only affects the trial final values and does not change normal final values, rankings or team totals.","Un potenciador que añades tú, aparte del potenciador propio de la carta (B1). Un potenciador B2 confirmado se aplica de inmediato a sus atributos objetivo, a los valores finales normales, a las clasificaciones de la comparación y a los totales del equipo. Un potenciador B2 no confirmado (solo de prueba; las elecciones anteriores aún se pueden cambiar) solo afecta a los valores finales de prueba y no cambia los valores finales normales, las clasificaciones ni los totales del equipo.","","","medium","","",""
"progressionTab.managerHeading","progressionTab","ui","Manager","Entrenador","","12","medium","","",""
"progressionTab.remainingLabel","progressionTab","ui","Left","Quedan","","12","medium","","",""
"progressionTab.pointsHeading","progressionTab","ui","Progression points","Puntos de progresión","","24","medium","","",""
"progressionTab.pointsUsedSuffix","progressionTab","ui"," / {total} used"," / {total} usados","","20","medium","","",""
"progressionTab.pointsRemainingPrefix","progressionTab","ui","Left ","Quedan ","","12","medium","","",""
"progressionTab.pointsFormulaConfirmed","progressionTab","ui","Total points = (max level − 1) × 2 (confirmed) / spending uses staged costs (unverified)","Puntos totales = (nivel máximo − 1) × 2 (confirmado) / el gasto usa costes escalonados (sin verificar)","","","high","","",""
"progressionTab.pointsFormulaUnverified","progressionTab","ui","Total points (unverified)","Puntos totales (sin verificar)","","","medium","","",""
"progressionTab.pointsNone","progressionTab","ui"," — this card has no progression points"," — esta carta no tiene puntos de progresión","","","medium","","",""
"progressionTab.buildDefaultName","progressionTab","ui","Build {n}","Build {n}","","12","medium","","",""
"progressionTab.buildSaved","progressionTab","ui","Saved: {name}","Guardada: {name}","","17","medium","","",""
"progressionTab.buildSaveFailed","progressionTab","ui","Could not save: {reason}","No se pudo guardar: {reason}","","32","high","","",""
"progressionTab.buildRenamePrompt","progressionTab","ui","New build name","Nuevo nombre de la build","","19","medium","","",""
"progressionTab.buildRenamed","progressionTab","ui","Renamed","Renombrada","","12","medium","","",""
"progressionTab.buildRenameFailed","progressionTab","ui","Could not rename: {reason}","No se pudo renombrar: {reason}","","","high","","",""
"progressionTab.buildDeleteConfirm","progressionTab","ui","Delete the build ""{name}""? (Only this browser's saved copy)","¿Eliminar la build ""{name}""? (Solo la copia guardada en este navegador)","","","high","","",""
"progressionTab.buildDeleted","progressionTab","ui","Deleted","Eliminada","","12","high","","",""
"progressionTab.buildDeleteFailed","progressionTab","ui","Could not delete: {reason}","No se pudo eliminar: {reason}","","","high","","",""
"progressionTab.buildSaveHeading","progressionTab","ui","Save build","Guardar build","","13","medium","","",""
"progressionTab.buildStorageUnavailable","progressionTab","ui","Builds cannot be saved because localStorage is unavailable here (you can still use the screen).","No se pueden guardar builds porque localStorage no está disponible aquí (puedes seguir usando la pantalla).","","","medium","","",""
"progressionTab.buildNameLabel","progressionTab","ui","Build name","Nombre de la build","","13","medium","","",""
"progressionTab.buildSaveButton","progressionTab","ui","Save","Guardar","","12","medium","","",""
"progressionTab.buildLegacyRules","progressionTab","ui","Old rules","Reglas antiguas","","12","medium","","",""
"progressionTab.buildListMeta","progressionTab","ui","Est. OVR {ovr} / {date}","OVR est. {ovr} / {date}","","30","medium","","",""
"progressionTab.buildLoad","progressionTab","ui","Load","Cargar","","12","medium","","",""
"progressionTab.buildRename","progressionTab","ui","Rename","Renombrar","","12","medium","","",""
"progressionTab.buildDelete","progressionTab","ui","Delete","Eliminar","","12","high","","",""
"progressionTab.buildNone","progressionTab","ui","No saved builds.","No hay builds guardadas.","","21","medium","","",""
"progressionTab.migrationTitle","progressionTab","ui","This build was made with old rules ({version})","Esta build se creó con reglas antiguas ({version})","","60","medium","","",""
"progressionTab.migrationBody1","progressionTab","ui","The current rules ({version}) use a different allocation unit (groups) and staged costs.","Las reglas actuales ({version}) usan otra unidad de asignación (grupos) y costes escalonados.","","","medium","","",""
"progressionTab.migrationBody2","progressionTab","ui","Recalculating below converts it to the current rules while keeping the original allocation (it is not saved automatically).","Al recalcular abajo se convierte a las reglas actuales conservando la asignación original (no se guarda automáticamente).","","","medium","","",""
"progressionTab.migrationRecalculate","progressionTab","ui","Recalculate with current rules","Recalcular con las reglas actuales","","","medium","","",""
"progressionTab.migrationKeep","progressionTab","ui","Show as is","Mostrar tal cual","","13","medium","","",""
"progressionTab.sliderCap","progressionTab","ui","Max","Máx.","","12","medium","","",""
"progressionTab.sliderNextCost","progressionTab","ui","Next +1: {cost}pt","Siguiente +1: {cost}pt","","23","medium","","",""
"progressionTab.sliderValueTextMax","progressionTab","ui","{group} level {level} (maximum reached), {used} pt used","{group} nivel {level} (máximo alcanzado), {used} pt usados","","","medium","","",""
"progressionTab.sliderValueText","progressionTab","ui","{group} level {level}, next +1 costs {next} pt, {used} pt used","{group} nivel {level}, el siguiente +1 cuesta {next} pt, {used} pt usados","","","medium","","",""
"progressionTab.confirmedTag","progressionTab","ui","Confirmed","Confirmado","","12","high","","",""
"progressionTab.targetsUnverifiedTag","progressionTab","ui","Targets unverified","Objetivos sin verificar","","24","medium","","",""
"progressionTab.targetsLabel","progressionTab","ui","Targets: {stats}","Objetivos: {stats}","","21","medium","","",""
"progressionTab.sliderDecrease","progressionTab","ui","Lower {group} level","Bajar nivel de {group}","","25","medium","","",""
"progressionTab.sliderAria","progressionTab","accessibility","{group} progression level","Nivel de progresión de {group}","","33","high","","",""
"progressionTab.sliderIncrease","progressionTab","ui","Raise {group} level","Subir nivel de {group}","","25","medium","","",""
"progressionTab.consumedLabel","progressionTab","ui","Used: {used}pt","Usados: {used}pt","","19","medium","","",""
"progressionTab.capReached","progressionTab","ui","Max reached","Máximo alcanzado","","15","medium","","",""
"progressionTab.capLevel","progressionTab","ui","Max Lv{level}","Nv. máx. {level}","","17","medium","","",""
"progressionTab.anCellRegistered","progressionTab","ui","Reg.","Reg.","","12","medium","","",""
"progressionTab.anCellSuitable","progressionTab","ui","Suited","Apto","","12","medium","","",""
"progressionTab.anCellPartial","progressionTab","ui","Partial","Parcial","","12","medium","","",""
"progressionTab.anRegisteredLabel","progressionTab","ui","Registered: ","Registrada: ","","16","medium","","",""
"progressionTab.anSuitableLabel","progressionTab","ui"," / Suitable: "," / Apta: ","","17","medium","","",""
"progressionTab.anOvrByPosLabel","progressionTab","ui","Overall (OVR by position): ","Media (OVR por posición): ","","36","medium","","",""
"progressionTab.anOvrByPosPending","progressionTab","ui"," (calculation rules under review)"," (reglas de cálculo en revisión)","","","medium","","",""
"progressionTab.anOvrSummary","progressionTab","ui","About OVR by position and suitability","Sobre el OVR por posición y la idoneidad","","","medium","","",""
"progressionTab.anSourcePrefix","progressionTab","ui","Source — ","Fuente — ","","12","medium","","",""
"progressionTab.anColPosition","progressionTab","ui","Position","Posición","","12","medium","","",""
"progressionTab.anColCategory","progressionTab","ui","Type","Tipo","","12","medium","","",""
"progressionTab.anColFamiliarity","progressionTab","ui","Familiarity (raw)","Familiaridad (bruta)","","23","medium","","",""
"progressionTab.anRegistered","progressionTab","ui","Registered","Registrada","","13","medium","","",""
"progressionTab.anSubPosition","progressionTab","ui","Secondary position","Posición secundaria","","24","medium","","",""
"progressionTab.anNotInSource","progressionTab","ui","Not in source","No está en la fuente","","17","medium","","",""
"progressionTab.anSizeRank","progressionTab","ui","Size rank","Puesto por tamaño","","12","medium","","",""
"progressionTab.anSamePosition","progressionTab","ui","Same position","Misma posición","","17","medium","","",""
"progressionTab.anPercentile","progressionTab","ui","Percentile","Percentil","","13","medium","","",""
"progressionTab.anPercentileHint","progressionTab","ui"," (closer to 100 = larger)"," (más cerca de 100 = mayor)","","","medium","","",""
"progressionTab.anPercentileAria","progressionTab","accessibility","Percentile {value}","Percentil {value}","","24","high","","",""
"progressionTab.anRelativePending","progressionTab","ui","Relative rating in preparation","Valoración relativa en preparación","","","medium","","",""
"progressionTab.anNotRecorded","progressionTab","ui","Not recorded","Sin registrar","","16","medium","","",""
"progressionTab.anShowPrimary","progressionTab","ui","Show main items only","Mostrar solo los principales","","26","medium","","",""
"progressionTab.anShowAll","progressionTab","ui","Show all ({n} items)","Mostrar todo ({n} elementos)","","26","medium","","",""
"progressionTab.anModelCaveat","progressionTab","ui","Internal player model values, not confirmed as real cm. 0 is a real value (distinct from not recorded).","Valores internos del modelo del jugador, no confirmados como cm reales. 0 es un valor real (distinto de sin registrar).","","","medium","","",""
"progressionTab.anInternalTraitsHeading","progressionTab","ui","Internal trait values (meaning of levels still being verified)","Valores internos de rasgos (el significado de los niveles aún se está verificando)","","81","medium","","",""
"progressionTab.anInternalValue","progressionTab","ui","Internal value ","Valor interno ","","20","medium","","",""
"progressionTab.anAriaLabel","progressionTab","accessibility","Player analysis","Análisis del jugador","","20","high","","",""
"progressionTab.anHeading","progressionTab","ui","Player analysis (player-specific)","Análisis del jugador (específico del jugador)","","43","medium","","",""
"progressionTab.anSecPositions","progressionTab","ui","Position suitability","Idoneidad de posición","","26","medium","","",""
"progressionTab.anSecPhysical","progressionTab","ui","Physical data","Datos físicos","","17","medium","","",""
"progressionTab.anSecModel","progressionTab","ui","Player model","Modelo del jugador","","16","medium","","",""
"progressionTab.anSecTraits","progressionTab","ui","Other traits","Otros rasgos","","16","medium","","",""
"progressionTab.anSuitOnly","progressionTab","ui","Suitability only confirmed","Solo idoneidad confirmada","","","medium","","",""
"progressionTab.anSuitUnconfirmed","progressionTab","ui","Suitability unconfirmed","Idoneidad sin confirmar","","30","high","","",""
"progressionTab.anRankTotal","progressionTab","ui","Out of {n} cards at ranking time","De {n} cartas en el momento de la clasificación","","","medium","","",""
"progressionTab.anModelCount","progressionTab","ui","{n} / 11 items","{n} / 11 elementos","","19","medium","","",""
"progressionTab.anFooter","progressionTab","ui","Position, physical, model and trait values are display-only data. They do not affect progression, booster or manager calculations.","Los valores de posición, físicos, del modelo y de rasgos son solo informativos. No afectan a los cálculos de progresión, potenciadores ni entrenador.","","","medium","","",""
"progressionTab.anSrcWithEfhub","progressionTab","ui","Registered position: eFootball World / Secondary position suitability: eFHUB player page","Posición registrada: eFootball World / Idoneidad de posición secundaria: página del jugador en eFHUB","","","medium","","",""
"progressionTab.anSrcWorldOnly","progressionTab","ui","Registered position: eFootball World (secondary position suitability is not in this card's source)","Posición registrada: eFootball World (la idoneidad de posición secundaria no está en la fuente de esta carta)","","","medium","","",""
"progressionTab.anOvrNote","progressionTab","ui","OVR by position is not shown because the calculation rules have not been confirmed. KONAMI does not publish the formula or weights, and only one sample of displayed values across cards is available (we do not guess a formula).","El OVR por posición no se muestra porque las reglas de cálculo no están confirmadas. KONAMI no publica la fórmula ni los pesos, y solo hay una muestra de valores mostrados entre cartas (no deducimos una fórmula a ciegas).","","","medium","","",""
"progressionTab.anSuitNoteEfhub","progressionTab","ui","Secondary position suitability from the eFHUB player page. The meaning of raw familiarity values 1 / 2 (partial / high suitability) is a provisional interpretation.","Idoneidad de posición secundaria según la página del jugador en eFHUB. El significado de los valores brutos de familiaridad 1 / 2 (idoneidad parcial / alta) es una interpretación provisional.","","","medium","","",""
"progressionTab.anSuitNoteNone","progressionTab","ui","Secondary position suitability is not in this card's source (only the registered position is confirmed).","La idoneidad de posición secundaria no está en la fuente de esta carta (solo se confirma la posición registrada).","","","medium","","",""
"progressionTab.anPhysNoteRanks","progressionTab","ui","Ranks order all cards' real data on eFootball World at ranking time by value, largest first (rank 1 = largest). The total is the count at ranking time and may differ from the current number of cards. A percentile closer to 100 means a larger value. These are internal values whose exact in-game effect is still being verified.","Los puestos ordenan por valor, de mayor a menor, los datos reales de todas las cartas de eFootball World en el momento de la clasificación (puesto 1 = el mayor). El total es el recuento en ese momento y puede diferir del número actual de cartas. Un percentil más cerca de 100 significa un valor mayor. Son valores internos cuyo efecto exacto en el juego aún se está verificando.","","","medium","","",""
"progressionTab.anPhysNoteNoRanks","progressionTab","ui","Internal model values. Relative rating (rank / percentile) is in preparation.","Valores internos del modelo. La valoración relativa (puesto / percentil) está en preparación.","","","medium","","",""
"progressionTab.anModelNoteNone","progressionTab","ui","Player model values are not in this card's source.","Los valores del modelo del jugador no están en la fuente de esta carta.","","","medium","","",""
"progressionTab.anTraitsNote","progressionTab","ui","Weak foot usage, accuracy, form and injury resistance are raw values. The meaning of levels (low / normal / high etc.) is not confirmed against KONAMI's official wording, so they are shown as numbers.","El uso y la precisión del pie malo, la forma y la resistencia a lesiones son valores brutos. El significado de los niveles (bajo / normal / alto, etc.) no está confirmado frente a la terminología oficial de KONAMI, por lo que se muestran como números.","","","medium","","",""
"progressionTab.anSkillsNote","progressionTab","ui","Highlight Skill / Skill FX information is not in the current data, so all are shown as ""Player skills"" (we do not guess the classification).","La información de Highlight Skill / Skill FX no está en los datos actuales, así que todas se muestran como ""Habilidades del jugador"" (no deducimos la clasificación).","","","medium","","",""
"progressionTab.anMetricLegCoverageRadius","progressionTab","ui","Leg coverage radius","Radio de alcance de piernas","","25","medium","","",""
"progressionTab.anMetricArmCoverageRadius","progressionTab","ui","Arm coverage radius","Radio de alcance de brazos","","25","medium","","",""
"progressionTab.anMetricJumpingHeight","progressionTab","ui","Jumping height","Altura de salto","","19","medium","","",""
"progressionTab.anMetricTorsoCollision","progressionTab","ui","Torso collision","Colisión del torso","","20","medium","","",""
"progressionTab.anMetricDribbleHeight","progressionTab","ui","Height based on leg length","Altura según la longitud de piernas","","","medium","","",""
"progressionTab.anModelArmLength","progressionTab","ui","Arm length","Longitud de brazos","","13","medium","","",""
"progressionTab.anModelShoulderWidth","progressionTab","ui","Shoulder width","Anchura de hombros","","19","medium","","",""
"progressionTab.anModelNeckLength","progressionTab","ui","Neck length","Longitud del cuello","","15","medium","","",""
"progressionTab.anModelChestMeasurement","progressionTab","ui","Chest","Pecho","","12","medium","","",""
"progressionTab.anModelNeckSize","progressionTab","ui","Neck size","Grosor del cuello","","12","medium","","",""
"progressionTab.anModelShoulderHeight","progressionTab","ui","Shoulder height","Altura de hombros","","20","medium","","",""
"progressionTab.anModelLegLength","progressionTab","ui","Leg length","Longitud de piernas","","13","medium","","",""
"progressionTab.anModelThighSize","progressionTab","ui","Thigh size","Grosor de muslos","","13","medium","","",""
"progressionTab.anModelWaistSize","progressionTab","ui","Waist size","Cintura","","13","medium","","",""
"progressionTab.anModelArmSize","progressionTab","ui","Arm size","Grosor de brazos","","12","medium","","",""
"progressionTab.anModelCalfSize","progressionTab","ui","Calf size","Grosor de gemelos","","12","medium","","",""
"progressionTab.anTraitPreferredFoot","progressionTab","ui","Preferred foot","Pie preferido","","19","medium","","",""
"progressionTab.anTraitHeight","progressionTab","ui","Height","Altura","","12","medium","","",""
"progressionTab.anTraitWeight","progressionTab","ui","Weight","Peso","","12","medium","","",""
"progressionTab.anTraitAge","progressionTab","ui","Age","Edad","","12","medium","","",""
"progressionTab.anTraitWeakFootUsage","progressionTab","ui","Weak foot usage","Uso del pie malo","","20","medium","","",""
"progressionTab.anTraitWeakFootAccuracy","progressionTab","ui","Weak foot accuracy","Precisión del pie malo","","24","medium","","",""
"progressionTab.anTraitForm","progressionTab","ui","Form","Forma","","12","medium","","",""
"progressionTab.anTraitConditionValue","progressionTab","ui","Condition stability","Estabilidad de forma","","25","medium","","",""
"progressionTab.anTraitInjuryResistance","progressionTab","ui","Injury resistance","Resistencia a lesiones","","23","medium","","",""
"progressionTab.anSkillsTitle","progressionTab","ui","Skills / AI (COM) playing styles","Habilidades / estilos de juego IA (COM)","","42","medium","","",""
"progressionTab.anPlayerSkillsCount","progressionTab","ui","Player skills ({n})","Habilidades del jugador ({n})","","25","medium","","",""
"progressionTab.anNoSkills","progressionTab","ui","No skill information.","Sin información de habilidades.","","28","medium","","",""
"progressionTab.anAiStylesCount","progressionTab","ui","AI (COM) playing styles ({n})","Estilos de juego IA (COM) ({n})","","","medium","","",""
"progressionTab.anNoAiStyles","progressionTab","ui","No AI (COM) playing styles.","Sin estilos de juego IA (COM).","","","medium","","",""
"progressionTab.anStrictFinal","progressionTab","ui","Strict final","Final estricto","","16","medium","","",""
"progressionTab.anStandardFinal","progressionTab","ui","Standard final","Final estándar","","19","medium","","",""
"progressionTab.anColAbility","progressionTab","ui","Ability","Atributo","","12","medium","","",""
"progressionTab.anColBase","progressionTab","ui","Base","Base","","12","medium","","",""
"progressionTab.anColProgression","progressionTab","ui","Prog.","Prog.","","12","medium","","",""
"progressionTab.anColPlayerB","progressionTab","ui","Player B","Jugador B","","12","medium","","",""
"progressionTab.anColConditional","progressionTab","ui","Conditional","Condicional","","15","medium","","",""
"progressionTab.anColManager","progressionTab","ui","Manager","Entrenador","","12","medium","","",""
"progressionTab.anColAfterConditional","progressionTab","ui","With conditions","Con condiciones","","20","medium","","",""
"progressionTab.anColTrialB","progressionTab","ui","Trial B","B prueba","","12","medium","","",""
"progressionTab.anColTrialFinal","progressionTab","ui","Trial final","Final prueba","","15","medium","","",""
"progressionTab.anMeasuredPlus","progressionTab","ui","Measured +{n}","Medido +{n}","","17","medium","","",""
"progressionTab.anExternalPlus","progressionTab","ui","Cross-checked +{n}","Contrastado +{n}","","24","medium","","",""
"progressionTab.anConfirmedB2Plus","progressionTab","ui","Confirmed B2 +{n}","B2 confirmado +{n}","","23","high","","",""
"progressionTab.anCap","progressionTab","ui","Cap","Tope","","12","medium","","",""
"progressionTab.anColumnsLabel","progressionTab","ui","Columns: ","Columnas: ","","12","medium","","",""
"progressionTab.anPeriod","progressionTab","ui",".",".","","12","medium","","",""
"progressionTab.anStrictFormulaA","progressionTab","ui"," = base + progression + "," = base + progresión + ","","32","medium","","",""
"progressionTab.anStrictBold","progressionTab","ui","card boosters measured from the user's saved screenshots","potenciadores de carta medidos en las capturas guardadas por el usuario","","","medium","","",""
"progressionTab.anStrictFormulaB","progressionTab","ui"," (currently 2) + manager bonus."," (actualmente 2) + bonificación del entrenador.","","","medium","","",""
"progressionTab.anStandardFormula","progressionTab","ui"," = base + progression + card boosters (2 measured from screenshots + 27 consistent across 2 external sources, eFootball World and EFScout) + confirmed B2 (confirmed boosters selected manually by the user) + manager bonus."," = base + progresión + potenciadores de carta (2 medidos en capturas + 27 coincidentes en 2 fuentes externas, eFootball World y EFScout) + B2 confirmado (potenciadores confirmados elegidos manualmente por el usuario) + bonificación del entrenador.","","","medium","","",""
"progressionTab.anStandardNotOfficial","progressionTab","ui"," Not confirmed as KONAMI's official calculation result."," No confirmado como resultado de cálculo oficial de KONAMI.","","","medium","","",""
"progressionTab.anCondFormula","progressionTab","ui"," = standard final + user-specified level of gold / variable boosters (only to the abilities targeted by that effect). "," = final estándar + nivel indicado por el usuario de potenciadores dorados / variables (solo en los atributos objetivo de ese efecto). ","","","medium","","",""
"progressionTab.anCondUserSpecified","progressionTab","ui"," This value was specified by the user after checking their own Game Plan. The app has not automatically verified the squad counts."," Este valor lo indicó el usuario tras revisar su propio Plan de juego. La app no ha verificado automáticamente los recuentos de la plantilla.","","","medium","","",""
"progressionTab.anCondSeparate","progressionTab","ui"," This is separate from the standard final value."," Es independiente del valor final estándar.","","","medium","","",""
"progressionTab.anTrialFormula","progressionTab","ui"," = standard final + card boosters under verification + manual conditions + unconfirmed manual trial (B2). Confirmed B2 is already in the standard final, so it is not added twice. "," = final estándar + potenciadores de carta en verificación + condiciones manuales + prueba manual no confirmada (B2). El B2 confirmado ya está en el final estándar, así que no se suma dos veces. ","","","medium","","",""
"progressionTab.anTrialNotOfficial","progressionTab","ui","Not an official in-game value.","No es un valor oficial del juego.","","","medium","","",""
"progressionTab.anExcludedNote","progressionTab","ui","Boosters whose effect is under verification, gold variable boosters (when not specified), unresolved card boosters and unconfirmed manual trials (B2) are not included (shown separately in experimental mode). No fictional increases are generated.","No se incluyen los potenciadores con efecto en verificación, los potenciadores dorados variables (si no se indican), los potenciadores de carta sin resolver ni las pruebas manuales no confirmadas (B2) (se muestran aparte en el modo experimental). No se generan aumentos ficticios.","","","medium","","",""
"progressionTab.anManagerNote","progressionTab","ui","""Manager"" = the selected manager's booster effects (only those confirmed by multiple sources).","""Entrenador"" = efectos de potenciador del entrenador seleccionado (solo los confirmados por varias fuentes).","","","medium","","",""
"progressionTab.boostNameWithEn","progressionTab","ui","{ja} ({en})","{ja} ({en})","","15","medium","","",""
"progressionTab.boostFallbackName","progressionTab","ui","Booster","Potenciador","","12","medium","","",""
"progressionTab.boostFixedType","progressionTab","ui","Fixed","Fijo","","12","medium","","",""
"progressionTab.boostFixedProvisional","progressionTab","ui","Fixed (assumed)","Fijo (supuesto)","","20","medium","","",""
"progressionTab.boostUnresolvedNotApplied","progressionTab","ui","Unresolved, not applied","Sin resolver, no aplicado","","30","medium","","",""
"progressionTab.boostEvidenceMeasured","progressionTab","ui","Measured on reference screens","Medido en pantallas de referencia","","","medium","","",""
"progressionTab.boostEvidenceExternal","progressionTab","ui","Cross-checked externally (not confirmed by KONAMI)","Contrastado externamente (no confirmado por KONAMI)","","","medium","","",""
"progressionTab.boostEvidencePending","progressionTab","ui","Effect under verification","Efecto en verificación","","","medium","","",""
"progressionTab.boostActEvOfficial","progressionTab","ui","Stated officially by KONAMI","Indicado oficialmente por KONAMI","","","medium","","",""
"progressionTab.boostActEvScreenshot","progressionTab","ui","Confirmed on user-provided screens","Confirmado en pantallas aportadas por el usuario","","","medium","","",""
"progressionTab.boostActEvExternal","progressionTab","ui","Consistent across 2 external sources","Coincide en 2 fuentes externas","","","medium","","",""
"progressionTab.boostActEvConflicted","progressionTab","ui","Conflicting evidence","Evidencias contradictorias","","26","medium","","",""
"progressionTab.boostActEvUnresolved","progressionTab","ui","Unconfirmed","Sin confirmar","","15","medium","","",""
"progressionTab.boostActEvInferred","progressionTab","ui","Inferred (circumstantial evidence only)","Deducido (solo evidencia indirecta)","","","medium","","",""
"progressionTab.boostEvidencePom","progressionTab","ui","Gold, variable (depends on Game Plan, not applied)","Dorado, variable (depende del Plan de juego, no aplicado)","","","medium","","",""
"progressionTab.boostEvidenceConditional","progressionTab","ui","Depends on squad conditions, not applied","Depende de condiciones de la plantilla, no aplicado","","","medium","","",""
"progressionTab.boostEvidenceUnresolved","progressionTab","ui","Unresolved","Sin resolver","","13","medium","","",""
"progressionTab.boostStagePom","progressionTab","ui","★ Gold, Power of Many type (the effect changes with the number of same-league players in the Game Plan). It cannot be detected automatically, so you set the tier manually. The chosen tier is reflected only in the ""conditional final value"" of the target abilities of that effect","★ Dorado, tipo Power of Many (el efecto cambia según el número de jugadores de la misma liga en el Plan de juego). No se puede detectar automáticamente, así que eliges el nivel manualmente. El nivel elegido solo se refleja en el ""valor final condicional"" de los atributos objetivo de ese efecto","","","medium","","",""
"progressionTab.boostStageUnresolved","progressionTab","ui","① Numeric ID only (not in the mapping table)","① Solo ID numérico (no está en la tabla de correspondencias)","","","medium","","",""
"progressionTab.boostStageProvisional","progressionTab","ui","③ Name and level confirmed / effect from a single public source only (trial calculation in experimental mode)","③ Nombre y nivel confirmados / efecto de una sola fuente pública (cálculo de prueba en modo experimental)","","","medium","","",""
"progressionTab.boostStageConditional","progressionTab","ui","③ Name, level and candidate effect confirmed / the activation condition (number of same-league players in the squad) is known but cannot be evaluated from a static screen (maximum effect trial-calculated in experimental mode)","③ Nombre, nivel y efecto candidato confirmados / se conoce la condición de activación (número de jugadores de la misma liga en la plantilla), pero no se puede evaluar desde una pantalla estática (efecto máximo calculado como prueba en modo experimental)","","","medium","","",""
"progressionTab.boostStageExternal","progressionTab","ui","④ Name and level confirmed / effect consistent across 2 external sources (applied to normal values in standard mode; not measured officially by KONAMI)","④ Nombre y nivel confirmados / efecto coincidente en 2 fuentes externas (se aplica a los valores normales en modo estándar; KONAMI no lo ha medido oficialmente)","","","medium","","",""
"progressionTab.boostStageExternalProvisional","progressionTab","ui"," / activation type assumed to be fixed (no concrete evidence of Power of Many; applied provisionally)"," / tipo de activación supuesto fijo (sin evidencia concreta de Power of Many; aplicado provisionalmente)","","","medium","","",""
"progressionTab.boostStageScreenshot","progressionTab","ui","⑤ Target abilities and increase confirmed on saved screenshots (applied to normal values even in strict mode). Not confirmed on the KONAMI game client screen","⑤ Atributos objetivo y aumento confirmados en capturas guardadas (se aplica a los valores normales incluso en modo estricto). No confirmado en la pantalla del cliente de juego de KONAMI","","","medium","","",""
"progressionTab.boostStageScreenshotProvisional","progressionTab","ui"," / activation type assumed to be fixed"," / tipo de activación supuesto fijo","","","medium","","",""
"progressionTab.boostStageGameClient","progressionTab","ui","⑥ Change confirmed directly on the KONAMI game client screen (applied to normal values even in strict mode)","⑥ Cambio confirmado directamente en la pantalla del cliente de juego de KONAMI (se aplica a los valores normales incluso en modo estricto)","","","medium","","",""
"progressionTab.boostAttachedHeading","progressionTab","ui","Card booster (included with the card, automatic)","Potenciador de carta (incluido con la carta, automático)","","63","medium","","",""
"progressionTab.boostSlot","progressionTab","ui","Slot {slot}","Ranura {slot}","","15","medium","","",""
"progressionTab.boostCardFixed","progressionTab","ui","Card-specific, cannot be changed","Propio de la carta, no se puede cambiar","","","medium","","",""
"progressionTab.boostAppliedInMode","progressionTab","ui","Applied in current mode","Aplicado en el modo actual","","30","medium","","",""
"progressionTab.boostNotAppliedNormal","progressionTab","ui","Not applied to normal values","No aplicado a los valores normales","","","medium","","",""
"progressionTab.boostTargetsPrefix","progressionTab","ui","Targets: ","Objetivos: ","","12","medium","","",""
"progressionTab.boostEachLevel","progressionTab","ui"," (each +{level})"," (cada una +{level})","","21","medium","","",""
"progressionTab.boostEachCandidateLevel","progressionTab","ui"," (each, candidate +{level})"," (cada una, candidato +{level})","","","medium","","",""
"progressionTab.boostDetailsSummary","progressionTab","ui","Show details (resolution stage, activation type, sources)","Mostrar detalles (fase de resolución, tipo de activación, fuentes)","","","medium","","",""
"progressionTab.boostStageLine","progressionTab","ui","Resolution stage: {stage}","Fase de resolución: {stage}","","","medium","","",""
"progressionTab.boostActivationLine","progressionTab","ui","Activation type: {value}","Tipo de activación: {value}","","32","medium","","",""
"progressionTab.boostActivationPom","progressionTab","ui","Power of Many (gold, depends on Game Plan) / evidence: {evidence}","Power of Many (dorado, depende del Plan de juego) / evidencia: {evidence}","","","medium","","",""
"progressionTab.boostActivationFixedAssumed","progressionTab","ui","Assumed fixed (no confirmed evidence of blue vs gold; ScoreBar differences alone cannot tell them apart)","Supuesto fijo (sin evidencia confirmada de azul o dorado; las diferencias de ScoreBar por sí solas no permiten distinguirlos)","","","medium","","",""
"progressionTab.boostActivationFixed","progressionTab","ui","Fixed (blue) / evidence: {evidence}","Fijo (azul) / evidencia: {evidence}","","","medium","","",""
"progressionTab.boostSourceWorld","progressionTab","ui","Source: individual player page on eFootball World (external community DB)","Fuente: página individual del jugador en eFootball World (BD comunitaria externa)","","","medium","","",""
"progressionTab.boostSourceEfscout","progressionTab","ui"," + definition from EFScout (external DB) (consistent across 2 external sources)"," + definición de EFScout (BD externa) (coincide en 2 fuentes externas)","","","medium","","",""
"progressionTab.boostSourceScreenshot","progressionTab","ui"," + saved screenshots"," + capturas guardadas","","26","medium","","",""
"progressionTab.boostScreenshotNote","progressionTab","ui","Note: target abilities and increase confirmed on saved screenshots. Not confirmed on the KONAMI game client screen.","Nota: atributos objetivo y aumento confirmados en capturas guardadas. No confirmado en la pantalla del cliente de juego de KONAMI.","","","medium","","",""
"progressionTab.boostConditionLine","progressionTab","ui","Activation condition: {text}","Condición de activación: {text}","","","medium","","",""
"progressionTab.boostConditionalHeading","progressionTab","ui","Conditional booster (Power of Many)","Potenciador condicional (Power of Many)","","46","medium","","",""
"progressionTab.boostPomExplain","progressionTab","ui","{name} is a variable booster shown in gold on eFHUB. Under KONAMI's official ""The Power of Many"", its effect changes with the number of same-league players registered in the Game Plan. This app cannot check that number automatically, so it is not applied to the standard final value; choose the tier (+0/+1/+2/+3) below. Your choice is reflected only in the target abilities of {nameEn}.","{name} es un potenciador variable que aparece en dorado en eFHUB. Según ""The Power of Many"" oficial de KONAMI, su efecto cambia con el número de jugadores de la misma liga registrados en el Plan de juego. Esta app no puede comprobar ese número automáticamente, así que no se aplica al valor final estándar; elige el nivel (+0/+1/+2/+3) abajo. Tu elección solo se refleja en los atributos objetivo de {nameEn}.","","","medium","","",""
"progressionTab.boostOverriddenNote","progressionTab","ui","* Overridden by an additional booster (B2) (this card booster is not included in the calculation)","* Sustituido por un potenciador adicional (B2) (este potenciador de carta no se incluye en el cálculo)","","","medium","","",""
"progressionTab.boostUnresolvedNotAppliedNote","progressionTab","ui","The card booster is unresolved, so it is not applied to abilities. ","El potenciador de carta está sin resolver, así que no se aplica a los atributos. ","","","medium","","",""
"progressionTab.boostNoAttachedPlayer","progressionTab","ui","This card has no player booster.","Esta carta no tiene potenciador de jugador.","","","medium","","",""
"progressionTab.boostFixedDialogTitle","progressionTab","ui","{name} (fixed) effect","Efecto de {name} (fijo)","","28","medium","","",""
"progressionTab.boostFixedIntro","progressionTab","ui","This is the card's own booster.","Es el potenciador propio de la carta.","","","medium","","",""
"progressionTab.boostFixedNoTierProvisional","progressionTab","ui"," Because it is assumed to be fixed, it is treated as having no tier changes from player-count conditions (unconfirmed)."," Como se supone fijo, se trata como si no tuviera cambios de nivel por condiciones de número de jugadores (sin confirmar).","","","medium","","",""
"progressionTab.boostFixedNoTier","progressionTab","ui"," It has no tier changes from player-count conditions."," No tiene cambios de nivel por condiciones de número de jugadores.","","","medium","","",""
"progressionTab.boostFixedAppliedStandard","progressionTab","ui"," Applied to the standard final value."," Se aplica al valor final estándar.","","","medium","","",""
"progressionTab.boostFixedNotAppliedMode","progressionTab","ui"," Not applied to normal values in the current mode."," No se aplica a los valores normales en el modo actual.","","","medium","","",""
"progressionTab.boostFixedProvisionalPre","progressionTab","ui","The activation type is ","El tipo de activación se ","","30","medium","","",""
"progressionTab.boostFixedProvisionalBold","progressionTab","ui","assumed","supone","","12","medium","","",""
"progressionTab.boostFixedProvisionalPost","progressionTab","ui"," to be fixed (activation type unconfirmed). The effect (target abilities and increase) has been cross-checked externally, but the evidence for whether this booster is blue (fixed) or gold (Power of Many) (source data for the eFHUB hexagon colour, the raw eFootball World payload, in-game measurement) has not been confirmed. ScoreBar differences alone cannot tell ""fixed +N"" apart from ""Power of Many maximum +N"". As there is no concrete evidence that it is Power of Many (conditional), it is provisionally applied as fixed in standard mode."," fijo (tipo de activación sin confirmar). El efecto (atributos objetivo y aumento) se ha contrastado externamente, pero no se ha confirmado la evidencia de si este potenciador es azul (fijo) o dorado (Power of Many) (datos de origen del color del hexágono de eFHUB, datos brutos de eFootball World, medición en el juego). Las diferencias de ScoreBar por sí solas no permiten distinguir ""fijo +N"" de ""Power of Many máximo +N"". Como no hay evidencia concreta de que sea Power of Many (condicional), se aplica provisionalmente como fijo en modo estándar.","","","medium","","",""
"progressionTab.boostIncreasePerAbility","progressionTab","ui","Increase per target ability","Aumento por atributo objetivo","","","medium","","",""
"progressionTab.boostFixedSourceNote","progressionTab","ui","Name, level and effect are resolved from the individual player page on eFootball World (external community DB, not the official KONAMI site) and the definition in EFScout (external DB).","El nombre, el nivel y el efecto se obtienen de la página individual del jugador en eFootball World (BD comunitaria externa, no el sitio oficial de KONAMI) y de la definición en EFScout (BD externa).","","","medium","","",""
"progressionTab.boostUnsetNotApplied","progressionTab","ui","Not set (not applied to abilities)","Sin definir (no se aplica a los atributos)","","","medium","","",""
"progressionTab.boostUserSet","progressionTab","ui","User-set +{level}","Definido por el usuario +{level}","","23","medium","","",""
"progressionTab.boostGoldVariable","progressionTab","accessibility","Gold, variable (depends on Game Plan)","Dorado, variable (depende del Plan de juego)","","","high","","",""
"progressionTab.boostWorldId","progressionTab","ui","World booster ID {id}","ID de potenciador World {id}","","28","medium","","",""
"progressionTab.boostMaxSummary","progressionTab","ui","Max shown +{max} / {count} target abilities ({names}{more}). ","Máx. mostrado +{max} / {count} atributos objetivo ({names}{more}). ","","","medium","","",""
"progressionTab.boostMoreStats","progressionTab","ui",", +{n} more",", +{n} más","","15","medium","","",""
"progressionTab.boostCurrentValue","progressionTab","ui","Current: ","Actual: ","","12","medium","","",""
"progressionTab.boostSetTier","progressionTab","ui","Set tier ▾","Elegir nivel ▾","","13","medium","","",""
"progressionTab.boostClearSelection","progressionTab","ui","Clear selection","Borrar selección","","20","medium","","",""
"progressionTab.boostPomDialogTitle","progressionTab","ui","Set the tier for {name} (gold, variable)","Elige el nivel de {name} (dorado, variable)","","52","medium","","",""
"progressionTab.boostPomLegend","progressionTab","ui","Under KONAMI's official ""The Power of Many"", the effect changes with the number of players from the target league registered in the Game Plan (gold booster). Check your own Game Plan and choose the matching tier. It is reflected only in the {count} target abilities of {name}.","Según ""The Power of Many"" oficial de KONAMI, el efecto cambia con el número de jugadores de la liga objetivo registrados en el Plan de juego (potenciador dorado). Revisa tu propio Plan de juego y elige el nivel correspondiente. Solo se refleja en las {count} atributos objetivo de {name}.","","","medium","","",""
"progressionTab.boostTierNone","progressionTab","ui","Not applied (+0)","No aplicado (+0)","","21","medium","","",""
"progressionTab.boostTierTargets","progressionTab","ui","{count} target abilities +{level}","{count} atributos objetivo +{level}","","","medium","","",""
"progressionTab.boostTierUserNote","progressionTab","ui"," (user-set, not detected automatically by the app)"," (definido por el usuario, la app no lo detecta automáticamente)","","","medium","","",""
"progressionTab.boostPomFootnote","progressionTab","ui","Setting this does not change the ""standard final value"" (this gold booster is not applied to standard automatically). It is reflected only in the ""conditional final value"" and is not included in comparison rankings or normal team totals. Target abilities: {names}.","Este ajuste no cambia el ""valor final estándar"" (este potenciador dorado no se aplica automáticamente al estándar). Solo se refleja en el ""valor final condicional"" y no se incluye en las clasificaciones de la comparación ni en los totales normales del equipo. Atributos objetivo: {names}.","","","medium","","",""
"progressionTab.boostIconFixed","progressionTab","ui","Fixed booster","Potenciador fijo","","17","medium","","",""
"progressionTab.boostIconPom","progressionTab","ui","Power of Many (gold, variable) booster","Potenciador Power of Many (dorado, variable)","","","medium","","",""
"progressionTab.boostIconLiveUpdate","progressionTab","ui","Live Update-linked booster","Potenciador vinculado a Live Update","","","medium","","",""
"progressionTab.boostIconUnresolved","progressionTab","ui","Unresolved booster","Potenciador sin resolver","","24","medium","","",""
"progressionTab.boostIconProvisional","progressionTab","ui","Booster under verification","Potenciador en verificación","","","medium","","",""
"progressionTab.boostNoAttached","progressionTab","ui","This card has no booster.","Esta carta no tiene potenciador.","","","medium","","",""
"progressionTab.boostFixedProvisionalApplied","progressionTab","ui","Fixed (assumed), applied","Fijo (supuesto), aplicado","","32","medium","","",""
"progressionTab.boostFixedApplied","progressionTab","ui","Fixed, applied","Fijo, aplicado","","19","medium","","",""
"progressionTab.boostFixedVerifying","progressionTab","ui","Fixed, under verification","Fijo, en verificación","","","medium","","",""
"progressionTab.boostViewEffect","progressionTab","ui","View effect ▸","Ver efecto ▸","","17","medium","","",""
"progressionTab.cmpOpenEditor","progressionTab","ui","Train from abilities","Entrenar por atributos","","26","medium","","",""
"progressionTab.cmpOpenEditorAria","progressionTab","accessibility","Train {name} from abilities","Entrenar a {name} por atributos","","36","high","","",""
"progressionTab.cmpSheetTitle","progressionTab","ui","Training {name}","Entrenando a {name}","","20","medium","","",""
"progressionTab.cmpSheetSubtitle","progressionTab","ui","Player {index} in this comparison. Changes apply to this player only","Jugador {index} de esta comparación. Los cambios solo afectan a este jugador","","","medium","","",""
"progressionTab.cmpClose","progressionTab","ui","Back to comparison","Volver a la comparación","","24","medium","","",""
"progressionTab.cmpSwitchPlayer","progressionTab","ui","Player to edit","Jugador a editar","","19","medium","","",""
"progressionTab.cmpOthersHeading","progressionTab","ui","{ability} for the other players","{ability} de los demás jugadores","","41","medium","","",""
"progressionTab.cmpOthersHint","progressionTab","ui","Tap an ability to see the same ability for the other players","Toca un atributo para ver ese mismo atributo en los demás jugadores","","","medium","","",""
"progressionTab.ruB2LegacyPom","progressionTab","ui","{name} (Power of Many; no longer offered as a B2 option)","{name} (Power of Many; ya no se ofrece como opción B2)","","","medium","","",""
"progressionTab.ruB2LegacyUnconfirmed","progressionTab","ui","{name} (unconfirmed; trial only; previous selection)","{name} (sin confirmar; solo prueba; selección anterior)","","","high","","",""
"progressionTab.ruB2KeepAttached","progressionTab","ui","— None (attached: {booster}) —","— Ninguno (incluido: {booster}) —","","","medium","","",""
"progressionTab.ruB2KeepUnresolved","progressionTab","ui","— None (attached booster unresolved) —","— Ninguno (potenciador incluido sin resolver) —","","","medium","","",""
"progressionTab.ruB2KeepNone","progressionTab","ui","— None (no attached booster) —","— Ninguno (sin potenciador incluido) —","","","medium","","",""
"progressionTab.ruB2SlotLabel","progressionTab","ui","Slot {slot}","Ranura {slot}","","15","medium","","",""
"progressionTab.ruB2SlotSelectAria","progressionTab","accessibility","Choose the additional booster (B2) for slot {slot}","Elige el potenciador adicional (B2) de la ranura {slot}","","65","high","","",""
"progressionTab.ruB2LevelAria","progressionTab","accessibility","Level of the additional booster (B2) in slot {slot}","Nivel del potenciador adicional (B2) de la ranura {slot}","","67","high","","",""
"progressionTab.ruB2ConfirmedGroup","progressionTab","ui","Confirmed (applied normally)","Confirmados (aplicados normalmente)","","","high","","",""
"progressionTab.ruB2Clear","progressionTab","ui","Remove B2","Quitar B2","","12","medium","","",""
"progressionTab.ruB2Active","progressionTab","ui","Currently applied","Aplicado ahora","","23","medium","","",""
"progressionTab.ruB2LegacyNote","progressionTab","ui","Unconfirmed, so it is not reflected in the normal final value (trial final value only). Choose ""None"" or switch to a confirmed option.","Sin confirmar, así que no se refleja en el valor final normal (solo en el valor final de prueba). Elige ""Ninguno"" o cambia a una opción confirmada.","","","medium","","",""
"progressionTab.ruB2AppliedConfirmed","progressionTab","ui","Confirmed; applied","Confirmado; aplicado","","24","high","","",""
"progressionTab.ruB2AppliedTrial","progressionTab","ui","Trial only (unconfirmed)","Solo prueba (sin confirmar)","","32","medium","","",""
"progressionTab.ruB2AppliedEffect","progressionTab","ui","+{level} each to {stats}","+{level} cada una a {stats}","","32","medium","","",""
"progressionTab.ruB2ClearAll","progressionTab","ui","Remove all additional boosters (B2)","Quitar todos los potenciadores adicionales (B2)","","","medium","","",""
"progressionTab.ruB2Footer","progressionTab","ui","Choosing a confirmed B2 immediately updates the affected stats, normal final values, comparison rankings and team totals.","Elegir un B2 confirmado actualiza al instante las estadísticas afectadas, los valores finales normales, las clasificaciones de la comparación y los totales del equipo.","","","medium","","",""
"progressionTab.ruModeConfirmed","progressionTab","ui","Confirmed (base values only)","Confirmado (solo valores base)","","","high","","",""
"progressionTab.ruModeProvisional","progressionTab","ui","Under verification (using provisional rules)","En verificación (con reglas provisionales)","","","medium","","",""
"progressionTab.ruModeUnsupported","progressionTab","ui","Unsupported","No compatible","","15","medium","","",""
"progressionTab.ruRulesVersion","progressionTab","ui","Rules: {version}","Reglas: {version}","","21","medium","","",""
"progressionTab.ruLegacyMigrated","progressionTab","ui","Showing an allocation migrated from the old rules","Se muestra una asignación migrada desde las reglas antiguas","","","medium","","",""
"progressionTab.ruCapsHeading","progressionTab","ui","Stat caps:","Topes de estadísticas:","","13","medium","","",""
"progressionTab.ruCapBase","progressionTab","ui","Base {value} (","Base {value} (","","19","medium","","",""
"progressionTab.ruCapProgression","progressionTab","ui","After progression {value} (","Tras progresión {value} (","","","medium","","",""
"progressionTab.ruCapBooster","progressionTab","ui","After boosters {value} (","Tras potenciadores {value} (","","32","medium","","",""
"progressionTab.ruCapFinal","progressionTab","ui","Final {value} (","Final {value} (","","20","medium","","",""
"progressionTab.ruCapClose","progressionTab","ui",")",")","","12","medium","","",""
"progressionTab.ruCapConfirmed","progressionTab","ui","confirmed","confirmado","","12","high","","",""
"progressionTab.ruCapUnconfirmed","progressionTab","ui","unconfirmed","sin confirmar","","15","high","","",""
"progressionTab.ruCapUnconfirmedClamp","progressionTab","ui","unconfirmed; provisional clamp","sin confirmar; límite provisional","","","high","","",""
"progressionTab.ruShowRuleStatus","progressionTab","ui","Show rule confirmation status","Ver estado de confirmación de las reglas","","","medium","","",""
"progressionTab.ruListConfirmed","progressionTab","ui","Confirmed","Confirmado","","12","high","","",""
"progressionTab.ruListProvisional","progressionTab","ui","Likely but not confirmed (under verification)","Probable pero sin confirmar (en verificación)","","","medium","","",""
"progressionTab.ruListUnresolved","progressionTab","ui","Unconfirmed / under further investigation","Sin confirmar / en investigación","","","medium","","",""
"progressionTab.ruPbHeading","progressionTab","ui","Player boosters","Potenciadores de jugador","","20","medium","","",""
"progressionTab.ruPbModeHeading","progressionTab","ui","Booster application mode","Modo de aplicación de potenciadores","","32","medium","","",""
"progressionTab.ruPbModeStrictLabel","progressionTab","ui","Strict mode","Modo estricto","","15","medium","","",""
"progressionTab.ruPbModeStrictDesc","progressionTab","ui","Applies only boosters whose changes were confirmed directly from saved screenshots. This does not mean they were confirmed on KONAMI's official game screens. The criterion for applying is evidence of the effect (affected stats and increase); evidence of the activation type (fixed / Power of Many) is not required.","Solo aplica potenciadores cuyos cambios se confirmaron directamente en capturas guardadas. Esto no significa que se confirmaran en las pantallas oficiales del juego de KONAMI. El criterio para aplicarlos es la evidencia del efecto (estadísticas afectadas y aumento); no se exige evidencia del tipo de activación (fijo / Power of Many).","","","medium","","",""
"progressionTab.ruPbModeStandardLabel","progressionTab","ui","Standard mode (default)","Modo estándar (predeterminado)","","30","medium","","",""
"progressionTab.ruPbModeStandardDesc","progressionTab","ui","In addition to the above, applies boosters whose effects match across two external sources (eFootball World and EFScout) with no counterexamples across multiple cards. These are not values confirmed as KONAMI's official calculation results. The criterion for applying is cross-checking the effect, regardless of activation type. Boosters lacking evidence of their activation type are provisionally applied as fixed, since there is no concrete evidence that they are Power of Many (conditional) (""externally cross-checked; includes fixed-type estimates"").","Además de lo anterior, aplica potenciadores cuyos efectos coinciden en dos fuentes externas (eFootball World y EFScout) sin contraejemplos en varias cartas. No son valores confirmados como resultados de cálculo oficiales de KONAMI. El criterio para aplicarlos es el contraste del efecto, sea cual sea el tipo de activación. Los potenciadores sin evidencia de su tipo de activación se aplican provisionalmente como fijos, ya que no hay evidencia concreta de que sean Power of Many (condicionales) (""contrastado externamente; incluye estimaciones de tipo fijo"").","","","medium","","",""
"progressionTab.ruPbModeExperimentalLabel","progressionTab","ui","Experimental mode","Modo experimental","","23","medium","","",""
"progressionTab.ruPbModeExperimentalDesc","progressionTab","ui","In addition to standard mode, shows attached boosters under verification and manual trials separately as the ""trial final value"" (the normal final value does not change). You must accept a warning before enabling it.","Además del modo estándar, muestra aparte los potenciadores incluidos en verificación y las pruebas manuales como ""valor final de prueba"" (el valor final normal no cambia). Debes aceptar una advertencia antes de activarlo.","","","medium","","",""
"progressionTab.ruPbStandardNote","progressionTab","ui","Standard mode: includes high-confidence values whose effects were cross-checked between external databases (""externally cross-checked; includes fixed-type estimates""). These are not values confirmed as KONAMI's official calculation results. The criterion for applying is cross-checking the effect, regardless of activation type. Boosters lacking evidence of their activation type are provisionally applied as fixed, since there is no concrete evidence that they are Power of Many (conditional).","Modo estándar: incluye valores de alta confianza cuyos efectos se contrastaron entre bases de datos externas (""contrastado externamente; incluye estimaciones de tipo fijo""). No son valores confirmados como resultados de cálculo oficiales de KONAMI. El criterio para aplicarlos es el contraste del efecto, sea cual sea el tipo de activación. Los potenciadores sin evidencia de su tipo de activación se aplican provisionalmente como fijos, ya que no hay evidencia concreta de que sean Power of Many (condicionales).","","","medium","","",""
"progressionTab.ruPbDetailsHeading","progressionTab","ui","Effect details and verification","Detalles del efecto y verificación","","41","medium","","",""
"progressionTab.ruPbDetailsBody","progressionTab","ui","Select or remove B1 (card-attached booster) and B2 (additional booster) as usual directly below the progression points display (this card's summary). Unconfirmed or past trial values and Power of Many (conditional booster) compatibility details are also shown there.","Elige o quita B1 (potenciador incluido con la carta) y B2 (potenciador adicional) como siempre, justo debajo de los puntos de progresión (resumen de esta carta). Ahí también se muestran los valores de prueba no confirmados o anteriores y los detalles de compatibilidad con Power of Many (potenciador condicional).","","","medium","","",""
"progressionTab.ruPbSourceNote","progressionTab","ui","Attached booster names, levels and effects come from individual player pages on eFootball World (an external community DB, not KONAMI's official site) and definitions from EFScout (an external DB). Only ball-carrying / attack starter had their affected stats and increases confirmed directly from user-saved screenshots. No fictional increases are generated from unconfirmed values.","Los nombres, niveles y efectos de los potenciadores incluidos proceden de las páginas individuales de jugadores en eFootball World (BD comunitaria externa, no el sitio oficial de KONAMI) y de las definiciones de EFScout (BD externa). Solo en conducción / iniciador de ataque se confirmaron directamente las estadísticas afectadas y los aumentos en capturas guardadas por el usuario. No se generan aumentos ficticios a partir de valores no confirmados.","","","medium","","",""
"progressionTab.ruExWarning","progressionTab","ui","Includes booster effects under verification in the trial. The stats shown are not official in-game values. They are kept separate from the confirmed values of the normal mode.","Incluye en la prueba efectos de potenciadores en verificación. Las estadísticas mostradas no son valores oficiales del juego. Se mantienen separadas de los valores confirmados del modo normal.","","","high","","",""
"progressionTab.ruExActive","progressionTab","ui","Verification mode (experimental booster trial) is on.","El modo de verificación (prueba experimental de potenciadores) está activado.","","","medium","","",""
"progressionTab.ruExDisable","progressionTab","ui","Turn off verification mode","Desactivar modo de verificación","","","medium","","",""
"progressionTab.ruExOpen","progressionTab","ui","Open experimental booster trial (verification mode)","Abrir prueba experimental de potenciadores (modo de verificación)","","","medium","","",""
"progressionTab.ruExModalTitle","progressionTab","ui","Enable verification mode?","¿Activar el modo de verificación?","","33","medium","","",""
"progressionTab.ruExBullet1","progressionTab","ui","The normal-mode final values (confirmed values) do not change. Trial values are shown in a separate column (trial final).","Los valores finales del modo normal (valores confirmados) no cambian. Los valores de prueba se muestran en una columna aparte (final prueba).","","","medium","","",""
"progressionTab.ruExBullet2","progressionTab","ui","Attached boosters under verification and manually chosen trial boosters are added to the trial.","Se añaden a la prueba los potenciadores incluidos en verificación y los potenciadores de prueba elegidos manualmente.","","","medium","","",""
"progressionTab.ruExBullet3","progressionTab","ui","Reloading the page turns verification mode back OFF.","Al recargar la página, el modo de verificación vuelve a OFF.","","","medium","","",""
"progressionTab.ruExBullet4","progressionTab","ui","It is not automatically applied to share URLs or the whole squad.","No se aplica automáticamente a las URL compartidas ni a toda la plantilla.","","","medium","","",""
"progressionTab.ruExCancel","progressionTab","ui","Cancel","Cancelar","","12","medium","","",""
"progressionTab.ruExAgree","progressionTab","ui","Agree and enable","Aceptar y activar","","21","medium","","",""
"progressionTab.ruGrMax","progressionTab","ui","Max","Máx.","","12","medium","","",""
"progressionTab.ruGrNextCost","progressionTab","ui","Next +1: {cost}pt","Siguiente +1: {cost}pt","","23","medium","","",""
"progressionTab.ruGrConfirmed","progressionTab","ui","confirmed","confirmado","","12","high","","",""
"progressionTab.ruGrStatsProvisional","progressionTab","ui","affected stats under verification","estadísticas afectadas en verificación","","","medium","","",""
"progressionTab.ruGrTargets","progressionTab","ui","Affects: {stats}","Afecta a: {stats}","","21","medium","","",""
"progressionTab.ruGrDecAria","progressionTab","accessibility","Lower {name} level","Bajar nivel de {name}","","24","high","","",""
"progressionTab.ruGrIncAria","progressionTab","accessibility","Raise {name} level","Subir nivel de {name}","","24","high","","",""
"progressionTab.ruGrConsumed","progressionTab","ui","Used: {points}pt","Usados: {points}pt","","21","medium","","",""
"progressionTab.ruGrMaxReached","progressionTab","ui","Max reached","Máximo alcanzado","","15","medium","","",""
"progressionTab.ruGrMaxLevel","progressionTab","ui","Max Lv{level}","Nv. máx. {level}","","17","medium","","",""
"managerDetail.unavailableTitle","managerDetail","ui","Manager data is unavailable","Los datos del entrenador no están disponibles","","36","medium","","",""
"managerDetail.backToList","managerDetail","ui","Back to managers","Volver a entrenadores","","21","medium","","",""
"managerDetail.releaseBadgeTemplate","managerDetail","ui","Released {date}","Lanzado el {date}","","20","medium","","",""
"managerDetail.unknown","managerDetail","ui","Unknown","Desconocido","","12","medium","","",""
"managerDetail.sourceBadgeTemplate","managerDetail","ui","Source {id}","Fuente {id}","","15","medium","","",""
"managerDetail.bestTactic","managerDetail","ui","Best tactic","Mejor táctica","","15","medium","","",""
"managerDetail.proficiencyTitle","managerDetail","ui","Tactical proficiency","Dominio táctico","","26","medium","","",""
"managerDetail.proficiencyHint","managerDetail","ui","Values, bars and rank, not color alone","Valores, barras y rango, no solo color","","","medium","","",""
"managerDetail.boosterTitle","managerDetail","ui","Manager boosters","Potenciadores del entrenador","","21","medium","","",""
"managerDetail.boosterConfirmed","managerDetail","ui","Confirmed by multiple sources","Confirmado por varias fuentes","","","high","","",""
"managerDetail.boosterUnconfirmed","managerDetail","ui","Effect unconfirmed","Efecto sin confirmar","","24","high","","",""
"managerDetail.boosterUnconditional","managerDetail","ui","Unconditional","Incondicional","","17","medium","","",""
"managerDetail.boosterKeyUnmapped","managerDetail","ui"," · key not mapped"," · clave sin asignar","","23","medium","","",""
"managerDetail.boosterNone","managerDetail","ui","This manager has no ability boosters.","Este entrenador no tiene potenciadores de atributos.","","","medium","","",""
"managerDetail.boosterNote","managerDetail","ui","Only confirmed boosters are applied to ability values in progression, comparison and squads. Whether they apply before or after progression is unconfirmed.","Solo los potenciadores confirmados se aplican a los valores de atributos en progresión, comparación y plantillas. No está confirmado si se aplican antes o después de la progresión.","","","medium","","",""
"managerDetail.linkUpHint","managerDetail","ui","Activation conditions are being verified; not applied to ability values","Las condiciones de activación se están verificando; no se aplican a los valores de atributos","","","medium","","",""
"managerDetail.centerPieceLabel","managerDetail","ui","Center Piece condition","Condición de Center Piece","","29","medium","","",""
"managerDetail.keyManLabel","managerDetail","ui","Key Man condition","Condición de Key Man","","23","medium","","",""
"managerDetail.linkUpNone","managerDetail","ui","This manager has no Link-Up Play.","Este entrenador no tiene Link-Up Play.","","","medium","","",""
"managerDetail.notInSourceTitle","managerDetail","ui","Not in the source (under investigation)","No figura en la fuente (en investigación)","","51","medium","","",""
"managerDetail.notInSourceValue","managerDetail","ui","Under investigation","En investigación","","25","medium","","",""
"managerDetail.labelAge","managerDetail","ui","Age","Edad","","12","medium","","",""
"managerDetail.labelNationality","managerDetail","ui","Nationality","Nacionalidad","","15","medium","","",""
"managerDetail.labelTeam","managerDetail","ui","Team","Equipo","","12","medium","","",""
"managerDetail.labelRating","managerDetail","ui","Manager rating","Valoración del entrenador","","19","medium","","",""
"managerDetail.labelFormation","managerDetail","ui","Formation","Formación","","12","medium","","",""
"managerDetail.dataSourceTemplate","managerDetail","ui","Data: {source} / Fetched: {fetchedAt}","Datos: {source} / Obtenidos: {fetchedAt}","","","medium","","",""
"managerDetail.openSource","managerDetail","ui","Open source","Abrir fuente","","15","medium","","",""
"squadCompareBoard.pageTitle","squadCompareBoard","metadata","Squad comparison","Comparación de plantillas","","21","medium","","",""
"squadCompareBoard.pageDescription","squadCompareBoard","metadata","Choose 2 saved squads and compare their formation, placement, starters/bench, manager, captain, set pieces, saved builds, boosters, average abilities, shared skills and warnings side by side. This is read-only and does not change your squads. The pair is restored from the URL (?a=&b=).","Elige 2 plantillas guardadas y compara lado a lado su formación, colocación, titulares/banquillo, entrenador, capitán, balón parado, builds guardadas, potenciadores, atributos medios, habilidades compartidas y avisos. Es solo de lectura y no modifica tus plantillas. El par se restaura desde la URL (?a=&b=).","","","medium","","",""
"squadCompareBoard.pageBackLabel","squadCompareBoard","ui","Squad list","Lista de plantillas","","13","medium","","",""
"squadCompareBoard.pageLoading","squadCompareBoard","ui","Loading…","Cargando…","","12","medium","","",""
"squadCompareBoard.startersBenchValueTemplate","squadCompareBoard","ui","{starters}/11 · {bench}","{starters}/11 · {bench}","","30","medium","","",""
"squadCompareBoard.tabOverview","squadCompareBoard","ui","Overview","Resumen","","12","medium","","",""
"squadCompareBoard.tabShape","squadCompareBoard","ui","Placement","Colocación","","12","medium","","",""
"squadCompareBoard.tabPlayers","squadCompareBoard","ui","Players","Jugadores","","12","medium","","",""
"squadCompareBoard.tabMetrics","squadCompareBoard","ui","Abilities","Atributos","","12","medium","","",""
"squadCompareBoard.tabRoles","squadCompareBoard","ui","Roles","Roles","","12","medium","","",""
"squadCompareBoard.tabBoosters","squadCompareBoard","ui","Boosters","Potenciadores","","12","medium","","",""
"squadCompareBoard.tabSkills","squadCompareBoard","ui","Skills / suitability","Habilidades / idoneidad","","26","medium","","",""
"squadCompareBoard.tabWarnings","squadCompareBoard","ui","Warnings","Avisos","","12","high","","",""
"squadCompareBoard.cardFallbackTemplate","squadCompareBoard","ui","Card {id}","Carta {id}","","12","medium","","",""
"squadCompareBoard.selectorAriaTemplate","squadCompareBoard","accessibility","Squad for {label}","Plantilla para {label}","","23","high","","",""
"squadCompareBoard.selectPlaceholder","squadCompareBoard","ui","Select a squad…","Selecciona una plantilla…","","20","medium","","",""
"squadCompareBoard.optionTemplate","squadCompareBoard","ui","{name} ({formation} / {starters} starters / {bench} bench / {manager}{custom})","{name} ({formation} / {starters} titulares / {bench} suplentes / {manager}{custom})","","","medium","","",""
"squadCompareBoard.managerYes","squadCompareBoard","ui","with manager","con entrenador","","16","medium","","",""
"squadCompareBoard.managerNo","squadCompareBoard","ui","no manager","sin entrenador","","13","medium","","",""
"squadCompareBoard.customSuffix","squadCompareBoard","ui"," / custom placement"," / colocación personalizada","","25","medium","","",""
"squadCompareBoard.updatedTemplate","squadCompareBoard","ui","Updated {date}","Actualizada {date}","","19","medium","","",""
"squadCompareBoard.open","squadCompareBoard","ui","Open","Abrir","","12","medium","","",""
"squadCompareBoard.clearSelection","squadCompareBoard","ui","Clear selection","Quitar selección","","20","medium","","",""
"squadCompareBoard.backToList","squadCompareBoard","ui","← Back to squads","← Volver a plantillas","","21","medium","","",""
"squadCompareBoard.storageUnavailable","squadCompareBoard","ui","Squads cannot be saved or compared in this environment (localStorage unavailable, private mode, etc.).","En este entorno no se pueden guardar ni comparar plantillas (localStorage no disponible, modo privado, etc.).","","","medium","","",""
"squadCompareBoard.sideA","squadCompareBoard","ui","Squad A","Plantilla A","","12","medium","","",""
"squadCompareBoard.sideB","squadCompareBoard","ui","Squad B","Plantilla B","","12","medium","","",""
"squadCompareBoard.swapAria","squadCompareBoard","accessibility","Swap squads A and B","Intercambiar las plantillas A y B","","25","high","","",""
"squadCompareBoard.swap","squadCompareBoard","ui","⇄ Swap","⇄ Intercambiar","","12","medium","","",""
"squadCompareBoard.clearComparison","squadCompareBoard","ui","Clear comparison","Borrar comparación","","21","medium","","",""
"squadCompareBoard.urlNote","squadCompareBoard","ui","The comparison URL refers to squads saved in this browser. Other devices may not show the same squads.","La URL de comparación se refiere a plantillas guardadas en este navegador. Otros dispositivos pueden no mostrar las mismas plantillas.","","","medium","","",""
"squadCompareBoard.dupParams","squadCompareBoard","ui","The URL repeats a parameter. Only the first value is used.","La URL repite un parámetro. Solo se usa el primer valor.","","","medium","","",""
"squadCompareBoard.needTwo","squadCompareBoard","ui","You need at least 2 saved squads to compare.","Necesitas al menos 2 plantillas guardadas para comparar.","","","medium","","",""
"squadCompareBoard.createNew","squadCompareBoard","ui","Create a new squad","Crear una plantilla nueva","","24","medium","","",""
"squadCompareBoard.createFromTemplate","squadCompareBoard","ui","Create from a template","Crear desde un modelo de plantilla","","29","medium","","",""
"squadCompareBoard.toList","squadCompareBoard","ui","Squad list","Lista de plantillas","","13","medium","","",""
"squadCompareBoard.sameSquad","squadCompareBoard","ui","A squad cannot be compared with itself.","Una plantilla no se puede comparar consigo misma.","","","medium","","",""
"squadCompareBoard.notFound","squadCompareBoard","ui","The selected squad was not found (deleted or an unknown ID).","No se encontró la plantilla seleccionada (eliminada o ID desconocido).","","","medium","","",""
"squadCompareBoard.andSeparator","squadCompareBoard","ui"," and "," y ","","12","medium","","",""
"squadCompareBoard.reselectTemplate","squadCompareBoard","ui","Please select {sides} again.","Vuelve a seleccionar {sides}.","","","medium","","",""
"squadCompareBoard.selectTwo","squadCompareBoard","ui","Select 2 squads to compare.","Selecciona 2 plantillas para comparar.","","","medium","","",""
"squadCompareBoard.selectOther","squadCompareBoard","ui","Select one more squad.","Selecciona una plantilla más.","","29","medium","","",""
"squadCompareBoard.loadingAll","squadCompareBoard","ui","Loading squads and player data…","Cargando plantillas y datos de jugadores…","","","medium","","",""
"squadCompareBoard.externalUpdate","squadCompareBoard","ui","A squad was updated in another tab. The comparison may be out of date.","Se actualizó una plantilla en otra pestaña. La comparación puede estar desactualizada.","","","medium","","",""
"squadCompareBoard.reload","squadCompareBoard","ui","Reload","Recargar","","12","medium","","",""
"squadCompareBoard.loadingCards","squadCompareBoard","ui","Loading player data…","Cargando datos de jugadores…","","26","medium","","",""
"squadCompareBoard.diffOnly","squadCompareBoard","ui","Show differences only","Mostrar solo diferencias","","28","medium","","",""
"squadCompareBoard.retryLater","squadCompareBoard","ui","Please reload later.","Recarga más tarde.","","26","medium","","",""
"squadCompareBoard.commonCards","squadCompareBoard","ui","Common cards","Cartas en común","","16","medium","","",""
"squadCompareBoard.onlyATemplate","squadCompareBoard","ui","Only A {n}","Solo A {n}","","13","medium","","",""
"squadCompareBoard.onlyBTemplate","squadCompareBoard","ui","Only B {n}","Solo B {n}","","13","medium","","",""
"squadCompareBoard.noAutoVerdict","squadCompareBoard","ui","Squads are not ranked automatically. Values are listed as A / B / difference.","Las plantillas no se clasifican automáticamente. Los valores se muestran como A / B / diferencia.","","","medium","","",""
"squadCompareBoard.formation","squadCompareBoard","ui","Formation","Formación","","12","medium","","",""
"squadCompareBoard.customParen","squadCompareBoard","ui"," (custom placement)"," (colocación personalizada)","","25","medium","","",""
"squadCompareBoard.startersBench","squadCompareBoard","ui","Starters / bench","Titulares / banquillo","","21","medium","","",""
"squadCompareBoard.manager","squadCompareBoard","ui","Manager","Entrenador","","12","medium","","",""
"squadCompareBoard.loadingParen","squadCompareBoard","ui","(loading)","(cargando)","","12","medium","","",""
"squadCompareBoard.none","squadCompareBoard","ui","None","Ninguno","","12","medium","","",""
"squadCompareBoard.captain","squadCompareBoard","ui","Captain","Capitán","","12","medium","","",""
"squadCompareBoard.notSet","squadCompareBoard","ui","Not set","Sin definir","","12","medium","","",""
"squadCompareBoard.parenTemplate","squadCompareBoard","ui"," ({v})"," ({v})","","12","medium","","",""
"squadCompareBoard.updated","squadCompareBoard","ui","Updated","Actualizada","","12","medium","","",""
"squadCompareBoard.warningCount","squadCompareBoard","ui","Warnings","Avisos","","12","high","","",""
"squadCompareBoard.zonesTemplate","squadCompareBoard","ui","Left {left} / Center {center} / Right {right}","Izquierda {left} / Centro {center} / Derecha {right}","","","medium","","",""
"squadCompareBoard.customYes","squadCompareBoard","ui","Custom placement","Colocación personalizada","","21","medium","","",""
"squadCompareBoard.presetPlacement","squadCompareBoard","ui","Preset placement","Colocación predefinida","","21","medium","","",""
"squadCompareBoard.sameFormation","squadCompareBoard","ui","Same formation ID.","Mismo ID de formación.","","24","medium","","",""
"squadCompareBoard.differentFormation","squadCompareBoard","ui","Different formation IDs.","IDs de formación distintos.","","32","medium","","",""
"squadCompareBoard.roleBreakdownSame","squadCompareBoard","ui"," The FW/MF/DF/GK counts are the same (see the mini pitches for coordinates)."," El número de FW/MF/DF/GK es el mismo (consulta los minicampos para ver las coordenadas).","","","medium","","",""
"squadCompareBoard.zonesFact","squadCompareBoard","ui"," Left/right balance and central counts are listed as facts (not evaluated)."," El equilibrio izquierda/derecha y el número en el centro se muestran como hechos (no se evalúan).","","","medium","","",""
"squadCompareBoard.keyMetrics","squadCompareBoard","ui","Key metrics","Métricas clave","","15","medium","","",""
"squadCompareBoard.noMetricDiff","squadCompareBoard","ui","No metrics differ.","Ninguna métrica es diferente.","","24","medium","","",""
"squadCompareBoard.metric","squadCompareBoard","ui","Metric","Métrica","","12","medium","","",""
"squadCompareBoard.diffHeader","squadCompareBoard","ui","Diff (A−B)","Dif. (A−B)","","13","medium","","",""
"squadCompareBoard.lowerIsCalmer","squadCompareBoard","ui","(lower is safer)","(más bajo es más seguro)","","21","medium","","",""
"squadCompareBoard.notesSummary","squadCompareBoard","ui","Notes on averages and comparison","Notas sobre medias y comparación","","","medium","","",""
"squadCompareBoard.placementDiffTitle","squadCompareBoard","ui","Placement differences of common cards (starters)","Diferencias de colocación de cartas en común (titulares)","","63","medium","","",""
"squadCompareBoard.noPlacementDiff","squadCompareBoard","ui","No placement differences among common starters.","No hay diferencias de colocación entre los titulares en común.","","","medium","","",""
"squadCompareBoard.roleChangeTemplate","squadCompareBoard","ui","Changed: {a} → {b} · ","Cambio: {a} → {b} · ","","28","medium","","",""
"squadCompareBoard.coordDiffTemplate","squadCompareBoard","ui","x diff {dx} / y diff {dy} (normalized coordinates)","dif. x {dx} / dif. y {dy} (coordenadas normalizadas)","","","medium","","",""
"squadCompareBoard.noAreaChange","squadCompareBoard","ui","No starter/bench swaps.","No hay cambios entre titulares y banquillo.","","30","medium","","",""
"squadCompareBoard.areaChangeTitle","squadCompareBoard","ui","Starter / bench changes (common cards)","Cambios titular / banquillo (cartas en común)","","50","medium","","",""
"squadCompareBoard.fetchFailed","squadCompareBoard","ui","Failed to load","Error al cargar","","19","high","","",""
"squadCompareBoard.registeredTemplate","squadCompareBoard","ui","Registered {pos}","Registrado {pos}","","21","medium","","",""
"squadCompareBoard.placementSuffixTemplate","squadCompareBoard","ui"," / placement {role}"," / colocación {role}","","25","medium","","",""
"squadCompareBoard.benchSuffix","squadCompareBoard","ui"," / bench"," / banquillo","","12","medium","","",""
"squadCompareBoard.ovrTemplate","squadCompareBoard","ui","Displayed OVR {shown} / base OVR {base}","OVR mostrado {shown} / OVR base {base}","","","medium","","",""
"squadCompareBoard.buildSuffixTemplate","squadCompareBoard","ui"," / build “{name}”"," / build “{name}”","","23","medium","","",""
"squadCompareBoard.pomConditional","squadCompareBoard","ui","PoM/condition set","PoM/condición definida","","23","medium","","",""
"squadCompareBoard.playerDetail","squadCompareBoard","ui","Player details","Detalles del jugador","","19","medium","","",""
"squadCompareBoard.progression","squadCompareBoard","ui","Progression","Progresión","","15","medium","","",""
"squadCompareBoard.startersBothTemplate","squadCompareBoard","ui","Starters — in both ({n})","Titulares — en ambas ({n})","","32","medium","","",""
"squadCompareBoard.noStarterSettingDiff","squadCompareBoard","ui","No common starters with different settings.","No hay titulares en común con ajustes distintos.","","","medium","","",""
"squadCompareBoard.noCommonStarters","squadCompareBoard","ui","No common starters.","No hay titulares en común.","","25","medium","","",""
"squadCompareBoard.notePlacementTemplate","squadCompareBoard","ui","Placement {a}→{b}","Colocación {a}→{b}","","23","medium","","",""
"squadCompareBoard.noteArea","squadCompareBoard","ui","Starter↔bench","Titular↔banquillo","","17","medium","","",""
"squadCompareBoard.noteBuildMode","squadCompareBoard","ui","Different build mode","Modo de build distinto","","26","medium","","",""
"squadCompareBoard.noteSavedBuild","squadCompareBoard","ui","Different saved build","Build guardada distinta","","28","medium","","",""
"squadCompareBoard.noteCaptain","squadCompareBoard","ui","Different captain","Capitán distinto","","23","medium","","",""
"squadCompareBoard.noteSetPiece","squadCompareBoard","ui","Different set pieces","Balón parado distinto","","26","medium","","",""
"squadCompareBoard.notePom","squadCompareBoard","ui","Different Power of Many selection","Selección de Power of Many distinta","","","medium","","",""
"squadCompareBoard.startersOnlyATemplate","squadCompareBoard","ui","Starters — only A ({n})","Titulares — solo A ({n})","","30","medium","","",""
"squadCompareBoard.startersOnlyBTemplate","squadCompareBoard","ui","Starters — only B ({n})","Titulares — solo B ({n})","","30","medium","","",""
"squadCompareBoard.sameNameTitle","squadCompareBoard","ui","Same name, different card","Mismo nombre, carta distinta","","33","medium","","",""
"squadCompareBoard.sameNameNote","squadCompareBoard","ui","Different worldCardIds are not treated as common cards (there is no confirmed player identifier, so they are listed as same name, different card).","Los worldCardId distintos no se tratan como cartas en común (no hay un identificador de jugador confirmado, así que se muestran como mismo nombre, carta distinta).","","","medium","","",""
"squadCompareBoard.cardOfA","squadCompareBoard","ui","Card in A","Carta en A","","12","medium","","",""
"squadCompareBoard.cardOfB","squadCompareBoard","ui","Card in B","Carta en B","","12","medium","","",""
"squadCompareBoard.benchTitleTemplate","squadCompareBoard","ui","Bench (A {a} / B {b})","Banquillo (A {a} / B {b})","","28","medium","","",""
"squadCompareBoard.benchOrderNote","squadCompareBoard","ui","The bench order differs (order is not a ranking).","El orden del banquillo es distinto (el orden no es una clasificación).","","","medium","","",""
"squadCompareBoard.commonWithB","squadCompareBoard","ui","Shared with B","En común con B","","17","medium","","",""
"squadCompareBoard.onlyABench","squadCompareBoard","ui","Only on A's bench","Solo en el banquillo de A","","23","medium","","",""
"squadCompareBoard.onlyBBench","squadCompareBoard","ui","Only on B's bench","Solo en el banquillo de B","","23","medium","","",""
"squadCompareBoard.starterBenchChange","squadCompareBoard","ui","Starter↔bench changes","Cambios titular↔banquillo","","28","medium","","",""
"squadCompareBoard.partialFetchFail","squadCompareBoard","ui","Some player data could not be retrieved (listed in the Warnings tab). Saved worldCardIds are kept.","No se pudieron obtener algunos datos de jugadores (se indican en la pestaña Avisos). Los worldCardId guardados se conservan.","","","medium","","",""
"squadCompareBoard.avgMetrics","squadCompareBoard","ui","Averages and metrics","Medias y métricas","","26","medium","","",""
"squadCompareBoard.categoryAvgTitle","squadCompareBoard","ui","Category averages (simple averages)","Medias por categoría (medias simples)","","46","medium","","",""
"squadCompareBoard.noCategoryDiff","squadCompareBoard","ui","No categories differ.","Ninguna categoría es diferente.","","28","medium","","",""
"squadCompareBoard.diff","squadCompareBoard","ui","Diff","Dif.","","12","medium","","",""
"squadCompareBoard.suitability","squadCompareBoard","ui","Suitability","Idoneidad","","15","medium","","",""
"squadCompareBoard.exactTemplate","squadCompareBoard","ui","Matches registered position {n}","Coincide con la posición registrada {n}","","","medium","","",""
"squadCompareBoard.unresolvedTemplate","squadCompareBoard","ui","Suitability unconfirmed {n}","Idoneidad sin confirmar {n}","","","medium","","",""
"squadCompareBoard.mismatchTemplate","squadCompareBoard","ui","Possibly unsuited {n}","Posiblemente no idóneo {n}","","28","medium","","",""
"squadCompareBoard.suitabilityNote","squadCompareBoard","ui","Secondary-position suitability data is not included. More suitability is not judged better automatically. Position-specific OVR is not estimated.","No se incluyen datos de idoneidad de posiciones secundarias. Más idoneidad no se considera automáticamente mejor. No se estima el OVR por posición.","","","medium","","",""
"squadCompareBoard.stateSame","squadCompareBoard","ui","Same","Igual","","12","medium","","",""
"squadCompareBoard.stateDifferent","squadCompareBoard","ui","Different","Distinto","","12","medium","","",""
"squadCompareBoard.stateOnlyA","squadCompareBoard","ui","Only A","Solo A","","12","medium","","",""
"squadCompareBoard.stateOnlyB","squadCompareBoard","ui","Only B","Solo B","","12","medium","","",""
"squadCompareBoard.stateNeither","squadCompareBoard","ui","Neither","Ninguna","","12","medium","","",""
"squadCompareBoard.managerTitleTemplate","squadCompareBoard","ui","Manager ({state})","Entrenador ({state})","","23","medium","","",""
"squadCompareBoard.boosterDeltaTemplate","squadCompareBoard","ui","managerBoosterDelta total {n}","Total de managerBoosterDelta {n}","","","medium","","",""
"squadCompareBoard.confirmedTemplate","squadCompareBoard","ui","Confirmed: {list}","Confirmados: {list}","","23","high","","",""
"squadCompareBoard.noConfirmedManagerBoosters","squadCompareBoard","ui","No confirmed manager boosters","Sin potenciadores de entrenador confirmados","","","high","","",""
"squadCompareBoard.noManagerImage","squadCompareBoard","ui","Manager images are not shown.","No se muestran imágenes de entrenadores.","","","medium","","",""
"squadCompareBoard.captainTitleTemplate","squadCompareBoard","ui","Captain ({state})","Capitán ({state})","","23","medium","","",""
"squadCompareBoard.nameRoleTemplate","squadCompareBoard","ui","{name} ({role})","{name} ({role})","","20","medium","","",""
"squadCompareBoard.captainNote","squadCompareBoard","ui","The captain is compared as role information (no ability effect is added).","El capitán se compara como información de rol (no se suma ningún efecto en atributos).","","","medium","","",""
"squadCompareBoard.setPieceTitle","squadCompareBoard","ui","Set-piece takers","Lanzadores de balón parado","","21","medium","","",""
"squadCompareBoard.kind","squadCompareBoard","ui","Type","Tipo","","12","medium","","",""
"squadCompareBoard.verdict","squadCompareBoard","ui","Status","Estado","","12","medium","","",""
"squadCompareBoard.setPieceNote","squadCompareBoard","ui","Only the existing keys (CK / FK / PK) are compared. Left/right FK and short FK are not handled.","Solo se comparan las claves existentes (CK / FK / PK). No se contemplan FK izquierda/derecha ni FK corta.","","","medium","","",""
"squadCompareBoard.linkUpTitleTemplate","squadCompareBoard","ui","Link-Up ({state})","Link-Up ({state})","","23","medium","","",""
"squadCompareBoard.linkUpSet","squadCompareBoard","ui","Link-Up set","Link-Up definido","","15","medium","","",""
"squadCompareBoard.notConfigured","squadCompareBoard","ui","Not set","Sin definir","","12","medium","","",""
"squadCompareBoard.statusTemplate","squadCompareBoard","ui","{name}: {status} ({conf})","{name}: {status} ({conf})","","","medium","","",""
"squadCompareBoard.kindFixed","squadCompareBoard","ui","Fixed","Fijo","","12","medium","","",""
"squadCompareBoard.kindFixedProvisional","squadCompareBoard","ui","Fixed (estimated)","Fijo (estimado)","","23","medium","","",""
"squadCompareBoard.kindConditional","squadCompareBoard","ui","Conditional (Total Package)","Condicional (Total Package)","","","medium","","",""
"squadCompareBoard.kindUnresolved","squadCompareBoard","ui","Unresolved","Sin resolver","","13","medium","","",""
"squadCompareBoard.kindOther","squadCompareBoard","ui","Other","Otro","","12","medium","","",""
"squadCompareBoard.boostersTitle","squadCompareBoard","ui","Fixed boosters / Power of Many (common cards)","Potenciadores fijos / Power of Many (cartas en común)","","59","medium","","",""
"squadCompareBoard.boostersNote","squadCompareBoard","ui","Attached booster effects are the same for the same card. This mainly compares the user-selected levels of Power of Many (gold) and Total Package. User-selected values are not treated as standard values.","Los efectos de potenciador asociados son los mismos para la misma carta. Aquí se comparan sobre todo los niveles elegidos por el usuario de Power of Many (oro) y Total Package. Los valores elegidos por el usuario no se tratan como valores estándar.","","","medium","","",""
"squadCompareBoard.noBoosterDiff","squadCompareBoard","ui","No boosters with different selections.","No hay potenciadores con selecciones distintas.","","","medium","","",""
"squadCompareBoard.noTargetCommonCards","squadCompareBoard","ui","No common cards to compare.","No hay cartas en común para comparar.","","","medium","","",""
"squadCompareBoard.selectionTemplate","squadCompareBoard","ui"," · selected {v}"," · seleccionado {v}","","20","medium","","",""
"squadCompareBoard.notSelected","squadCompareBoard","ui","not selected","sin seleccionar","","16","medium","","",""
"squadCompareBoard.standardApplied","squadCompareBoard","ui"," · applied as standard"," · aplicado como estándar","","29","medium","","",""
"squadCompareBoard.provisionalNote","squadCompareBoard","ui","“Fixed (estimated)” = the effect is verified against external sources, but there is no specific evidence that it is Power of Many, so it is estimated as fixed and provisionally applied to standard values (not a confirmed fixed booster).","“Fijo (estimado)” = el efecto está verificado con fuentes externas, pero no hay pruebas concretas de que sea Power of Many, así que se estima como fijo y se aplica provisionalmente a los valores estándar (no es un potenciador fijo confirmado).","","","medium","","",""
"squadCompareBoard.savedBuildsTitle","squadCompareBoard","ui","Saved builds (common cards)","Builds guardadas (cartas en común)","","36","medium","","",""
"squadCompareBoard.noBuildDiff","squadCompareBoard","ui","No common cards with different builds.","No hay cartas en común con builds distintas.","","","medium","","",""
"squadCompareBoard.policyTemplate","squadCompareBoard","ui","Mode {v}","Modo {v}","","12","medium","","",""
"squadCompareBoard.buildNameTemplate","squadCompareBoard","ui","Build “{name}”","Build “{name}”","","19","medium","","",""
"squadCompareBoard.noSavedBuild","squadCompareBoard","ui","No saved build","Sin build guardada","","19","medium","","",""
"squadCompareBoard.rulesTemplate","squadCompareBoard","ui","Rules {v}","Reglas {v}","","12","medium","","",""
"squadCompareBoard.deletedRef","squadCompareBoard","ui","The referenced build was deleted (calculated from the mode only).","La build referenciada se eliminó (calculado solo a partir del modo).","","","high","","",""
"squadCompareBoard.staleBuild","squadCompareBoard","ui","Old-rules build (recalculated with current rules)","Build con reglas antiguas (recalculada con las reglas actuales)","","","medium","","",""
"squadCompareBoard.conditionalTrial","squadCompareBoard","ui","Condition level selected (trial)","Nivel de condición seleccionado (prueba)","","","medium","","",""
"squadCompareBoard.standardOvrTemplate","squadCompareBoard","ui","Standard displayed OVR {v}","OVR mostrado estándar {v}","","","medium","","",""
"squadCompareBoard.sharedSkillsTitle","squadCompareBoard","ui","Skills held by every starter","Habilidades de todos los titulares","","37","medium","","",""
"squadCompareBoard.skillKindsTemplate","squadCompareBoard","ui","{name}: {n} skills","{name}: {n} habilidades","","24","medium","","",""
"squadCompareBoard.bothListTemplate","squadCompareBoard","ui","Both: {list}","Ambas: {list}","","16","medium","","",""
"squadCompareBoard.onlyAAllTemplate","squadCompareBoard","ui","Only A (all starters): {list}","Solo A (todos los titulares): {list}","","","medium","","",""
"squadCompareBoard.onlyBAllTemplate","squadCompareBoard","ui","Only B (all starters): {list}","Solo B (todos los titulares): {list}","","","medium","","",""
"squadCompareBoard.skillHoldersTitle","squadCompareBoard","ui","Skill holders (starters)","Poseedores de habilidades (titulares)","","32","medium","","",""
"squadCompareBoard.skill","squadCompareBoard","ui","Skill","Habilidad","","12","medium","","",""
"squadCompareBoard.allStarters","squadCompareBoard","ui","All starters","Todos los titulares","","16","medium","","",""
"squadCompareBoard.skillsNote","squadCompareBoard","ui","A card's own skills are treated as identical for the same worldCardId. Squads are not ranked by skill effects.","Las habilidades propias de una carta se consideran idénticas para el mismo worldCardId. Las plantillas no se clasifican por efectos de habilidades.","","","medium","","",""
"squadCompareBoard.commonSuitabilityTitle","squadCompareBoard","ui","Suitability of common cards","Idoneidad de las cartas en común","","36","medium","","",""
"squadCompareBoard.warningsTitleTemplate","squadCompareBoard","ui","Warnings (A {a} / B {b})","Avisos (A {a} / B {b})","","32","high","","",""
"squadCompareBoard.noWinByWarnings","squadCompareBoard","ui","Fewer warnings is not automatically treated as winning.","Tener menos avisos no se considera automáticamente una victoria.","","","high","","",""
"squadCompareBoard.both","squadCompareBoard","ui","Both","Ambas","","12","medium","","",""
"squadCompareBoard.onlyAShort","squadCompareBoard","ui","Only A","Solo A","","12","medium","","",""
"squadCompareBoard.onlyBShort","squadCompareBoard","ui","Only B","Solo B","","12","medium","","",""
"squadCompareBoard.fetchFailedTitle","squadCompareBoard","ui","Cards whose player data could not be retrieved","Cartas cuyos datos de jugador no se pudieron obtener","","60","high","","",""
"squadCompareBoard.starterTemplate","squadCompareBoard","ui","Starter {v}","Titular {v}","","15","medium","","",""
"squadCompareBoard.benchNumberTemplate","squadCompareBoard","ui","Bench #{n}","Banquillo n.º {n}","","13","medium","","",""
"squadCompareBoard.failedNote","squadCompareBoard","ui","Excluded from averages and skill counts. Reload later to retry. Saved worldCardIds are not deleted.","Excluidas de las medias y del recuento de habilidades. Recarga más tarde para reintentar. Los worldCardId guardados no se eliminan.","","","high","","",""
"squadCompareBoard.miniTitleTemplate","squadCompareBoard","ui","Squad {side}: {name}","Plantilla {side}: {name}","","26","medium","","",""
"squadCompareBoard.miniStartersTemplate","squadCompareBoard","ui","Starters {n}/11","Titulares {n}/11","","20","medium","","",""
"squadCompareBoard.miniAriaTemplate","squadCompareBoard","accessibility","Placement of squad {side} ({name}). {n} starters. {list}","Colocación de la plantilla {side} ({name}). {n} titulares. {list}","","","high","","",""
"squadCompareBoard.miniCaptainSuffix","squadCompareBoard","ui"," · captain"," · capitán","","13","medium","","",""
"squadCompareBoard.miniCommonSuffix","squadCompareBoard","ui"," · common card"," · carta en común","","19","medium","","",""
"squadCompareBoard.miniOnlyThisSuffix","squadCompareBoard","ui"," · only this side"," · solo en este lado","","23","medium","","",""
"squadCompareBoard.miniLegendCommon","squadCompareBoard","ui","common card","carta en común","","15","medium","","",""
"squadCompareBoard.miniLegendOnlyThis","squadCompareBoard","ui","only this side","solo en este lado","","19","medium","","",""
"squadCompareBoard.miniLegendNote","squadCompareBoard","ui","“C” = captain. Coordinates are normalized (0–100 of the pitch width).","“C” = capitán. Las coordenadas están normalizadas (0–100 del ancho del campo).","","","medium","","",""
"generated.libText.fixed","generated:libText","generated","(source: 基礎)","Base","","","high","","",""
"generated.libText.fixed","generated:libText","generated","(source: 育成後)","Con progresión","","","high","","",""
"generated.libText.fixed","generated:libText","generated","(source: 標準)","Estándar","","","high","","",""
"generated.libText.fixed","generated:libText","generated","(source: 条件反映後)","Con condiciones aplicadas","","","high","","",""
"generated.libText.fixed","generated:libText","generated","(source: 実験)","Experimental","","","high","","",""
"generated.libText.fixed","generated:libText","generated","(source: 一部カテゴリの能力値を取得できませんでした（該当軸は代替表で「—」・グラフは 0 として描画）。)","No se pudieron obtener los valores de algunas categorías (se muestran como “—” en la tabla alternativa y como 0 en el gráfico).","","","high","","",""
"generated.libText.fixed","generated:libText","generated","(source: ゲーム公式の総合値、ポジション別 OVR、AI 評価ではありません。)","No es la valoración general oficial del juego, ni un OVR por posición, ni una valoración de IA.","","","high","","",""
"generated.libText.fixed","generated:libText","generated","(source: 正確な各能力値は下の 26 能力値表で確認できます。)","Consulta los valores exactos en la tabla de 26 atributos de abajo.","","","high","","",""
"generated.libText.fixed","generated:libText","generated","(source: カテゴリ合計・平均・総合は単純計算です（eFootball の公式カテゴリ重み・総合評価とは異なります）。)","Los totales, promedios y valores generales por categoría son cálculos simples (difieren de los pesos de categoría y valoraciones generales oficiales de eFootball).","","","high","","",""
"generated.libText.fixed","generated:libText","generated","(source: カードタイプ)","Tipo de carta","","","high","","",""
"generated.libText.fixed","generated:libText","generated","(source: 登録ポジション)","Posición registrada","","","high","","",""
"generated.libText.fixed","generated:libText","generated","(source: 基礎OVR)","OVR base","","","high","","",""
"generated.libText.fixed","generated:libText","generated","(source: 最大OVR)","OVR máximo","","","high","","",""
"generated.libText.fixed","generated:libText","generated","(source: 最大レベル)","Nivel máximo","","","high","","",""
"generated.libText.fixed","generated:libText","generated","(source: 攻撃プレースタイル)","Estilo de juego ofensivo","","","high","","",""
"generated.libText.fixed","generated:libText","generated","(source: 守備プレースタイル)","Estilo de juego defensivo","","","high","","",""
"generated.libText.fixed","generated:libText","generated","(source: 国籍)","Nacionalidad","","","high","","",""
"generated.libText.fixed","generated:libText","generated","(source: 地域)","Región","","","high","","",""
"generated.libText.fixed","generated:libText","generated","(source: リーグ)","Liga","","","high","","",""
"generated.libText.fixed","generated:libText","generated","(source: チーム)","Equipo","","","high","","",""
"generated.libText.fixed","generated:libText","generated","(source: 年齢)","Edad","","","high","","",""
"generated.libText.fixed","generated:libText","generated","(source: 身長)","Altura","","","high","","",""
"generated.libText.fixed","generated:libText","generated","(source: 体重)","Peso","","","high","","",""
"generated.libText.fixed","generated:libText","generated","(source: 利き足)","Pie preferido","","","high","","",""
"generated.libText.fixed","generated:libText","generated","(source: このカードの数値IDは付属ブースター対応表（eFootball World の個別選手ページ由来）に含まれていません。名称を解決できないため能力値へは適用していません。)","El ID numérico de esta carta no está en la tabla de potenciadores incluidos (obtenida de las páginas de jugadores de eFootball World). Como no se puede resolver el nombre, no se aplica a los atributos.","","","high","","",""
"generated.libText.fixed","generated:libText","generated","(source: 発動条件付き（内容未確認）)","Condicional (condiciones sin confirmar)","","","high","","",""
"generated.libText.fixed","generated:libText","generated","(source: B2 ブースターは指定されていません。)","No hay potenciador B2 seleccionado.","","","high","","",""
"generated.libText.fixed","generated:libText","generated","(source: 選択した B2 ブースターは、対象能力の通常の最終値・比較の順位・チーム集計に反映します。)","El potenciador B2 seleccionado se aplica a los valores finales normales de sus atributos objetivo, a las clasificaciones de la comparación y a los totales del equipo.","","","high","","",""
"generated.libText.fixed","generated:libText","generated","(source: 手動試算ブースターは「試算最終値」にのみ反映します（通常の最終値・比較の順位・チーム集計には含めません）。)","Los potenciadores de prueba manual solo afectan a los valores finales de prueba (no a los valores finales normales, las clasificaciones de la comparación ni los totales del equipo).","","","high","","",""
"generated.libText.fixed","generated:libText","generated","(source: 選択した B2 ブースターのうち確認済みの分は通常の最終値へ反映し、未確認の分は「試算最終値」にのみ反映します（通常の最終値・比較の順位・チーム集計には含めません）。)","Las partes confirmadas de los potenciadores B2 seleccionados se aplican a los valores finales normales; las partes sin confirmar solo afectan a los valores finales de prueba (no a los valores finales normales, las clasificaciones de la comparación ni los totales del equipo).","","","high","","",""
"generated.libText.fixed","generated:libText","generated","(source: このカードに付属する選手ブースターはありません。)","Esta carta no tiene potenciador de jugador incluido.","","","high","","",""
"generated.libText.fixed","generated:libText","generated","(source: スクリーンショットで実測済みの付属ブースターを通常の最終値へ適用しています（厳密モード）。適用の基準は効果内容の証拠で、発動方式（固定型 / Power of Many）は問いません。)","Los potenciadores incluidos medidos en capturas de pantalla se aplican a los valores finales normales (modo estricto). La aplicación se basa en la evidencia del efecto, sea cual sea el tipo de activación (fijo / Power of Many).","","","high","","",""
"generated.libText.fixed","generated:libText","generated","(source: 効果内容を外部2ソースで照合した付属ブースターを通常の最終値へ適用しています（標準モード）。KONAMI 公式の確定値ではありません。発動方式の証拠が不足するものは、Power of Many（条件型）である具体的証拠がないため固定型と推定して暫定適用しています。)","Los potenciadores incluidos cuyos efectos coinciden en dos fuentes externas se aplican a los valores finales normales (modo estándar). No son valores oficiales de KONAMI. Cuando falta evidencia del tipo de activación, no hay evidencia concreta de que sea Power of Many (condicional), así que se suponen fijos y se aplican de forma provisional.","","","high","","",""
"generated.libText.fixed","generated:libText","generated","(source: 編成条件付き付属ブースターの段階をユーザーが手動指定しています。標準最終値は変えず「条件反映後値」にのみ反映します。アプリが編成人数を自動検証した値ではありません。)","Has fijado manualmente el nivel de un potenciador incluido que depende de la plantilla. Solo afecta a los valores finales con condiciones, no a los valores finales estándar. La app no ha verificado el número de jugadores de tu plantilla.","","","high","","",""
"generated.libText.fixed","generated:libText","generated","(source: 付属ブースターの名称は確認できましたが、現在のモードでは通常の最終値へ適用していません（実験モードで試算できます）。)","El nombre del potenciador incluido está confirmado, pero no se aplica a los valores finales normales en el modo actual (puedes probarlo en el modo experimental).","","","high","","",""
"generated.libText.fixed","generated:libText","generated","(source: 付属ブースターの数値IDを対応表で解決できませんでした。能力値へは適用していません。)","No se pudo resolver el ID numérico del potenciador incluido con la tabla. No se aplica a los atributos.","","","high","","",""
"generated.libText.fixed","generated:libText","generated","(source: 未指定)","Sin definir","","","high","","",""
"generated.libText.fixed","generated:libText","generated","(source: 適用なし（+0）)","Sin aplicar (+0)","","","high","","",""
"generated.libText.fixed","generated:libText","generated","(source: 対象リーグ 1〜13 人)","1–13 jugadores de la liga","","","high","","",""
"generated.libText.fixed","generated:libText","generated","(source: 対象リーグ 1〜13 人相当、対象能力 +1)","1–13 jugadores de la liga, atributos objetivo +1","","","high","","",""
"generated.libText.fixed","generated:libText","generated","(source: 対象リーグ 14〜19 人)","14–19 jugadores de la liga","","","high","","",""
"generated.libText.fixed","generated:libText","generated","(source: 対象リーグ 14〜19 人相当、対象能力 +2)","14–19 jugadores de la liga, atributos objetivo +2","","","high","","",""
"generated.libText.fixed","generated:libText","generated","(source: 対象リーグ 20 人以上)","20 o más jugadores de la liga","","","high","","",""
"generated.libText.fixed","generated:libText","generated","(source: 対象リーグ 20 人以上相当、対象能力 +3)","20 o más jugadores de la liga, atributos objetivo +3","","","high","","",""
"generated.libText.fixed","generated:libText","generated","(source: この値はユーザーが自身の Game Plan を確認して指定したものです。アプリが編成人数を自動検証した値ではありません。)","Fijaste este valor tras revisar tu propio Game Plan. La app no ha verificado el número de jugadores de tu plantilla.","","","high","","",""
"generated.libText.fixed","generated:libText","generated","(source: Game Plan 依存の可変ブースター（金色）です。現在のアプリでは対象リーグ人数を自動判定できないため、能力値へ未適用です。)","Potenciador variable (dorado) que depende de tu Game Plan. La app aún no puede detectar el número de jugadores de la liga, así que no se aplica a los atributos.","","","high","","",""
"generated.libText.fixed","generated:libText","generated","(source: 監督は未選択。)","No hay entrenador seleccionado.","","","high","","",""
"generated.libText.fixed","generated:libText","generated","(source: このビルドは旧規則で作成されています。現行規則で再計算すると配分の解釈が変わります。)","Esta build se creó con reglas antiguas. Al recalcularla con las reglas actuales cambia la interpretación del reparto.","","","high","","",""
"generated.libText.fixed","generated:libText","generated","(source: Total Package の条件段階はユーザーが手動指定した試算値です（アプリが Game Plan の対象リーグ人数を自動検証した値ではありません）。標準最終値・比較の順位・チーム集計には含めていません。)","El nivel de Total Package es un valor de prueba que fijaste manualmente (la app no ha verificado el número de jugadores de la liga en tu Game Plan). No se incluye en los valores finales estándar, las clasificaciones de la comparación ni los totales del equipo.","","","high","","",""
"generated.libText.fixed","generated:libText","generated","(source: 一部の能力値が99上限に達しています（超過分は無効）。ただし育成・ブースター・監督補正込みの最終上限が99である確証はまだありません（暫定処理）。)","Algunos atributos alcanzaron el tope de 99 (el exceso se ignora). Aún no está confirmado que 99 sea el tope final incluyendo progresión, potenciadores y correcciones del entrenador (tratamiento provisional).","","","high","","",""
"generated.libText.fixed","generated:libText","generated","(source: 厳密モード: ユーザー保存済みスクリーンショットで実測できた付属ブースターだけを通常の最終値へ適用しています。適用の基準は効果内容の証拠で、発動方式（固定型 / Power of Many）は問いません。)","Modo estricto: solo se aplican a los valores finales normales los potenciadores incluidos medidos en capturas de pantalla guardadas por el usuario. La aplicación se basa en la evidencia del efecto, sea cual sea el tipo de activación (fijo / Power of Many).","","","high","","",""
"generated.libText.fixed","generated:libText","generated","(source: 標準モード: 効果内容を外部データベース間で照合した高信頼値を含みます。KONAMI 公式の計算結果として確認された値ではありません。発動方式の証拠が不足するブースターは、Power of Many（条件型）である具体的証拠がないため固定型と推定して暫定適用しています（「外部照合済み・固定型推定を含む」）。)","Modo estándar: incluye valores de alta fiabilidad contrastados entre bases de datos externas. No son resultados de cálculo confirmados por KONAMI. Los potenciadores sin evidencia del tipo de activación no tienen evidencia concreta de ser Power of Many (condicional), así que se suponen fijos y se aplican de forma provisional (""contrastado externamente, incluye supuestos fijos"").","","","high","","",""
"generated.libText.fixed","generated:libText","generated","(source: 通常の最終値には外部2ソース照合済み（KONAMI 公式未確認）のブースター効果が含まれています。発動方式が固定型と推定されたもの（Power of Many である具体的証拠がないため暫定適用）を含みます。)","Los valores finales normales incluyen efectos de potenciadores contrastados en dos fuentes externas (sin confirmar por KONAMI), incluidos algunos que se suponen fijos (aplicados de forma provisional porque no hay evidencia concreta de que sean Power of Many).","","","high","","",""
"generated.libText.fixed","generated:libText","generated","(source: TRENDING カード（POTW 等）は育成できません。)","Las cartas TRENDING (POTW, etc.) no se pueden progresar.","","","high","","",""
"generated.libText.fixed","generated:libText","generated","(source: 最大レベルが1のため育成ポイントがありません。)","Esta carta no tiene puntos de progresión porque su nivel máximo es 1.","","","high","","",""
"generated.libText.fixed","generated:libText","generated","(source: EFScout（外部コミュニティDB）boot.json referenceData.allBoosters の定義のみ)","Solo la definición de EFScout (BD comunitaria externa) boot.json referenceData.allBoosters","","","high","","",""
"generated.libText.fixed","generated:libText","generated","(source: 発動条件付き（KONAMI 公式「The Power of Many」）: このカードの対象リーグ（例: MEIJI YASUDA J1 LEAGUE / Trendyol Süper Lig / Brasileirão など、カードのリーグに対応）の選手を Game Plan に登録した人数で効果が変化する。1〜13 人で全対象能力 +1、14〜19 人で +2、20 人以上で +3。eFootball World の ScoreBar は条件を無視して最大（+3）を表示している。試合／Game Plan 構成に依存する効果のため、静的な育成画面や現状のスカッド機能では評価せず、通常の最終値へは加算しない。)","Condicional (""The Power of Many"" de KONAMI): el efecto depende de cuántos jugadores de la liga de esta carta (p. ej. MEIJI YASUDA J1 LEAGUE / Trendyol Süper Lig / Brasileirão, según la liga de la carta) están registrados en tu Game Plan: de 1 a 13 jugadores dan +1 a todos los atributos objetivo, de 14 a 19 dan +2 y 20 o más dan +3. El ScoreBar de eFootball World ignora la condición y muestra el máximo (+3). Como el efecto depende del partido / la configuración del Game Plan, no se evalúa en la pantalla estática de progresión ni en las funciones actuales de plantilla, y no se suma a los valores finales normales.","","","high","","",""
"generated.libText.fixed","generated:libText","generated","(source: eFootball World（外部コミュニティDB）の個別選手ページ: ScoreBar(ブースターON) − RSC baseAbilities(OFF) の差分 と EFScout（外部DB）の定義が一致（別カード2枚以上・delta==level・デュアル加算一致・反例0）。外部2ソースで整合。KONAMI のゲームクライアント画面での確認ではない。)","Páginas de jugadores de eFootball World (BD comunitaria externa): la diferencia ScoreBar (potenciador activado) − RSC baseAbilities (desactivado) coincide con la definición de EFScout (BD externa) (2 o más cartas distintas, delta == nivel, sumas duales coincidentes, 0 contraejemplos). Coherente en dos fuentes externas. Sin confirmar en el cliente del juego de KONAMI.","","","high","","",""
"generated.libText.fixed","generated:libText","generated","(source: screenshots/スクリーンショット 2026-08-28 020026.png（eFHUB ビルドツール・ユーザー保存）で「ボールキャリー +5」選択時に ドリブル/ボールキープ/スピード/ボディバランス へ緑の +5 を確認。KONAMI のゲームクライアント画面での確認ではない。+ eFootball World ScoreBar 差分 と EFScout 定義も一致。)","Una captura de pantalla guardada por el usuario (herramienta de builds de eFHUB, 2026-08-28) muestra un +5 verde en Regate / Posesión cerrada / Velocidad / Equilibrio al seleccionar ""Conducción +5"". Sin confirmar en el cliente del juego de KONAMI. La diferencia del ScoreBar de eFootball World y la definición de EFScout también coinciden.","","","high","","",""
"generated.libText.fixed","generated:libText","generated","(source: screenshots/image.png・image (1).png（eFHUB ビルドツール・ユーザー保存）で「攻撃の起点 +4」選択時に オフェンスセンス/ボールコントロール/グラウンダーパス/キック力 へ緑の +4 を確認。KONAMI のゲームクライアント画面での確認ではない。+ eFootball World ScoreBar 差分 と EFScout 定義も一致。)","Capturas de pantalla guardadas por el usuario (herramienta de builds de eFHUB) muestran un +4 verde en Actitud ofensiva / Control del balón / Pase raso / Potencia de tiro al seleccionar ""Eje ofensivo +4"". Sin confirmar en el cliente del juego de KONAMI. La diferencia del ScoreBar de eFootball World y la definición de EFScout también coinciden.","","","high","","",""
"generated.libText.fixed","generated:libText","generated","(source:  ＋ デュアルカード1枚の ScoreBar 差分（検証例が不足）)"," + diferencia del ScoreBar en una carta dual (no hay suficientes ejemplos verificados)","","","high","","",""
"generated.libText.fixed","generated:libText","generated","(source: 効果候補（全26能力へ +level）は eFootball World の ScoreBar 差分 と EFScout 定義で整合。発動条件の内容は KONAMI 公式「The Power of Many」で判明（Game Plan の同一リーグ登録人数で +1/+2/+3）。ただし条件を静的データ・現状のスカッドでは評価できないため通常の最終値へは未適用。)","El efecto candidato (+nivel a los 26 atributos) coincide con la diferencia del ScoreBar de eFootball World y la definición de EFScout. La condición se conoce por ""The Power of Many"" de KONAMI (+1/+2/+3 según el número de jugadores de la misma liga en tu Game Plan). La condición no se puede evaluar con datos estáticos ni con la plantilla actual, así que no se aplica a los valores finales normales.","","","high","","",""
"generated.libText.fixed","generated:libText","generated","(source: （カード付属として未観測）)","(no observado como potenciador incluido)","","","high","","",""
"generated.libText.fixed","generated:libText","generated","(source: ボールキャリー)","Conducción","","","high","","",""
"generated.libText.fixed","generated:libText","generated","(source: 攻撃の起点)","Eje ofensivo","","","high","","",""
"generated.libText.fixed","generated:libText","generated","(source: ファンタジスタ)","Fantasista","","","high","","",""
"generated.libText.fixed","generated:libText","generated","(source: 公式のOVR計算式・ポジション別OVRの正確な重み)","La fórmula oficial del OVR y los pesos exactos del OVR por posición","","","high","","",""
"generated.libText.fixed","generated:libText","generated","(source: Max Level Stats（最大レベル時の各能力値）の内訳)","Desglose de Max Level Stats (cada atributo al nivel máximo)","","","high","","",""
"generated.libText.fixed","generated:libText","generated","(source: グループ配分1段階あたりの能力別の正確な上昇量（重み付き/上限）)","Ganancia exacta por atributo por cada nivel de reparto del grupo (ponderación / topes)","","","high","","",""
"generated.libText.fixed","generated:libText","generated","(source: 段階コストの9段階/13段階以降の正確な値（外挿・confirmed ではない）)","Costes exactos por tramo a partir del nivel 9 / nivel 13 (extrapolados; sin confirmar)","","","high","","",""
"generated.libText.fixed","generated:libText","generated","(source: 育成・選手ブースター・監督補正を含む最終能力値の上限（暫定で99にクランプ）)","Tope de los atributos finales incluyendo progresión, potenciadores de jugador y bonificaciones del entrenador (limitado provisionalmente a 99)","","","high","","",""
"generated.libText:5c479e96","generated:libText","generated","(template; tokens {N} etc. must stay)","El gráfico de atributos muestra promedios simples por categoría para el modo de atributos seleccionado ({fixed:1}).","","","high","","",""
"generated.libText:831535fc","generated:libText","generated","(template; tokens {N} etc. must stay)","Algunas series superan 99 (la escala se amplía hasta {1}; consulta los valores exactos en la tabla alternativa y en la tabla de 26 atributos).","","","high","","",""
"generated.libText:8fb3c1c5","generated:libText","generated","(template; tokens {N} etc. must stay)","Se aplicaron los potenciadores del entrenador ""{1}"" (+N a los atributos objetivo, confirmado en varias fuentes).","","","high","","",""
"generated.libText:d050ea19","generated:libText","generated","(template; tokens {N} etc. must stay)","Solo se aplicaron algunos potenciadores del entrenador ""{1}"" (los efectos sin confirmar no se aplican).","","","high","","",""
"generated.libText:d7f52a30","generated:libText","generated","(template; tokens {N} etc. must stay)","Los efectos de los potenciadores del entrenador ""{1}"" no están confirmados, así que no se aplican.","","","high","","",""
"generated.libText:d9a1a66e","generated:libText","generated","(template; tokens {N} etc. must stay)","Condición indicada por el usuario: {loc:1}","","","high","","",""
"generated.libText:25b136e4","generated:libText","generated","(template; tokens {N} etc. must stay)","Reparto ajustado: {loc:1}","","","high","","",""
"generated.libText:516e1786","generated:libText","generated","(template; tokens {N} etc. must stay)","Demasiados puntos de progresión usados: {1} / {2}","","","high","","",""
"generated.libText:da9ae789","generated:libText","generated","(template; tokens {N} etc. must stay)","{1}: ID de grupo desconocido","","","high","","",""
"generated.libText:a087cc98","generated:libText","generated","(template; tokens {N} etc. must stay)","{1}: no es un número ({2})","","","high","","",""
"generated.libText:dba23d45","generated:libText","generated","(template; tokens {N} etc. must stay)","{1}: negativo ({2})","","","high","","",""
"generated.libText:ae357c36","generated:libText","generated","(template; tokens {N} etc. must stay)","{1}: no es un entero ({2})","","","high","","",""
"generated.libText:f81f6d9a","generated:libText","generated","(template; tokens {N} etc. must stay)","{1}: anormalmente grande ({2})","","","high","","",""
"generated.libText:9bfe2ba4","generated:libText","generated","(template; tokens {N} etc. must stay)","{1}: limitado al tope ({2} → {3})","","","high","","",""
"generated.buildsText.fixed","generated:buildsText","generated","(source: 現行規則)","Reglas actuales","","","high","","",""
"generated.buildsText.fixed","generated:buildsText","generated","(source: 旧規則)","Reglas antiguas","","","high","","",""
"generated.buildsText.fixed","generated:buildsText","generated","(source: 規則不明)","Reglas desconocidas","","","high","","",""
"generated.buildsText.fixed","generated:buildsText","generated","(source: 指定あり)","Definido","","","high","","",""
"generated.buildsText.fixed","generated:buildsText","generated","(source: 名前が不正です)","El nombre no es válido","","","high","","",""
"generated.buildsText.fixed","generated:buildsText","generated","(source: 改行は使えません)","No se permiten saltos de línea","","","high","","",""
"generated.buildsText.fixed","generated:buildsText","generated","(source: ビルド名を入力してください（1〜60文字）)","Escribe un nombre de build (1–60 caracteres)","","","high","","",""
"generated.buildsText.fixed","generated:buildsText","generated","(source: ビルド名は60文字までです)","Los nombres de build pueden tener hasta 60 caracteres","","","high","","",""
"generated.buildsText.fixed","generated:buildsText","generated","(source: ベンチ)","Banquillo","","","high","","",""
"generated.buildsText.fixed","generated:buildsText","generated","(source: 先発)","Titular","","","high","","",""
"generated.buildsText.fixed","generated:buildsText","generated","(source: このブラウザでは保存できません（localStorage 不可）)","Este navegador no puede guardar (localStorage no disponible)","","","high","","",""
"generated.buildsText.fixed","generated:buildsText","generated","(source: カード ID が不正です)","El ID de la carta no es válido","","","high","","",""
"generated.buildsText.fixed","generated:buildsText","generated","(source: ビルド ID が不正です)","El ID de la build no es válido","","","high","","",""
"generated.buildsText.fixed","generated:buildsText","generated","(source: このカードは My Team に登録されていません)","Esta carta no está en Mi equipo","","","high","","",""
"generated.buildsText.fixed","generated:buildsText","generated","(source: 別のタブでデータが変更されました。再読込してください。)","Los datos se cambiaron en otra pestaña. Vuelve a cargar la página.","","","high","","",""
"generated.buildsText.fixed","generated:buildsText","generated","(source: 対象の保存ビルドが見つかりません（削除された可能性があります）)","No se encontró la build guardada (puede que se haya eliminado)","","","high","","",""
"generated.buildsText.fixed","generated:buildsText","generated","(source: お気に入りビルドの状態が変更されています。再読込してください。)","La build favorita ha cambiado. Vuelve a cargar la página.","","","high","","",""
"generated.buildsText.fixed","generated:buildsText","generated","(source: 保存ビルドが別のタブで削除されました。再読込してください。)","La build guardada se eliminó en otra pestaña. Vuelve a cargar la página.","","","high","","",""
"generated.buildsText.fixed","generated:buildsText","generated","(source: このカードは既に My Team へ登録されています。再読込してください。)","Esta carta ya está en Mi equipo. Vuelve a cargar la página.","","","high","","",""
"generated.buildsText.fixed","generated:buildsText","generated","(source: 所有状態が不正です)","El estado de propiedad no es válido","","","high","","",""
"generated.buildsText.fixed","generated:buildsText","generated","(source: 使用状態が不正です)","El estado de uso no es válido","","","high","","",""
"generated.buildsText.fixed","generated:buildsText","generated","(source: 既に解除されています。再読込してください。)","Ya se ha quitado. Vuelve a cargar la página.","","","high","","",""
"generated.buildsText.fixed","generated:buildsText","generated","(source: 設定が別のタブで変更されています。再読込してください。)","El ajuste se cambió en otra pestaña. Vuelve a cargar la página.","","","high","","",""
"generated.buildsText.fixed","generated:buildsText","generated","(source: 対象の枠が見つかりません（別のタブで変更された可能性があります）。再読込してください。)","No se encontró el puesto (puede que se haya cambiado en otra pestaña). Vuelve a cargar la página.","","","high","","",""
"generated.buildsText.fixed","generated:buildsText","generated","(source: 枠のカードが別のタブで変更されています。パネルを開き直してください。)","La carta de este puesto se cambió en otra pestaña. Vuelve a abrir el panel.","","","high","","",""
"generated.buildsText.fixed","generated:buildsText","generated","(source: 対象の保存ビルドが見つかりません（削除された可能性があります）。再読込してください。)","No se encontró la build guardada (puede que se haya eliminado). Vuelve a cargar la página.","","","high","","",""
"generated.buildsText.fixed","generated:buildsText","generated","(source: 保存データの検証に失敗（スキーマ不一致）)","Los datos guardados no superaron la validación (esquema no coincidente)","","","high","","",""
"generated.buildsText.fixed","generated:buildsText","generated","(source: 規則バージョンが不明（rulesVersion が空）で同一性を安全に判定できません)","La versión de las reglas es desconocida (rulesVersion vacío), así que no se puede determinar con seguridad si son iguales","","","high","","",""
"generated.buildsText.fixed","generated:buildsText","generated","(source: 配分が 1 カテゴリだけ異なる)","El reparto difiere en una sola categoría","","","high","","",""
"generated.buildsText.fixed","generated:buildsText","generated","(source: 選手ブースター試算 / Power of Many 指定だけが異なる)","Solo difiere la prueba de potenciador de jugador / el ajuste de Power of Many","","","high","","",""
"generated.buildsText.fixed","generated:buildsText","generated","(source: 育成配分)","Reparto de progresión","","","high","","",""
"generated.buildsText.fixed","generated:buildsText","generated","(source: 選手ブースター試算)","Prueba de potenciador de jugador","","","high","","",""
"generated.buildsText.fixed","generated:buildsText","generated","(source: Power of Many 指定)","Ajuste de Power of Many","","","high","","",""
"generated.buildsText.fixed","generated:buildsText","generated","(source: ビルド名)","Nombre de la build","","","high","","",""
"generated.buildsText.fixed","generated:buildsText","generated","(source: 作成日時)","Creada","","","high","","",""
"generated.buildsText.fixed","generated:buildsText","generated","(source: 更新日時)","Actualizada","","","high","","",""
"generated.buildsText.fixed","generated:buildsText","generated","(source: 保存時の推定OVR)","OVR est. al guardar","","","high","","",""
"generated.buildsText.fixed","generated:buildsText","generated","(source: 計算モード)","Modo de cálculo","","","high","","",""
"generated.buildsText.fixed","generated:buildsText","generated","(source: 未指定)","Sin definir","","","high","","",""
"generated.buildsText.fixed","generated:buildsText","generated","(source: 未配分)","Sin repartir","","","high","","",""
"generated.buildsText.fixed","generated:buildsText","generated","(source: My Team の選択中ビルド)","Build seleccionada en Mi equipo","","","high","","",""
"generated.buildsText.fixed","generated:buildsText","generated","(source: My Team のお気に入りビルド)","Build favorita en Mi equipo","","","high","","",""
"generated.buildsText.fixed","generated:buildsText","generated","(source: スカッド（先発）)","Plantilla (titular)","","","high","","",""
"generated.buildsText.fixed","generated:buildsText","generated","(source: スカッド（ベンチ）)","Plantilla (banquillo)","","","high","","",""
"generated.buildsText.fixed","generated:buildsText","generated","(source: ファイルが空です。)","El archivo está vacío.","","","high","","",""
"generated.buildsText.fixed","generated:buildsText","generated","(source: JSON として読み取れません。正式なエクスポートファイルを選んでください。)","No se puede leer como JSON. Elige un archivo de exportación oficial.","","","high","","",""
"generated.buildsText.fixed","generated:buildsText","generated","(source: エクスポートファイルの形式ではありません（トップレベルがオブジェクトではありません）。)","No es un archivo de exportación (el nivel superior no es un objeto).","","","high","","",""
"generated.buildsText.fixed","generated:buildsText","generated","(source: 安全でないキーを含むため読み込めません。)","No se puede importar porque contiene claves no seguras.","","","high","","",""
"generated.buildsText.fixed","generated:buildsText","generated","(source: 未知の項目を含むため読み込めません。正式なエクスポートファイルを選んでください。)","No se puede importar porque contiene campos desconocidos. Elige un archivo de exportación oficial.","","","high","","",""
"generated.buildsText.fixed","generated:buildsText","generated","(source: このアプリの保存ビルドエクスポートファイルではありません。)","No es un archivo de exportación de builds guardadas de esta app.","","","high","","",""
"generated.buildsText.fixed","generated:buildsText","generated","(source: formatVersion の形式が不正です。)","formatVersion no es válido.","","","high","","",""
"generated.buildsText.fixed","generated:buildsText","generated","(source: exportedAt が妥当な ISO 8601 日時ではありません。)","exportedAt no es una fecha y hora ISO 8601 válida.","","","high","","",""
"generated.buildsText.fixed","generated:buildsText","generated","(source: itemCount が非負整数ではありません。)","itemCount no es un entero no negativo.","","","high","","",""
"generated.buildsText.fixed","generated:buildsText","generated","(source: builds が配列ではありません。)","builds no es un array.","","","high","","",""
"generated.buildsText.fixed","generated:buildsText","generated","(source: itemCount と builds の件数が一致しません。)","itemCount no coincide con el número de builds.","","","high","","",""
"generated.buildsText.fixed","generated:buildsText","generated","(source: ファイルまたはビルド件数が大きすぎます。)","El archivo o el número de builds es demasiado grande.","","","high","","",""
"generated.buildsText.fixed","generated:buildsText","generated","(source: JSON として読み取れません。)","No se puede leer como JSON.","","","high","","",""
"generated.buildsText.fixed","generated:buildsText","generated","(source: エクスポートファイルの構造ではありません。)","No tiene la estructura de un archivo de exportación.","","","high","","",""
"generated.buildsText.fixed","generated:buildsText","generated","(source: 未知または安全でない項目を含むため読み込めません。)","No se puede importar porque contiene campos desconocidos o no seguros.","","","high","","",""
"generated.buildsText.fixed","generated:buildsText","generated","(source: 未対応の formatVersion です。アプリの更新が必要です。)","formatVersion no compatible. La app necesita una actualización.","","","high","","",""
"generated.buildsText.fixed","generated:buildsText","generated","(source: exportedAt の日時が不正です。)","La fecha y hora de exportedAt no es válida.","","","high","","",""
"generated.buildsText.fixed","generated:buildsText","generated","(source: itemCount が不正です。)","itemCount no es válido.","","","high","","",""
"generated.buildsText.fixed","generated:buildsText","generated","(source: itemCount と実際の件数が一致しません。)","itemCount no coincide con el número real.","","","high","","",""
"generated.buildsText.fixed","generated:buildsText","generated","(source: ファイルを読み込めません。)","No se puede leer el archivo.","","","high","","",""
"generated.buildsText.fixed","generated:buildsText","generated","(source: worldCardId が不正です)","El ID de la carta no es válido","","","high","","",""
"generated.buildsText.fixed","generated:buildsText","generated","(source: ビルド名を入力してください)","Escribe un nombre de build","","","high","","",""
"generated.buildsText.fixed","generated:buildsText","generated","(source: 対象のビルドが見つかりません)","No se encontró la build","","","high","","",""
"generated.buildsText.fixed","generated:buildsText","generated","(source: 保存データの形式が不正です)","Los datos guardados no tienen un formato válido","","","high","","",""
"generated.buildsText.fixed","generated:buildsText","generated","(source: この環境ではビルドを保存できません（localStorage 不可）)","Aquí no se pueden guardar builds (localStorage no disponible)","","","high","","",""
"generated.buildsText.fixed","generated:buildsText","generated","(source: この環境ではビルドを更新できません（localStorage 不可）)","Aquí no se pueden actualizar builds (localStorage no disponible)","","","high","","",""
"generated.buildsText.fixed","generated:buildsText","generated","(source: この環境ではビルドを更新できません)","Aquí no se pueden actualizar builds","","","high","","",""
"generated.buildsText.fixed","generated:buildsText","generated","(source: buildId が衝突しています)","El ID de la build coincide con el de una build existente","","","high","","",""
"generated.buildsText.fixed","generated:buildsText","generated","(source: インポートデータの形式が不正です)","Los datos de importación no tienen un formato válido","","","high","","",""
"generated.buildsText.fixed","generated:buildsText","generated","(source: この環境では保存できません（localStorage 不可）)","No se puede guardar aquí (localStorage no disponible)","","","high","","",""
"generated.buildsText.fixed","generated:buildsText","generated","(source: この環境では更新できません)","No se puede actualizar aquí","","","high","","",""
"generated.buildsText.fixed","generated:buildsText","generated","(source: この環境では更新できません（localStorage 不可）)","No se puede actualizar aquí (localStorage no disponible)","","","high","","",""
"generated.buildsText.fixed","generated:buildsText","generated","(source: 保存できませんでした（保存容量が不足している可能性があります）)","No se pudo guardar (puede que el almacenamiento esté lleno)","","","high","","",""
"generated.buildsText.fixed","generated:buildsText","generated","(source: 既存の保存ビルドが変更されています。再読込してください。)","Las builds guardadas han cambiado. Vuelve a cargar la página.","","","high","","",""
"generated.buildsText.fixed","generated:buildsText","generated","(source: 未対応のスキーマバージョンです)","Versión de esquema no compatible","","","high","","",""
"generated.buildsText.fixed","generated:buildsText","generated","(source: 追加するビルドがありません)","No hay builds para añadir","","","high","","",""
"generated.buildsText:95296a77","generated:buildsText","generated","(template; tokens {N} etc. must stay)","Copia de {1}","","","high","","",""
"generated.buildsText:ec1cff8f","generated:buildsText","generated","(template; tokens {N} etc. must stay)","Titular ({1})","","","high","","",""
"generated.buildsText:b0467c8c","generated:buildsText","generated","(template; tokens {N} etc. must stay)","Banquillo {1}","","","high","","",""
"generated.buildsText:acada59a","generated:buildsText","generated","(template; tokens {N} etc. must stay)","Definido ({1})","","","high","","",""
"generated.buildsText:77c1969e","generated:buildsText","generated","(template; tokens {N} etc. must stay)","Reparto: {group:1} ({loc:2} → {loc:3})","","","high","","",""
"generated.buildsText:aa11c4cf","generated:buildsText","generated","(template; tokens {N} etc. must stay)","Prueba de potenciador de jugador: {loc:1} → {loc:2}","","","high","","",""
"generated.buildsText:d996c60a","generated:buildsText","generated","(template; tokens {N} etc. must stay)","{loc:1} hace referencia a una build guardada que no existe (buildId {2}).","","","high","","",""
"generated.buildsText:bb8e8cb0","generated:buildsText","generated","(template; tokens {N} etc. must stay)","El worldCardId ({2}) de la build guardada a la que hace referencia {loc:1} no coincide con la carta de origen ({3}).","","","high","","",""
"generated.buildsText:8c2e4dce","generated:buildsText","generated","(template; tokens {N} etc. must stay)","El ID de build guardada ({2}) de {loc:1} tiene un formato incorrecto.","","","high","","",""
"generated.buildsText:754b9672","generated:buildsText","generated","(template; tokens {N} etc. must stay)","La referencia de {loc:1} no se puede clasificar con seguridad (worldCardId de origen {2}).","","","high","","",""
"generated.buildsText:17ab7964","generated:buildsText","generated","(template; tokens {N} etc. must stay)","{1}: estado no válido, se restablece al predeterminado (normal)","","","high","","",""
"generated.buildsText:49fe4166","generated:buildsText","generated","(template; tokens {N} etc. must stay)","{1}: ID de área de atributos desconocido, se ignora","","","high","","",""
"generated.buildsText:6fc1ca12","generated:buildsText","generated","(template; tokens {N} etc. must stay)","freeText: recortado a {1} caracteres","","","high","","",""
"generated.buildsText:ba848216","generated:buildsText","generated","(template; tokens {N} etc. must stay)","El archivo es demasiado grande (límite: {1} MB).","","","high","","",""
"generated.buildsText:d8b0ec76","generated:buildsText","generated","(template; tokens {N} etc. must stay)","formatVersion no compatible ({1}). La app necesita una actualización; un formato futuro nunca se lee como el actual.","","","high","","",""
"generated.buildsText:04ca5da5","generated:buildsText","generated","(template; tokens {N} etc. must stay)","Demasiadas builds (límite: {1}).","","","high","","",""
"generated.squadCompare.fixed","generated:squadCompare","generated","(source: 同名の別カード)","Mismo nombre, otra carta","","","high","","",""
"generated.squadCompare.fixed","generated:squadCompare","generated","(source: 登録ポジションと一致)","Coincide con la posición registrada","","","high","","",""
"generated.squadCompare.fixed","generated:squadCompare","generated","(source: 不適性の可能性)","Posiblemente no idóneo","","","high","","",""
"generated.squadCompare.fixed","generated:squadCompare","generated","(source: 適性未確認（近いポジション）)","Idoneidad sin confirmar (posición cercana)","","","high","","",""
"generated.squadCompare.fixed","generated:squadCompare","generated","(source: 適性未確認)","Idoneidad sin confirmar","","","high","","",""
"generated.squadCompare.fixed","generated:squadCompare","generated","(source: 未配置)","Sin colocar","","","high","","",""
"generated.squadCompare.fixed","generated:squadCompare","generated","(source: 一部の選手情報を取得できませんでした。)","No se pudieron obtener algunos datos de jugadores.","","","high","","",""
"generated.squadCompare.fixed","generated:squadCompare","generated","(source: なし)","Ninguno","","","high","","",""
"generated.squadCompare.fixed","generated:squadCompare","generated","(source: 監督ブースターの適用順序（育成前 / 育成後）は未確認です。)","No está confirmado si los potenciadores del entrenador se aplican antes o después de la progresión.","","","high","","",""
"generated.squadCompare.fixed","generated:squadCompare","generated","(source: 先発人数)","Titulares","","","high","","",""
"generated.squadCompare.fixed","generated:squadCompare","generated","(source: ベンチ人数)","Jugadores en el banquillo","","","high","","",""
"generated.squadCompare.fixed","generated:squadCompare","generated","(source: 平均基礎OVR)","OVR base promedio","","","high","","",""
"generated.squadCompare.fixed","generated:squadCompare","generated","(source: 平均表示OVR)","OVR mostrado promedio","","","high","","",""
"generated.squadCompare.fixed","generated:squadCompare","generated","(source: 共通スキル数)","Habilidades en común","","","high","","",""
"generated.squadCompare.fixed","generated:squadCompare","generated","(source: 監督補正が乗る先発数)","Titulares potenciados por el entrenador","","","high","","",""
"generated.squadCompare.fixed","generated:squadCompare","generated","(source: 適性未確認の先発数)","Titulares con idoneidad sin confirmar","","","high","","",""
"generated.squadCompare.fixed","generated:squadCompare","generated","(source: 不適性の可能性がある先発数)","Titulares posiblemente no idóneos","","","high","","",""
"generated.squadCompare.fixed","generated:squadCompare","generated","(source: 警告数)","Avisos","","","high","","",""
"generated.squadCompare.fixed","generated:squadCompare","generated","(source: カテゴリ平均・平均OVR は単純平均です（加重平均ではありません）。)","Los promedios por categoría y el OVR promedio son promedios simples (no ponderados).","","","high","","",""
"generated.squadCompare.fixed","generated:squadCompare","generated","(source: eFootball の公式チームパワー・カテゴリ重みとは異なります。)","Difieren de la fuerza de equipo y los pesos de categoría oficiales de eFootball.","","","high","","",""
"generated.squadCompare.fixed","generated:squadCompare","generated","(source: ポジション別 OVR ではありません（配置ロールを変えても表示OVRは変わりません）。)","No es un OVR por posición (cambiar el rol de colocación no cambia el OVR mostrado).","","","high","","",""
"generated.squadCompare.fixed","generated:squadCompare","generated","(source: Power of Many（金色）のユーザー指定値は標準平均に含めていません（別枠表示のみ）。)","Los valores de Power of Many (dorado) elegidos por el usuario no se incluyen en los promedios estándar (solo se muestran aparte).","","","high","","",""
"generated.squadCompare.fixed","generated:squadCompare","generated","(source: 外部照合済み・固定型推定のブースターは「固定型と推定して」標準値へ暫定適用しています（確認済み固定型ではありません）。)","Los potenciadores contrastados con fuentes externas y que se estiman fijos se aplican provisionalmente a los valores estándar como fijos (no son potenciadores fijos confirmados).","","","high","","",""
"generated.squadCompare.fixed","generated:squadCompare","generated","(source: 未解決ブースター（対応表に無い ID）は能力値へ加算していません。)","Los potenciadores sin resolver (ID que no están en la tabla) no se suman a los atributos.","","","high","","",""
"generated.squadCompare.fixed","generated:squadCompare","generated","(source: 選手情報を取得できなかったカードは平均・スキル集計から除外されます。)","Las cartas cuyos datos de jugador no se pudieron obtener se excluyen de los promedios y del recuento de habilidades.","","","high","","",""
"generated.squadCompare:8f9ea33b","generated:squadCompare","generated","(template; tokens {N} etc. must stay)","Carta {1}","","","high","","",""
"generated.squadCompare:8efe3819","generated:squadCompare","generated","(template; tokens {N} etc. must stay)","Titular {1}","","","high","","",""
"generated.squadCompare:1d0af8ee","generated:squadCompare","generated","(template; tokens {N} etc. must stay)","Banquillo n.º {1}","","","high","","",""
"generated.squadText.fixed","generated:squadText","generated","(source: このスカッドは旧い規則バージョンで保存されています。現行規則で再計算して表示しています。)","Esta plantilla se guardó con una versión de reglas antigua. Se recalcula y se muestra con las reglas actuales.","","","high","","",""
"generated.squadText.fixed","generated:squadText","generated","(source: カテゴリ平均・チーム評価は単純計算です（eFootball の公式チームパワー・カテゴリ重みとは異なります）。)","Los promedios por categoría y las valoraciones del equipo son cálculos simples (difieren de la fuerza de equipo y los pesos de categoría oficiales de eFootball).","","","high","","",""
"generated.squadText.fixed","generated:squadText","generated","(source: 監督ブースターの適用順序（育成前 / 育成後）は未確認です。)","No está confirmado si los potenciadores del entrenador se aplican antes o después de la progresión.","","","high","","",""
"generated.squadText.fixed","generated:squadText","generated","(source: 監督は未選択（managerBoosterDelta = 0）。)","No hay entrenador seleccionado (managerBoosterDelta = 0).","","","high","","",""
"generated.squadText.fixed","generated:squadText","generated","(source: 適性未確認)","Idoneidad sin confirmar","","","high","","",""
"generated.squadText.fixed","generated:squadText","generated","(source: 登録ポジションのデータがありません。)","No hay datos de posición registrada.","","","high","","",""
"generated.squadText.fixed","generated:squadText","generated","(source: 登録ポジションと一致)","Coincide con la posición registrada","","","high","","",""
"generated.squadText.fixed","generated:squadText","generated","(source: 不適性の可能性)","Posiblemente no idóneo","","","high","","",""
"generated.squadText.fixed","generated:squadText","generated","(source: GK とフィールドプレーヤーの組み合わせです。)","Combinación de portero y jugador de campo.","","","high","","",""
"generated.squadText.fixed","generated:squadText","generated","(source: 適性未確認（近いポジション）)","Idoneidad sin confirmar (posición cercana)","","","high","","",""
"generated.squadText.fixed","generated:squadText","generated","(source: 同じ系統のポジションですが、副ポジション適性は未確認です。)","Mismo grupo de posiciones, pero la idoneidad para la posición secundaria no está confirmada.","","","high","","",""
"generated.squadText.fixed","generated:squadText","generated","(source: 副ポジション適性のデータがありません。能力値は下げていません。)","No hay datos de idoneidad para posiciones secundarias. Los atributos no se reducen.","","","high","","",""
"generated.squadText.fixed","generated:squadText","generated","(source: 未配置)","Sin colocar","","","high","","",""
"generated.squadText.fixed","generated:squadText","generated","(source: 発動条件の照合のみ対応。ゲーム内効果は追加検証中です。)","Solo se comprueban las condiciones de activación. Los efectos en el juego aún se están verificando.","","","high","","",""
"generated.squadText.fixed","generated:squadText","generated","(source: キャプテン)","capitán","","","high","","",""
"generated.squadText.fixed","generated:squadText","generated","(source: 左右CK担当)","lanzador de córners","","","high","","",""
"generated.squadText.fixed","generated:squadText","generated","(source: FK担当)","lanzador de faltas","","","high","","",""
"generated.squadText.fixed","generated:squadText","generated","(source: PK担当)","lanzador de penaltis","","","high","","",""
"generated.squadText.fixed","generated:squadText","generated","(source: Link-Up 中心選手)","pieza central de Link-Up","","","high","","",""
"generated.squadText.fixed","generated:squadText","generated","(source: Link-Up キーマン)","jugador clave de Link-Up","","","high","","",""
"generated.squadText.fixed","generated:squadText","generated","(source: 先発を入れ替えました)","Titulares intercambiados","","","high","","",""
"generated.squadText.fixed","generated:squadText","generated","(source: 選手を移動しました)","Jugador movido","","","high","","",""
"generated.squadText.fixed","generated:squadText","generated","(source: 先発をベンチへ移動しました)","Titular movido al banquillo","","","high","","",""
"generated.squadText.fixed","generated:squadText","generated","(source: 先発とベンチを交代しました)","Titular cambiado por un jugador del banquillo","","","high","","",""
"generated.squadText.fixed","generated:squadText","generated","(source: ベンチと先発を交代しました)","Jugador del banquillo cambiado por un titular","","","high","","",""
"generated.squadText.fixed","generated:squadText","generated","(source: ベンチ選手を先発へ移動しました)","Jugador del banquillo movido al once inicial","","","high","","",""
"generated.squadText.fixed","generated:squadText","generated","(source: ベンチの順番を変更しました)","Banquillo reordenado","","","high","","",""
"generated.squadText.fixed","generated:squadText","generated","(source: 配置を左右反転しました)","Colocación reflejada","","","high","","",""
"generated.squadText.fixed","generated:squadText","generated","(source: 先発から外しました)","Quitado del once inicial","","","high","","",""
"generated.squadText.fixed","generated:squadText","generated","(source: ベンチから外しました)","Quitado del banquillo","","","high","","",""
"generated.squadText.fixed","generated:squadText","generated","(source: 新しいスカッド)","Nueva plantilla","","","high","","",""
"generated.squadText.fixed","generated:squadText","generated","(source: スカッド名を入力してください（1〜50文字）)","Escribe un nombre de plantilla (1–50 caracteres).","","","high","","",""
"generated.squadText.fixed","generated:squadText","generated","(source: スカッドIDが不正です)","ID de plantilla no válido.","","","high","","",""
"generated.squadText.fixed","generated:squadText","generated","(source: スカッドの形式が不正です)","Formato de plantilla no válido.","","","high","","",""
"generated.squadText.fixed","generated:squadText","generated","(source: この環境ではスカッドを保存できません（localStorage 不可）)","No se pueden guardar plantillas en este entorno (localStorage no disponible).","","","high","","",""
"generated.squadText.fixed","generated:squadText","generated","(source: 対象のスカッドが見つかりません)","No se encontró la plantilla.","","","high","","",""
"generated.squadText.fixed","generated:squadText","generated","(source: この環境ではスカッドを更新できません（localStorage 不可）)","No se pueden actualizar plantillas en este entorno (localStorage no disponible).","","","high","","",""
"generated.squadText.fixed","generated:squadText","generated","(source: この環境ではスカッドを更新できません)","No se pueden actualizar plantillas en este entorno.","","","high","","",""
"generated.squadText.fixed","generated:squadText","generated","(source: テンプレートの保存データが壊れていたため空にしました。)","Los datos guardados de modelos de plantilla estaban dañados, así que se vaciaron.","","","high","","",""
"generated.squadText.fixed","generated:squadText","generated","(source: テンプレート名を入力してください)","Escribe un nombre de modelo de plantilla.","","","high","","",""
"generated.squadText.fixed","generated:squadText","generated","(source: この環境ではテンプレートを保存できません)","No se pueden guardar modelos de plantilla en este entorno.","","","high","","",""
"generated.squadText.fixed","generated:squadText","generated","(source: テンプレートが見つかりません)","No se encontró el modelo de plantilla.","","","high","","",""
"generated.squadText.fixed","generated:squadText","generated","(source: この環境ではテンプレートを更新できません)","No se pueden actualizar modelos de plantilla en este entorno.","","","high","","",""
"generated.squadText:cac96335","generated:squadText","generated","(template; tokens {N} etc. must stay)","{1}: la build guardada usa reglas antiguas (se recalcula con las reglas actuales; el reparto puede interpretarse de otra forma).","","","high","","",""
"generated.squadText:3a41a3d6","generated:squadText","generated","(template; tokens {N} etc. must stay)","{1}: posiblemente no idóneo para {2} (los atributos no se reducen).","","","high","","",""
"generated.squadText:b91c465e","generated:squadText","generated","(template; tokens {N} etc. must stay)","Titulares: {1}/11.","","","high","","",""
"generated.squadText:0070c291","generated:squadText","generated","(template; tokens {N} etc. must stay)","Los potenciadores confirmados del entrenador ""{1}"" se aplican a todos los jugadores.","","","high","","",""
"generated.squadText:50f95a08","generated:squadText","generated","(template; tokens {N} etc. must stay)","Los efectos de los potenciadores del entrenador ""{1}"" no están confirmados, así que no se aplican (solo se muestran).","","","high","","",""
"generated.squadText:7af134e0","generated:squadText","generated","(template; tokens {N} etc. must stay)","Se quitó {roles:1} porque el jugador salió del once inicial.","","","high","","",""
"generated.squadText:662dc1f7","generated:squadText","generated","(template; tokens {N} etc. must stay)","Se quitó {roles:1}.","","","high","","",""
"generated.squadText:f6f91957","generated:squadText","generated","(template; tokens {N} etc. must stay)","Puedes guardar hasta {1} plantillas.","","","high","","",""
"generated.squadText:141eb4d6","generated:squadText","generated","(template; tokens {N} etc. must stay)","Copia de {1}","","","high","","",""
"generated.squadText:4cc9279b","generated:squadText","generated","(template; tokens {N} etc. must stay)","Se vació por una versión de almacenamiento desconocida ({1}).","","","high","","",""
"generated.squadText:b4104aeb","generated:squadText","generated","(template; tokens {N} etc. must stay)","Puedes guardar hasta {1} modelos de plantilla.","","","high","","",""
"generated.squadDiagnosis.fixed","generated:squadDiagnosis","generated","(source: 攻撃)","Ataque","","","high","","",""
"generated.squadDiagnosis.fixed","generated:squadDiagnosis","generated","(source: 守備)","Defensa","","","high","","",""
"generated.squadDiagnosis.fixed","generated:squadDiagnosis","generated","(source: 空中戦)","Juego aéreo","","","high","","",""
"generated.squadDiagnosis.fixed","generated:squadDiagnosis","generated","(source: スピード)","Velocidad","","","high","","",""
"generated.squadDiagnosis.fixed","generated:squadDiagnosis","generated","(source: パス・ビルドアップ)","Pase y construcción","","","high","","",""
"generated.squadDiagnosis.fixed","generated:squadDiagnosis","generated","(source: ドリブル・ボール保持)","Regate y posesión","","","high","","",""
"generated.squadDiagnosis.fixed","generated:squadDiagnosis","generated","(source: プレス適性)","Presión","","","high","","",""
"generated.squadDiagnosis.fixed","generated:squadDiagnosis","generated","(source: カウンター適性)","Contraataque","","","high","","",""
"generated.squadDiagnosis.fixed","generated:squadDiagnosis","generated","(source: 選手配置の充足状況)","Plantilla completa","","","high","","",""
"generated.squadDiagnosis.fixed","generated:squadDiagnosis","generated","(source: この評価は、登録された選手能力・育成・配置にもとづくスカッド構成評価です。試合結果やプレイヤースキル、全国順位・勝率を保証するものではありません。)","Esta es una valoración de la composición de la plantilla basada en los atributos, la progresión y la colocación de los jugadores registrados. No garantiza resultados de partidos, habilidad del jugador, clasificaciones ni porcentajes de victorias.","","","high","","",""
"generated.squadDiagnosis.fixed","generated:squadDiagnosis","generated","(source: 既存の比較カテゴリ定義（COMPARE_CATEGORIES.attack）と同一の能力集合を採用)","Mismo conjunto de atributos que la categoría de comparación existente (COMPARE_CATEGORIES.attack)","","","high","","",""
"generated.squadDiagnosis.fixed","generated:squadDiagnosis","generated","(source: 既存の比較カテゴリ定義（COMPARE_CATEGORIES.defense）と同一の能力集合を採用)","Mismo conjunto de atributos que la categoría de comparación existente (COMPARE_CATEGORIES.defense)","","","high","","",""
"generated.squadDiagnosis.fixed","generated:squadDiagnosis","generated","(source: 既存の育成カテゴリ定義（stat-groups.ts の aerialStrength）と同一の能力集合を採用)","Mismo conjunto de atributos que la categoría de progresión existente (aerialStrength en stat-groups.ts)","","","high","","",""
"generated.squadDiagnosis.fixed","generated:squadDiagnosis","generated","(source: 既存の比較カテゴリ定義（COMPARE_CATEGORIES.speed）と同一の能力集合を採用)","Mismo conjunto de atributos que la categoría de comparación existente (COMPARE_CATEGORIES.speed)","","","high","","",""
"generated.squadDiagnosis.fixed","generated:squadDiagnosis","generated","(source: グラウンダーパス・フライパスに、パス精度を支えるボールコントロールを加えた集合)","Pase raso y Pase bombeado, más Control del balón, que respalda la precisión del pase","","","high","","",""
"generated.squadDiagnosis.fixed","generated:squadDiagnosis","generated","(source: 既存の比較カテゴリ定義（COMPARE_CATEGORIES.dribble）と同一の能力集合を採用)","Mismo conjunto de atributos que la categoría de comparación existente (COMPARE_CATEGORIES.dribble)","","","high","","",""
"generated.squadDiagnosis.fixed","generated:squadDiagnosis","generated","(source: プレッシングに関与する運動量・寄せの速さに関する能力の集合)","Atributos relacionados con el despliegue físico y la rapidez para presionar al rival","","","high","","",""
"generated.squadDiagnosis.fixed","generated:squadDiagnosis","generated","(source: 速攻の推進力（スピード）と飛び出しの判断（オフェンスセンス）に関する能力の集合)","Atributos relacionados con el empuje en el contraataque (Velocidad) y el momento de los desmarques (Actitud ofensiva)","","","high","","",""
"generated.squadDiagnosis.fixed","generated:squadDiagnosis","generated","(source: 判定対象外（対象となるフィールドプレイヤーが先発にいません）)","Sin valorar (no hay jugadores de campo elegibles en el once inicial)","","","high","","",""
"generated.squadDiagnosis.fixed","generated:squadDiagnosis","generated","(source: 対象能力)","Atributos objetivo","","","high","","",""
"generated.squadDiagnosis.fixed","generated:squadDiagnosis","generated","(source: 採用理由)","Por qué este conjunto","","","high","","",""
"generated.squadDiagnosis.fixed","generated:squadDiagnosis","generated","(source: 対象選手数)","Jugadores contados","","","high","","",""
"generated.squadDiagnosis.fixed","generated:squadDiagnosis","generated","(source: 使用した能力)","Atributos usados","","","high","","",""
"generated.squadDiagnosis.fixed","generated:squadDiagnosis","generated","(source: 平均値)","Promedio","","","high","","",""
"generated.squadDiagnosis.fixed","generated:squadDiagnosis","generated","(source: 最高)","Más alto","","","high","","",""
"generated.squadDiagnosis.fixed","generated:squadDiagnosis","generated","(source: 最低)","Más bajo","","","high","","",""
"generated.squadDiagnosis.fixed","generated:squadDiagnosis","generated","(source: 先発の配置人数・適性・ベンチ人数から減点方式で算出（能力値は使用しない）)","Calculado mediante deducciones según la colocación de titulares, la idoneidad y el tamaño del banquillo (no se usan los atributos)","","","high","","",""
"generated.squadDiagnosis.fixed","generated:squadDiagnosis","generated","(source: 先発配置)","Titulares colocados","","","high","","",""
"generated.squadDiagnosis.fixed","generated:squadDiagnosis","generated","(source: ベンチ人数)","Jugadores en el banquillo","","","high","","",""
"generated.squadDiagnosis.fixed","generated:squadDiagnosis","generated","(source: 適性未確認)","Idoneidad sin confirmar","","","high","","",""
"generated.squadDiagnosis.fixed","generated:squadDiagnosis","generated","(source: 不適性の可能性)","Posiblemente no idóneo","","","high","","",""
"generated.squadDiagnosis.fixed","generated:squadDiagnosis","generated","(source: 減点重み)","Pesos de deducción","","","high","","",""
"generated.squadDiagnosis.fixed","generated:squadDiagnosis","generated","(source: 不明)","Desconocido","","","high","","",""
"generated.squadDiagnosis.fixed","generated:squadDiagnosis","generated","(source: 保存ビルド参照の見直し)","Revisar referencias a builds guardadas","","","high","","",""
"generated.squadDiagnosis.fixed","generated:squadDiagnosis","generated","(source: 保存ビルドの設定)","Asignar builds guardadas","","","high","","",""
"generated.squadDiagnosis.fixed","generated:squadDiagnosis","generated","(source: 配置の見直し)","Revisar colocación","","","high","","",""
"generated.squadDiagnosis.fixed","generated:squadDiagnosis","generated","(source: 先発の空き枠)","Puestos de titular vacíos","","","high","","",""
"generated.squadDiagnosis.fixed","generated:squadDiagnosis","generated","(source: ベンチ入れ替え候補)","Candidato para cambio desde el banquillo","","","high","","",""
"generated.squadDiagnosis.fixed","generated:squadDiagnosis","generated","(source: 判定対象外（有効な評価項目がありません。先発にフィールドプレイヤーを配置してください）)","Sin valorar (no hay categorías válidas; coloca jugadores de campo en el once inicial)","","","high","","",""
"generated.squadDiagnosis:3fdd331e","generated:squadDiagnosis","generated","(template; tokens {N} etc. must stay)","Promedio de los atributos objetivo (valores finales estándar) de {1, plural, one {# titular de campo} other {# titulares de campo}} (sin contar el GK)","","","high","","",""
"generated.squadDiagnosis:67568b8d","generated:squadDiagnosis","generated","(template; tokens {N} etc. must stay)","{1}","","","high","","",""
"generated.squadDiagnosis:3c8935ee","generated:squadDiagnosis","generated","(template; tokens {N} etc. must stay)","{1} / {2}","","","high","","",""
"generated.squadDiagnosis:ef47a0c7","generated:squadDiagnosis","generated","(template; tokens {N} etc. must stay)","{1}","","","high","","",""
"generated.squadDiagnosis:eec6521b","generated:squadDiagnosis","generated","(template; tokens {N} etc. must stay)","{1}","","","high","","",""
"generated.squadDiagnosis:fc30964a","generated:squadDiagnosis","generated","(template; tokens {N} etc. must stay)","Puesto vacío ×{1} / Idoneidad sin confirmar ×{2} / No idóneo ×{3} / Banquillo vacío ×{4}","","","high","","",""
"generated.squadDiagnosis:064944c7","generated:squadDiagnosis","generated","(template; tokens {N} etc. must stay)","{cat:1}: valoración alta (rango {2}, {3} puntos).","","","high","","",""
"generated.squadDiagnosis:b3f49da1","generated:squadDiagnosis","generated","(template; tokens {N} etc. must stay)","{cat:1}: valoración baja (rango {2}, {3} puntos).","","","high","","",""
"generated.squadDiagnosis:b3e379dc","generated:squadDiagnosis","generated","(template; tokens {N} etc. must stay)","Referencia a build guardada de {1}","","","high","","",""
"generated.squadDiagnosis:d16d688c","generated:squadDiagnosis","generated","(template; tokens {N} etc. must stay)","No se puede resolver la referencia a la build guardada (estado: {1}). No es un error de datos; puede que la referencia haya quedado desactualizada tras una eliminación o reasignación.","","","high","","",""
"generated.squadDiagnosis:310a9e74","generated:squadDiagnosis","generated","(template; tokens {N} etc. must stay)","Idoneidad de colocación de {1}","","","high","","",""
"generated.squadDiagnosis:32a083c3","generated:squadDiagnosis","generated","(template; tokens {N} etc. must stay)","Puede que la posición registrada ({pos:1}) y la colocación ({2}) difieran mucho (los atributos no se cambian).","","","high","","",""
"generated.squadDiagnosis:22dd510e","generated:squadDiagnosis","generated","(template; tokens {N} etc. must stay)","La colocación y la idoneidad de los titulares se pueden mejorar ({1} puntos). Consulta los fundamentos para ver los detalles.","","","high","","",""
"generated.squadDiagnosis:c11ba0c6","generated:squadDiagnosis","generated","(template; tokens {N} etc. must stay)","No se pueden resolver las referencias a builds guardadas de {1}. Vuelve a elegir las builds guardadas (no se reparan automáticamente).","","","high","","",""
"generated.squadDiagnosis:d20fa24f","generated:squadDiagnosis","generated","(template; tokens {N} etc. must stay)","{1} no tienen build guardada, así que su progresión completa no se refleja del todo. Asignar builds guardadas con progresión y potenciadores da una valoración más realista.","","","high","","",""
"generated.squadDiagnosis:0ad10858","generated:squadDiagnosis","generated","(template; tokens {N} etc. must stay)","Revisa la idoneidad de colocación de {1}.","","","high","","",""
"generated.squadDiagnosis:84c4854e","generated:squadDiagnosis","generated","(template; tokens {N} etc. must stay)","Titulares: {1}/{2}. Rellenar los puestos vacíos hace la valoración más precisa.","","","high","","",""
"generated.squadDiagnosis:d13a5c47","generated:squadDiagnosis","generated","(template; tokens {N} etc. must stay)","En {cat:1}, {2} del banquillo ({3}) supera al titular {4} ({5}). Puedes plantearte cambiarlos (no se aplica automáticamente).","","","high","","",""
"generated.squadDiagnosis:ad516d61","generated:squadDiagnosis","generated","(template; tokens {N} etc. must stay)","Promedio simple de {1}/{2} categorías valorables","","","high","","",""
"generated.perspectives.fixed","generated:perspectives","generated","(source: 控えの厚み)","Profundidad del banquillo","","","high","","",""
"generated.perspectives.fixed","generated:perspectives","generated","(source: 控えがいるライン数)","Líneas con suplente","","","high","","",""
"generated.perspectives.fixed","generated:perspectives","generated","(source: GK・DF・MF・FW のうち控えが 1 人以上いるライン数)","Número de líneas (GK, DF, MF, FW) con al menos un suplente","","","high","","",""
"generated.perspectives.fixed","generated:perspectives","generated","(source: 控えと先発の能力差の平均)","Diferencia media de atributos entre suplentes y titulares","","","high","","",""
"generated.perspectives.fixed","generated:perspectives","generated","(source: ラインごとに（控えの全能力平均 − 先発の全能力平均）を出し、その平均。GK 能力も含むため値の意味は暫定)","Por línea (promedio de todos los atributos de los suplentes − promedio de todos los atributos de los titulares) y luego se promedia. Incluye los atributos de portero, así que el significado es provisional","","","high","","",""
"generated.perspectives.fixed","generated:perspectives","generated","(source: 控えがいない)","Sin suplentes","","","high","","",""
"generated.perspectives.fixed","generated:perspectives","generated","(source: カードを解決できない控えがいる（能力差の計算から除外）)","No se pudieron resolver las cartas de algunos suplentes (excluidos de la diferencia)","","","high","","",""
"generated.perspectives.fixed","generated:perspectives","generated","(source: 左)","Izquierda","","","high","","",""
"generated.perspectives.fixed","generated:perspectives","generated","(source: 右)","Derecha","","","high","","",""
"generated.perspectives.fixed","generated:perspectives","generated","(source: 左右バランス)","Equilibrio izquierda/derecha","","","high","","",""
"generated.perspectives.fixed","generated:perspectives","generated","(source: 左右の人数の差)","Diferencia de jugadores izquierda/derecha","","","high","","",""
"generated.perspectives.fixed","generated:perspectives","generated","(source: 人)","","","","high","","",""
"generated.perspectives.fixed","generated:perspectives","generated","(source: 左右の外側のレーンにいるフィールドプレーヤーの人数の差（評価しない）)","Diferencia de jugadores de campo en los carriles exteriores izquierdo y derecho (no se evalúa)","","","high","","",""
"generated.perspectives.fixed","generated:perspectives","generated","(source: 左右の攻守能力の差)","Diferencia de atributos de ataque y defensa izquierda/derecha","","","high","","",""
"generated.perspectives.fixed","generated:perspectives","generated","(source: サイドごとの（攻撃平均と守備平均の平均）の差。重みは暫定。差が大きい＝弱いとは限らない)","Diferencia por lado del (promedio de los promedios de ataque y defensa). Los pesos son provisionales. Una diferencia mayor no significa necesariamente más débil","","","high","","",""
"generated.perspectives.fixed","generated:perspectives","generated","(source: 外側のレーンに選手がいない)","No hay jugadores en el carril exterior","","","high","","",""
"generated.perspectives.fixed","generated:perspectives","generated","(source: 配置座標が無い選手がいる)","Algunos jugadores no tienen coordenadas de colocación","","","high","","",""
"generated.perspectives.fixed","generated:perspectives","generated","(source: 役割の重複（控えを含む）)","Roles repetidos (incluidos suplentes)","","","high","","",""
"generated.perspectives.fixed","generated:perspectives","generated","(source: 同じプレースタイルの選手は 2 人以上いない)","Ningún estilo de juego lo comparten 2 o más jugadores","","","high","","",""
"generated.perspectives.fixed","generated:perspectives","generated","(source: 先発で重複するプレースタイル数)","Estilos de juego repetidos entre titulares","","","high","","",""
"generated.perspectives.fixed","generated:perspectives","generated","(source: 種類)"," tipos","","","high","","",""
"generated.perspectives.fixed","generated:perspectives","generated","(source: 先発 11 人で 2 人以上いるプレースタイルの種類数（basic を除く）)","Número de estilos de juego que tienen 2 o más de los 11 titulares (sin contar basic)","","","high","","",""
"generated.perspectives.fixed","generated:perspectives","generated","(source: 控えを含めた重複数)","Repeticiones incluidos suplentes","","","high","","",""
"generated.perspectives.fixed","generated:perspectives","generated","(source: 先発と控えを合わせた重複の種類数。重複が悪いとは言えない（控えは同じ役割の交代要員でもある）)","Número de estilos repetidos entre titulares y suplentes. Repetir no es necesariamente malo (los suplentes pueden cubrir el mismo rol)","","","high","","",""
"generated.perspectives.fixed","generated:perspectives","generated","(source: プレースタイルが不明な選手がいる)","Se desconoce el estilo de juego de algunos jugadores","","","high","","",""
"generated.perspectives.fixed","generated:perspectives","generated","(source: 監督適合)","Encaje con el entrenador","","","high","","",""
"generated.perspectives.fixed","generated:perspectives","generated","(source: 監督が設定されていないか、戦術適性を読めない)","No hay entrenador asignado o no se puede leer su dominio táctico","","","high","","",""
"generated.perspectives.fixed","generated:perspectives","generated","(source: 得意戦術と一致するプレースタイルの人数)","Jugadores cuyo estilo encaja con la mejor táctica","","","high","","",""
"generated.perspectives.fixed","generated:perspectives","generated","(source: 監督の最も高い戦術適性に対応するプレースタイルの先発人数（対応表は暫定）)","Titulares con un estilo de juego que encaja con la mejor táctica del entrenador (correspondencia provisional)","","","high","","",""
"generated.perspectives.fixed","generated:perspectives","generated","(source: 公式の補正量で補正)","Ajustado con la bonificación oficial","","","high","","",""
"generated.perspectives.fixed","generated:perspectives","generated","(source: 公式の補正量は未確認のため計算しない)","No se calcula porque la bonificación oficial no está confirmada","","","high","","",""
"generated.perspectives.fixed","generated:perspectives","generated","(source: 監督の戦術適性)","Dominio táctico del entrenador","","","high","","",""
"generated.perspectives.fixed","generated:perspectives","generated","(source: 戦術ごとの公式の補正量（未確認）)","Bonificación oficial por táctica (sin confirmar)","","","high","","",""
"generated.perspectives.fixed","generated:perspectives","generated","(source: 暫定の対応表（PROVISIONAL_TACTIC_STYLES）による一致数。公式の根拠はない)","Coincidencias según la correspondencia provisional (PROVISIONAL_TACTIC_STYLES). Sin base oficial","","","high","","",""
"generated.perspectives.fixed","generated:perspectives","generated","(source: プレースタイルが不明な先発がいる)","Se desconoce el estilo de juego de algunos titulares","","","high","","",""
"generated.perspectives.fixed","generated:perspectives","generated","(source: フォーメーション適合)","Encaje con la formación","","","high","","",""
"generated.perspectives.fixed","generated:perspectives","generated","(source: 本職の人数)","Jugadores en su posición natural","","","high","","",""
"generated.perspectives.fixed","generated:perspectives","generated","(source: 登録ポジションと配置ポジションが一致する先発の人数)","Titulares cuya colocación coincide con su posición registrada","","","high","","",""
"generated.perspectives.fixed","generated:perspectives","generated","(source: 適性の段階の重み付き)","Ponderado por nivel de idoneidad","","","high","","",""
"generated.perspectives.fixed","generated:perspectives","generated","(source: 本職 1・近いポジション 0.5・適性外 0 の平均（重み 0.5 は暫定）)","Promedio de natural 1, posición cercana 0,5, fuera de posición 0 (el peso 0,5 es provisional)","","","high","","",""
"generated.perspectives.fixed","generated:perspectives","generated","(source: 配置ポジションへの適性が確認できない)","No se puede confirmar la idoneidad para la colocación","","","high","","",""
"generated.perspectives.fixed","generated:perspectives","generated","(source: 副ポジションの適性の段階（一部しか無い）)","Niveles de idoneidad para posiciones secundarias (solo disponibles en parte)","","","high","","",""
"generated.perspectives.fixed","generated:perspectives","generated","(source: 先発 GK がいない)","No hay GK titular","","","high","","",""
"generated.perspectives.fixed","generated:perspectives","generated","(source: GK 能力の平均)","Promedio de atributos de portero","","","high","","",""
"generated.perspectives.fixed","generated:perspectives","generated","(source: GK 専用 5 能力の平均（フィールドの能力は含めない）)","Promedio de los 5 atributos exclusivos de portero (sin atributos de campo)","","","high","","",""
"generated.perspectives.fixed","generated:perspectives","generated","(source: GK 能力の最小値)","Atributo de portero más bajo","","","high","","",""
"generated.perspectives.fixed","generated:perspectives","generated","(source: 最も低い GK 能力（弱点の大きさとして使えるかは比較で判断）)","Atributo de portero más bajo (si indica un punto débil se determina por comparación)","","","high","","",""
"generated.perspectives.fixed","generated:perspectives","generated","(source: F-071 の GK 能力分布での位置（未接続）)","Posición en la distribución de atributos de portero de F-071 (sin conectar)","","","high","","",""
"generated.perspectives.fixed","generated:perspectives","generated","(source: GK のカードを解決できない)","No se pudo resolver la carta del GK","","","high","","",""
"generated.perspectives.fixed","generated:perspectives","generated","(source: 空中戦（身長の補正）)","Juego aéreo (ajuste por altura)","","","high","","",""
"generated.perspectives.fixed","generated:perspectives","generated","(source: 補正なし（現状）)","Sin ajuste (actual)","","","high","","",""
"generated.perspectives.fixed","generated:perspectives","generated","(source: ヘディング・ジャンプ・フィジカルコンタクトの平均（既存の空中戦と同じ能力集合）)","Promedio de Cabeceo, Salto y Contacto físico (mismo conjunto que el Juego aéreo existente)","","","high","","",""
"generated.perspectives.fixed","generated:perspectives","generated","(source: 身長の段階で加点)","Bonificación por altura","","","high","","",""
"generated.perspectives.fixed","generated:perspectives","generated","(source: 190cm 以上 +3・185 以上 +2・180 以上 +1・175 未満 −1（公式の根拠なし）)","190 cm o más +3, 185 o más +2, 180 o más +1, menos de 175 −1 (sin base oficial)","","","high","","",""
"generated.perspectives.fixed","generated:perspectives","generated","(source: 身長が空中戦に与える公式の影響（根拠なし）)","Efecto oficial de la altura en el juego aéreo (sin base)","","","high","","",""
"generated.perspectives.fixed","generated:perspectives","generated","(source: 身長が分からない選手がいる（B は計算しない）)","Se desconoce la altura de algunos jugadores (no se calcula B)","","","high","","",""
"generated.perspectives.fixed","generated:perspectives","generated","(source: 空中戦（ポジション・利き足の補正）)","Juego aéreo (ajuste por posición y pie preferido)","","","high","","",""
"generated.perspectives.fixed","generated:perspectives","generated","(source: 先発フィールドプレーヤーの空中戦の能力の単純平均（空中戦（身長の補正）の A と同じ値）)","Promedio simple de los atributos de juego aéreo de los titulares de campo (mismo valor que A en Juego aéreo (ajuste por altura))","","","high","","",""
"generated.perspectives.fixed","generated:perspectives","generated","(source: ポジションの重み付き)","Ponderado por posición","","","high","","",""
"generated.perspectives.fixed","generated:perspectives","generated","(source: CB・CF の重み 1、その他 0.5 の加重平均（重みは暫定）)","Promedio ponderado con CB y CF a 1 y el resto a 0,5 (pesos provisionales)","","","high","","",""
"generated.perspectives.fixed","generated:perspectives","generated","(source: 利き足の補正)","Ajuste por pie preferido","","","high","","",""
"generated.perspectives.fixed","generated:perspectives","generated","(source: 利き足と空中戦の関係に公式の根拠が無いため計算しない)","No se calcula porque no hay base oficial para la relación entre pie preferido y juego aéreo","","","high","","",""
"generated.perspectives.fixed","generated:perspectives","generated","(source: 空中戦の比重が大きい配置で空中戦の能力が 70 未満)","Atributos de juego aéreo por debajo de 70 en una colocación con mucho peso aéreo","","","high","","",""
"generated.perspectives.fixed","generated:perspectives","generated","(source: 利き足と空中戦の公式の関係（根拠なし）)","Relación oficial entre pie preferido y juego aéreo (sin base)","","","high","","",""
"generated.perspectives.fixed","generated:perspectives","generated","(source: 利き足が分からない選手がいる)","Se desconoce el pie preferido de algunos jugadores","","","high","","",""
"generated.perspectives.fixed","generated:perspectives","generated","(source: なし)","Ninguno","","","high","","",""
"generated.perspectives:c9e8ae9e","generated:perspectives","generated","(template; tokens {N} etc. must stay)","Banquillo: {1}","","","high","","",""
"generated.perspectives:5dd4237d","generated:perspectives","generated","(template; tokens {N} etc. must stay)","{1}: titulares {2}, suplentes {3}","","","high","","",""
"generated.perspectives:53812a09","generated:perspectives","generated","(template; tokens {N} etc. must stay)","Si añades un suplente de {1}, A pasa a {2}","","","high","","",""
"generated.perspectives:ca025a5d","generated:perspectives","generated","(template; tokens {N} etc. must stay)","Izquierda {1}, derecha {2} (centro {3})","","","high","","",""
"generated.perspectives:4d3aa439","generated:perspectives","generated","(template; tokens {N} etc. must stay)","Lado {side:1}","","","high","","",""
"generated.perspectives:ab775b86","generated:perspectives","generated","(template; tokens {N} etc. must stay)","Jugadores del lado {side:1}","","","high","","",""
"generated.perspectives:7216a5d0","generated:perspectives","generated","(template; tokens {N} etc. must stay)","Si mueves un jugador al lado {side:1}, A pasa a {2} (no hace falta cambiarlo si es una decisión táctica)","","","high","","",""
"generated.perspectives:9cfc1aac","generated:perspectives","generated","(template; tokens {N} etc. must stay)","{1}: {2} (titulares: {3})","","","high","","",""
"generated.perspectives:448df7d1","generated:perspectives","generated","(template; tokens {N} etc. must stay)","Estilo de juego repetido: {1}","","","high","","",""
"generated.perspectives:3e6f5751","generated:perspectives","generated","(template; tokens {N} etc. must stay)","Mejor táctica del entrenador: {1} ({2})","","","high","","",""
"generated.perspectives:03fcab53","generated:perspectives","generated","(template; tokens {N} etc. must stay)","Estilos de juego considerados compatibles (provisional): {fixed:1}","","","high","","",""
"generated.perspectives:58058d21","generated:perspectives","generated","(template; tokens {N} etc. must stay)","{1} encaja con {2} (provisional)","","","high","","",""
"generated.perspectives:db62ef98","generated:perspectives","generated","(template; tokens {N} etc. must stay)","Natural {1}, cercana {2}, fuera de posición {3} (colocados {4}/{5})","","","high","","",""
"generated.perspectives:7d9933e0","generated:perspectives","generated","(template; tokens {N} etc. must stay)","Si cambias a los {1} jugadores fuera de posición por jugadores en su posición natural, A pasa a {2}","","","high","","",""
"generated.perspectives:e3f2e451","generated:perspectives","generated","(template; tokens {N} etc. must stay)","GK titular: {1}","","","high","","",""
"generated.perspectives:c2186bb5","generated:perspectives","generated","(template; tokens {N} etc. must stay)","Atributo de portero más bajo: {stat:1}","","","high","","",""
"generated.perspectives:f1fe8ff6","generated:perspectives","generated","(template; tokens {N} etc. must stay)","Titulares con altura conocida: {1}/{2}","","","high","","",""
"generated.perspectives:ddd4c9e0","generated:perspectives","generated","(template; tokens {N} etc. must stay)","{1}, altura {2} cm","","","high","","",""
"generated.perspectives:40adf83a","generated:perspectives","generated","(template; tokens {N} etc. must stay)","Colocaciones con mucho peso aéreo (CB, CF): {1}","","","high","","",""
"generated.perspectives:8d6fa3cd","generated:perspectives","generated","(template; tokens {N} etc. must stay)","Titulares con pie preferido conocido: {1}/{2}","","","high","","",""
