"key","feature","surface","source_en","draft","suggested_alternative","max_length","severity","decision","reviewer_comment","reviewed_date"
"common.loading","common","core","Loading","載入中","","12","high","","",""
"common.errorTitle","common","core","Something went wrong","發生問題","","26","high","","",""
"common.errorDescription","common","core","Please try again in a moment. If the problem persists, reload the page.","請稍後再試。如果問題持續發生，請重新整理頁面。","","","high","","",""
"common.retry","common","core","Retry","重試","","12","high","","",""
"common.back","common","core","Back","返回","","12","high","","",""
"common.home","common","core","Go home","回到首頁","","12","high","","",""
"common.save","common","core","Save","儲存","","12","high","","",""
"common.cancel","common","core","Cancel","取消","","12","high","","",""
"common.close","common","core","Close","關閉","","12","high","","",""
"common.confirm","common","core","Confirm","確認","","12","high","","",""
"common.unknownPlayer","common","core","Unknown Player","未知球員","","19","high","","",""
"common.legalEnglishOnlyNotice","common","core","This document is provided in Japanese and English.","本文件提供日文與英文版本。","","","high","","",""
"pageError.title","pageError","core","An error occurred while displaying this page","顯示此頁面時發生錯誤","","","high","","",""
"pageError.description","pageError","core","Failed to load data. If retrying doesn't fix it, reload the page.","無法載入資料。如果重試仍無法解決，請重新整理頁面。","","","high","","",""
"pageError.codeLabelPrefix","pageError","core","Code: ","代碼：","","12","high","","",""
"pageError.iconAriaLabel","pageError","core","Error","錯誤","","12","high","","",""
"notFoundPage.title","notFoundPage","core","Page not found","找不到頁面","","19","high","","",""
"notFoundPage.description","notFoundPage","core","The page or player you're looking for doesn't exist or may have moved.","你要找的頁面或球員不存在，或可能已被移動。","","","high","","",""
"notFoundPage.playersLink","notFoundPage","core","Go to players list","前往球員列表","","24","high","","",""
"homePage.alphaNoticeBanner","homePage","ui","TeamAIXI v1.0 is a free, unofficial squad analysis tool for eFootball™ that works without signing in. It is not an official KONAMI or eFootball™ service. Account features are planned for a future update.","TeamAIXI v1.0 是免費、免登入即可使用的非官方 eFootball™ 陣容分析工具。本工具並非 KONAMI 或 eFootball™ 的官方服務。帳戶功能預計在未來的更新中提供。","","","medium","","",""
"homePage.alphaNoticeDetailsLinkLabel","homePage","ui","About TeamAIXI","關於 TeamAIXI","","19","medium","","",""
"homePage.heroBadge","homePage","ui","Unofficial squad analysis tool for eFootball™","非官方 eFootball™ 陣容分析工具","","59","medium","","",""
"homePage.quickStartHeading","homePage","ui","What you can do with TeamAIXI","TeamAIXI 能做什麼","","38","medium","","",""
"homePage.quickStep1Title","homePage","ui","Find players","尋找球員","","16","medium","","",""
"homePage.quickStep1Body","homePage","ui","Search by name, World ID or position.","依名稱、World ID 或位置搜尋。","","","medium","","",""
"homePage.quickStep2Title","homePage","ui","Train a player","培養球員","","19","medium","","",""
"homePage.quickStep2Body","homePage","ui","On a player page, tap abilities or use the sliders to see final values.","在球員頁面點選能力值或使用滑桿，查看最終數值。","","","medium","","",""
"homePage.quickStep3Title","homePage","ui","Compare players","比較球員","","20","medium","","",""
"homePage.quickStep3Body","homePage","ui","Put up to four players side by side.","最多可並排比較四名球員。","","","medium","","",""
"homePage.quickStep4Title","homePage","ui","Build My Team","建立我的球隊","","17","medium","","",""
"homePage.quickStep4Body","homePage","ui","Save the cards you own in this browser (no sign-in).","將你擁有的球員卡儲存在此瀏覽器中（免註冊）。","","","medium","","",""
"homePage.quickStep5Title","homePage","ui","Diagnose a squad","診斷陣容","","21","medium","","",""
"homePage.quickStep5Body","homePage","ui","Pick a formation and players to see strengths and weaknesses.","選擇陣型與球員，查看優勢與弱點。","","","medium","","",""
"homePage.quickStep6Title","homePage","ui","Share results","分享結果","","17","medium","","",""
"homePage.quickStep6Body","homePage","ui","Save or share a diagnosis as a link or an image.","將診斷結果以連結或圖片的形式儲存或分享。","","","medium","","",""
"homePage.heroTitlePrefix","homePage","ui","Research players, compare them, and build a ","研究球員、進行比較，組成你的","","","medium","","",""
"homePage.heroTitleAccent","homePage","ui","squad","陣容","","12","medium","","",""
"homePage.heroTitleSuffix","homePage","ui",".","。","","12","medium","","",""
"homePage.heroDescriptionTemplate","homePage","ui","All {count} eFootball World cards. 26 abilities, skills, progression calculations, manager boosters, and Link-Up Play conditions — all in one screen. Items whose calculation rules aren't confirmed are clearly marked ""under verification.""","全部 {count} 張 eFootball World 球員卡。26 項能力值、技能、培養計算、總教練加成與 Link-Up Play 條件，一個畫面全部掌握。計算規則尚未確認的項目會清楚標示為「驗證中」。","","","medium","","",""
"homePage.searchPlaceholder","homePage","ui","Search by player name or World ID…","依球員名稱或 World ID 搜尋…","","45","medium","","",""
"homePage.searchAriaLabel","homePage","accessibility","Search players","搜尋球員","","19","high","","",""
"homePage.searchButton","homePage","ui","Search","搜尋","","12","medium","","",""
"homePage.compareButton","homePage","ui","Compare Players","比較球員","","20","medium","","",""
"homePage.createSquadButton","homePage","ui","Build a Squad","組成陣容","","17","medium","","",""
"homePage.dataStatusHeading","homePage","ui","Data Status","資料狀態","","15","medium","","",""
"homePage.worldCardsLabel","homePage","ui","World Cards","World 球員卡","","15","medium","","",""
"homePage.efhubIndexLabel","homePage","ui","eFHUB Index","eFHUB 索引","","15","medium","","",""
"homePage.managersLabel","homePage","ui","Managers","總教練","","12","medium","","",""
"homePage.syncedAtLabel","homePage","ui","World data imported","World 資料匯入時間","","25","medium","","",""
"homePage.worldUnavailableTitle","homePage","ui","World data isn't set up yet","World 資料尚未設定","","36","medium","","",""
"homePage.temporaryErrorNotice","homePage","ui","Some data couldn't be loaded right now. Please wait a moment and reload.","部分資料暫時無法載入。請稍候再重新整理。","","","high","","",""
"homePage.temporaryErrorReload","homePage","ui","Reload","重新整理","","12","high","","",""
"homePage.worldUnavailableCommandPrefix","homePage","ui","Run ","請在終端機執行 ","","12","medium","","",""
"homePage.worldUnavailableCommandSuffix","homePage","ui"," in the terminal.","。","","23","medium","","",""
"homePage.topOvrHeading","homePage","ui","Highest Max OVR Cards","最高 OVR 上限的球員卡","","28","medium","","",""
"homePage.recentHeading","homePage","ui","Recently Updated Cards","最近更新的球員卡","","29","medium","","",""
"homePage.viewAllLink","homePage","ui","View all","查看全部","","12","medium","","",""
"homePage.quickLinksHeading","homePage","ui","What You Can Do","你可以做什麼","","20","medium","","",""
"homePage.findPlayersLabel","homePage","ui","Find Players","尋找球員","","16","medium","","",""
"homePage.findPlayersDescTemplate","homePage","ui","Search and filter {count} World cards","搜尋與篩選 {count} 張 World 球員卡","","","medium","","",""
"homePage.comparePlayersLabel","homePage","ui","Compare Players","比較球員","","20","medium","","",""
"homePage.comparePlayersDesc","homePage","ui","Line up abilities, skills, progression, and manager boosters for 2–4 players","比較 2–4 名球員的能力值、技能、培養與總教練加成","","","medium","","",""
"homePage.buildSquadLabel","homePage","ui","Build a Squad","組成陣容","","17","medium","","",""
"homePage.buildSquadDesc","homePage","ui","Check formation, progression, manager, and Link-Up conditions","檢查陣型、培養、總教練與 Link-Up 條件","","","medium","","",""
"homePage.exploreManagersLabel","homePage","ui","Explore Managers","瀏覽總教練","","21","medium","","",""
"homePage.exploreManagersDescTemplate","homePage","ui","{count} managers' tactical proficiencies, boosters, and Link-Up Play","{count} 位總教練的戰術熟練度、加成與 Link-Up Play","","","medium","","",""
"homePage.inDevelopmentHeading","homePage","ui","In Development","開發中","","19","medium","","",""
"homePage.inDevelopmentHint","homePage","ui","Coming soon","即將推出","","15","medium","","",""
"homePage.featureTierList","homePage","ui","Tier List","強度排行","","12","medium","","",""
"homePage.featurePackDiagnosis","homePage","ui","Pack (Gacha) Diagnosis","卡包診斷","","29","medium","","",""
"homePage.featureAiCoach","homePage","ui","AI Coach Analysis","AI 教練分析","","23","medium","","",""
"homePage.featureCommunity","homePage","ui","Community","社群","","12","medium","","",""
"homePage.designDocNote","homePage","ui","See docs/efootball-team-ai-design.md for design details. Only ingested real data is shown — no fictional user counts or ratings.","設計細節請參閱 docs/efootball-team-ai-design.md。僅顯示已匯入的真實資料——沒有虛構的使用者數或評分。","","","medium","","",""
"managersPage.metaTemplate","managersPage","ui","{count} managers","{count} 位總教練","","21","medium","","",""
"managersPage.descriptionTemplate","managersPage","ui","Data provided by {source}. Age, nationality, team, Coaching Affinity, and formation are not included in the source.","資料由 {source} 提供。來源中不包含年齡、國籍、球隊、Coaching Affinity 與陣型。","","","medium","","",""
"managersPage.importedAtPrefix","managersPage","ui","Imported: ","匯入：","","13","medium","","",""
"managersPage.dataUnavailableTitle","managersPage","ui","Manager data isn't set up yet","總教練資料尚未設定","","38","medium","","",""
"managersPage.dataUnavailableDescription","managersPage","ui","Run `node scripts/sync-managers.mjs` in the terminal to load it into SQLite.","請在終端機執行 `node scripts/sync-managers.mjs` 以載入至 SQLite。","","","medium","","",""
"managersPage.failedTitle","managersPage","ui","Could not load manager data","無法載入總教練資料","","36","high","","",""
"managersPage.failedDescription","managersPage","ui","Please reload in a moment.","請稍後重新載入。","","","high","","",""
"managersPage.noResultsTitle","managersPage","ui","No managers match your criteria","沒有符合條件的總教練","","41","medium","","",""
"managersPage.noResultsDescription","managersPage","ui","Try changing your search terms or filters.","請嘗試變更搜尋字詞或篩選條件。","","","medium","","",""
"managersPage.clearFiltersLink","managersPage","ui","Clear filters","清除篩選","","17","medium","","",""
"managersPage.showingCountTemplate","managersPage","ui","Showing {from}–{to} of {total}","顯示第 {from}–{to} 筆，共 {total} 筆","","","medium","","",""
"managersPage.prevPageLink","managersPage","ui","Previous","上一頁","","12","medium","","",""
"managersPage.nextPageLink","managersPage","ui","Next","下一頁","","12","medium","","",""
"managersPage.pageOfTemplate","managersPage","ui","{page} / {totalPages}","{page} / {totalPages}","","28","medium","","",""
"managersPage.paginationAriaLabel","managersPage","accessibility","Pagination","分頁","","13","high","","",""
"nav.groupMain","nav","core","Main","主要","","12","high","","",""
"nav.groupMyData","nav","core","My Data","我的資料","","12","high","","",""
"nav.groupAnalysis","nav","core","Analysis","分析","","12","high","","",""
"nav.groupCommunity","nav","core","Community","社群","","12","high","","",""
"nav.home","nav","core","Home","首頁","","12","high","","",""
"nav.players","nav","core","Players","球員","","12","high","","",""
"nav.managers","nav","core","Managers","總教練","","12","high","","",""
"nav.compare","nav","core","Compare","比較","","12","high","","",""
"nav.squads","nav","core","Squads","陣容","","12","high","","",""
"nav.favorites","nav","core","Favorites","收藏","","12","high","","",""
"nav.myTeam","nav","core","My Team","我的球隊","","12","high","","",""
"nav.myBuilds","nav","core","My Builds","我的方案","","12","high","","",""
"nav.buildInventory","nav","core","Build Analysis","方案分析","","19","high","","",""
"nav.diagnosisHistory","nav","core","Diagnosis history","診斷紀錄","","23","high","","",""
"nav.bestXi","nav","core","AI Best XI","AI Best XI","","13","high","","",""
"nav.tierLists","nav","core","Tier List","強度排行","","12","high","","",""
"nav.packs","nav","core","Packs","卡包","","12","high","","",""
"nav.community","nav","core","Community","社群","","12","high","","",""
"nav.comingSoon","nav","core","Coming soon","即將推出","","15","high","","",""
"nav.ariaSidebar","nav","core","Side menu","側邊選單","","12","high","","",""
"nav.ariaCollapse","nav","core","Collapse sidebar","收合側邊欄","","21","high","","",""
"nav.ariaExpand","nav","core","Expand sidebar","展開側邊欄","","19","high","","",""
"nav.collapseLabel","nav","core","Collapse","收合","","12","high","","",""
"nav.ariaMobileMenuOpen","nav","core","Open menu","開啟選單","","12","high","","",""
"nav.ariaMobileMenuClose","nav","core","Close menu","關閉選單","","13","high","","",""
"nav.ariaMobileMenu","nav","core","Menu","選單","","12","high","","",""
"nav.ariaHome","nav","core","Home","首頁","","12","high","","",""
"nav.brand","nav","core","TeamAIXI","TeamAIXI","","12","high","","",""
"header.searchPlaceholder","header","core","Search players…","搜尋球員…","","20","high","","",""
"header.searchAriaLabel","header","core","Search players","搜尋球員","","19","high","","",""
"header.ariaHomeLink","header","core","TeamAIXI home","TeamAIXI 首頁","","17","high","","",""
"header.accountNavSignIn","header","core","Sign in","登入","","12","high","","",""
"header.accountNavAccount","header","core","Account","帳戶","","12","high","","",""
"language.japanese","language","core","日本語","日本語","","12","high","","",""
"language.english","language","core","English","English","","12","high","","",""
"language.ariaLabel","language","core","Select display language","選擇顯示語言","","30","high","","",""
"language.moreLanguages","language","core","More languages (preview)","更多語言（預覽）","","32","high","","",""
"language.previewListLabel","language","core","Languages in preview","預覽中的語言","","26","high","","",""
"language.previewBadge","language","core","Preview","預覽","","12","high","","",""
"language.loadingLanguage","language","core","Loading language…","正在載入語言…","","23","high","","",""
"diagnosisHistory.pageTitle","diagnosisHistory","metadata","Diagnosis history","診斷紀錄","","23","medium","","",""
"diagnosisHistory.pageDescription","diagnosisHistory","metadata","Squad diagnoses you saved. They are kept only in this browser and are never sent to a server or other devices.","你儲存的陣容診斷。只保存在此瀏覽器中，絕不會傳送到伺服器或其他裝置。","","","medium","","",""
"diagnosisHistory.limitNote","diagnosisHistory","ui","Up to 50 entries are kept; the oldest are removed first.","最多保留 50 筆，超過時會從最舊的開始刪除。","","","medium","","",""
"diagnosisHistory.saveButton","diagnosisHistory","ui","Save to history","儲存到紀錄","","20","medium","","",""
"diagnosisHistory.saved","diagnosisHistory","ui","Saved to history.","已儲存到紀錄。","","23","medium","","",""
"diagnosisHistory.savedTrimmed","diagnosisHistory","ui","Saved to history ({count} oldest entries were removed to stay within the limit).","已儲存到紀錄（為維持上限，已刪除最舊的 {count} 筆）。","","","medium","","",""
"diagnosisHistory.duplicate","diagnosisHistory","ui","Same result as the last saved one, so nothing was added.","與上次儲存的結果相同，因此未新增。","","","medium","","",""
"diagnosisHistory.saveFailed","diagnosisHistory","ui","Could not save to history. This browser may not allow local storage.","無法儲存到紀錄。此瀏覽器可能不允許本機儲存。","","","high","","",""
"diagnosisHistory.scopePending","diagnosisHistory","ui","Checking your sign-in state. Please try again in a moment.","正在確認登入狀態，請稍後再試。","","","medium","","",""
"diagnosisHistory.openHistory","diagnosisHistory","ui","View diagnosis history","查看診斷紀錄","","29","medium","","",""
"diagnosisHistory.loading","diagnosisHistory","ui","Loading…","載入中…","","12","medium","","",""
"diagnosisHistory.empty","diagnosisHistory","ui","No saved diagnoses yet. You can save one from the diagnosis on a squad's edit page.","尚無已儲存的診斷。可在陣容編輯頁面的診斷中儲存。","","","medium","","",""
"diagnosisHistory.unavailable","diagnosisHistory","ui","History is not available in this browser (for example private browsing or storage restrictions).","此瀏覽器無法使用紀錄功能（例如無痕瀏覽或儲存空間受限）。","","","medium","","",""
"diagnosisHistory.corruptedNotice","diagnosisHistory","ui","{count} unreadable entries were skipped.","已略過 {count} 筆無法讀取的紀錄。","","","medium","","",""
"diagnosisHistory.savedAt","diagnosisHistory","ui","Saved","儲存時間","","12","medium","","",""
"diagnosisHistory.overall","diagnosisHistory","ui","Overall","整體","","12","medium","","",""
"diagnosisHistory.notRated","diagnosisHistory","ui","Not rated","未評級","","12","medium","","",""
"diagnosisHistory.openShare","diagnosisHistory","ui","Open as share link","以分享連結開啟","","24","medium","","",""
"diagnosisHistory.deleteButton","diagnosisHistory","ui","Delete","刪除","","12","high","","",""
"diagnosisHistory.deleteConfirm","diagnosisHistory","ui","Delete this entry?","要刪除這筆紀錄嗎？","","24","high","","",""
"diagnosisHistory.confirmDelete","diagnosisHistory","ui","Delete","刪除","","12","high","","",""
"diagnosisHistory.cancel","diagnosisHistory","ui","Cancel","取消","","12","medium","","",""
"diagnosisHistory.deleted","diagnosisHistory","ui","Deleted.","已刪除。","","12","high","","",""
"diagnosisHistory.deleteFailed","diagnosisHistory","ui","Could not delete.","無法刪除。","","23","high","","",""
"diagnosisHistory.deleteAll","diagnosisHistory","ui","Delete all","全部刪除","","13","high","","",""
"diagnosisHistory.deleteAllConfirm","diagnosisHistory","ui","This deletes all diagnosis history and cannot be undone.","這將刪除所有診斷紀錄，且無法復原。","","","high","","",""
"diagnosisHistory.deleteAllDone","diagnosisHistory","ui","All diagnosis history was deleted.","已刪除所有診斷紀錄。","","","high","","",""
"diagnosisHistory.exportButton","diagnosisHistory","ui","Save as JSON","儲存為 JSON","","16","medium","","",""
"diagnosisHistory.exportNote","diagnosisHistory","ui","The exported file contains no internal IDs such as squad IDs (squad names are included).","匯出的檔案不含陣容 ID 等內部 ID（會包含陣容名稱）。","","","medium","","",""
"diagnosisHistory.exportFailed","diagnosisHistory","ui","Could not save the file.","無法儲存檔案。","","32","high","","",""
"diagnosisHistory.dataManagementHeading","diagnosisHistory","ui","Diagnosis history","診斷紀錄","","23","medium","","",""
"diagnosisHistory.dataManagementBody","diagnosisHistory","ui","Squad diagnosis history is kept only in this browser. You can delete entries one by one or all at once on the diagnosis history page.","陣容診斷紀錄只保存在此瀏覽器中。可在診斷紀錄頁面逐筆刪除或全部刪除。","","","medium","","",""
"diagnosisHistory.dataManagementLink","diagnosisHistory","ui","Open diagnosis history","開啟診斷紀錄","","29","medium","","",""
"diagnosisPerspectives.title","diagnosisPerspectives","ui","Additional perspectives","其他觀點","","30","medium","","",""
"diagnosisPerspectives.badge","diagnosisPerspectives","ui","Provisional / for comparison","暫定／供比較用","","","medium","","",""
"diagnosisPerspectives.note","diagnosisPerspectives","ui","Provisional values for comparing candidate formulas. They are not used in the overall rating, rankings or share images, and the perspectives are never added together.","用於比較候選公式的暫定值。不會用於綜合評分、排名或分享圖片，各觀點也絕不會相加。","","","medium","","",""
"diagnosisPerspectives.jaOnlyNote","diagnosisPerspectives","ui","The perspective details are currently shown in Japanese only.","觀點的詳細內容目前僅以日文顯示。","","","medium","","",""
"diagnosisPerspectives.formulas","diagnosisPerspectives","ui","Candidate formulas","候選公式","","24","medium","","",""
"diagnosisPerspectives.kindFact","diagnosisPerspectives","ui","Fact","事實","","12","medium","","",""
"diagnosisPerspectives.kindProvisional","diagnosisPerspectives","ui","Provisional","暫定","","15","medium","","",""
"diagnosisPerspectives.causes","diagnosisPerspectives","ui","Players or positions involved","相關的球員或位置","","","medium","","",""
"diagnosisPerspectives.missingData","diagnosisPerspectives","ui","Missing data","缺少的資料","","16","medium","","",""
"diagnosisPerspectives.improvements","diagnosisPerspectives","ui","If improved","若改進","","15","medium","","",""
"diagnosisPerspectives.confidence","diagnosisPerspectives","ui","Confidence","可信度","","13","medium","","",""
"diagnosisPerspectives.confidenceHigh","diagnosisPerspectives","ui","High","高","","12","medium","","",""
"diagnosisPerspectives.confidenceMedium","diagnosisPerspectives","ui","Medium","中","","12","medium","","",""
"diagnosisPerspectives.confidenceLow","diagnosisPerspectives","ui","Low","低","","12","medium","","",""
"diagnosisPerspectives.confidenceInsufficient","diagnosisPerspectives","ui","Insufficient","不足","","16","medium","","",""
"diagnosisPerspectives.notComputed","diagnosisPerspectives","ui","Not computed","未計算","","16","medium","","",""
"diagnosisPerspectives.rulesVersion","diagnosisPerspectives","ui","Rules version","規則版本","","17","medium","","",""
"diagnosisCompare.selectLabel","diagnosisCompare","ui","Select to compare","選擇以比較","","23","medium","","",""
"diagnosisCompare.selectHint","diagnosisCompare","ui","Select two entries to compare (the older one becomes ""before"").","選擇兩筆紀錄進行比較（較舊的一筆為「之前」）。","","","medium","","",""
"diagnosisCompare.compareButton","diagnosisCompare","ui","Compare before and after","比較前後","","32","medium","","",""
"diagnosisCompare.clearSelection","diagnosisCompare","ui","Clear selection","清除選擇","","20","medium","","",""
"diagnosisCompare.title","diagnosisCompare","ui","Before and after","前後比較","","21","medium","","",""
"diagnosisCompare.before","diagnosisCompare","ui","Before","之前","","12","medium","","",""
"diagnosisCompare.after","diagnosisCompare","ui","After","之後","","12","medium","","",""
"diagnosisCompare.overall","diagnosisCompare","ui","Overall","整體","","12","medium","","",""
"diagnosisCompare.notRated","diagnosisCompare","ui","Not rated","未評分","","12","medium","","",""
"diagnosisCompare.trendImproved","diagnosisCompare","ui","Improved","進步","","12","medium","","",""
"diagnosisCompare.trendWorsened","diagnosisCompare","ui","Worse","退步","","12","medium","","",""
"diagnosisCompare.trendUnchanged","diagnosisCompare","ui","No change","無變化","","12","medium","","",""
"diagnosisCompare.trendNotComparable","diagnosisCompare","ui","Not comparable","無法比較","","19","medium","","",""
"diagnosisCompare.summaryTemplate","diagnosisCompare","ui","Improved {improved} · Worse {worsened} · No change {unchanged} · Not comparable {notComparable}","進步 {improved} · 退步 {worsened} · 無變化 {unchanged} · 無法比較 {notComparable}","","","medium","","",""
"diagnosisCompare.strengthHeading","diagnosisCompare","ui","Top strength","最大優勢","","16","medium","","",""
"diagnosisCompare.weaknessHeading","diagnosisCompare","ui","Top weakness","最大弱點","","16","medium","","",""
"diagnosisCompare.changed","diagnosisCompare","ui","Changed","已變更","","12","medium","","",""
"diagnosisCompare.notChanged","diagnosisCompare","ui","Unchanged","未變更","","12","medium","","",""
"diagnosisCompare.disclaimer","diagnosisCompare","ui","This only shows the difference between two results calculated with the same rules. It does not determine the cause of any change (such as player changes or training).","這只顯示以相同規則計算的兩個結果之間的差異，並不判斷變化的原因（例如球員更換或培養）。","","","medium","","",""
"diagnosisCompare.rulesMismatch","diagnosisCompare","ui","These cannot be compared because the diagnosis rules versions differ.","診斷規則版本不同，因此無法比較。","","","medium","","",""
"diagnosisCompare.sameEntry","diagnosisCompare","ui","An entry cannot be compared with itself. Select a different one.","無法將紀錄與其本身比較。請選擇其他紀錄。","","","medium","","",""
"diagnosisCompare.invalid","diagnosisCompare","ui","These entries cannot be compared.","這些紀錄無法比較。","","","medium","","",""
"diagnosisCompare.saveImage","diagnosisCompare","ui","Save image","儲存圖片","","13","medium","","",""
"diagnosisCompare.imageSaved","diagnosisCompare","ui","Image saved.","已儲存圖片。","","16","medium","","",""
"diagnosisCompare.imageFailed","diagnosisCompare","ui","Could not save the image.","無法儲存圖片。","","","high","","",""
"diagnosisCompare.shareLabel","diagnosisCompare","ui","Comparison share link","比較分享連結","","28","medium","","",""
"diagnosisCompare.shareNote","diagnosisCompare","ui","The link contains only the two diagnosis summaries (scores, ranks, dates, strength/weakness types) — no squad names, player names or IDs. Nothing is stored on the server. Anyone with the link can see it.","連結僅包含兩筆診斷摘要（分數、等級、日期、優勢／弱點類型），不含陣容名稱、球員名稱或 ID。伺服器不會儲存任何內容。任何持有連結的人都能檢視。","","","medium","","",""
"diagnosisCompare.copy","diagnosisCompare","ui","Copy","複製","","12","medium","","",""
"diagnosisCompare.copied","diagnosisCompare","ui","Copied.","已複製。","","12","medium","","",""
"diagnosisCompare.copyFailed","diagnosisCompare","ui","Could not copy. Select the link and copy it manually.","無法複製。請選取連結並手動複製。","","","high","","",""
"diagnosisCompare.pageTitle","diagnosisCompare","metadata","Shared before-and-after comparison","分享的前後比較","","45","medium","","",""
"diagnosisCompare.viewerNote","diagnosisCompare","ui","This was calculated on the sharer's device. This page only checks the format and consistency; it cannot guarantee the content.","此結果是在分享者的裝置上計算的。此頁面僅檢查格式與一致性，無法保證內容。","","","medium","","",""
"diagnosisCompare.invalidTitle","diagnosisCompare","ui","This share link cannot be opened","無法開啟此分享連結","","42","medium","","",""
"diagnosisCompare.invalidBody","diagnosisCompare","ui","The link is incomplete or its contents are invalid.","連結不完整或內容無效。","","","medium","","",""
"diagnosisCompare.unsupportedBody","diagnosisCompare","ui","This site does not support this share link format.","本網站不支援此分享連結格式。","","","medium","","",""
"diagnosisCompare.emptyBody","diagnosisCompare","ui","The link contains no shared data.","連結中沒有分享的資料。","","","medium","","",""
"diagnosisCompare.openSite","diagnosisCompare","ui","Open TeamAIXI","開啟 TeamAIXI","","17","medium","","",""
"diagnosisCompare.loading","diagnosisCompare","ui","Loading…","載入中…","","12","medium","","",""
"diagnosisShare.createButton","diagnosisShare","share","Create share link","建立分享連結","","23","high","","",""
"diagnosisShare.previewTitle","diagnosisShare","share","Share link preview","分享連結預覽","","24","high","","",""
"diagnosisShare.previewIncludes","diagnosisShare","share","What this link contains","此連結包含的內容","","30","high","","",""
"diagnosisShare.includeDate","diagnosisShare","share","Diagnosis date (no time of day)","診斷日期（不含時間）","","","high","","",""
"diagnosisShare.includeOverall","diagnosisShare","share","Overall score and rank","整體分數與評級","","29","high","","",""
"diagnosisShare.includeCategories","diagnosisShare","share","Scores and ranks of the 8 categories","8 個類別的分數與評級","","","high","","",""
"diagnosisShare.includeFindings","diagnosisShare","share","Type of the top strength and weakness (no player names)","最大優點與弱點的類型（不含球員名稱）","","","high","","",""
"diagnosisShare.includeRules","diagnosisShare","share","Diagnosis rules version","診斷規則版本","","30","high","","",""
"diagnosisShare.includeFormation","diagnosisShare","share","Formation","陣型","","12","high","","",""
"diagnosisShare.notIncluded","diagnosisShare","share","Squad names, player names, card IDs, saved builds, squad IDs, account details and email addresses are never included.","絕不包含陣容名稱、球員名稱、卡片 ID、已儲存的方案、陣容 ID、帳號資訊及電子郵件地址。","","","high","","",""
"diagnosisShare.visibilityNote","diagnosisShare","share","Anyone with the link can see its contents. Nothing is stored on the server.","任何取得連結的人都能看到其內容。伺服器上不會儲存任何資料。","","","high","","",""
"diagnosisShare.notSecretNote","diagnosisShare","share","It is hidden from search engines, but it is not meant for sharing secrets.","此連結不會被搜尋引擎收錄，但並不適合用來分享機密內容。","","","high","","",""
"diagnosisShare.urlLabel","diagnosisShare","share","Share link","分享連結","","13","high","","",""
"diagnosisShare.copyButton","diagnosisShare","share","Copy","複製","","12","high","","",""
"diagnosisShare.copied","diagnosisShare","share","Copied.","已複製。","","12","high","","",""
"diagnosisShare.copyFailed","diagnosisShare","share","Could not copy. Select the link and copy it manually.","無法複製。請選取連結後手動複製。","","","high","","",""
"diagnosisShare.shareButton","diagnosisShare","share","Share…","分享…","","12","high","","",""
"diagnosisShare.shareFailed","diagnosisShare","share","Sharing did not complete.","分享未完成。","","","high","","",""
"diagnosisShare.closeButton","diagnosisShare","share","Close","關閉","","12","high","","",""
"diagnosisShare.createFailed","diagnosisShare","share","Could not create the share link.","無法建立分享連結。","","","high","","",""
"diagnosisShare.pageTitle","diagnosisShare","share","Shared squad diagnosis","分享的陣容診斷","","29","high","","",""
"diagnosisShare.readOnlyBadge","diagnosisShare","share","Read-only","唯讀","","12","high","","",""
"diagnosisShare.sharedNote","diagnosisShare","share","This result was calculated on the sharer's device. This page only checks the format and consistency; it cannot guarantee the content.","此結果是在分享者的裝置上計算的。此頁面只檢查格式與一致性，無法保證內容正確。","","","high","","",""
"diagnosisShare.diagnosedOn","diagnosisShare","share","Diagnosed on","診斷日期","","16","high","","",""
"diagnosisShare.formation","diagnosisShare","share","Formation","陣型","","12","high","","",""
"diagnosisShare.overall","diagnosisShare","share","Overall","整體","","12","high","","",""
"diagnosisShare.notRated","diagnosisShare","share","Not rated","未評級","","12","high","","",""
"diagnosisShare.categoriesHeading","diagnosisShare","share","By category","各類別","","15","high","","",""
"diagnosisShare.strength","diagnosisShare","share","Strength","優點","","12","high","","",""
"diagnosisShare.weakness","diagnosisShare","share","Weakness","弱點","","12","high","","",""
"diagnosisShare.none","diagnosisShare","share","None","無","","12","high","","",""
"diagnosisShare.findingAbilityHigh","diagnosisShare","share","{category} is rated high","{category}評價較高","","32","high","","",""
"diagnosisShare.findingAbilityLow","diagnosisShare","share","{category} is rated low","{category}評價較低","","30","high","","",""
"diagnosisShare.findingCompatibility","diagnosisShare","share","Some players may be out of position","部分球員可能不適合所在位置","","","high","","",""
"diagnosisShare.findingReferenceError","diagnosisShare","share","Some saved-build references need checking","部分已儲存方案的參照需要確認","","","high","","",""
"diagnosisShare.findingConfig","diagnosisShare","share","Squad placement can be improved","陣容配置仍有改善空間","","","high","","",""
"diagnosisShare.olderRules","diagnosisShare","share","This diagnosis was made with different rules ({version}); scores may not be comparable.","此診斷使用不同的規則（{version}），分數可能無法比較。","","","high","","",""
"diagnosisShare.disclaimer","diagnosisShare","share","A composition rating based on registered data. It does not guarantee match results, rankings or win rates.","這是依據登錄資料所做的陣容組成評價，不保證比賽結果、排名或勝率。","","","high","","",""
"diagnosisShare.invalidTitle","diagnosisShare","share","This share link cannot be opened","無法開啟此分享連結","","42","high","","",""
"diagnosisShare.invalidBody","diagnosisShare","share","The link is incomplete or its contents are invalid. Ask the sender for the link again.","連結不完整或內容無效。請向傳送者重新索取連結。","","","high","","",""
"diagnosisShare.unsupportedBody","diagnosisShare","share","This site does not support this share link format.","本網站不支援此分享連結格式。","","","high","","",""
"diagnosisShare.emptyBody","diagnosisShare","share","The link contains no shared data.","此連結不包含分享資料。","","","high","","",""
"diagnosisShare.openSite","diagnosisShare","share","Open TeamAIXI","開啟 TeamAIXI","","17","high","","",""
"diagnosisShare.loading","diagnosisShare","share","Loading…","載入中…","","12","high","","",""
"diagnosis.heading","diagnosis","ui","Squad Diagnosis (Squad Build Evaluation)","陣容診斷（陣容組成評價）","","","medium","","",""
"diagnosis.unavailableTitle","diagnosis","ui","Squad Diagnosis","陣容診斷","","20","medium","","",""
"diagnosis.unavailableMessage","diagnosis","ui","Squad data could not be loaded, so no diagnosis is available.","無法載入陣容資料，因此無法進行診斷。","","","medium","","",""
"diagnosis.mainDisclaimer","diagnosis","ui","This evaluation is a squad build assessment based on registered player abilities, progression, and placement. It does not guarantee match results, player skill, national rankings, or win rates.","此評價是依據已登錄球員的能力值、培養與配置所做的陣容組成評估，不保證比賽結果、玩家實力、全國排名或勝率。","","","medium","","",""
"diagnosis.overallScore","diagnosis","ui","Overall Rating","整體評價","","19","medium","","",""
"diagnosis.tierBadgePrefix","diagnosis","ui","Grade","等級","","12","medium","","",""
"diagnosis.notRated","diagnosis","ui","Not rated","未評級","","12","medium","","",""
"diagnosis.ratedItems","diagnosis","ui","Rated Items","已評價項目","","15","medium","","",""
"diagnosis.placementCoverage","diagnosis","ui","Placement Coverage","配置完成度","","24","medium","","",""
"diagnosis.savedBuildMissingStat","diagnosis","ui","Saved Build Missing","缺少已儲存方案","","25","medium","","",""
"diagnosis.savedBuildMissingUnitSuffix","diagnosis","ui"," starters"," 名先發","","12","medium","","",""
"diagnosis.coverageMetricsNote","diagnosis","ui","""Rated Items"" and ""Placement Coverage"" only reflect player placement and card resolution — they are separate from saved build status. These values do not change even if some players have no saved build reflecting their progression and boosters.","「已評價項目」與「配置完成度」只反映球員配置與卡片解析狀況，與已儲存方案的狀態無關。即使部分球員沒有反映培養與加成的已儲存方案，這些數值也不會改變。","","","medium","","",""
"diagnosis.commentModeNormal","diagnosis","ui","Normal","一般","","12","medium","","",""
"diagnosis.commentModeHarsh","diagnosis","ui","Harsh","直言","","12","medium","","",""
"diagnosis.commentModeDisplayingSuffix","diagnosis","ui"," (shown)","（顯示中）","","12","medium","","",""
"diagnosis.commentModeHarshBadge","diagnosis","ui","Harsh mode","直言模式","","13","medium","","",""
"diagnosis.improvementPrioritiesHeading","diagnosis","ui","Improvement Priorities (up to 3, suggestions only — not applied automatically)","改進優先順序（最多 3 項，僅為建議，不會自動套用）","","102","medium","","",""
"diagnosis.keepStrengthPrefix","diagnosis","ui","Strength to keep","應保持的優點","","21","medium","","",""
"diagnosis.commentSectionHeading","diagnosis","ui","Comment","評語","","12","medium","","",""
"diagnosis.categoriesHeadingSuffix","diagnosis","ui"," items"," 項","","12","medium","","",""
"diagnosis.detailsToggle","diagnosis","ui","View detailed evidence by category","查看各類別的詳細依據","","","medium","","",""
"diagnosis.evidenceToggle","diagnosis","ui","View evidence","查看依據","","17","medium","","",""
"diagnosis.strengthsHeading","diagnosis","ui","Top Strengths (up to 3)","主要優點（最多 3 項）","","30","medium","","",""
"diagnosis.strengthsEmpty","diagnosis","ui","No clear strengths were detected.","未偵測到明顯的優點。","","","medium","","",""
"diagnosis.weaknessesHeading","diagnosis","ui","Top Weaknesses (up to 3)","主要弱點（最多 3 項）","","32","medium","","",""
"diagnosis.weaknessesEmpty","diagnosis","ui","No clear weaknesses were detected.","未偵測到明顯的弱點。","","","medium","","",""
"diagnosis.suggestionsHeading","diagnosis","ui","Improvement Suggestions (up to 3, suggestions only — not applied automatically)","改進建議（最多 3 項，僅為建議，不會自動套用）","","103","medium","","",""
"diagnosis.criticalWarningsHeading","diagnosis","ui","Items that need attention","需要注意的項目","","33","high","","",""
"diagnosis.findingBadgeReferenceError","diagnosis","ui","Reference error","參照錯誤","","20","high","","",""
"diagnosis.findingBadgeCompatibility","diagnosis","ui","Placement fit","位置適性","","17","medium","","",""
"diagnosis.findingBadgeConfig","diagnosis","ui","Insufficient data / setup","資料／設定不足","","","medium","","",""
"diagnosis.pngSaveButton","diagnosis","ui","Save diagnosis as image","將診斷儲存為圖片","","30","medium","","",""
"diagnosis.pngSaveButtonAriaLabel","diagnosis","accessibility","Save squad diagnosis result as a PNG image","將陣容診斷結果儲存為 PNG 圖片","","55","high","","",""
"diagnosis.pngSaveGenerating","diagnosis","ui","Generating image…","正在產生圖片…","","23","medium","","",""
"diagnosis.pngSaveSuccess","diagnosis","ui","Image saved.","已儲存圖片。","","16","medium","","",""
"diagnosis.pngSaveError","diagnosis","ui","Failed to save the image. Please try again in a moment.","圖片儲存失敗，請稍後再試。","","","high","","",""
"diagnosis.dataQualityStarters","diagnosis","ui","Starters placed","已配置先發","","20","medium","","",""
"diagnosis.dataQualityBench","diagnosis","ui","Bench count","板凳人數","","15","medium","","",""
"diagnosis.dataQualityMissingBuild","diagnosis","ui","Saved build missing","缺少已儲存方案","","25","medium","","",""
"diagnosis.dataQualityBrokenRef","diagnosis","ui","Saved build reference errors","已儲存方案參照錯誤","","","medium","","",""
"diagnosis.dataQualityUnresolvedCard","diagnosis","ui","Unresolved cards","未解析的卡片","","21","medium","","",""
"diagnosis.dataQualityManagerUnresolved","diagnosis","ui","Manager unresolved","總教練未解析","","24","medium","","",""
"diagnosis.dataQualityYes","diagnosis","ui","Yes","是","","12","medium","","",""
"diagnosis.dataQualityNo","diagnosis","ui","No","否","","12","medium","","",""
"diagnosis.unratedCategoriesPrefix","diagnosis","ui","Categories that could not be rated","無法評價的類別","","","medium","","",""
"diagnosis.footerNote","diagnosis","ui","This diagnosis is read-only. It does not change your squad, saved builds, My Team, or card favorites. It is recomputed from the current saved data every time it is displayed (nothing is saved automatically).","此診斷為唯讀，不會變更你的陣容、已儲存方案、我的球隊或卡片收藏。每次顯示時都會根據目前的儲存資料重新計算（不會自動儲存任何內容）。","","","medium","","",""
"category.attack","category","core","Attack","進攻","","12","high","","",""
"category.defense","category","core","Defense","防守","","12","high","","",""
"category.aerial","category","core","Aerial","空中爭頂","","12","high","","",""
"category.speed","category","core","Speed","速度","","12","high","","",""
"category.passBuildUp","category","core","Pass & Build-up","傳球與組織","","20","high","","",""
"category.dribblePossession","category","core","Dribbling & Possession","盤帶與控球","","29","high","","",""
"category.pressResistance","category","core","Press Resistance","抗壓能力","","21","high","","",""
"category.counterAttack","category","core","Counter-attack","反擊","","19","high","","",""
"category.squadCompleteness","category","core","Squad Placement Completeness","陣容配置完整度","","","high","","",""
"tactical.sectionHeading","tactical","ui","Placement Structure & Tactical Review","配置結構與戰術檢視","","49","medium","","",""
"tactical.scopeDescription","tactical","ui","This is a structural analysis based on the current placement positions, formation coordinates, and already-confirmed diagnosis categories. It does not assess whether playing styles actually activate, player-specific AI, or actual in-match behavior.","這是依據目前的配置位置、陣型座標與已確認的診斷類別所做的結構分析。不評估球員風格是否實際發揮、球員個別的 AI，或比賽中的實際行為。","","","medium","","",""
"tactical.placementCountLabel","tactical","ui","Placed","已配置","","12","medium","","",""
"tactical.severityHigh","tactical","ui","Severity: High","嚴重程度：高","","19","medium","","",""
"tactical.severityMedium","tactical","ui","Severity: Medium","嚴重程度：中","","21","medium","","",""
"tactical.severityLow","tactical","ui","Severity: Low","嚴重程度：低","","17","medium","","",""
"tactical.severityInfo","tactical","ui","Reference info","參考資訊","","19","medium","","",""
"tactical.confidenceHigh","tactical","ui","Confidence: High","可信度：高","","21","medium","","",""
"tactical.confidenceMedium","tactical","ui","Confidence: Medium","可信度：中","","24","medium","","",""
"tactical.confidenceLow","tactical","ui","Confidence: Low","可信度：低","","20","medium","","",""
"tactical.confidenceInsufficient","tactical","ui","Confidence: Insufficient data","可信度：資料不足","","","medium","","",""
"tactical.coverageInsufficient","tactical","ui","Placement insufficient","配置不足","","29","medium","","",""
"tactical.coverageLimited","tactical","ui","Placement partial","部分配置","","23","medium","","",""
"tactical.coveragePartial","tactical","ui","Placement mostly complete","大致配置完成","","","medium","","",""
"tactical.coverageFull","tactical","ui","Placement complete","配置完成","","24","medium","","",""
"tactical.potentialRiskPrefix","tactical","ui","Potential risk","潛在風險","","19","medium","","",""
"tactical.limitationsPrefix","tactical","ui","Analysis limitations","分析限制","","26","medium","","",""
"managerPicker.sortName","managerPicker","ui","By name","依名稱","","12","medium","","",""
"managerPicker.sortReleasedDesc","managerPicker","ui","Newest release first","發布日期由新到舊","","26","medium","","",""
"managerPicker.sortReleasedAsc","managerPicker","ui","Oldest release first","發布日期由舊到新","","26","medium","","",""
"managerPicker.sortPossessionDesc","managerPicker","ui","Possession Game proficiency (high to low)","控球戰術熟練度（由高到低）","","","medium","","",""
"managerPicker.sortQuickCounterDesc","managerPicker","ui","Quick Counter proficiency (high to low)","快速反擊熟練度（由高到低）","","","medium","","",""
"managerPicker.sortLongBallCounterDesc","managerPicker","ui","Long Ball Counter proficiency (high to low)","長傳反擊熟練度（由高到低）","","","medium","","",""
"managerPicker.sortOutWideDesc","managerPicker","ui","Out Wide proficiency (high to low)","邊路進攻熟練度（由高到低）","","","medium","","",""
"managerPicker.sortLongBallDesc","managerPicker","ui","Long Ball proficiency (high to low)","長傳打法熟練度（由高到低）","","","medium","","",""
"managerPicker.sortOverloadDesc","managerPicker","ui","Overload proficiency (high to low)","局部以多打少熟練度（由高到低）","","","medium","","",""
"managerPicker.defaultTitle","managerPicker","ui","Select Manager","選擇總教練","","19","medium","","",""
"managerPicker.currentPrefix","managerPicker","ui","Current: ","目前：","","12","medium","","",""
"managerPicker.currentIdPrefix","managerPicker","ui","ID ","ID ","","12","medium","","",""
"managerPicker.currentNone","managerPicker","ui","No manager","無總教練","","13","medium","","",""
"managerPicker.setNoManager","managerPicker","ui","Set no manager","設為無總教練","","19","medium","","",""
"managerPicker.searchLabel","managerPicker","ui","Search (filter the list)","搜尋（篩選清單）","","32","medium","","",""
"managerPicker.searchPlaceholder","managerPicker","ui","Manager name / team","總教練名稱／球隊","","25","medium","","",""
"managerPicker.tacticFilterAria","managerPicker","accessibility","Filter by best tactic","依最佳戰術篩選","","28","high","","",""
"managerPicker.tacticFilterAll","managerPicker","ui","Best tactic: All","最佳戰術：全部","","21","medium","","",""
"managerPicker.boosterFilterAria","managerPicker","accessibility","Filter by booster","依加成篩選","","23","high","","",""
"managerPicker.boosterFilterAll","managerPicker","ui","Booster: All","加成：全部","","16","medium","","",""
"managerPicker.boosterFilterHas","managerPicker","ui","Has booster","有加成","","15","medium","","",""
"managerPicker.boosterFilterNone","managerPicker","ui","No booster","無加成","","13","medium","","",""
"managerPicker.linkUpFilterAria","managerPicker","accessibility","Filter by Link-Up Play","依 Link-Up Play 篩選","","29","high","","",""
"managerPicker.linkUpFilterAll","managerPicker","ui","Link-Up: All","Link-Up：全部","","16","medium","","",""
"managerPicker.linkUpFilterHas","managerPicker","ui","Has Link-Up","有 Link-Up","","15","medium","","",""
"managerPicker.linkUpFilterNone","managerPicker","ui","No Link-Up","無 Link-Up","","13","medium","","",""
"managerPicker.yearFilterAria","managerPicker","accessibility","Filter by release year","依發布年份篩選","","29","high","","",""
"managerPicker.yearFilterAll","managerPicker","ui","Release year: All","發布年份：全部","","23","medium","","",""
"managerPicker.sortAria","managerPicker","accessibility","Sort","排序","","12","high","","",""
"managerPicker.loadError","managerPicker","ui","Could not load the manager list.","無法載入總教練清單。","","","high","","",""
"managerPicker.detailError","managerPicker","ui","Could not load manager details.","無法載入總教練詳細資料。","","","high","","",""
"managerPicker.chooseError","managerPicker","ui","Could not select this manager.","無法選擇此總教練。","","","high","","",""
"managerPicker.noResultsTitle","managerPicker","ui","No managers match your criteria","沒有符合條件的總教練","","41","medium","","",""
"managerPicker.noResultsDescription","managerPicker","ui","Try changing your search term or filters.","請嘗試變更搜尋字詞或篩選條件。","","","medium","","",""
"managerPicker.selectedBadge","managerPicker","ui","Selected","已選擇","","12","medium","","",""
"managerPicker.releasedPrefix","managerPicker","ui","Released ","發布 ","","12","medium","","",""
"managerPicker.unknownReleased","managerPicker","ui","Unknown","不明","","12","medium","","",""
"managerPicker.noBoosterBadge","managerPicker","ui","No booster","無加成","","13","medium","","",""
"managerPicker.viewDetail","managerPicker","ui","View details","檢視詳細資料","","16","medium","","",""
"managerPicker.chooseThis","managerPicker","ui","Select this manager","選擇此總教練","","25","medium","","",""
"managerPicker.backToList","managerPicker","ui","Back to list","返回清單","","16","medium","","",""
"managerPicker.idPrefix","managerPicker","ui","ID ","ID ","","12","medium","","",""
"managerPicker.bestTacticPrefix","managerPicker","ui","Best tactic: ","最佳戰術：","","17","medium","","",""
"managerPicker.proficienciesHeading","managerPicker","ui","Tactical Proficiencies","戰術熟練度","","29","medium","","",""
"managerPicker.boostersHeading","managerPicker","ui","Manager Boosters","總教練加成","","21","medium","","",""
"managerPicker.noBoosterMessage","managerPicker","ui","This manager has no ability boosters.","此總教練沒有能力值加成。","","","medium","","",""
"managerPicker.boosterApplicationNote","managerPicker","ui","Only confirmed boosters are applied to abilities. The application order (before/after progression) is unconfirmed.","只有已確認的加成會套用到能力值。套用順序（培養之前／之後）尚未確認。","","","medium","","",""
"managerPicker.linkUpHeading","managerPicker","ui","Link-Up Play","Link-Up Play","","16","medium","","",""
"managerPicker.centerPiecePrefix","managerPicker","ui","Center Piece: ","Center Piece：","","19","medium","","",""
"managerPicker.keyManPrefix","managerPicker","ui","Key Man: ","Key Man：","","12","medium","","",""
"managerPicker.linkUpNote","managerPicker","ui","Activation condition matching only. In-game effects are still being verified.","僅比對發動條件。遊戲內效果仍在驗證中。","","","medium","","",""
"managerPicker.chooseThisSelected","managerPicker","ui","Currently selected (close without changes)","目前已選擇（不變更並關閉）","","","medium","","",""
"managerCard.bestTacticLabel","managerCard","ui","Best tactic","最佳戰術","","15","medium","","",""
"managerControls.sortNameLabel","managerControls","ui","By name","依名稱","","12","medium","","",""
"managerControls.sortReleasedDesc","managerControls","ui","Newest release first","最新推出優先","","26","medium","","",""
"managerControls.sortReleasedAsc","managerControls","ui","Oldest release first","最早推出優先","","26","medium","","",""
"managerControls.sortPossessionDesc","managerControls","ui","Highest possession proficiency first","控球戰術熟練度由高到低","","","medium","","",""
"managerControls.sortQuickCounterDesc","managerControls","ui","Highest quick counter proficiency first","快速反擊熟練度由高到低","","","medium","","",""
"managerControls.searchPlaceholder","managerControls","ui","Search by manager name or team","以總教練名稱或球隊搜尋","","39","medium","","",""
"managerControls.searchAriaLabel","managerControls","accessibility","Search managers","搜尋總教練","","20","high","","",""
"managerControls.sortAriaLabel","managerControls","accessibility","Sort","排序","","12","high","","",""
"managerControls.boosterFilterAriaLabel","managerControls","accessibility","Booster","加成","","12","high","","",""
"managerControls.boosterFilterAllOption","managerControls","ui","Booster: all","加成：全部","","16","medium","","",""
"managerControls.boosterFilterHasOption","managerControls","ui","Has booster","有加成","","15","medium","","",""
"managerControls.boosterFilterNoneOption","managerControls","ui","No booster","無加成","","13","medium","","",""
"managerControls.linkUpFilterAriaLabel","managerControls","accessibility","Link-Up Play","Link-Up Play","","16","high","","",""
"managerControls.linkUpFilterAllOption","managerControls","ui","Link-Up Play: all","Link-Up Play：全部","","23","medium","","",""
"managerControls.linkUpFilterHasOption","managerControls","ui","Has Link-Up Play","有 Link-Up Play","","21","medium","","",""
"managerControls.linkUpFilterNoneOption","managerControls","ui","No Link-Up Play","無 Link-Up Play","","20","medium","","",""
"manager.squadWideHeading","manager","ui","Manager (Whole Squad)","總教練（全隊）","","28","medium","","",""
"manager.confirmedBoostersAppliedPrefix","manager","ui","Confirmed booster applied to ","已確認的加成已套用至 ","","","high","","",""
"manager.confirmedBoostersAppliedSuffix","manager","ui"," player(s)"," 名球員","","13","high","","",""
"manager.selectManagerTitle","manager","ui","Select Squad Manager","選擇陣容總教練","","26","medium","","",""
"manager.none","manager","ui","No manager selected (managerBoosterDelta = 0)","未選擇總教練（managerBoosterDelta = 0）","","","medium","","",""
"manager.noneDescription","manager","ui","Selecting a manager applies confirmed boosters to the affected abilities.","選擇總教練後，已確認的加成會套用到相關能力值。","","","medium","","",""
"manager.selectFromList","manager","ui","Choose from manager list","從總教練列表選擇","","32","medium","","",""
"manager.change","manager","ui","Change","變更","","12","medium","","",""
"manager.clear","manager","ui","Clear","清除","","12","medium","","",""
"manager.confirmedBoosterActive","manager","ui","Confirmed booster is applied","已套用確認的加成","","","high","","",""
"manager.unconfirmedBoosterNotice","manager","ui","This manager's booster effect is unconfirmed and is not applied (display only).","此總教練的加成效果尚未確認，不會套用（僅顯示）。","","","high","","",""
"manager.linkUpPlayAvailable","manager","ui","Link-Up Play available (matching only — effect still being verified)","可使用 Link-Up Play（僅比對，效果仍在驗證中）","","","medium","","",""
"manager.applicationOrderUnconfirmed","manager","ui","The application order (before/after progression) is unconfirmed.","套用順序（培養前／培養後）尚未確認。","","","high","","",""
"manager.viewManagerDetail","manager","ui","View manager details","查看總教練詳情","","26","medium","","",""
"manager.bestAt","manager","ui","Best at","最擅長","","12","medium","","",""
"compareCategory.attack","compareCategory","ui","Attack","進攻","","12","medium","","",""
"compareCategory.dribble","compareCategory","ui","Dribbling","盤帶","","12","medium","","",""
"compareCategory.pass","compareCategory","ui","Passing","傳球","","12","medium","","",""
"compareCategory.defense","compareCategory","ui","Defense","防守","","12","medium","","",""
"compareCategory.physical","compareCategory","ui","Physical","身體","","12","medium","","",""
"compareCategory.speed","compareCategory","ui","Speed","速度","","12","medium","","",""
"compareCategory.gk","compareCategory","ui","GK","GK","","12","medium","","",""
"teamSummary.heading","teamSummary","ui","Team Summary","球隊摘要","","16","medium","","",""
"teamSummary.calcNote","teamSummary","ui","Averages and totals are simple calculations. They differ from eFootball's official Team Power / category weighting (provisional, unofficial).","平均值與總計為簡單計算，與 eFootball 官方的 Team Power／類別權重不同（暫定、非官方）。","","","medium","","",""
"teamSummary.boosterModeNote","teamSummary","ui","Booster mode: Standard. Only boosters cross-checked against two external sources for the card's built-in effect, plus manager corrections, are reflected in these totals (not confirmed by KONAMI). Includes effects assumed to be fixed-type and Power of Many (applied provisionally since there is no concrete evidence either way). Excludes gold variable boosters (whose effect scales with same-league player count in a Game Plan and cannot be auto-evaluated for the current squad), user-specified values, effects still under verification, and unresolved bundled boosters or manual estimates.","加成模式：標準。這些總計只反映已與兩個外部來源交叉核對過卡片內建效果的加成，以及總教練修正（未經 KONAMI 確認）。包含推定為固定型的效果與 Power of Many（由於正反兩方面都沒有具體證據，暫時套用）。不包含金色變動型加成（效果會隨 Game Plan 中同聯賽球員人數變化，無法對目前陣容自動評估）、使用者指定值、仍在驗證中的效果，以及未解析的組合加成或手動估算。","","","medium","","",""
"teamSummary.startingBenchLabel","teamSummary","ui","Starters / Bench","先發／板凳","","21","medium","","",""
"teamSummary.avgBaseOvrLabel","teamSummary","ui","Avg. Base OVR","平均基礎 OVR","","17","medium","","",""
"teamSummary.avgDisplayedOvrLabel","teamSummary","ui","Avg. Displayed OVR (unverified)","平均顯示 OVR（未驗證）","","41","medium","","",""
"teamSummary.sharedSkillCountLabel","teamSummary","ui","Shared skill count","共同技能數","","24","medium","","",""
"teamSummary.managerBoostedLabel","teamSummary","ui","Manager booster applied","已套用總教練加成","","30","medium","","",""
"teamSummary.unresolvedCompatibilityLabel","teamSummary","ui","Fit unconfirmed","適性未確認","","20","medium","","",""
"teamSummary.possibleMismatchLabel","teamSummary","ui","Possible mismatch","可能不符","","23","medium","","",""
"teamSummary.warningsLabel","teamSummary","ui","Warnings","警告","","12","high","","",""
"teamSummary.positionBreakdownHeading","teamSummary","ui","Position Breakdown","位置分布","","24","medium","","",""
"teamSummary.categoryAveragesHeading","teamSummary","ui","Category Averages (simple average, unofficial)","類別平均（簡單平均，非官方）","","60","medium","","",""
"teamSummary.sharedSkillsHeading","teamSummary","ui","Skills shared by all starters","所有先發共同擁有的技能","","38","medium","","",""
"teamSummary.conditionalToggleLabel","teamSummary","ui","Conditional estimate summary (manually specified estimate)","條件估算摘要（手動指定的估算）","","76","medium","","",""
"teamSummary.conditionalNote","teamSummary","ui","Some players have a manually specified application stage for gold/variable boosters. This estimate is based on stages the user specified after checking their own Game Plan — it is not a value the app auto-verified against squad composition. It is not included in the regular team summary above.","部分球員已手動指定金色／變動型加成的套用階段。此估算是依據使用者確認自己的 Game Plan 後指定的階段，並非本應用程式依陣容組成自動驗證的數值。不包含在上方的一般球隊摘要中。","","","medium","","",""
"teamSummary.conditionalAvgDisplayedOvrLabel","teamSummary","ui","Avg. Displayed OVR (after condition, estimate)","平均顯示 OVR（條件後，估算）","","60","medium","","",""
"teamSummary.conditionalCategoryLabelSuffix","teamSummary","ui"," (after condition)","（條件後）","","24","medium","","",""
"teamSummary.conditionalValueTemplate","teamSummary","ui","{value} (standard {std})","{value}（標準 {std}）","","32","medium","","",""
"buildUsage.heading","buildUsage","ui","Build Usage Status","方案使用狀況","","24","medium","","",""
"buildUsage.viewDetail","buildUsage","ui","View details","檢視詳細資料","","16","medium","","",""
"buildUsage.setCountLabel","buildUsage","ui","Set","已設定","","12","medium","","",""
"buildUsage.unsetCountLabel","buildUsage","ui","Not set","未設定","","12","medium","","",""
"buildUsage.missingCountLabel","buildUsage","ui","Deleted reference","參照已刪除","","23","medium","","",""
"buildUsage.footerTemplate","buildUsage","ui","Starters {starter} / Bench {bench}. Squad builds are separate from the selected/favorite build in My Team.","先發 {starter} / 板凳 {bench}。陣容方案與我的球隊中的選用／收藏方案是分開的。","","","medium","","",""
"buildUsage.modalTitle","buildUsage","ui","Build Usage Status (this squad)","方案使用狀況（此陣容）","","41","medium","","",""
"buildUsage.modalIntro","buildUsage","ui","Shows the squad-build (savedBuildId) status for each slot in the current squad. This only lets you check status and jump to each slot's ""Choose saved build"" panel. It does not bulk-apply, bulk-clear, or auto-complete anything. Just viewing this does not save the squad.","顯示目前陣容中各欄位的陣容方案（savedBuildId）狀態。這裡只能確認狀態，以及跳到各欄位的「選擇儲存的方案」面板。不會進行批次套用、批次解除或自動補齊。僅檢視不會儲存陣容。","","","medium","","",""
"buildUsage.statTotal","buildUsage","ui","Total registered","登錄總數","","21","medium","","",""
"buildUsage.statStarter","buildUsage","ui","Starters","先發","","12","medium","","",""
"buildUsage.statBench","buildUsage","ui","Bench","板凳","","12","medium","","",""
"buildUsage.statSet","buildUsage","ui","Build set","已設定方案","","12","medium","","",""
"buildUsage.statUnset","buildUsage","ui","Not set","未設定","","12","medium","","",""
"buildUsage.statMissing","buildUsage","ui","Deleted reference","參照已刪除","","23","medium","","",""
"buildUsage.statCurrentRules","buildUsage","ui","Current-rule builds","目前規則的方案","","25","medium","","",""
"buildUsage.statLegacyRules","buildUsage","ui","Outdated-rule builds","舊規則的方案","","26","medium","","",""
"buildUsage.statUnknownRules","buildUsage","ui","Unknown-rule builds","規則不明的方案","","25","medium","","",""
"buildUsage.statPom","buildUsage","ui","Has Power of Many selection","已選擇 Power of Many","","","medium","","",""
"buildUsage.statExperimental","buildUsage","ui","Has experimental estimate","有實驗性估算","","","medium","","",""
"buildUsage.filterAll","buildUsage","ui","All","全部","","12","medium","","",""
"buildUsage.filterSet","buildUsage","ui","Set","已設定","","12","medium","","",""
"buildUsage.filterUnset","buildUsage","ui","Not set","未設定","","12","medium","","",""
"buildUsage.filterMissing","buildUsage","ui","Deleted reference","參照已刪除","","23","medium","","",""
"buildUsage.filterStarter","buildUsage","ui","Starters","先發","","12","medium","","",""
"buildUsage.filterBench","buildUsage","ui","Bench","板凳","","12","medium","","",""
"buildUsage.searchPlaceholder","buildUsage","ui","Search by player or build name","依球員或方案名稱搜尋","","39","medium","","",""
"buildUsage.searchAriaLabel","buildUsage","accessibility","Search build usage","搜尋方案使用狀況","","24","high","","",""
"buildUsage.emptyList","buildUsage","ui","No slots match your criteria.","沒有符合條件的欄位。","","","medium","","",""
"buildUsage.areaStarter","buildUsage","ui","Starter","先發","","12","medium","","",""
"buildUsage.areaBench","buildUsage","ui","Bench","板凳","","12","medium","","",""
"buildUsage.buildUnset","buildUsage","ui","Squad build: Not set","陣容方案：未設定","","26","medium","","",""
"buildUsage.buildMissingTemplate","buildUsage","ui","Squad build: Not found (deleted · buildId {id})","陣容方案：找不到（已刪除 · buildId {id}）","","","medium","","",""
"buildUsage.buildSetPrefix","buildUsage","ui","Squad build: ","陣容方案：","","17","medium","","",""
"buildUsage.pomSuffix","buildUsage","ui"," · Has Power of Many selection"," · 已選擇 Power of Many","","","medium","","",""
"buildUsage.experimentalSuffix","buildUsage","ui"," · Has experimental estimate"," · 有實驗性估算","","","medium","","",""
"buildUsage.chooseBuildButton","buildUsage","ui","Choose saved build","選擇儲存的方案","","24","medium","","",""
"buildUsage.manageInMyBuilds","buildUsage","ui","Manage in My Builds","在我的方案中管理","","25","medium","","",""
"buildUsage.closeButton","buildUsage","ui","Close","關閉","","12","medium","","",""
"buildUsage.ruleCurrentLabel","buildUsage","ui","Current rules","目前規則","","17","medium","","",""
"buildUsage.ruleLegacyLabel","buildUsage","ui","Outdated rules","舊規則","","19","medium","","",""
"buildUsage.ruleUnknownLabel","buildUsage","ui","Unknown rules","規則不明","","17","medium","","",""
"linkUp.notice","linkUp","ui","Only activation-condition matching is supported. In-game effects are still being verified.","僅支援發動條件的比對。遊戲內效果仍在驗證中。","","","medium","","",""
"linkUp.noManagerNote","linkUp","ui","Select a manager to check Link-Up Play conditions.","選擇總教練以確認 Link-Up Play 條件。","","","medium","","",""
"linkUp.noDataNote","linkUp","ui","This manager has no Link-Up Play data.","此總教練沒有 Link-Up Play 資料。","","","medium","","",""
"linkUp.statusMet","linkUp","ui","Condition met","已符合條件","","17","medium","","",""
"linkUp.statusPartial","linkUp","ui","Partially met","部分符合","","17","medium","","",""
"linkUp.statusUnmet","linkUp","ui","Not met","未符合","","12","medium","","",""
"linkUp.statusIndeterminate","linkUp","ui","Indeterminate","無法判定","","17","medium","","",""
"linkUp.noStyleSpecified","linkUp","ui","(No playing style specified)","（未指定球員風格）","","","medium","","",""
"linkUp.noConditionData","linkUp","ui","No condition data","沒有條件資料","","23","medium","","",""
"linkUp.matchingStartersLabel","linkUp","ui","Matching starters: ","符合的先發球員：","","25","medium","","",""
"linkUp.noneLabel","linkUp","ui","None","無","","12","medium","","",""
"linkUp.selectAriaTemplate","linkUp","accessibility","Select {role} for {name}","為 {name} 選擇 {role}","","32","high","","",""
"linkUp.noManualSelection","linkUp","ui","(No manual selection)","（未手動選擇）","","28","medium","","",""
"linkUp.selectedPrefix","linkUp","ui","Selected: ","已選擇：","","13","medium","","",""
"linkUp.satisfiesYes","linkUp","ui","Meets the condition","符合條件","","25","medium","","",""
"linkUp.satisfiesNo","linkUp","ui","Does not meet the condition","不符合條件","","","medium","","",""
"squadBuildPanel.modalTitle","squadBuildPanel","ui","Choose Saved Build (Squad)","選擇已儲存的方案（陣容）","","34","medium","","",""
"squadBuildPanel.intro","squadBuildPanel","ui","Check and change the saved build (squad build) used for this squad slot. This is a separate setting from the selected/favorite build in My Team. Only this slot's setting is changed — other slots, placement, coordinates, captain, set pieces, manager, and other squads are not affected.","確認並變更此陣容位置所使用的已儲存方案（陣容方案）。這與我的球隊中的選用方案／收藏方案是分開的設定。只會變更此位置的設定，其他位置、配置、座標、隊長、定位球、總教練及其他陣容都不受影響。","","","medium","","",""
"squadBuildPanel.scopeLoadingNotice","squadBuildPanel","ui","Checking your account… (the saved build list is hidden until this finishes)","正在確認帳號…（完成前不會顯示已儲存方案列表）","","","medium","","",""
"squadBuildPanel.targetHeading","squadBuildPanel","ui","Target","對象","","12","medium","","",""
"squadBuildPanel.targetSquadLabel","squadBuildPanel","ui","Squad: ","陣容：","","12","medium","","",""
"squadBuildPanel.targetSlotLabel","squadBuildPanel","ui","Slot: ","位置：","","12","medium","","",""
"squadBuildPanel.cardDetailAriaTemplate","squadBuildPanel","accessibility","Player detail for {name}","{name} 的球員詳情","","32","high","","",""
"squadBuildPanel.cardImageAltTemplate","squadBuildPanel","ui","Card image for {name}","{name} 的卡片圖片","","28","medium","","",""
"squadBuildPanel.cardImageAltGeneric","squadBuildPanel","ui","Card image","卡片圖片","","13","medium","","",""
"squadBuildPanel.cardTypeUnknown","squadBuildPanel","ui","Unknown card type","卡片類型不明","","23","medium","","",""
"squadBuildPanel.registeredPositionUnknown","squadBuildPanel","ui","Unknown registered position","登錄位置不明","","","medium","","",""
"squadBuildPanel.currentBuildLabel","squadBuildPanel","ui","Current squad build: ","目前的陣容方案：","","28","medium","","",""
"squadBuildPanel.noneLabel","squadBuildPanel","ui","None","無","","12","medium","","",""
"squadBuildPanel.missingBuildTemplate","squadBuildPanel","ui","Not found (deleted · buildId {id})","找不到（已刪除 · buildId {id}）","","","medium","","",""
"squadBuildPanel.buildIdSuffixTemplate","squadBuildPanel","ui"," (buildId {id})","（buildId {id}）","","20","medium","","",""
"squadBuildPanel.clearSelectionButton","squadBuildPanel","ui","Clear squad selection","清除陣容選擇","","28","medium","","",""
"squadBuildPanel.savedBuildCountTemplate","squadBuildPanel","ui","{count} saved build(s)","已儲存方案 {count} 個","","29","medium","","",""
"squadBuildPanel.storageUnavailable","squadBuildPanel","ui","Cannot save in this browser (localStorage unavailable). Setting/clearing is disabled.","此瀏覽器無法儲存（無法使用 localStorage）。已停用設定／清除。","","","medium","","",""
"squadBuildPanel.staleNotice","squadBuildPanel","ui","The squad or saved builds were updated in another tab.","陣容或已儲存的方案已在其他分頁中更新。","","","medium","","",""
"squadBuildPanel.reloadButton","squadBuildPanel","ui","Reload","重新載入","","12","medium","","",""
"squadBuildPanel.confirmDialogAria","squadBuildPanel","accessibility","Confirm change","確認變更","","19","high","","",""
"squadBuildPanel.confirmClearTextTemplate","squadBuildPanel","ui","This clears the squad build selection for {area} ""{slot}"" ({name} · World ID {worldCardId}) (resets savedBuildId to unset).","這將清除{area}「{slot}」（{name} · World ID {worldCardId}）的陣容方案選擇（將 savedBuildId 重設為未設定）。","","","high","","",""
"squadBuildPanel.clearChangedItemsLabel","squadBuildPanel","ui","Changed: only this slot's savedBuildId and the squad's updated timestamp","會變更：僅此位置的 savedBuildId 與陣容的更新時間","","94","medium","","",""
"squadBuildPanel.clearUnchangedItemsLabel","squadBuildPanel","ui","Not changed: other slots, player cards, placement, coordinates, captain, set pieces, manager, squad name, templates, other squads, My Team's selected/favorite build, or the card's own favorite/compare status","不會變更：其他位置、球員卡、配置、座標、隊長、定位球、總教練、陣容名稱、範本、其他陣容、我的球隊的選用／收藏方案，以及卡片本身的收藏／比較狀態","","270","medium","","",""
"squadBuildPanel.confirmSetIntro","squadBuildPanel","ui","This changes the saved build used for this squad slot.","這將變更此陣容位置所使用的已儲存方案。","","","high","","",""
"squadBuildPanel.currentPrefixLabel","squadBuildPanel","ui","Current: ","目前：","","12","medium","","",""
"squadBuildPanel.deletedTemplate","squadBuildPanel","ui","Deleted (buildId {id})","已刪除（buildId {id}）","","29","high","","",""
"squadBuildPanel.afterChangeLabel","squadBuildPanel","ui","After change: ","變更後：","","19","medium","","",""
"squadBuildPanel.ruleVersionTemplate","squadBuildPanel","ui","rulesVersion {version} ({label})","rulesVersion {version}（{label}）","","","medium","","",""
"squadBuildPanel.allocationLabel","squadBuildPanel","ui"," · Allocation: "," · 分配：","","20","medium","","",""
"squadBuildPanel.noAllocation","squadBuildPanel","ui","No allocation","無分配","","17","medium","","",""
"squadBuildPanel.pomLabel","squadBuildPanel","ui"," · Power of Many: "," · Power of Many：","","24","medium","","",""
"squadBuildPanel.pomUnspecified","squadBuildPanel","ui","Not specified","未指定","","17","medium","","",""
"squadBuildPanel.setChangedItemsLabel","squadBuildPanel","ui","Changed: only this slot's savedBuildId and the squad's updated timestamp","會變更：僅此位置的 savedBuildId 與陣容的更新時間","","94","medium","","",""
"squadBuildPanel.setUnchangedItemsLabel","squadBuildPanel","ui","Not changed: other slots, player cards, placement, coordinates, captain, set pieces, manager, other squads, My Team's selected/favorite build, the saved build itself, or the card's own favorite","不會變更：其他位置、球員卡、配置、座標、隊長、定位球、總教練、其他陣容、我的球隊的選用／收藏方案、已儲存方案本身，以及卡片本身的收藏","","251","medium","","",""
"squadBuildPanel.setFooterNote","squadBuildPanel","ui","My Team's selected build and favorite build are not changed.","我的球隊的選用方案與收藏方案不會變更。","","","medium","","",""
"squadBuildPanel.confirmSetButton","squadBuildPanel","ui","Change","變更","","12","high","","",""
"squadBuildPanel.confirmClearButton","squadBuildPanel","ui","Clear","清除","","12","high","","",""
"squadBuildPanel.cancelButton","squadBuildPanel","ui","Cancel","取消","","12","medium","","",""
"squadBuildPanel.emptyBuildsHeading","squadBuildPanel","ui","No saved builds","沒有已儲存的方案","","20","medium","","",""
"squadBuildPanel.emptyBuildsBody","squadBuildPanel","ui","Adjust progression for this card in player detail or player compare, then add one via ""Save this build"".","請在球員詳情或球員比較中調整此卡片的培養，再透過「儲存此方案」新增。","","","medium","","",""
"squadBuildPanel.playerDetailLink","squadBuildPanel","ui","Player detail","球員詳情","","17","medium","","",""
"squadBuildPanel.progressionTabLink","squadBuildPanel","ui","Progression tab","培養分頁","","20","medium","","",""
"squadBuildPanel.myBuildsLink","squadBuildPanel","ui","My Builds","我的方案","","12","medium","","",""
"squadBuildPanel.searchLabel","squadBuildPanel","ui","Search saved builds (build name / buildId)","搜尋已儲存的方案（方案名稱／buildId）","","55","medium","","",""
"squadBuildPanel.searchPlaceholder","squadBuildPanel","ui","Finisher / b_xxxx","射手型／b_xxxx","","23","medium","","",""
"squadBuildPanel.searchAriaLabel","squadBuildPanel","accessibility","Search saved builds","搜尋已儲存的方案","","25","high","","",""
"squadBuildPanel.noSearchResults","squadBuildPanel","ui","No saved builds match your criteria.","沒有符合條件的已儲存方案。","","","medium","","",""
"squadBuildPanel.manageInMyBuilds","squadBuildPanel","ui","Manage in My Builds","在我的方案中管理","","25","medium","","",""
"squadBuildPanel.createBuildInProgression","squadBuildPanel","ui","Create a build in Progression","在培養中建立方案","","","medium","","",""
"squadBuildPanel.closeButton","squadBuildPanel","ui","Close","關閉","","12","medium","","",""
"squadBuildPanel.footerNote","squadBuildPanel","ui","This only sets or clears the squad build for this slot. The existing ""Apply saved build..."" select still works. Renaming, duplicating, deleting, or creating builds is done in My Builds / player detail.","這裡只會設定或清除此位置的陣容方案。原有的「套用已儲存方案…」選單仍可使用。方案的重新命名、複製、刪除或建立，請在我的方案／球員詳情中進行。","","","medium","","",""
"squadBuildPanel.alreadyUsingNotice","squadBuildPanel","ui","This slot is already using this saved build.","此位置已在使用這個已儲存方案。","","","medium","","",""
"squadBuildPanel.setSuccessTemplate","squadBuildPanel","ui","Set the saved build used by the squad for {area} ""{slot}"" to ""{buildName}"". My Team's selected build and favorite build were not changed.","已將{area}「{slot}」的陣容所用方案設為「{buildName}」。我的球隊的選用方案與收藏方案未變更。","","","medium","","",""
"squadBuildPanel.alreadyUnsetNotice","squadBuildPanel","ui","This slot has no squad build set.","此位置尚未設定陣容方案。","","","medium","","",""
"squadBuildPanel.clearSuccessTemplate","squadBuildPanel","ui","Cleared the squad build selection for {area} ""{slot}"". Player card, placement, coordinates, My Team, and the card's own favorite were not changed.","已清除{area}「{slot}」的陣容方案選擇。球員卡、配置、座標、我的球隊及卡片本身的收藏未變更。","","","medium","","",""
"squadBuildPanel.errorStorage","squadBuildPanel","ui","Cannot save in this browser (localStorage unavailable)","此瀏覽器無法儲存（無法使用 localStorage）","","","high","","",""
"squadBuildPanel.errorCardId","squadBuildPanel","ui","Invalid card ID","卡片 ID 無效","","20","high","","",""
"squadBuildPanel.errorSlotMissing","squadBuildPanel","ui","The target slot could not be found (it may have changed in another tab). Please reload.","找不到目標位置（可能已在其他分頁中變更）。請重新載入。","","","high","","",""
"squadBuildPanel.errorCardMismatch","squadBuildPanel","ui","The card in this slot changed in another tab. Please reopen the panel.","此位置的卡片已在其他分頁中變更。請重新開啟面板。","","","high","","",""
"squadBuildPanel.errorBuildId","squadBuildPanel","ui","Invalid build ID","方案 ID 無效","","21","high","","",""
"squadBuildPanel.errorBuildMissing","squadBuildPanel","ui","The target saved build could not be found (it may have been deleted). Please reload.","找不到目標的已儲存方案（可能已被刪除）。請重新載入。","","","high","","",""
"squadBuildPanel.inUseBadge","squadBuildPanel","ui","In use for this slot","此位置使用中","","26","medium","","",""
"squadBuildPanel.allocationRowLabel","squadBuildPanel","ui","Progression allocation: ","培養分配：","","32","medium","","",""
"squadBuildPanel.noAllocationBase","squadBuildPanel","ui","No allocation (base abilities)","無分配（基礎能力值）","","","medium","","",""
"squadBuildPanel.allAllocationSummary","squadBuildPanel","ui","All allocations (10 categories)","全部分配（10 個類別）","","","medium","","",""
"squadBuildPanel.pointsUsedNoTotalTemplate","squadBuildPanel","ui","Used {used} pt / Total —","已用 {used} pt／總計 —","","32","medium","","",""
"squadBuildPanel.pointsUsedTotalTemplate","squadBuildPanel","ui","Used {used} / Total {total} pt","已用 {used}／總計 {total} pt","","","medium","","",""
"squadBuildPanel.remainingUnknown","squadBuildPanel","ui","Remaining —","剩餘 —","","15","medium","","",""
"squadBuildPanel.remainingTemplate","squadBuildPanel","ui","Remaining {remaining} pt","剩餘 {remaining} pt","","32","medium","","",""
"squadBuildPanel.overAllocated","squadBuildPanel","ui","Over-allocated","分配超出","","19","medium","","",""
"squadBuildPanel.pomRowLabel","squadBuildPanel","ui","Power of Many (user-specified): ","Power of Many（使用者指定）：","","42","medium","","",""
"squadBuildPanel.experimentalLabel","squadBuildPanel","ui"," / Experimental estimate: ","／實驗性估算：","","34","medium","","",""
"squadBuildPanel.yes","squadBuildPanel","ui","Yes","是","","12","medium","","",""
"squadBuildPanel.no","squadBuildPanel","ui","No","否","","12","medium","","",""
"squadBuildPanel.estimatedOvrLabel","squadBuildPanel","ui","Estimated OVR at save time: ","儲存時的估算 OVR：","","37","medium","","",""
"squadBuildPanel.calcModeConfirmed","squadBuildPanel","ui","Base value only","僅基礎值","","20","high","","",""
"squadBuildPanel.calcModeUnsupported","squadBuildPanel","ui","Cannot calculate","無法計算","","21","medium","","",""
"squadBuildPanel.calcModeProvisional","squadBuildPanel","ui","Provisional rule","暫定規則","","21","medium","","",""
"squadBuildPanel.totalOvrPlaceholder","squadBuildPanel","ui","Overall (position-specific OVR): — (calculation rule under review)","綜合（位置別 OVR）：—（計算規則審查中）","","86","medium","","",""
"squadBuildPanel.createdUpdatedTemplate","squadBuildPanel","ui","Created {created} / Updated {updated}","建立 {created}／更新 {updated}","","","medium","","",""
"squadBuildPanel.useThisBuild","squadBuildPanel","ui","Use this build for the squad","陣容使用此方案","","","medium","","",""
"squadBuildPanel.cardFallbackNameTemplate","squadBuildPanel","ui","Card {id}","卡片 {id}","","12","medium","","",""
"squadEditor.assignErrorInvalidCard","squadEditor","ui","Invalid card ID.","卡片 ID 無效。","","21","high","","",""
"squadEditor.assignErrorInvalidSlot","squadEditor","ui","Invalid target slot.","目標位置無效。","","26","high","","",""
"squadEditor.assignErrorSlotNotFound","squadEditor","ui","Target slot not found.","找不到目標位置。","","29","high","","",""
"squadEditor.assignErrorDuplicate","squadEditor","ui","This exact card is already in this squad (a different card of the same player can be added).","這張卡片已在此陣容中（同一球員的其他卡片可以加入）。","","","high","","",""
"squadEditor.assignErrorSlotOccupied","squadEditor","ui","This slot already has a player. Remove them first.","此位置已有球員，請先移除。","","","high","","",""
"squadEditor.assignErrorBenchFullTemplate","squadEditor","ui","The bench holds a maximum of {max} players.","板凳最多只能放 {max} 名球員。","","","high","","",""
"squadEditor.moveErrorInvalidSquad","squadEditor","ui","The squad state is invalid.","陣容狀態無效。","","","high","","",""
"squadEditor.moveErrorInvalidSource","squadEditor","ui","Invalid move source.","移動來源無效。","","26","high","","",""
"squadEditor.moveErrorInvalidTarget","squadEditor","ui","Invalid move target.","移動目標無效。","","26","high","","",""
"squadEditor.moveErrorSourceEmpty","squadEditor","ui","There is no player at the move source.","移動來源沒有球員。","","","high","","",""
"squadEditor.moveErrorTargetNotFound","squadEditor","ui","Move target not found.","找不到移動目標。","","29","high","","",""
"squadEditor.managerFetchFailed","squadEditor","ui","Failed to fetch the manager.","無法取得總教練資料。","","","high","","",""
"squadEditor.storageUnavailableShort","squadEditor","ui","Cannot save the squad in this environment (localStorage unavailable).","此環境無法儲存陣容（無法使用 localStorage）。","","","medium","","",""
"squadEditor.slotNotFoundReopen","squadEditor","ui","The target slot could not be found. Please reopen the panel.","找不到目標位置，請重新開啟面板。","","","medium","","",""
"squadEditor.slotCardChangedReopen","squadEditor","ui","The card in this slot has changed. Please reopen the panel.","此位置的卡片已變更，請重新開啟面板。","","","medium","","",""
"squadEditor.buildNotFoundDeleted","squadEditor","ui","The target saved build could not be found (it may have been deleted).","找不到目標的已儲存方案（可能已被刪除）。","","","high","","",""
"squadEditor.reloadedFromStorage","squadEditor","ui","Updated the squad to the latest saved content.","已將陣容更新為最新的儲存內容。","","","medium","","",""
"squadEditor.undoLabelMovedSnap","squadEditor","ui","Changed player position (snapped)","變更球員位置（已吸附）","","","medium","","",""
"squadEditor.undoLabelMoved","squadEditor","ui","Changed player position","變更球員位置","","30","medium","","",""
"squadEditor.snapTypeHorizontal","squadEditor","ui","Same line","同一條線","","12","medium","","",""
"squadEditor.snapTypeCenter","squadEditor","ui","Center","中央","","12","medium","","",""
"squadEditor.snapTypeSymmetry","squadEditor","ui","Left-right symmetry","左右對稱","","25","medium","","",""
"squadEditor.placementRoleToastPrefix","squadEditor","ui","Placement role: ","配置角色：","","21","medium","","",""
"squadEditor.placementRoleManualSuffix","squadEditor","ui"," (manually set)","（手動設定）","","20","medium","","",""
"squadEditor.roleManualOverrideTemplate","squadEditor","ui","Manually set placement role to {role}","已將配置角色手動設為 {role}","","","medium","","",""
"squadEditor.roleAutoRestored","squadEditor","ui","Reverted placement role to automatic","已將配置角色恢復為自動","","","medium","","",""
"squadEditor.undoLabelResetToFormation","squadEditor","ui","Reset to formation starting positions","重設為陣型的初始位置","","","medium","","",""
"squadEditor.freePositionReset","squadEditor","ui","Reset free player placement to the starting positions.","已將自由配置的球員位置重設為初始位置。","","","medium","","",""
"squadEditor.mirrorApplied","squadEditor","ui","Mirrored the starting lineup left-right.","已將先發陣容左右翻轉。","","","medium","","",""
"squadEditor.undoDoneTemplate","squadEditor","ui","Reverted ({label})","已復原（{label}）","","24","medium","","",""
"squadEditor.movedToBenchTemplate","squadEditor","ui","Moved {count} player(s) to the bench.","已將 {count} 名球員移至板凳。","","","medium","","",""
"squadEditor.droppedBenchFullTemplate","squadEditor","ui","Removed {count} player(s) because the bench was full.","因板凳已滿，已移除 {count} 名球員。","","","medium","","",""
"squadEditor.pendingPlacedNotice","squadEditor","ui","Placed the pending player into this slot.","已將待加入的球員放入此位置。","","","medium","","",""
"squadEditor.templateSavedNotice","squadEditor","ui","Saved as a template.","已儲存為範本。","","26","medium","","",""
"squadEditor.noStorageTitle","squadEditor","ui","This environment cannot save squads","此環境無法儲存陣容","","46","medium","","",""
"squadEditor.noStorageDescription","squadEditor","ui","Squad features are unavailable because this browser's localStorage cannot be used (e.g. private browsing mode).","此瀏覽器無法使用 localStorage（例如無痕瀏覽模式），因此無法使用陣容功能。","","","medium","","",""
"squadEditor.notFoundTitle","squadEditor","ui","Squad not found","找不到陣容","","20","medium","","",""
"squadEditor.notFoundDescription","squadEditor","ui","The specified squad does not exist or has been deleted.","指定的陣容不存在或已被刪除。","","","medium","","",""
"squadEditor.backToSquadList","squadEditor","ui","Back to squad list","返回陣容列表","","24","medium","","",""
"squadEditor.squadNameAriaLabel","squadEditor","accessibility","Squad name","陣容名稱","","13","high","","",""
"squadEditor.savedButtonLabel","squadEditor","ui","Saved","已儲存","","12","medium","","",""
"squadEditor.saveButtonLabel","squadEditor","ui","Save","儲存","","12","medium","","",""
"squadEditor.saveStateSaving","squadEditor","ui","Saving…","儲存中…","","12","medium","","",""
"squadEditor.saveStateSaved","squadEditor","ui","Saved","已儲存","","12","medium","","",""
"squadEditor.saveStateError","squadEditor","ui","Save failed","儲存失敗","","15","high","","",""
"squadEditor.saveStateIdle","squadEditor","ui","Changes are saved automatically","變更會自動儲存","","","medium","","",""
"squadEditor.retrySaveButton","squadEditor","ui","Retry save","重新儲存","","13","medium","","",""
"squadEditor.duplicateButton","squadEditor","ui","Duplicate","複製","","12","medium","","",""
"squadEditor.templateNamePromptLabel","squadEditor","ui","Template name","範本名稱","","17","medium","","",""
"squadEditor.templateNamePromptSuffix","squadEditor","ui"," Template"," 範本","","12","medium","","",""
"squadEditor.saveAsTemplateButton","squadEditor","ui","Save as template","儲存為範本","","21","medium","","",""
"squadEditor.templateListLink","squadEditor","ui","Template list","範本列表","","17","medium","","",""
"squadEditor.compareWithAnotherLink","squadEditor","ui","Compare with another squad","與其他陣容比較","","","medium","","",""
"squadEditor.compareWithAnotherTitle","squadEditor","ui","Compare this squad (as A) with another squad (does not change your edits)","將此陣容（作為 A）與其他陣容比較（不會變更你的編輯內容）","","95","medium","","",""
"squadEditor.renamePromptLabel","squadEditor","ui","New squad name","新的陣容名稱","","19","medium","","",""
"squadEditor.renameButton","squadEditor","ui","Rename","重新命名","","12","medium","","",""
"squadEditor.resetButton","squadEditor","ui","Reset","重設","","12","medium","","",""
"squadEditor.rulesOutdatedNotice","squadEditor","ui","This squad was saved under an older rules version. It is shown recalculated under the current rules (saving will overwrite it with the current rules).","此陣容是以舊版規則儲存的，目前以現行規則重新計算後顯示（儲存時會以現行規則覆寫）。","","","medium","","",""
"squadEditor.loadingPlacedCardsTemplate","squadEditor","ui","Loading data for placed players… ({count})","正在載入已配置球員的資料…（{count}）","","","medium","","",""
"squadEditor.failedPlacedCardsTemplate","squadEditor","ui","Could not fetch information for placed players ({count}). The slot and player ID are kept.","無法取得已配置球員的資訊（{count}）。位置與球員 ID 會保留。","","","high","","",""
"squadEditor.retryWithIdTemplate","squadEditor","ui","Retry (ID {id})","重試（ID {id}）","","20","medium","","",""
"squadEditor.confirmResetTemplate","squadEditor","ui","This resets all starters, bench, and manager for squad ""{name}"". Are you sure?","這將重設陣容「{name}」的所有先發、板凳與總教練。確定要繼續嗎？","","","high","","",""
"squadEditor.confirmResetButton","squadEditor","ui","Reset","重設","","12","high","","",""
"squadEditor.cancelActionButton","squadEditor","ui","Cancel","取消","","12","medium","","",""
"squadEditor.mobileTabPitch","squadEditor","ui","Pitch","球場","","12","medium","","",""
"squadEditor.mobileTabBench","squadEditor","ui","Bench","板凳","","12","medium","","",""
"squadEditor.mobileTabManager","squadEditor","ui","Manager","總教練","","12","medium","","",""
"squadEditor.mobileTabSummary","squadEditor","ui","Summary","摘要","","12","medium","","",""
"squadEditor.mobileTabLinkUp","squadEditor","ui","Link-Up","Link-Up","","12","medium","","",""
"squadEditor.moveBannerTemplate","squadEditor","ui","Moving {name}. Select an empty slot to move, an occupied slot to swap, or the bench to move to the bench (Esc to cancel).","正在移動 {name}。選擇空位置可移動，選擇有球員的位置可互換，選擇板凳可移至板凳（按 Esc 取消）。","","","medium","","",""
"squadEditor.moveBannerFallbackName","squadEditor","ui","Player","球員","","12","medium","","",""
"squadEditor.moveBannerCancel","squadEditor","ui","Cancel","取消","","12","medium","","",""
"squadEditor.undoBannerTemplate","squadEditor","ui","Last action: {label}","上一個操作：{label}","","26","medium","","",""
"squadEditor.undoButton","squadEditor","ui","Undo","復原","","12","medium","","",""
"squadEditor.pendingAlreadyPlacedTemplate","squadEditor","ui","{name} is already in this squad.","{name} 已在此陣容中。","","","medium","","",""
"squadEditor.pendingOkButton","squadEditor","ui","OK","確定","","12","medium","","",""
"squadEditor.pendingChooseTargetTemplate","squadEditor","ui","Choose where to add {name} (tap an open pitch slot, or add to the bench).","請選擇 {name} 的加入位置（點選球場上的空位置，或加入板凳）。","","","medium","","",""
"squadEditor.pendingBuildNameTemplate","squadEditor","ui","Build to use: {buildName}","使用的方案：{buildName}","","","medium","","",""
"squadEditor.pendingAddToBenchButton","squadEditor","ui","Add to bench","加入板凳","","16","medium","","",""
"squadEditor.pendingCancelButton","squadEditor","ui","Cancel","取消","","12","medium","","",""
"squadEditor.pendingBuildNotFoundText","squadEditor","ui","The selected saved build could not be found.","找不到所選的已儲存方案。","","","medium","","",""
"squadEditor.pendingGoToMyTeamLink","squadEditor","ui","Back to My Team","返回我的球隊","","20","medium","","",""
"squadEditor.placementAidLabel","squadEditor","ui","Placement aids:","配置輔助：","","20","medium","","",""
"squadEditor.snapToggleTemplate","squadEditor","ui","Snap {state}","吸附 {state}","","16","medium","","",""
"squadEditor.guidesToggleTemplate","squadEditor","ui","Guides {state}","輔助線 {state}","","19","medium","","",""
"squadEditor.gridToggleTemplate","squadEditor","ui","Grid {state}","格線 {state}","","16","medium","","",""
"squadEditor.mirrorPlacementButton","squadEditor","ui","Mirror placement","左右翻轉配置","","21","medium","","",""
"squadEditor.toastWarningsParenTemplate","squadEditor","ui"," ({warnings})","（{warnings}）","","17","high","","",""
"squadEditor.copyPlacementButton","squadEditor","ui","Copy placement","複製配置","","19","medium","","",""
"squadEditor.pastePlacementButton","squadEditor","ui","Paste placement","貼上配置","","20","medium","","",""
"squadEditor.placementCopiedTemplate","squadEditor","ui","Placement copied (paste it into any squad with the same formation, {formationId}).","已複製配置（可貼到任何相同陣型 {formationId} 的陣容）。","","","medium","","",""
"squadEditor.placementPasted","squadEditor","ui","Pasted the placement (players, builds, captain and other settings are unchanged).","已貼上配置（球員、方案、隊長及其他設定不變）。","","","medium","","",""
"squadEditor.placementPasteMismatchTemplate","squadEditor","ui","The copied placement is for {formationId}. It can only be pasted into a squad with the same formation.","複製的配置適用於 {formationId}，只能貼到相同陣型的陣容。","","","medium","","",""
"squadEditor.placementCopyFailed","squadEditor","ui","Placement cannot be copied in this environment (browser storage is unavailable).","此環境無法複製配置（無法使用瀏覽器儲存空間）。","","","high","","",""
"squadEditor.multiSelectToggleTemplate","squadEditor","ui","Multi-select {state}","多選 {state}","","26","medium","","",""
"squadEditor.multiSelectHint","squadEditor","ui","Tap players on the pitch to select them (tap again to deselect). You can align, space evenly or mirror only the selected players.","點選球場上的球員即可選取（再點一次取消選取）。只能對選取的球員進行對齊、平均分布或左右翻轉。","","","medium","","",""
"squadEditor.multiSelectCountTemplate","squadEditor","ui","Selected: {count}","已選取：{count}","","23","medium","","",""
"squadEditor.alignRowButton","squadEditor","ui","Align in a row","橫向對齊","","19","medium","","",""
"squadEditor.alignColumnButton","squadEditor","ui","Align in a column","縱向對齊","","23","medium","","",""
"squadEditor.distributeXButton","squadEditor","ui","Space evenly left-right","左右平均分布","","30","medium","","",""
"squadEditor.distributeYButton","squadEditor","ui","Space evenly top-bottom","上下平均分布","","30","medium","","",""
"squadEditor.mirrorSelectedButton","squadEditor","ui","Mirror selection","翻轉選取項目","","21","medium","","",""
"squadEditor.clearSelectionButton","squadEditor","ui","Clear selection","清除選取","","20","medium","","",""
"squadEditor.placementAssistAppliedTemplate","squadEditor","ui","{action} ({count} players)","{action}（{count} 名球員）","","","medium","","",""
"squadEditor.placementAssistNoChange","squadEditor","ui","Already in that arrangement.","已經是該排列方式。","","","medium","","",""
"squadEditor.placementAssistMinTemplate","squadEditor","ui","Select at least {min} players for “{action}”.","「{action}」至少需要選取 {min} 名球員。","","","medium","","",""
"squadEditor.resetToFormationButton","squadEditor","ui","Reset to formation positions","重設為陣型位置","","37","medium","","",""
"squadEditor.pitchCaptionMain","squadEditor","ui","Tap a slot to add or change a player. Player cards can be dragged to any position on the pitch, and the placement role is inferred automatically from the position. When Snap is ON, positions weakly snap to nearby lines, the center, or symmetric positions (hold Alt while dragging to disable temporarily).","點選位置即可加入或更換球員。球員卡可拖曳到球場上的任意位置，配置角色會依位置自動推斷。吸附開啟時，位置會輕微吸附到附近的線、中央或對稱位置（拖曳時按住 Alt 可暫時停用）。","","","medium","","",""
"squadEditor.pitchLegendMatch","squadEditor","ui","Match / ","符合／","","12","medium","","",""
"squadEditor.pitchLegendUnresolved","squadEditor","ui","Fit unconfirmed / ","適性未確認／","","24","medium","","",""
"squadEditor.pitchLegendMismatch","squadEditor","ui","Possible mismatch","可能不符","","23","medium","","",""
"squadEditor.confirmMirrorText","squadEditor","ui","This mirrors the starting lineup's placement left-right (x → 100−x). Players, progression builds, booster settings, captain, set-piece roles, and bench are kept.","這將左右翻轉先發陣容的配置（x → 100−x）。球員、培養方案、加成設定、隊長、定位球主罰與板凳都會保留。","","","high","","",""
"squadEditor.confirmMirrorButton","squadEditor","ui","Mirror","翻轉","","12","high","","",""
"squadEditor.confirmResetPosTemplate","squadEditor","ui","This resets free player placement to the current formation's ({formationId}) starting positions. Players, bench, progression builds, booster settings, captain, and set-piece roles are not removed.","這將把自由配置的球員位置重設為目前陣型（{formationId}）的初始位置。球員、板凳、培養方案、加成設定、隊長與定位球主罰不會被移除。","","","high","","",""
"squadEditor.confirmResetPosButton","squadEditor","ui","Reset to starting positions","重設為初始位置","","36","high","","",""
"squadEditor.posAdjustBanner","squadEditor","ui","Position adjust mode: tap the pitch, or use arrow keys (hold Shift for larger steps) to move. Press Enter or the button again to confirm, Esc to exit.","位置調整模式：點選球場，或使用方向鍵移動（按住 Shift 可大幅移動）。再按一次 Enter 或按鈕確認，按 Esc 結束。","","","medium","","",""
"squadEditor.posAdjustEndButton","squadEditor","ui","Exit","結束","","12","medium","","",""
"squadEditor.addPlayerToSlotTitleTemplate","squadEditor","ui","Add player to {position}","將球員加入 {position}","","32","medium","","",""
"squadEditor.addPlayerToBenchTitle","squadEditor","ui","Add player to bench","將球員加入板凳","","25","medium","","",""
"squadEditor.addToSlotLabelTemplate","squadEditor","ui","Add to {position}","加入 {position}","","23","medium","","",""
"squadEditor.addToBenchLabel","squadEditor","ui","Add to bench","加入板凳","","16","medium","","",""
"squadEditor.emptySlotHeadingSuffix","squadEditor","ui"," slot"," 位置","","12","medium","","",""
"squadEditor.slotCardFetchFailedTemplate","squadEditor","ui","Could not fetch player information (card ID: {id}). The slot and player ID are kept.","無法取得球員資訊（卡片 ID：{id}）。位置與球員 ID 會保留。","","","high","","",""
"squadEditor.retryButton","squadEditor","ui","Retry","重試","","12","medium","","",""
"squadEditor.removeFromSlotButton","squadEditor","ui","Remove from slot","從位置移除","","21","medium","","",""
"squadEditor.slotCardLoadingTemplate","squadEditor","ui","Loading player data… (card ID: {id})","正在載入球員資料…（卡片 ID：{id}）","","","medium","","",""
"squadEditor.selectSlotHint","squadEditor","ui","Select a slot to edit that player's progression build, fit, and manager corrections.","選擇位置即可編輯該球員的培養方案、適性與總教練修正。","","","medium","","",""
"squadEditor.compareHeading","squadEditor","ui","Compare (up to 4 players)","比較（最多 4 名球員）","","33","medium","","",""
"squadEditor.compareSelectedCountTemplate","squadEditor","ui","Selected: {count}","已選取：{count}","","23","medium","","",""
"squadEditor.compareSelectedHint","squadEditor","ui","(Select via ""Add to compare"" on each player panel)","（在各球員面板中點選「加入比較」來選取）","","","medium","","",""
"squadEditor.compareGoLink","squadEditor","ui","Go to compare (carries over progression and manager)","前往比較（沿用培養與總教練設定）","","","medium","","",""
"squadEditor.compareClearButton","squadEditor","ui","Clear selection","清除選取","","20","medium","","",""
"squadEditor.roleSettingsHeading","squadEditor","ui","Role Settings","職責設定","","17","medium","","",""
"squadEditor.captainLabel","squadEditor","ui","Captain","隊長","","12","medium","","",""
"squadEditor.roleUnsetOption","squadEditor","ui","Not set","未設定","","12","medium","","",""
"squadEditor.freeKickLabel","squadEditor","ui","Free kicks","自由球","","13","medium","","",""
"squadEditor.cornerLabel","squadEditor","ui","Corners","角球","","12","medium","","",""
"squadEditor.penaltyLabel","squadEditor","ui","Penalties","點球","","12","medium","","",""
"squadEditor.roleAutoClearNote","squadEditor","ui","This is cleared automatically if the assigned player leaves the starting lineup (not transferred to another player).","若指派的球員離開先發陣容，此設定會自動清除（不會轉給其他球員）。","","","medium","","",""
"squadEditor.warningsHeadingTemplate","squadEditor","ui","Warnings / Notes ({count})","警告／注意事項（{count}）","","","high","","",""
"squadEditor.skeletonLoading","squadEditor","ui","Loading squad…","正在載入陣容…","","19","medium","","",""
"squadEditor.starterFallbackLabel","squadEditor","ui","Starter","先發","","12","medium","","",""
"squadEditor.starterSlotFallbackLabel","squadEditor","ui","Starter slot","先發位置","","16","medium","","",""
"squadEditor.benchAreaFallbackLabel","squadEditor","ui","Bench","板凳","","12","medium","","",""
"squadList.pageTitle","squadList","metadata","Squads","陣容","","12","medium","","",""
"squadList.pageDescriptionTemplate","squadList","ui","Build a squad with 11 starters and a bench, and check formation, progression builds, manager boosters, and Link-Up Play conditions. Supported formations: {formations}.","以 11 名先發與板凳組建陣容，並確認陣型、培養方案、總教練加成與 Link-Up Play 條件。支援的陣型：{formations}。","","","medium","","",""
"squadList.goToCompareLink","squadList","ui","Go to player compare","前往球員比較","","26","medium","","",""
"squadList.pendingCardBannerBoldTemplate","squadList","ui","My Team's card ""{name}""","我的球隊的球員卡「{name}」","","30","medium","","",""
"squadList.pendingCardBannerNameLoading","squadList","ui","Loading…","載入中…","","12","medium","","",""
"squadList.pendingCardBannerSuffix","squadList","ui"," — choose a squad to add it to (use ""Add this card"" on each squad). After opening a squad, tap an empty slot to add it there."," — 請選擇要加入的陣容（使用各陣容的「加入此球員卡」）。開啟陣容後，點選空欄位即可加入。","","","medium","","",""
"squadList.pendingCardDetailLink","squadList","ui","This player's detail","此球員的詳細資料","","26","medium","","",""
"squadList.scopeLoadingMessage","squadList","ui","Checking your account…","正在確認帳號…","","29","medium","","",""
"squadList.noStorageTitle","squadList","ui","This environment cannot save squads","此環境無法儲存陣容","","46","medium","","",""
"squadList.noStorageDescription","squadList","ui","This browser's localStorage cannot be used (e.g. private browsing mode). Squads are saved only in this device's browser.","此瀏覽器無法使用 localStorage（例如私密瀏覽模式）。陣容只會儲存在此裝置的瀏覽器中。","","","medium","","",""
"squadList.templateNamePrompt","squadList","ui","Template name","範本名稱","","17","medium","","",""
"squadList.templateNamePromptSuffix","squadList","ui"," Template"," 範本","","12","medium","","",""
"squadList.defaultNewSquadName","squadList","ui","New Squad","新陣容","","12","medium","","",""
"squadList.createFormHeading","squadList","ui","Create a New Squad","建立新陣容","","24","medium","","",""
"squadList.squadNameLabel","squadList","ui","Squad name","陣容名稱","","13","medium","","",""
"squadList.squadNameAriaLabel","squadList","accessibility","New squad name","新陣容名稱","","19","high","","",""
"squadList.squadNamePlaceholder","squadList","ui","e.g. Main Squad (1-50 characters)","例：主力陣容（1～50 個字元）","","43","medium","","",""
"squadList.formationLabel","squadList","ui","Formation","陣型","","12","medium","","",""
"squadList.createAndEditButton","squadList","ui","Create and edit","建立並編輯","","20","medium","","",""
"squadList.heroHeading","squadList","ui","Build a squad with 11 starters + bench","以 11 名先發＋板凳組建陣容","","50","medium","","",""
"squadList.heroDescription","squadList","ui","Choose a formation and place players from all World cards. Check progression builds, manager corrections, and Link-Up Play conditions on one screen. Calculations reuse the existing progression and manager engines (rules are still being verified). Squads are saved only in this device's browser (localStorage).","選擇陣型，並從所有 World 球員卡中配置球員。可在同一畫面確認培養方案、總教練修正與 Link-Up Play 條件。計算沿用現有的培養與總教練引擎（規則仍在驗證中）。陣容只會儲存在此裝置的瀏覽器中（localStorage）。","","","medium","","",""
"squadList.createFirstSquadButton","squadList","ui","Create your first squad","建立第一個陣容","","30","medium","","",""
"squadList.createNewSquadButton","squadList","ui","Create a new squad","建立新陣容","","24","medium","","",""
"squadList.goToCompareButton","squadList","ui","Go to player compare","前往球員比較","","26","medium","","",""
"squadList.savedSquadsHeadingTemplate","squadList","ui","Saved Squads{counts}","已儲存的陣容{counts}","","26","medium","","",""
"squadList.compareSquadsLink","squadList","ui","Compare squads","比較陣容","","19","medium","","",""
"squadList.templateListLink","squadList","ui","Template list","範本清單","","17","medium","","",""
"squadList.searchByNamePlaceholder","squadList","ui","Search by squad name","依陣容名稱搜尋","","26","medium","","",""
"squadList.searchByNameAriaLabel","squadList","accessibility","Search by squad name","依陣容名稱搜尋","","26","high","","",""
"squadList.searchByPlayerPlaceholder","squadList","ui","Player World ID","球員 World ID","","20","medium","","",""
"squadList.searchByPlayerAriaLabel","squadList","accessibility","Filter by player World ID","依球員 World ID 篩選","","33","high","","",""
"squadList.formationFilterAriaLabel","squadList","accessibility","Filter by formation","依陣型篩選","","25","high","","",""
"squadList.formationFilterAll","squadList","ui","All formations","所有陣型","","19","medium","","",""
"squadList.customFilterAriaLabel","squadList","accessibility","Filter by custom placement","依自訂配置篩選","","34","high","","",""
"squadList.customFilterAll","squadList","ui","Placement: All","配置：全部","","19","medium","","",""
"squadList.customFilterYes","squadList","ui","Has custom placement","有自訂配置","","26","medium","","",""
"squadList.customFilterNo","squadList","ui","Preset placement","預設配置","","21","medium","","",""
"squadList.sortAriaLabel","squadList","accessibility","Sort","排序","","12","high","","",""
"squadList.sortUpdatedDesc","squadList","ui","Recently updated","最近更新","","21","medium","","",""
"squadList.sortCreatedDesc","squadList","ui","Recently created","最近建立","","21","medium","","",""
"squadList.sortName","squadList","ui","By name","依名稱","","12","medium","","",""
"squadList.sortFormation","squadList","ui","By formation","依陣型","","16","medium","","",""
"squadList.loading","squadList","ui","Loading…","載入中…","","12","medium","","",""
"squadList.emptyTitle","squadList","ui","No saved squads","沒有已儲存的陣容","","20","medium","","",""
"squadList.emptyDescription","squadList","ui","Use the form above to create your first squad.","使用上方表單建立你的第一個陣容。","","","medium","","",""
"squadList.noResultsMatchFilter","squadList","ui","No squads match your criteria.","沒有符合條件的陣容。","","","medium","","",""
"squadList.customPositioningBadge","squadList","ui","Custom placement","自訂配置","","21","medium","","",""
"squadList.startingCountTemplate","squadList","ui","Starters {count}/11","先發 {count}/11","","25","medium","","",""
"squadList.benchCountTemplate","squadList","ui","Bench {count}","板凳 {count}","","17","medium","","",""
"squadList.hasManagerLabel","squadList","ui","Has manager","有總教練","","15","medium","","",""
"squadList.noManagerLabel","squadList","ui","No manager","無總教練","","13","medium","","",""
"squadList.updatedAtTemplate","squadList","ui","Updated {date}","更新於 {date}","","19","medium","","",""
"squadList.outdatedRulesBadge","squadList","ui","Saved under outdated rules","以舊規則儲存","","34","medium","","",""
"squadList.addThisCardLink","squadList","ui","Add this card","加入此球員卡","","17","medium","","",""
"squadList.openLink","squadList","ui","Open","開啟","","12","medium","","",""
"squadList.compareLink","squadList","ui","Compare","比較","","12","medium","","",""
"squadList.compareLinkTitle","squadList","ui","Go to the compare screen with this squad as A","以此陣容作為 A 前往比較畫面","","59","medium","","",""
"squadList.duplicateButton","squadList","ui","Duplicate","複製","","12","medium","","",""
"squadList.saveAsTemplateButton","squadList","ui","Save as template","儲存為範本","","21","medium","","",""
"squadList.renameButton","squadList","ui","Rename","重新命名","","12","medium","","",""
"squadList.deleteButton","squadList","ui","Delete","刪除","","12","high","","",""
"squadList.renamePrompt","squadList","ui","New squad name","新陣容名稱","","19","medium","","",""
"squadList.deleteConfirmTemplate","squadList","ui","This deletes squad ""{name}"". Are you sure? (Local browser data on this device only.)","這會刪除陣容「{name}」。確定嗎？（僅限此裝置上的本機瀏覽器資料。）","","","high","","",""
"squadList.deleteConfirmButton","squadList","ui","Delete","刪除","","12","high","","",""
"squadList.deleteCancelButton","squadList","ui","Cancel","取消","","12","high","","",""
"squadList.deleteFailedFallback","squadList","ui","Failed to delete.","刪除失敗。","","23","high","","",""
"myTeamBuildPanel.modalTitle","myTeamBuildPanel","ui","Choose Saved Build","選擇已儲存的方案","","24","medium","","",""
"myTeamBuildPanel.intro","myTeamBuildPanel","ui","Check and change the selected build and favorite build for this card. The selected build and favorite build are independent of each other. Only the My Team setting is changed — this is not automatically applied to saved squads or the card's own favorite.","確認並變更此卡片的選用方案與收藏方案。選用方案與收藏方案彼此獨立。只會變更我的球隊的設定，不會自動套用到已儲存的陣容或卡片本身的收藏。","","","medium","","",""
"myTeamBuildPanel.cardDetailAriaTemplate","myTeamBuildPanel","accessibility","Player detail for {name}","{name} 的球員詳情","","32","high","","",""
"myTeamBuildPanel.cardImageAltTemplate","myTeamBuildPanel","ui","Card image for {name}","{name} 的卡片圖片","","28","medium","","",""
"myTeamBuildPanel.cardImageAltGeneric","myTeamBuildPanel","ui","Card image","卡片圖片","","13","medium","","",""
"myTeamBuildPanel.cardTypeUnknown","myTeamBuildPanel","ui","Unknown card type","卡片類型不明","","23","medium","","",""
"myTeamBuildPanel.registeredPositionUnknown","myTeamBuildPanel","ui","Unknown registered position","登錄位置不明","","","medium","","",""
"myTeamBuildPanel.currentSettingsHeading","myTeamBuildPanel","ui","Current Settings","目前設定","","21","medium","","",""
"myTeamBuildPanel.selectedBuildLabel","myTeamBuildPanel","ui","Selected build: ","選用方案：","","21","medium","","",""
"myTeamBuildPanel.favoriteBuildLabel","myTeamBuildPanel","ui","Favorite build: ","收藏方案：","","21","medium","","",""
"myTeamBuildPanel.noneLabel","myTeamBuildPanel","ui","None","無","","12","medium","","",""
"myTeamBuildPanel.selectedMissingTemplate","myTeamBuildPanel","ui","Selected build not found (deleted · buildId {id})","找不到選用方案（已刪除 · buildId {id}）","","","medium","","",""
"myTeamBuildPanel.favoriteMissingTemplate","myTeamBuildPanel","ui","Favorite build not found (deleted · buildId {id})","找不到收藏方案（已刪除 · buildId {id}）","","","medium","","",""
"myTeamBuildPanel.buildIdSuffixTemplate","myTeamBuildPanel","ui"," (buildId {id})","（buildId {id}）","","20","medium","","",""
"myTeamBuildPanel.clearSelectedButton","myTeamBuildPanel","ui","Clear selection","清除選用","","20","medium","","",""
"myTeamBuildPanel.clearFavoriteButton","myTeamBuildPanel","ui","Clear favorite","清除收藏","","19","medium","","",""
"myTeamBuildPanel.ownershipUsageTemplate","myTeamBuildPanel","ui","Ownership: {ownership} / Usage: {usage}","持有：{ownership}／使用：{usage}","","","medium","","",""
"myTeamBuildPanel.unknownValuePlaceholder","myTeamBuildPanel","ui","—","—","","12","medium","","",""
"myTeamBuildPanel.savedBuildCountTemplate","myTeamBuildPanel","ui","{count} saved build(s)","已儲存方案 {count} 個","","29","medium","","",""
"myTeamBuildPanel.storageUnavailable","myTeamBuildPanel","ui","Cannot save in this browser (localStorage unavailable). Setting/clearing is disabled.","此瀏覽器無法儲存（無法使用 localStorage）。已停用設定／清除。","","","medium","","",""
"myTeamBuildPanel.staleNotice","myTeamBuildPanel","ui","Data was changed in another tab.","資料已在其他分頁中變更。","","","medium","","",""
"myTeamBuildPanel.reloadButton","myTeamBuildPanel","ui","Reload","重新載入","","12","medium","","",""
"myTeamBuildPanel.confirmClearAria","myTeamBuildPanel","accessibility","Confirm clear","確認清除","","17","high","","",""
"myTeamBuildPanel.confirmClearTextTemplate","myTeamBuildPanel","ui","This clears the {field} ""{name}"" (resets {fieldKey} to unset).","這將清除{field}「{name}」（將 {fieldKey} 重設為未設定）。","","","high","","",""
"myTeamBuildPanel.confirmClearUnchangedTemplate","myTeamBuildPanel","ui","{otherField}, ownership status, usage status, tags, note, registration date, the saved build itself, squads, and the card's own favorite are not changed.","{otherField}、持有狀態、使用狀態、標籤、備註、登錄日期、已儲存方案本身、陣容，以及卡片本身的收藏都不會變更。","","","high","","",""
"myTeamBuildPanel.confirmClearButton","myTeamBuildPanel","ui","Clear","清除","","12","high","","",""
"myTeamBuildPanel.cancelButton","myTeamBuildPanel","ui","Cancel","取消","","12","medium","","",""
"myTeamBuildPanel.emptyBuildsHeading","myTeamBuildPanel","ui","No saved builds","沒有已儲存的方案","","20","medium","","",""
"myTeamBuildPanel.emptyBuildsBody","myTeamBuildPanel","ui","Adjust progression in player detail or player compare, then add one via ""Save this build"".","請在球員詳情或球員比較中調整培養，再透過「儲存此方案」新增。","","","medium","","",""
"myTeamBuildPanel.playerDetailLink","myTeamBuildPanel","ui","This card's player detail","此卡片的球員詳情","","","medium","","",""
"myTeamBuildPanel.progressionTabLink","myTeamBuildPanel","ui","Open Progression tab","開啟培養分頁","","26","medium","","",""
"myTeamBuildPanel.compareLink","myTeamBuildPanel","ui","Open player compare","開啟球員比較","","25","medium","","",""
"myTeamBuildPanel.myBuildsLink","myTeamBuildPanel","ui","Open My Builds","開啟我的方案","","19","medium","","",""
"myTeamBuildPanel.searchLabel","myTeamBuildPanel","ui","Search saved builds (build name / buildId)","搜尋已儲存的方案（方案名稱／buildId）","","55","medium","","",""
"myTeamBuildPanel.searchPlaceholder","myTeamBuildPanel","ui","Finisher / b_xxxx","射手型／b_xxxx","","23","medium","","",""
"myTeamBuildPanel.searchAriaLabel","myTeamBuildPanel","accessibility","Search saved builds","搜尋已儲存的方案","","25","high","","",""
"myTeamBuildPanel.noSearchResults","myTeamBuildPanel","ui","No saved builds match your criteria.","沒有符合條件的已儲存方案。","","","medium","","",""
"myTeamBuildPanel.manageInMyBuilds","myTeamBuildPanel","ui","Manage in My Builds","在我的方案中管理","","25","medium","","",""
"myTeamBuildPanel.createBuildInProgression","myTeamBuildPanel","ui","Create a build in Progression","在培養中建立方案","","","medium","","",""
"myTeamBuildPanel.closeButton","myTeamBuildPanel","ui","Close","關閉","","12","medium","","",""
"myTeamBuildPanel.footerNote","myTeamBuildPanel","ui","Renaming, duplicating, deleting, creating, and editing allocations is done in My Builds / player detail. This panel only sets or clears the selected build and favorite build.","方案的重新命名、複製、刪除、建立及分配編輯，請在我的方案／球員詳情中進行。此面板只會設定或清除選用方案與收藏方案。","","","medium","","",""
"myTeamBuildPanel.alreadySelectedNotice","myTeamBuildPanel","ui","This is already the selected build.","這已經是選用方案。","","","medium","","",""
"myTeamBuildPanel.alreadyFavoriteNotice","myTeamBuildPanel","ui","This is already the favorite build.","這已經是收藏方案。","","","medium","","",""
"myTeamBuildPanel.setFailedTemplate","myTeamBuildPanel","ui","Could not set: {error}","無法設定：{error}","","29","high","","",""
"myTeamBuildPanel.unknownError","myTeamBuildPanel","ui","Unknown error","未知的錯誤","","17","high","","",""
"myTeamBuildPanel.setSelectedSuccessTemplate","myTeamBuildPanel","ui","Set ""{name}"" as the selected build. The favorite build was not changed.","已將「{name}」設為選用方案。收藏方案未變更。","","","medium","","",""
"myTeamBuildPanel.setFavoriteSuccessTemplate","myTeamBuildPanel","ui","Set ""{name}"" as the favorite build. The selected build was not changed.","已將「{name}」設為收藏方案。選用方案未變更。","","","medium","","",""
"myTeamBuildPanel.clearFailedTemplate","myTeamBuildPanel","ui","Could not clear: {error}","無法清除：{error}","","32","high","","",""
"myTeamBuildPanel.clearSelectedSuccess","myTeamBuildPanel","ui","Cleared the selected build. Favorite build, ownership status, usage status, tags, and note were not changed.","已清除選用方案。收藏方案、持有狀態、使用狀態、標籤與備註未變更。","","","medium","","",""
"myTeamBuildPanel.clearFavoriteSuccess","myTeamBuildPanel","ui","Cleared the favorite build. Selected build, ownership status, usage status, tags, and note were not changed.","已清除收藏方案。選用方案、持有狀態、使用狀態、標籤與備註未變更。","","","medium","","",""
"myTeamBuildPanel.deletedBuildFallback","myTeamBuildPanel","ui","(deleted build)","（已刪除的方案）","","20","high","","",""
"myTeamBuildPanel.selectedBadge","myTeamBuildPanel","ui","Selected","選用","","12","medium","","",""
"myTeamBuildPanel.favoriteBadge","myTeamBuildPanel","ui","Favorite","收藏","","12","medium","","",""
"myTeamBuildPanel.selectedBuildNoun","myTeamBuildPanel","ui","selected build","選用方案","","19","medium","","",""
"myTeamBuildPanel.favoriteBuildNoun","myTeamBuildPanel","ui","favorite build","收藏方案","","19","medium","","",""
"myTeamBuildPanel.allocationRowLabel","myTeamBuildPanel","ui","Progression allocation: ","培養分配：","","32","medium","","",""
"myTeamBuildPanel.noAllocationBase","myTeamBuildPanel","ui","No allocation (base abilities)","無分配（基礎能力值）","","","medium","","",""
"myTeamBuildPanel.allAllocationSummary","myTeamBuildPanel","ui","All allocations (10 categories)","全部分配（10 個類別）","","","medium","","",""
"myTeamBuildPanel.pointsUsedNoTotalTemplate","myTeamBuildPanel","ui","Used {used} pt / Total —","已用 {used} pt／總計 —","","32","medium","","",""
"myTeamBuildPanel.pointsUsedTotalTemplate","myTeamBuildPanel","ui","Used {used} / Total {total} pt","已用 {used}／總計 {total} pt","","","medium","","",""
"myTeamBuildPanel.remainingUnknown","myTeamBuildPanel","ui","Remaining —","剩餘 —","","15","medium","","",""
"myTeamBuildPanel.remainingTemplate","myTeamBuildPanel","ui","Remaining {remaining} pt","剩餘 {remaining} pt","","32","medium","","",""
"myTeamBuildPanel.overAllocated","myTeamBuildPanel","ui","Over-allocated","分配超出","","19","medium","","",""
"myTeamBuildPanel.pomRowLabel","myTeamBuildPanel","ui","Power of Many (user-specified): ","Power of Many（使用者指定）：","","42","medium","","",""
"myTeamBuildPanel.pomUnspecified","myTeamBuildPanel","ui","Not specified","未指定","","17","medium","","",""
"myTeamBuildPanel.experimentalLabel","myTeamBuildPanel","ui"," / Experimental estimate: ","／實驗性估算：","","34","medium","","",""
"myTeamBuildPanel.yes","myTeamBuildPanel","ui","Yes","是","","12","medium","","",""
"myTeamBuildPanel.no","myTeamBuildPanel","ui","No","否","","12","medium","","",""
"myTeamBuildPanel.estimatedOvrLabel","myTeamBuildPanel","ui","Estimated OVR at save time: ","儲存時的估算 OVR：","","37","medium","","",""
"myTeamBuildPanel.calcModeConfirmed","myTeamBuildPanel","ui","Base value only","僅基礎值","","20","high","","",""
"myTeamBuildPanel.calcModeUnsupported","myTeamBuildPanel","ui","Cannot calculate","無法計算","","21","medium","","",""
"myTeamBuildPanel.calcModeProvisional","myTeamBuildPanel","ui","Provisional rule","暫定規則","","21","medium","","",""
"myTeamBuildPanel.totalOvrPlaceholder","myTeamBuildPanel","ui","Overall (position-specific OVR): — (calculation rule under review)","綜合（位置別 OVR）：—（計算規則審查中）","","86","medium","","",""
"myTeamBuildPanel.createdUpdatedTemplate","myTeamBuildPanel","ui","Created {created} / Updated {updated}","建立 {created}／更新 {updated}","","","medium","","",""
"myTeamBuildPanel.setSelectedButton","myTeamBuildPanel","ui","Set as selected build","設為選用方案","","28","medium","","",""
"myTeamBuildPanel.setFavoriteButton","myTeamBuildPanel","ui","Set as favorite build","設為收藏方案","","28","medium","","",""
"radarAxis.attack","radarAxis","ui","Shooting","射門","","12","medium","","",""
"radarAxis.pass","radarAxis","ui","Passing","傳球","","12","medium","","",""
"radarAxis.dribble","radarAxis","ui","Dribbling","盤帶","","12","medium","","",""
"radarAxis.defense","radarAxis","ui","Defense","防守","","12","medium","","",""
"radarAxis.physical","radarAxis","ui","Physical","身體","","12","medium","","",""
"radarAxis.speed","radarAxis","ui","Speed","速度","","12","medium","","",""
"radarAxis.gk","radarAxis","ui","GK","GK","","12","medium","","",""
"radarMode.base","radarMode","ui","Base","基礎","","12","medium","","",""
"radarMode.progressed","radarMode","ui","Progressed","培養後","","13","medium","","",""
"radarMode.standard","radarMode","ui","Standard","標準","","12","medium","","",""
"radarMode.conditional","radarMode","ui","Post-condition","條件達成後","","19","medium","","",""
"radarMode.experimental","radarMode","ui","Experimental","實驗性","","16","medium","","",""
"myBuildCard.selectPlayerDetailAriaTemplate","myBuildCard","accessibility","Player detail for {name}","{name} 的球員詳細資料","","32","high","","",""
"myBuildCard.cardImageAltResolving","myBuildCard","ui","Card image (resolving)","球員卡圖片（取得中）","","29","medium","","",""
"myBuildCard.maxBaseOvrTemplate","myBuildCard","ui","Max {max} / Base {base}","最高 {max} / 基礎 {base}","","30","medium","","",""
"myBuildCard.fetchFailedNote","myBuildCard","ui","Could not fetch card information. Please reload in a moment (the build is kept).","無法取得球員卡資訊。請稍後重新載入（方案會保留）。","","","high","","",""
"myBuildCard.allocationHeading","myBuildCard","ui","Progression Allocation","培養分配","","29","medium","","",""
"myBuildCard.viewAllAllocationsSummary","myBuildCard","ui","View all allocations (10 categories)","檢視所有分配（10 個類別）","","","medium","","",""
"myBuildCard.legacyBuildWarningTemplate","myBuildCard","ui","Outdated-rule build (rulesVersion: {version}). No automatic conversion to current rules has been performed.","舊規則的方案（rulesVersion：{version}）。未自動轉換為目前規則。","","","high","","",""
"myBuildCard.playerBoosterEstimateTemplate","myBuildCard","ui","Has a player booster estimate (ID {id} · not a confirmed in-game spec)","有球員加成估算（ID {id} · 非已確認的遊戲內規格）","","","medium","","",""
"myBuildCard.estimatedOvrTemplate","myBuildCard","ui","Estimated OVR at save time: {ovr} ({mode})","儲存時的估計 OVR：{ovr}（{mode}）","","","medium","","",""
"myBuildCard.usageHeading","myBuildCard","ui","Usage","使用狀況","","12","medium","","",""
"myBuildCard.squadUsingSuffixTemplate","myBuildCard","ui"," ({areas}) — in use","（{areas}）— 使用中","","25","medium","","",""
"myBuildCard.squadUsingLinkTemplate","myBuildCard","ui","Squad ""{name}""","陣容「{name}」","","19","medium","","",""
"myBuildCard.noUsageLabel","myBuildCard","ui","Not referenced","未被參照","","19","medium","","",""
"myBuildCard.playerDetailLink","myBuildCard","ui","Player detail","球員詳細資料","","17","medium","","",""
"myBuildCard.openProgressionLink","myBuildCard","ui","Open in Progression","在培養中開啟","","25","medium","","",""
"myBuildCard.addToCompareButton","myBuildCard","ui","Add to compare","加入比較","","19","medium","","",""
"myBuildCard.useInSquadLink","myBuildCard","ui","Use in squad","用於陣容","","16","medium","","",""
"myBuildCard.myTeamIntegrationHeading","myBuildCard","ui","My Team Integration","我的球隊連動","","25","medium","","",""
"myBuildCard.notInMyTeamLabel","myBuildCard","ui","Not in My Team (this card is not in My Team)","未在我的球隊中（此球員卡不在我的球隊）","","58","medium","","",""
"myBuildCard.registerToMyTeamButton","myBuildCard","ui","Register to My Team","登錄至我的球隊","","25","medium","","",""
"myBuildCard.openMyTeamLink","myBuildCard","ui","Open My Team","開啟我的球隊","","16","medium","","",""
"myBuildCard.registerHintNote","myBuildCard","ui","When registering, you can choose ownership status, usage status, and whether to make this the selected or favorite build. Existing squads and the card's own favorite are not changed.","登錄時可以選擇持有狀態、使用狀態，以及是否將此方案設為選用或收藏方案。現有陣容與球員卡本身的收藏不會變更。","","","medium","","",""
"myBuildCard.selectedBuildLabel","myBuildCard","ui","Selected build:","選用方案：","","20","medium","","",""
"myBuildCard.selectedInMyTeamBadge","myBuildCard","ui","Selected in My Team","我的球隊中的選用方案","","25","medium","","",""
"myBuildCard.clearSelectionButton","myBuildCard","ui","Clear selection","解除選用","","20","medium","","",""
"myBuildCard.useInMyTeamButton","myBuildCard","ui","Use in My Team","在我的球隊中使用","","19","medium","","",""
"myBuildCard.favoriteBuildLabel","myBuildCard","ui","Favorite build:","收藏方案：","","20","medium","","",""
"myBuildCard.favoriteInMyTeamBadge","myBuildCard","ui","Favorite build in My Team","我的球隊中的收藏方案","","33","medium","","",""
"myBuildCard.clearFavoriteButton","myBuildCard","ui","Clear favorite","解除收藏","","19","medium","","",""
"myBuildCard.setFavoriteButton","myBuildCard","ui","Set as favorite build","設為收藏方案","","28","medium","","",""
"myBuildCard.favoriteHintNote","myBuildCard","ui","This is the saved build's favorite setting. The card's own favorite status and existing squads are not changed.","這是儲存方案的收藏設定。球員卡本身的收藏狀態與現有陣容不會變更。","","","medium","","",""
"myBuildCard.renameButton","myBuildCard","ui","Rename","重新命名","","12","medium","","",""
"myBuildCard.duplicateButton","myBuildCard","ui","Duplicate","複製","","12","medium","","",""
"myBuildCard.deleteButton","myBuildCard","ui","Delete","刪除","","12","high","","",""
"buildExportModal.launcherHeading","buildExportModal","ui","Export Saved Builds (Local Backup)","匯出已儲存的方案（本機備份）","","45","medium","","",""
"buildExportModal.launcherDescription","buildExportModal","ui","Bundle your saved builds into a JSON file in this browser and save it to your device. You can export all builds or only the ones you select. Nothing is sent to a server or external service, and exporting does not change your saved builds. Supported browsers will show a save-location picker (we recommend choosing your ""Documents"" folder on Windows). Unsupported browsers will save to the usual download location.","在此瀏覽器中將已儲存的方案整合為一個 JSON 檔案，並儲存至您的裝置。可匯出全部方案，或僅匯出選擇的方案。不會傳送任何內容至伺服器或外部服務，匯出也不會變更已儲存的方案。支援的瀏覽器會顯示儲存位置選擇器（Windows 建議選擇「文件」資料夾）。不支援的瀏覽器會儲存至一般的下載位置。","","","medium","","",""
"buildExportModal.launcherButton","buildExportModal","ui","Export saved builds","匯出已儲存的方案","","25","medium","","",""
"buildExportModal.noBuildsNote","buildExportModal","ui","You have no saved builds. Add one from ""Save this progression"" on the player detail or compare screen to export it.","您沒有已儲存的方案。請先在球員詳細資料或比較畫面中使用「儲存此培養」新增，再進行匯出。","","","medium","","",""
"buildExportModal.unavailableNote","buildExportModal","ui","This browser doesn't support localStorage, so exporting isn't available.","此瀏覽器不支援 localStorage，因此無法匯出。","","","medium","","",""
"buildExportModal.safetyLine1","buildExportModal","ui","Processed entirely inside this browser — nothing is sent to a server or external service (no uploads).","完全在此瀏覽器中處理，不會傳送至伺服器或外部服務（不會上傳）。","","","medium","","",""
"buildExportModal.safetyLine2","buildExportModal","ui","Exporting does not change your saved builds, My Team, squads, or card favorites.","匯出不會變更已儲存的方案、我的球隊、陣容或卡片收藏。","","","medium","","",""
"buildExportModal.safetyLine3","buildExportModal","ui","Only the saved builds' progression data (allocation, rules version, estimated value at save time, etc.) is included.","僅包含已儲存方案的培養資料（分配、規則版本、儲存時的預估值等）。","","","medium","","",""
"buildExportModal.safetyLine4","buildExportModal","ui","My Team notes, tags, ownership/usage status, selected/favorite builds, squads, credentials, and environment information are not included.","不包含我的球隊的備註、標籤、持有／使用狀態、已選擇／收藏的方案、陣容、認證資訊與環境資訊。","","","medium","","",""
"buildExportModal.staleNoticeText","buildExportModal","ui","Saved builds were updated in another tab. Please reload to check the current content.","已儲存的方案已在其他分頁中更新。請重新載入以確認目前的內容。","","","medium","","",""
"buildExportModal.reloadButton","buildExportModal","ui","Reload","重新載入","","12","medium","","",""
"buildExportModal.droppedNoticeTemplate","buildExportModal","ui","{count} of your selected saved builds were deleted, so they were removed from the selection.","您選擇的已儲存方案中有 {count} 個已被刪除，因此已從選擇中移除。","","","medium","","",""
"buildExportModal.errorSelectBuilds","buildExportModal","ui","Please select the saved builds to export.","請選擇要匯出的已儲存方案。","","","high","","",""
"buildExportModal.errorSelectionChanged","buildExportModal","ui","The state of the selected saved builds has changed. Please reload.","所選已儲存方案的狀態已變更。請重新載入。","","","high","","",""
"buildExportModal.conflictListChangedTemplate","buildExportModal","ui","The list of saved builds has changed ({added} added / {removed} deleted). Please reload to check the current content.","已儲存方案的列表已變更（新增 {added}／刪除 {removed}）。請重新載入以確認目前的內容。","","","medium","","",""
"buildExportModal.conflictSelectionNotFound","buildExportModal","ui","The selected saved builds could not be found. Please reload.","找不到所選的已儲存方案。請重新載入。","","","medium","","",""
"buildExportModal.conflictSelectionChangedTemplate","buildExportModal","ui","The selected saved builds were changed in another tab ({removed} deleted / {changed} changed). Please reload to check the current content.","所選的已儲存方案已在其他分頁中變更（刪除 {removed}／變更 {changed}）。請重新載入以確認目前的內容。","","","medium","","",""
"buildExportModal.saveFailedNote","buildExportModal","ui","The file could not be saved in this environment. Your saved builds have not been changed.","此環境無法儲存檔案。已儲存的方案未變更。","","","high","","",""
"buildExportModal.jsonFileTypeDescription","buildExportModal","ui","JSON file","JSON 檔案","","12","medium","","",""
"buildExportModal.titleChoose","buildExportModal","ui","Export saved builds","匯出已儲存的方案","","25","medium","","",""
"buildExportModal.titleConfirm","buildExportModal","ui","Confirm export content","確認匯出內容","","29","high","","",""
"buildExportModal.titleDone","buildExportModal","ui","Export complete","匯出完成","","20","medium","","",""
"buildExportModal.doneMessagePickerTemplate","buildExportModal","ui","Saved {count} saved build(s) as ""{filename}"" to the chosen location. Your saved builds have not been changed.","已將 {count} 個已儲存的方案以「{filename}」儲存至所選位置。已儲存的方案未變更。","","","medium","","",""
"buildExportModal.doneMessageDownloadTemplate","buildExportModal","ui","Downloaded {count} saved build(s) as ""{filename}"". Your saved builds have not been changed.","已將 {count} 個已儲存的方案下載為「{filename}」。已儲存的方案未變更。","","","medium","","",""
"buildExportModal.downloadFallbackNote","buildExportModal","ui","This browser doesn't support choosing a save location, so the file was saved to the usual download location.","此瀏覽器不支援選擇儲存位置，因此檔案已儲存至一般的下載位置。","","","medium","","",""
"buildExportModal.utcNotePrefix","buildExportModal","ui","The date and time in the filename and ","檔案名稱中的日期時間與 ","","","medium","","",""
"buildExportModal.utcNoteSuffix","buildExportModal","ui"," are both in UTC (Coordinated Universal Time)."," 皆為 UTC（世界標準時間）。","","","medium","","",""
"buildExportModal.backButton","buildExportModal","ui","Back","返回","","12","medium","","",""
"buildExportModal.closeButton","buildExportModal","ui","Close","關閉","","12","medium","","",""
"buildExportModal.cancelButton","buildExportModal","ui","Cancel","取消","","12","medium","","",""
"buildExportModal.nextButton","buildExportModal","ui","Next (confirm content)","下一步（確認內容）","","29","medium","","",""
"buildExportModal.choosePickerLocationButton","buildExportModal","ui","Choose save location","選擇儲存位置","","26","medium","","",""
"buildExportModal.downloadJsonButton","buildExportModal","ui","Download JSON","下載 JSON","","17","medium","","",""
"buildExportModal.exportMethodLegend","buildExportModal","ui","Export method","匯出方式","","17","medium","","",""
"buildExportModal.exportAllOptionTemplate","buildExportModal","ui","Export all saved builds ({count})","匯出全部已儲存的方案（{count}）","","","medium","","",""
"buildExportModal.exportSelectionOption","buildExportModal","ui","Export only selected saved builds","僅匯出選擇的已儲存方案","","","medium","","",""
"buildExportModal.exportSelectionHint","buildExportModal","ui","This selection is local to this dialog (independent of the search/filters in the My Builds list).","此選擇僅在此對話框內有效（與我的方案列表的搜尋／篩選無關）。","","","medium","","",""
"buildExportModal.searchTargetLabel","buildExportModal","ui","Search targets (build name, player name, World ID, buildId)","搜尋對象（方案名稱、球員名稱、World ID、buildId）","","77","medium","","",""
"buildExportModal.searchAriaLabel","buildExportModal","accessibility","Search saved builds to export","搜尋要匯出的已儲存方案","","38","high","","",""
"buildExportModal.selectAllVisibleTemplate","buildExportModal","ui","Select all visible ({count})","全選顯示中的項目（{count}）","","","medium","","",""
"buildExportModal.clearVisibleSelectionButton","buildExportModal","ui","Clear visible selection","清除顯示中項目的選擇","","30","medium","","",""
"buildExportModal.selectedCountTemplate","buildExportModal","ui","{count} selected","已選擇 {count} 個","","21","medium","","",""
"buildExportModal.noSavedBuildsLabel","buildExportModal","ui","You have no saved builds.","您沒有已儲存的方案。","","33","medium","","",""
"buildExportModal.noMatchingBuildsLabel","buildExportModal","ui","No saved builds match your search.","沒有符合搜尋條件的已儲存方案。","","45","medium","","",""
"buildExportModal.includeInExportAriaTemplate","buildExportModal","accessibility","Include {buildName} ({name}) in the export","將 {buildName}（{name}）納入匯出","","","high","","",""
"buildExportModal.usedBadge","buildExportModal","ui","In use","使用中","","12","medium","","",""
"buildExportModal.unusedBadge","buildExportModal","ui","Unused","未使用","","12","medium","","",""
"buildExportModal.updatedTemplate","buildExportModal","ui","Updated {date}","更新於 {date}","","19","medium","","",""
"buildExportModal.exportContentHeading","buildExportModal","ui","Content to export","匯出內容","","23","medium","","",""
"buildExportModal.allBuildsLabel","buildExportModal","ui","All saved builds","全部已儲存的方案","","21","medium","","",""
"buildExportModal.selectedBuildsLabel","buildExportModal","ui","Selected saved builds","選擇的已儲存方案","","28","medium","","",""
"buildExportModal.targetPrefixTemplate","buildExportModal","ui","Target: {target} (","對象：{target}（","","24","medium","","",""
"buildExportModal.targetCountSuffix","buildExportModal","ui",")","）","","12","medium","","",""
"buildExportModal.formatLabelPrefix","buildExportModal","ui","Format: ","格式：","","12","medium","","",""
"buildExportModal.formatVersionLabelPrefix","buildExportModal","ui"," / formatVersion "," / formatVersion ","","23","medium","","",""
"buildExportModal.formatVersionNote","buildExportModal","ui"," (this is the export file's format version — separate from the saved build's rulesVersion/schemaVersion)","（這是匯出檔案的格式版本，與已儲存方案的 rulesVersion/schemaVersion 不同）","","","medium","","",""
"buildExportModal.singleJsonFileNote","buildExportModal","ui","A single UTF-8 JSON file. No ZIP, CSV, encryption, or compression.","單一 UTF-8 JSON 檔案。不使用 ZIP、CSV、加密或壓縮。","","","medium","","",""
"buildExportModal.exportedAtNoteSuffix","buildExportModal","ui"," and the filename's timestamp are both fixed at save time in UTC (Coordinated Universal Time)."," 與檔案名稱中的時間戳記，皆於儲存時以 UTC（世界標準時間）確定。","","","medium","","",""
"buildExportModal.itemCountNoteMiddle","buildExportModal","ui"," matches the number of items in "," 與 ","","","medium","","",""
"buildExportModal.itemCountNoteSuffix","buildExportModal","ui",". The order is deterministic (newest updated first, then by buildId)."," 中的項目數一致。順序固定（依更新時間由新到舊，再依 buildId 排序）。","","","medium","","",""
"buildExportModal.aboutSaveLocationHeading","buildExportModal","ui","About the save location","關於儲存位置","","30","medium","","",""
"buildExportModal.pickerInstructionPrefix","buildExportModal","ui","Pressing ""Choose save location"" opens a save-location picker. ","按下「選擇儲存位置」會開啟儲存位置選擇器。","","","medium","","",""
"buildExportModal.pickerInstructionBold","buildExportModal","ui","Please choose your ""Documents"" folder on Windows.","Windows 請選擇「文件」資料夾。","","","medium","","",""
"buildExportModal.pickerNote1Prefix","buildExportModal","ui","The save location is ","儲存位置","","28","medium","","",""
"buildExportModal.pickerNote1Bold","buildExportModal","ui","chosen by you","由您自行選擇","","17","medium","","",""
"buildExportModal.pickerNote1Suffix","buildExportModal","ui",". The app never silently fixes a save destination.","。App 絕不會擅自固定儲存位置。","","","medium","","",""
"buildExportModal.pickerNote2","buildExportModal","ui","The file is not sent to any external service.","檔案不會傳送至任何外部服務。","","","medium","","",""
"buildExportModal.pickerNote3","buildExportModal","ui","The original saved-build data is not changed.","原本的已儲存方案資料不會變更。","","","medium","","",""
"buildExportModal.pickerNote4Prefix","buildExportModal","ui","If you ","若","","12","medium","","",""
"buildExportModal.pickerNote4Bold","buildExportModal","ui","cancel the save-location picker, nothing is saved","取消儲存位置選擇器，就不會儲存任何內容","","","medium","","",""
"buildExportModal.pickerNote4Suffix","buildExportModal","ui",".","。","","12","medium","","",""
"buildExportModal.pickerNote5","buildExportModal","ui","If your browser doesn't support the save-location picker, the file is saved to the usual download location.","若您的瀏覽器不支援儲存位置選擇器，檔案會儲存至一般的下載位置。","","","medium","","",""
"buildExportModal.noPickerNote","buildExportModal","ui","This browser doesn't support the save-location picker, so the file will be saved to the usual download location (as configured in your browser). After downloading, move the file to your ""Documents"" folder if needed. Nothing is sent to an external service, and the original saved-build data is not changed.","此瀏覽器不支援儲存位置選擇器，因此檔案會儲存至一般的下載位置（依瀏覽器的設定）。下載後，如有需要請將檔案移至「文件」資料夾。不會傳送任何內容至外部服務，原本的已儲存方案資料也不會變更。","","","medium","","",""
"buildExportModal.pickerNextNoteTemplate","buildExportModal","ui","Pressing ""Choose save location"" fetches your saved builds once more and verifies the target, worldCardId, update time, and format before saving. If there are discrepancies or invalid data, nothing is saved and you'll be asked to reload.","按下「選擇儲存位置」後，會再次讀取已儲存的方案，並在儲存前驗證對象、worldCardId、更新時間與格式。若有不一致或無效的資料，將不會儲存，並請您重新載入。","","","medium","","",""
"buildExportModal.downloadNextNoteTemplate","buildExportModal","ui","Pressing ""Download JSON"" fetches your saved builds once more and verifies the target, worldCardId, update time, and format before saving. If there are discrepancies or invalid data, nothing is saved and you'll be asked to reload.","按下「下載 JSON」後，會再次讀取已儲存的方案，並在儲存前驗證對象、worldCardId、更新時間與格式。若有不一致或無效的資料，將不會儲存，並請您重新載入。","","","medium","","",""
"buildExportModal.cancelledNoticeTemplate","buildExportModal","ui","The save-location selection was cancelled. Your saved builds have not been changed. Press ""Choose save location"" again to retry.","已取消儲存位置的選擇。已儲存的方案未變更。若要重試，請再次按下「選擇儲存位置」。","","","medium","","",""
"buildExportModal.exportTargetLineTemplate","buildExportModal","ui","Export target: {target} — {count} build(s)","匯出對象：{target}，共 {count} 個方案","","","medium","","",""
"buildExportModal.exportFailureEmpty","buildExportModal","ui","There are no saved builds that can be exported.","沒有可匯出的已儲存方案。","","","medium","","",""
"buildExportModal.exportFailureInvalidTemplate","buildExportModal","ui","{invalid} saved build(s) are invalid (only {valid} can be exported). The export was cancelled for safety. Please check the targets in My Builds.","有 {invalid} 個已儲存的方案無效（僅 {valid} 個可匯出）。為了安全，已取消匯出。請在我的方案中確認對象。","","","medium","","",""
"buildImportModal.safetyLine1","buildImportModal","ui","Only local JSON files created previously by this app's ""Export saved builds"" are supported.","僅支援先前由本 App 的「匯出已儲存的方案」建立的本機 JSON 檔案。","","","medium","","",""
"buildImportModal.safetyLine2","buildImportModal","ui","The file is processed entirely inside this browser — nothing is sent to a server or external service (no uploads).","檔案完全在此瀏覽器中處理，不會傳送至伺服器或外部服務（不會上傳）。","","","medium","","",""
"buildImportModal.safetyLine3","buildImportModal","ui","Just selecting a file or opening the preview does not save anything. Saving happens only when you press the final confirmation.","僅選擇檔案或開啟預覽不會儲存任何內容。只有按下最終確認時才會儲存。","","","medium","","",""
"buildImportModal.safetyLine4","buildImportModal","ui","Existing saved builds are never overwritten or deleted. If a buildId collides with an existing one, it's added with a new buildId.","絕不會覆寫或刪除現有的已儲存方案。若 buildId 與現有的重複，會以新的 buildId 新增。","","","medium","","",""
"buildImportModal.safetyLine5","buildImportModal","ui","Imported builds are not automatically applied to My Team, squads, or card favorites (no references are created either).","匯入的方案不會自動套用至我的球隊、陣容或卡片收藏（也不會建立任何參照）。","","","medium","","",""
"buildImportModal.safetyLine6","buildImportModal","ui","Files with an unsupported formatVersion are rejected without conversion.","不支援的 formatVersion 檔案會直接拒絕，不進行轉換。","","","medium","","",""
"buildImportModal.safetyLine7","buildImportModal","ui","After importing, manage builds individually in My Builds (they are not automatically set as the selected or favorite build).","匯入後，請在我的方案中個別管理（不會自動設為已選擇或收藏的方案）。","","","medium","","",""
"buildImportModal.launcherHeading","buildImportModal","ui","Import Saved Builds (Local JSON Import)","匯入已儲存的方案（本機 JSON 匯入）","","51","medium","","",""
"buildImportModal.launcherDescriptionPrefix","buildImportModal","ui","Choose a local JSON file previously exported from this app, and its content will be validated and previewed, then ","選擇先前從本 App 匯出的本機 JSON 檔案，系統會驗證並預覽內容，經最終確認後","","","medium","","",""
"buildImportModal.addBoldLabel","buildImportModal","ui","added","新增","","12","medium","","",""
"buildImportModal.launcherDescriptionSuffix","buildImportModal","ui"," as saved builds after final confirmation. This is a separate operation from exporting.","為已儲存的方案。這與匯出是不同的操作。","","","medium","","",""
"buildImportModal.launcherButton","buildImportModal","ui","Import saved builds","匯入已儲存的方案","","25","medium","","",""
"buildImportModal.unavailableNote","buildImportModal","ui","This browser doesn't support localStorage, so importing isn't available.","此瀏覽器不支援 localStorage，因此無法匯入。","","","medium","","",""
"buildImportModal.validateErrorTemplate","buildImportModal","ui","{invalid} saved build(s) in the file are invalid (valid: {valid}). For safety, this file cannot be imported.","檔案中有 {invalid} 個已儲存的方案無效（有效：{valid}）。為了安全，此檔案無法匯入。","","","high","","",""
"buildImportModal.duplicateErrorTemplate","buildImportModal","ui","The file has duplicate buildId values ({count}). This cannot happen in a proper export file, so this file cannot be imported.","檔案中有重複的 buildId（{count}）。正常的匯出檔案不會出現這種情況，因此此檔案無法匯入。","","","high","","",""
"buildImportModal.parseErrorEmpty","buildImportModal","ui","The file is empty.","檔案是空的。","","24","high","","",""
"buildImportModal.parseErrorTooLarge","buildImportModal","ui","The file or the number of builds is too large.","檔案或方案數量過大。","","","high","","",""
"buildImportModal.parseErrorNotJson","buildImportModal","ui","This could not be read as JSON.","無法以 JSON 讀取。","","","high","","",""
"buildImportModal.parseErrorNotObject","buildImportModal","ui","This is not the structure of an export file.","這不是匯出檔案的結構。","","","high","","",""
"buildImportModal.parseErrorUnsafeKeys","buildImportModal","ui","This cannot be imported because it contains unknown or unsafe fields.","含有未知或不安全的欄位，因此無法匯入。","","","high","","",""
"buildImportModal.parseErrorFormatMismatch","buildImportModal","ui","This is not a saved-build export file from this app.","這不是本 App 的已儲存方案匯出檔案。","","","high","","",""
"buildImportModal.parseErrorUnsupportedVersion","buildImportModal","ui","This formatVersion is not supported. An app update is required.","不支援此 formatVersion。需要更新 App。","","","high","","",""
"buildImportModal.parseErrorExportedAt","buildImportModal","ui","The exportedAt timestamp is invalid.","exportedAt 時間戳記無效。","","","high","","",""
"buildImportModal.parseErrorItemCount","buildImportModal","ui","itemCount is invalid.","itemCount 無效。","","28","high","","",""
"buildImportModal.parseErrorItemCountMismatch","buildImportModal","ui","itemCount does not match the actual number of items.","itemCount 與實際的項目數不一致。","","","high","","",""
"buildImportModal.parseErrorGeneric","buildImportModal","ui","This file cannot be imported.","此檔案無法匯入。","","","high","","",""
"buildImportModal.tooLargeTemplate","buildImportModal","ui","The file is too large (limit: {max}MB).","檔案過大（上限：{max}MB）。","","","medium","","",""
"buildImportModal.noFileApiError","buildImportModal","ui","This browser cannot read files.","此瀏覽器無法讀取檔案。","","","high","","",""
"buildImportModal.readFailedError","buildImportModal","ui","The file could not be read.","無法讀取檔案。","","","high","","",""
"buildImportModal.importConflictTemplate","buildImportModal","ui","Saved builds were updated in another tab. Please reload the existing data and check the import content again. (existing added: {added} / deleted: {removed} / changed: {changed})","已儲存的方案已在其他分頁中更新。請重新載入現有資料，並再次確認匯入內容。（現有資料 新增：{added}／刪除：{removed}／變更：{changed}）","","","medium","","",""
"buildImportModal.saveConflictNote","buildImportModal","ui","Saved builds were updated in another tab. Please reload and check again.","已儲存的方案已在其他分頁中更新。請重新載入後再次確認。","","","medium","","",""
"buildImportModal.quotaError","buildImportModal","ui","Could not save — storage capacity may be insufficient. Existing saved builds have not been changed.","無法儲存，儲存空間可能不足。現有的已儲存方案未變更。","","","high","","",""
"buildImportModal.storageError","buildImportModal","ui","This browser could not save. Existing saved builds have not been changed.","此瀏覽器無法儲存。現有的已儲存方案未變更。","","","high","","",""
"buildImportModal.genericSaveError","buildImportModal","ui","Saving failed. Existing saved builds have not been changed.","儲存失敗。現有的已儲存方案未變更。","","","high","","",""
"buildImportModal.reverifyFailedNote","buildImportModal","ui","Re-verification of the save result failed. Please reload the My Builds list to check.","儲存結果的重新驗證失敗。請重新載入我的方案列表以確認。","","","high","","",""
"buildImportModal.titleSelect","buildImportModal","ui","Import saved builds","匯入已儲存的方案","","25","medium","","",""
"buildImportModal.titleError","buildImportModal","ui","Could not read the file","無法讀取檔案","","30","high","","",""
"buildImportModal.titlePreview","buildImportModal","ui","Confirm import content","確認匯入內容","","29","medium","","",""
"buildImportModal.titleConfirm","buildImportModal","ui","Final import confirmation","匯入最終確認","","","high","","",""
"buildImportModal.titleSaving","buildImportModal","ui","Importing","匯入中","","12","medium","","",""
"buildImportModal.titleDone","buildImportModal","ui","Import complete","匯入完成","","20","medium","","",""
"buildImportModal.titleSaveFail","buildImportModal","ui","Import failed","匯入失敗","","17","medium","","",""
"buildImportModal.staleBlockedText","buildImportModal","ui","Saved builds were updated in another tab. Please reload the existing data and check the import content again.","已儲存的方案已在其他分頁中更新。請重新載入現有資料，並再次確認匯入內容。","","","medium","","",""
"buildImportModal.reloadExistingButton","buildImportModal","ui","Reload existing data","重新載入現有資料","","26","medium","","",""
"buildImportModal.savingText","buildImportModal","ui","Importing…","匯入中…","","13","medium","","",""
"buildImportModal.doneMessageTemplate","buildImportModal","ui","Imported {count} saved build(s). Existing builds have not been changed.","已匯入 {count} 個已儲存的方案。現有的方案未變更。","","","medium","","",""
"buildImportModal.doneNewIdsTemplate","buildImportModal","ui","{count} of them were added with a new buildId to avoid colliding with an existing buildId.","其中 {count} 個為避免與現有 buildId 重複，已以新的 buildId 新增。","","","medium","","",""
"buildImportModal.doneManageNote","buildImportModal","ui","Imported builds can be managed individually in My Builds. They have not been automatically set as the selected build, favorite build, or in any squad.","匯入的方案可在我的方案中個別管理。未自動設為已選擇的方案、收藏的方案，也未加入任何陣容。","","","medium","","",""
"buildImportModal.saveFailFallback","buildImportModal","ui","Import failed.","匯入失敗。","","19","medium","","",""
"buildImportModal.cancelButton","buildImportModal","ui","Cancel","取消","","12","medium","","",""
"buildImportModal.pickAnotherFileButton","buildImportModal","ui","Choose another file","選擇其他檔案","","25","medium","","",""
"buildImportModal.importButtonTemplate","buildImportModal","ui","Import ({count})","匯入（{count}）","","21","medium","","",""
"buildImportModal.closeButton","buildImportModal","ui","Close","關閉","","12","medium","","",""
"buildImportModal.supportedFilesHeading","buildImportModal","ui","Supported files","支援的檔案","","20","medium","","",""
"buildImportModal.supportedFile1Prefix","buildImportModal","ui","A JSON file previously created by this app's ""Export saved builds"" (","先前由本 App 的「匯出已儲存的方案」建立的 JSON 檔案（","","","medium","","",""
"buildImportModal.supportedFile1Middle","buildImportModal","ui"," / formatVersion "," / formatVersion ","","23","medium","","",""
"buildImportModal.supportedFile1Suffix","buildImportModal","ui",")","）","","12","medium","","",""
"buildImportModal.supportedFile2","buildImportModal","ui","The file extension alone is not used to decide. The content is parsed as JSON, and the format, item count, and each build are validated.","不會僅依副檔名判斷。會將內容解析為 JSON，並驗證格式、項目數與每個方案。","","","medium","","",""
"buildImportModal.supportedFile3Template","buildImportModal","ui","File size limit: {maxSize}MB / item count limit: {maxCount}.","檔案大小上限：{maxSize}MB／項目數上限：{maxCount}。","","","medium","","",""
"buildImportModal.supportedFile4","buildImportModal","ui","Not supported: a standalone SavedBuild JSON / the entire localStorage / My Team / squads / card favorites / CSV / ZIP / TXT / JavaScript / HTML / an unsupported formatVersion.","不支援：單一 SavedBuild JSON／整個 localStorage／我的球隊／陣容／卡片收藏／CSV／ZIP／TXT／JavaScript／HTML／不支援的 formatVersion。","","","medium","","",""
"buildImportModal.selectFileLabel","buildImportModal","ui","Select a JSON file to import","選擇要匯入的 JSON 檔案","","37","medium","","",""
"buildImportModal.selectFileHint","buildImportModal","ui","Just selecting a file does not save anything. Review the content and it will only be saved when you press the final confirmation.","僅選擇檔案不會儲存任何內容。確認內容後，只有按下最終確認時才會儲存。","","","medium","","",""
"buildImportModal.validatingText","buildImportModal","ui","Validating the file…","正在驗證檔案…","","26","medium","","",""
"buildImportModal.selectedFileTemplate","buildImportModal","ui","Selected: {name}","已選擇：{name}","","21","medium","","",""
"buildImportModal.selectedFileSizeTemplate","buildImportModal","ui"," ({size})","（{size}）","","12","medium","","",""
"buildImportModal.validateInfoTemplate","buildImportModal","ui","Invalid: {invalid} / valid: {valid}. Partial imports are not performed.","無效：{invalid}／有效：{valid}。不會進行部分匯入。","","","medium","","",""
"buildImportModal.duplicateIdsTemplate","buildImportModal","ui","Duplicate buildId: {ids}","重複的 buildId：{ids}","","32","medium","","",""
"buildImportModal.fileHeading","buildImportModal","ui","File","檔案","","12","medium","","",""
"buildImportModal.fileNameLabel","buildImportModal","ui","File name","檔案名稱","","12","medium","","",""
"buildImportModal.fileSizeLabel","buildImportModal","ui","Size","大小","","12","medium","","",""
"buildImportModal.validationHeading","buildImportModal","ui","Validation result","驗證結果","","23","medium","","",""
"buildImportModal.validCountLabel","buildImportModal","ui","Valid count","有效數量","","15","medium","","",""
"buildImportModal.plannedSaveCountLabel","buildImportModal","ui","Planned save count","預定儲存數量","","24","medium","","",""
"buildImportModal.collisionCountLabel","buildImportModal","ui","buildId collisions (new IDs issued)","buildId 重複（發行新 ID）","","46","medium","","",""
"buildImportModal.saveCountNoteTemplate","buildImportModal","ui","{count} will be added as new saved builds. Existing builds are not changed.","將新增 {count} 個已儲存的方案。現有的方案不會變更。","","","medium","","",""
"buildImportModal.targetBuildsSummaryTemplate","buildImportModal","ui","Target builds ({count})","對象方案（{count}）","","30","medium","","",""
"buildImportModal.newBuildIdBadge","buildImportModal","ui","New buildId","新 buildId","","15","medium","","",""
"buildImportModal.pomBadge","buildImportModal","ui","Power of Many specified","已指定 Power of Many","","30","medium","","",""
"buildImportModal.experimentalBadge","buildImportModal","ui","Experimental estimate","實驗性推測","","28","medium","","",""
"buildImportModal.worldIdOriginalTemplate","buildImportModal","ui","World ID {worldId} / original buildId {originalId}","World ID {worldId}／原 buildId {originalId}","","","medium","","",""
"buildImportModal.finalBuildIdTemplate","buildImportModal","ui"," → buildId after import {finalId}"," → 匯入後的 buildId {finalId}","","","medium","","",""
"buildImportModal.noChangeLabel","buildImportModal","ui"," (unchanged)","（未變更）","","16","medium","","",""
"buildImportModal.rulesVersionTemplate","buildImportModal","ui","rulesVersion {version}","rulesVersion {version}","","29","medium","","",""
"buildImportModal.allocationLabelTemplate","buildImportModal","ui","Allocation: {allocation}","分配：{allocation}","","32","medium","","",""
"buildImportModal.createdUpdatedNoteTemplate","buildImportModal","ui","Created {created} / Updated {updated} (timestamps are preserved)","建立 {created}／更新 {updated}（保留時間戳記）","","","medium","","",""
"buildImportModal.unaffectedHeading","buildImportModal","ui","What this import does not change","此次匯入不會變更的內容","","42","medium","","",""
"buildImportModal.unaffected1","buildImportModal","ui","Existing saved builds (never overwritten or deleted)","現有的已儲存方案（絕不會覆寫或刪除）","","","medium","","",""
"buildImportModal.unaffected2","buildImportModal","ui","My Team (selected build, favorite build, ownership/usage status, tags, notes)","我的球隊（已選擇的方案、收藏的方案、持有／使用狀態、標籤、備註）","","","medium","","",""
"buildImportModal.unaffected3","buildImportModal","ui","Saved squads (placement, savedBuildId references)","已儲存的陣容（配置、savedBuildId 參照）","","","medium","","",""
"buildImportModal.unaffected4","buildImportModal","ui","The card's own favorite status","卡片本身的收藏狀態","","","medium","","",""
"buildImportModal.unaffected5","buildImportModal","ui","Nothing is sent to an external service","不會傳送任何內容至外部服務","","","medium","","",""
"buildImportModal.unaffectedFootnote","buildImportModal","ui","Imported builds are not automatically set as selectedBuildId / favoriteBuildId / a squad's savedBuildId. They appear as ""Not referenced"" in the My Builds usage status.","匯入的方案不會自動設為 selectedBuildId／favoriteBuildId／陣容的 savedBuildId。在我的方案的使用狀態中會顯示為「未被參照」。","","","medium","","",""
"buildImportModal.confirmTitleTemplate","buildImportModal","ui","Add {count} saved build(s)","新增 {count} 個已儲存的方案","","","high","","",""
"buildImportModal.confirmNote1","buildImportModal","ui","Existing saved builds are never overwritten or deleted.","絕不會覆寫或刪除現有的已儲存方案。","","","high","","",""
"buildImportModal.confirmCollisionTemplate","buildImportModal","ui","{count} of them will be added with a new buildId to avoid colliding with an existing buildId.","其中 {count} 個為避免與現有 buildId 重複，將以新的 buildId 新增。","","","high","","",""
"buildImportModal.confirmNoCollision","buildImportModal","ui","There are no buildId collisions.","沒有 buildId 重複。","","","high","","",""
"buildImportModal.confirmNote2","buildImportModal","ui","My Team, squads, and card favorites are not changed.","我的球隊、陣容與卡片收藏不會變更。","","","high","","",""
"buildImportModal.confirmNote3","buildImportModal","ui","Immediately before saving, the existing data is fetched once more to check for conflicts.","儲存前會再次讀取現有資料，確認是否有衝突。","","","high","","",""
"buildImportModal.confirmButton","buildImportModal","ui","Confirm and import","確認並匯入","","24","high","","",""
"duplicateReviewTeaser.bodyPrefix","duplicateReviewTeaser","ui","You can safely review ","你可以在方案分析中，安全地檢視因 JSON 匯入或複製而可能累積的已儲存方案","","29","medium","","",""
"duplicateReviewTeaser.duplicateCandidatesLabel","duplicateReviewTeaser","ui","duplicate candidates","重複候選","","26","medium","","",""
"duplicateReviewTeaser.bodySuffix","duplicateReviewTeaser","ui"," for saved builds that may have accumulated from JSON imports or duplication, in Build Inventory. This screen does not delete, merge, or overwrite anything.","。此畫面不會刪除、合併或覆寫任何內容。","","","medium","","",""
"duplicateReviewTeaser.openInventoryLink","duplicateReviewTeaser","ui","Review duplicate candidates in Build Inventory","在方案分析中檢視重複候選","","","medium","","",""
"myBuildsView.pageTitle","myBuildsView","metadata","My Builds","我的方案","","12","medium","","",""
"myBuildsView.pageDescription","myBuildsView","metadata","View, search, rename, duplicate, and delete progression builds saved from the player detail, player compare, My Team, and squad editor screens. The save format is unchanged (saved only in this browser).","檢視、搜尋、重新命名、複製及刪除從球員詳細資料、球員比較、我的球隊與陣容編輯畫面儲存的培養方案。儲存格式不變（僅儲存在此瀏覽器中）。","","","medium","","",""
"myBuildsView.scopeLoadingMessage","myBuildsView","ui","Checking your account…","正在確認帳號…","","29","medium","","",""
"myBuildsView.sortUpdatedDesc","myBuildsView","ui","Recently updated","最近更新","","21","medium","","",""
"myBuildsView.sortUpdatedAsc","myBuildsView","ui","Oldest updated","最早更新","","19","medium","","",""
"myBuildsView.sortCreatedDesc","myBuildsView","ui","Recently created","最近建立","","21","medium","","",""
"myBuildsView.sortCreatedAsc","myBuildsView","ui","Oldest created","最早建立","","19","medium","","",""
"myBuildsView.sortNameAsc","myBuildsView","ui","By build name","依方案名稱","","17","medium","","",""
"myBuildsView.sortPlayerAsc","myBuildsView","ui","By player name","依球員名稱","","19","medium","","",""
"myBuildsView.renameTargetMissing","myBuildsView","ui","The target build could not be found","找不到目標方案","","","medium","","",""
"myBuildsView.renamedNoticeTemplate","myBuildsView","ui","Renamed the build to ""{name}"".","已將方案重新命名為「{name}」。","","","medium","","",""
"myBuildsView.duplicateNameSuffix","myBuildsView","ui"," copy"," 副本","","12","medium","","",""
"myBuildsView.duplicateFailedTemplate","myBuildsView","ui","Could not duplicate: {error}","無法複製：{error}","","","high","","",""
"myBuildsView.duplicatedNoticeTemplate","myBuildsView","ui","Duplicated as ""{name}"".","已複製為「{name}」。","","30","medium","","",""
"myBuildsView.deleteFailedTemplate","myBuildsView","ui","Could not delete: {error}","無法刪除：{error}","","","high","","",""
"myBuildsView.deletedNotice","myBuildsView","ui","Deleted the saved build. My Team and squads were not changed.","已刪除儲存的方案。我的球隊與陣容未變更。","","","high","","",""
"myBuildsView.alreadyRegisteredNotice","myBuildsView","ui","This card is already registered in My Team. Please reload.","此球員卡已登錄於我的球隊。請重新載入。","","","medium","","",""
"myBuildsView.registerFailedTemplate","myBuildsView","ui","Could not register to My Team: {error}","無法登錄至我的球隊：{error}","","","high","","",""
"myBuildsView.favoriteAlsoSetTemplate","myBuildsView","ui","Also set ""{name}"" as the favorite build.","也已將「{name}」設為收藏方案。","","","medium","","",""
"myBuildsView.favoriteSetFailedNote","myBuildsView","ui","However, setting the favorite build failed. You can set it again from My Builds (the registration itself succeeded).","不過，設定收藏方案失敗。你可以從我的方案重新設定（登錄本身已成功）。","","","high","","",""
"myBuildsView.selectedAlsoSetTemplate","myBuildsView","ui","Set ""{name}"" as the selected build.","已將「{name}」設為選用方案。","","","medium","","",""
"myBuildsView.registeredNoticeTemplate","myBuildsView","ui","Registered {name} to My Team. {selNote}{favoriteNote}","已將 {name} 登錄至我的球隊。{selNote}{favoriteNote}","","","medium","","",""
"myBuildsView.alreadySelectedNotice","myBuildsView","ui","This build is already the selected build in My Team.","此方案已是我的球隊中的選用方案。","","","medium","","",""
"myBuildsView.assignFailedTemplate","myBuildsView","ui","Could not set in My Team: {error}","無法在我的球隊中設定：{error}","","","high","","",""
"myBuildsView.assignedNoticeTemplate","myBuildsView","ui","Set ""{name}"" as the selected build in My Team (nothing else was changed).","已將「{name}」設為我的球隊中的選用方案（其他內容皆未變更）。","","","medium","","",""
"myBuildsView.selectionChangedError","myBuildsView","ui","The selection has changed. Please reload.","選取內容已變更。請重新載入。","","","high","","",""
"myBuildsView.clearSelectionFailedTemplate","myBuildsView","ui","Could not clear: {error}","無法解除：{error}","","32","high","","",""
"myBuildsView.clearedSelectionNotice","myBuildsView","ui","Cleared the selected build in My Team (favorite build and other info were not changed).","已解除我的球隊中的選用方案（收藏方案及其他資訊未變更）。","","","medium","","",""
"myBuildsView.alreadyFavoriteNotice","myBuildsView","ui","This build is already the favorite build in My Team.","此方案已是我的球隊中的收藏方案。","","","medium","","",""
"myBuildsView.setFavoriteFailedTemplate","myBuildsView","ui","Could not set as favorite build: {error}","無法設為收藏方案：{error}","","","high","","",""
"myBuildsView.setFavoriteNoticeTemplate","myBuildsView","ui","Set ""{name}"" as the favorite build in My Team. The selected build was not changed.","已將「{name}」設為我的球隊中的收藏方案。選用方案未變更。","","","medium","","",""
"myBuildsView.clearFavoriteFailedTemplate","myBuildsView","ui","Could not clear favorite: {error}","無法解除收藏：{error}","","","high","","",""
"myBuildsView.clearedFavoriteNoticeTemplate","myBuildsView","ui","Cleared ""{name}"" from the favorite build in My Team. The selected build was not changed.","已將「{name}」從我的球隊的收藏方案中解除。選用方案未變更。","","","medium","","",""
"myBuildsView.unknownError","myBuildsView","ui","Unknown error","未知的錯誤","","17","high","","",""
"myBuildsView.emptyTitle","myBuildsView","ui","No saved builds","沒有儲存的方案","","20","medium","","",""
"myBuildsView.emptyDescription","myBuildsView","ui","Adjust progression in player detail or player compare, then add one via ""Save this build"".","在球員詳細資料或球員比較中調整培養後，透過「儲存此方案」新增。","","","medium","","",""
"myBuildsView.findPlayersLink","myBuildsView","ui","Find players","尋找球員","","16","medium","","",""
"myBuildsView.openComparelink","myBuildsView","ui","Open player compare","開啟球員比較","","25","medium","","",""
"myBuildsView.openMyTeamLink","myBuildsView","ui","Open My Team","開啟我的球隊","","16","medium","","",""
"myBuildsView.openSquadsLink","myBuildsView","ui","Open squads","開啟陣容","","15","medium","","",""
"myBuildsView.storageUnavailableNotice","myBuildsView","ui","Saved builds cannot be shown or changed because this browser cannot use localStorage.","此瀏覽器無法使用 localStorage，因此無法顯示或變更儲存的方案。","","","medium","","",""
"myBuildsView.staleBuildsNotice","myBuildsView","ui","Saved builds were updated in another tab.","儲存的方案已在其他分頁中更新。","","","medium","","",""
"myBuildsView.staleMyTeamNotice","myBuildsView","ui","My Team was updated in another tab.","我的球隊已在其他分頁中更新。","","","medium","","",""
"myBuildsView.reloadButton","myBuildsView","ui","Reload","重新載入","","12","medium","","",""
"myBuildsView.statTotalLabel","myBuildsView","ui","Saved builds","已儲存的方案","","16","medium","","",""
"myBuildsView.statVisibleLabel","myBuildsView","ui","Showing","顯示中","","12","medium","","",""
"myBuildsView.statUsedLabel","myBuildsView","ui","In use","使用中","","12","medium","","",""
"myBuildsView.statUnusedLabel","myBuildsView","ui","Unused","未使用","","12","medium","","",""
"myBuildsView.usedExplanationNote","myBuildsView","ui","""In use"" counts builds referenced as My Team's selected/favorite build, or referenced by a squad's saved build.","「使用中」計算的是被我的球隊設為選用／收藏方案，或被陣容的儲存方案參照的方案。","","","medium","","",""
"myBuildsView.filterSectionHeading","myBuildsView","ui","Search, Filter & Sort","搜尋、篩選與排序","","28","medium","","",""
"myBuildsView.filterActiveBadge","myBuildsView","ui","Active","套用中","","12","medium","","",""
"myBuildsView.searchLabel","myBuildsView","ui","Search (build name, player name, World ID, buildId)","搜尋（方案名稱、球員名稱、World ID、buildId）","","67","medium","","",""
"myBuildsView.searchPlaceholder","myBuildsView","ui","Messi / RWF / 89138556575063 / Finisher","Messi / RWF / 89138556575063 / Finisher","","51","medium","","",""
"myBuildsView.searchAriaLabel","myBuildsView","accessibility","Search saved builds","搜尋儲存的方案","","25","high","","",""
"myBuildsView.cardTypeLabel","myBuildsView","ui","Card type","球員卡類型","","12","medium","","",""
"myBuildsView.cardTypeAriaLabel","myBuildsView","accessibility","Filter by card type","依球員卡類型篩選","","25","high","","",""
"myBuildsView.filterAllOption","myBuildsView","ui","All","全部","","12","medium","","",""
"myBuildsView.positionLabel","myBuildsView","ui","Registered position","登錄位置","","25","medium","","",""
"myBuildsView.positionAriaLabel","myBuildsView","accessibility","Filter by registered position","依登錄位置篩選","","38","high","","",""
"myBuildsView.rulesLabel","myBuildsView","ui","Rules","規則","","12","medium","","",""
"myBuildsView.rulesAriaLabel","myBuildsView","accessibility","Filter by rules version","依規則版本篩選","","30","high","","",""
"myBuildsView.pomLabel","myBuildsView","ui","Power of Many","Power of Many","","17","medium","","",""
"myBuildsView.pomAriaLabel","myBuildsView","accessibility","Filter by Power of Many selection","依 Power of Many 選擇篩選","","43","high","","",""
"myBuildsView.pomWithOption","myBuildsView","ui","Has selection","已選擇","","17","medium","","",""
"myBuildsView.experimentalLabel","myBuildsView","ui","Experimental estimate","實驗性估算","","28","medium","","",""
"myBuildsView.experimentalAriaLabel","myBuildsView","accessibility","Filter by experimental estimate","依實驗性估算篩選","","41","high","","",""
"myBuildsView.experimentalWithOption","myBuildsView","ui","Has estimate","有估算","","16","medium","","",""
"myBuildsView.usageLabel","myBuildsView","ui","Usage","使用狀況","","12","medium","","",""
"myBuildsView.usageAriaLabel","myBuildsView","accessibility","Filter by usage","依使用狀況篩選","","20","high","","",""
"myBuildsView.usageUsedOption","myBuildsView","ui","In use","使用中","","12","medium","","",""
"myBuildsView.usageUnusedOption","myBuildsView","ui","Unused","未使用","","12","medium","","",""
"myBuildsView.sortLabel","myBuildsView","ui","Sort","排序","","12","medium","","",""
"myBuildsView.sortAriaLabel","myBuildsView","accessibility","Sort","排序","","12","high","","",""
"myBuildsView.clearFiltersButton","myBuildsView","ui","Clear filters","清除篩選","","17","medium","","",""
"myBuildsView.noResultsTitle","myBuildsView","ui","No saved builds match your criteria","沒有符合條件的儲存方案","","46","medium","","",""
"myBuildsView.deleteConfirmTitle","myBuildsView","ui","Delete this saved build?","要刪除此儲存的方案嗎？","","32","high","","",""
"myBuildsView.deleteConfirmButton","myBuildsView","ui","Delete","刪除","","12","high","","",""
"myBuildsView.clearSelectionConfirmTitle","myBuildsView","ui","Clear the selected build in My Team?","要解除我的球隊中的選用方案嗎？","","47","high","","",""
"myBuildsView.clearSelectionConfirmButton","myBuildsView","ui","Clear","解除","","12","high","","",""
"myBuildsView.clearSelectionBodyTemplate","myBuildsView","ui","This removes {name} from My Team's selected build (resets selectedBuildId to unselected).","這會將 {name} 從我的球隊的選用方案中移除（將 selectedBuildId 重設為未選擇）。","","","medium","","",""
"myBuildsView.idLineTemplate","myBuildsView","ui","World ID {worldCardId} / buildId {buildId}","World ID {worldCardId} / buildId {buildId}","","","medium","","",""
"myBuildsView.clearSelectionUnchangedNote","myBuildsView","ui","The saved build itself, favorite build, ownership status, usage status, tags, note, squads, and favorite are not changed.","儲存的方案本身、收藏方案、持有狀態、使用狀態、標籤、備註、陣容及收藏皆不會變更。","","","medium","","",""
"myBuildsView.clearFavoriteConfirmTitle","myBuildsView","ui","Clear the favorite build in My Team?","要解除我的球隊中的收藏方案嗎？","","47","high","","",""
"myBuildsView.clearFavoriteConfirmButton","myBuildsView","ui","Clear favorite","解除收藏","","19","high","","",""
"myBuildsView.clearFavoriteBodyTemplate","myBuildsView","ui","This clears {name} from My Team's favorite build (resets favoriteBuildId to unset).","這會將 {name} 從我的球隊的收藏方案中解除（將 favoriteBuildId 重設為未設定）。","","","medium","","",""
"myBuildsView.clearFavoriteChangedItem","myBuildsView","ui","Changed: only favoriteBuildId and the updated timestamp","變更內容：僅 favoriteBuildId 與更新時間","","","medium","","",""
"myBuildsView.clearFavoriteUnchangedItemTemplate","myBuildsView","ui","Not changed: selected build (selectedBuildId), ownership status, usage status, tags, note, registration date, other cards' My Team records, the saved build itself, squads, the card's own favorite, and compare state","不變更：選用方案（selectedBuildId）、持有狀態、使用狀態、標籤、備註、登錄日期、其他球員卡的我的球隊紀錄、儲存的方案本身、陣容、球員卡本身的收藏，以及比較狀態","","","medium","","",""
"myBuildsView.registerModalTitle","myBuildsView","ui","Register to My Team","登錄至我的球隊","","25","medium","","",""
"myBuildsView.cardImageAltTemplate","myBuildsView","ui","Card image for {name}","{name} 的球員卡圖片","","28","medium","","",""
"myBuildsView.cardImageAltGeneric","myBuildsView","ui","Card image","球員卡圖片","","13","medium","","",""
"myBuildsView.cardTypeUnknown","myBuildsView","ui","Unknown card type","未知的球員卡類型","","23","medium","","",""
"myBuildsView.registeredPositionUnknown","myBuildsView","ui","Unknown registered position","未知的登錄位置","","","medium","","",""
"myBuildsView.alreadyInMyTeamNotice","myBuildsView","ui","This card is already registered in My Team. Please reload.","此球員卡已登錄於我的球隊。請重新載入。","","","medium","","",""
"myBuildsView.buildToUseLabel","myBuildsView","ui","Build to use: ","使用的方案：","","19","medium","","",""
"myBuildsView.buildIdSuffixTemplate","myBuildsView","ui"," (buildId {id})","（buildId {id}）","","20","medium","","",""
"myBuildsView.allocationLabel","myBuildsView","ui","Progression allocation: ","培養分配：","","32","medium","","",""
"myBuildsView.noAllocationBase","myBuildsView","ui","No allocation (base abilities)","未分配（基礎能力值）","","","medium","","",""
"myBuildsView.usedPointsLabel","myBuildsView","ui","Points used: {value}","已使用點數：{value}","","26","medium","","",""
"myBuildsView.totalUnknownSuffix","myBuildsView","ui"," pt (total unknown)"," pt（總數不明）","","25","medium","","",""
"myBuildsView.totalPointsSuffixTemplate","myBuildsView","ui"," / {value} pt"," / {value} pt","","17","medium","","",""
"myBuildsView.pomRowLabel","myBuildsView","ui","Power of Many (user-specified): ","Power of Many（使用者指定）：","","42","medium","","",""
"myBuildsView.pomUnspecified","myBuildsView","ui","Not specified","未指定","","17","medium","","",""
"myBuildsView.experimentalRowLabel","myBuildsView","ui","Experimental estimate: ","實驗性估算：","","30","medium","","",""
"myBuildsView.yes","myBuildsView","ui","Yes","是","","12","medium","","",""
"myBuildsView.no","myBuildsView","ui","No","否","","12","medium","","",""
"myBuildsView.estimatedOvrLabel","myBuildsView","ui","Estimated OVR at save time: ","儲存時的估計 OVR：","","37","medium","","",""
"myBuildsView.calcModeConfirmed","myBuildsView","ui","Base value only","僅基礎值","","20","high","","",""
"myBuildsView.calcModeUnsupported","myBuildsView","ui","Cannot calculate","無法計算","","21","medium","","",""
"myBuildsView.calcModeProvisional","myBuildsView","ui","Provisional rule","暫定規則","","21","medium","","",""
"myBuildsView.totalOvrPlaceholder","myBuildsView","ui","Overall (position-specific OVR): — (calculation rule under review)","綜合（各位置 OVR）：—（計算規則審查中）","","86","medium","","",""
"myBuildsView.ownershipLabel","myBuildsView","ui","Ownership status","持有狀態","","21","medium","","",""
"myBuildsView.ownershipHint","myBuildsView","ui","My Team manages cards you actually own. You can change this later from the My Team screen.","我的球隊用來管理你實際持有的球員卡。之後可在我的球隊畫面變更。","","","medium","","",""
"myBuildsView.usageStatusLabel","myBuildsView","ui","Usage status","使用狀態","","16","medium","","",""
"myBuildsView.usageStatusHint","myBuildsView","ui","Separate from actual squad placement. Choosing here does not automatically place it in a squad.","與實際的陣容配置無關。在此選擇不會自動配置到陣容中。","","","medium","","",""
"myBuildsView.associationLegend","myBuildsView","ui","Saved build associations (each is an independent setting)","儲存方案的關聯（各自為獨立設定）","","","medium","","",""
"myBuildsView.setSelectedOptionPrefix","myBuildsView","ui","Set this build as the ","將此方案設為","","29","medium","","",""
"myBuildsView.setSelectedOptionSuffix","myBuildsView","ui"," (selectedBuildId)","（selectedBuildId）","","24","medium","","",""
"myBuildsView.setSelectedHint","myBuildsView","ui","This is the build shown first when you open this card in My Team.","在我的球隊中開啟此球員卡時最先顯示的方案。","","","medium","","",""
"myBuildsView.setFavoriteOptionPrefix","myBuildsView","ui","Set this build as the ","將此方案設為","","29","medium","","",""
"myBuildsView.setFavoriteOptionSuffix","myBuildsView","ui"," (favoriteBuildId)","（favoriteBuildId）","","24","medium","","",""
"myBuildsView.setFavoriteHint","myBuildsView","ui","A separate slot from the selected build. Also separate from the card's own favorite status.","與選用方案是不同的欄位，也與球員卡本身的收藏狀態無關。","","","medium","","",""
"myBuildsView.previewHeading","myBuildsView","ui","My Team Record That Will Be Created","將建立的我的球隊紀錄","","46","medium","","",""
"myBuildsView.previewOwnershipTemplate","myBuildsView","ui","Ownership: {value}","持有：{value}","","24","medium","","",""
"myBuildsView.previewUsageTemplate","myBuildsView","ui","Usage: {value}","使用：{value}","","19","medium","","",""
"myBuildsView.previewSelectedTemplate","myBuildsView","ui","Selected build: {value}","選用方案：{value}","","30","medium","","",""
"myBuildsView.previewFavoriteTemplate","myBuildsView","ui","Favorite build: {value}","收藏方案：{value}","","30","medium","","",""
"myBuildsView.previewTagsNone","myBuildsView","ui","Tags: None","標籤：無","","13","medium","","",""
"myBuildsView.previewNotesNone","myBuildsView","ui","Note: None","備註：無","","13","medium","","",""
"myBuildsView.previewSquadNoChange","myBuildsView","ui","Squads: No change (not auto-placed or auto-applied)","陣容：不變更（不會自動配置或自動套用）","","","medium","","",""
"myBuildsView.previewFavoriteFlagNoChange","myBuildsView","ui","Card's own favorite: No change","球員卡本身的收藏：不變更","","","medium","","",""
"myBuildsView.previewNoneValue","myBuildsView","ui","None","無","","12","medium","","",""
"myBuildsView.twoStageNote","myBuildsView","ui","The favorite build is saved with one more step after registration. Even if only that step fails, the registration itself remains valid (you can set it later from My Builds).","收藏方案會在登錄後再多一個步驟儲存。即使只有該步驟失敗，登錄本身仍然有效（之後可從我的方案設定）。","","","medium","","",""
"myBuildsView.unchangedListItem1","myBuildsView","ui","Other cards' My Team records, the saved build itself, and saved squads are not changed.","其他球員卡的我的球隊紀錄、儲存的方案本身及已儲存的陣容不會變更。","","","medium","","",""
"myBuildsView.unchangedListItem2","myBuildsView","ui","The card's own favorite status, compare state, and URL are not changed.","球員卡本身的收藏狀態、比較狀態及 URL 不會變更。","","","medium","","",""
"myBuildsView.confirmStatement","myBuildsView","ui","This registers this card to My Team.","這會將此球員卡登錄至我的球隊。","","","high","","",""
"myBuildsView.cancelButton","myBuildsView","ui","Cancel","取消","","12","medium","","",""
"myBuildsView.registerButton","myBuildsView","ui","Register to My Team","登錄至我的球隊","","25","medium","","",""
"myBuildsView.changeFavoriteModalTitle","myBuildsView","ui","Change My Team Favorite Build","變更我的球隊收藏方案","","38","medium","","",""
"myBuildsView.notInMyTeamNotice","myBuildsView","ui","This card is not registered in My Team. Please register it in My Team first.","此球員卡尚未登錄於我的球隊。請先登錄至我的球隊。","","","medium","","",""
"myBuildsView.settingBuildLabel","myBuildsView","ui","Build to set: ","要設定的方案：","","19","medium","","",""
"myBuildsView.currentFavoriteLabel","myBuildsView","ui","Current favorite build: ","目前的收藏方案：","","32","medium","","",""
"myBuildsView.noneLabel","myBuildsView","ui","None","無","","12","medium","","",""
"myBuildsView.currentFavoriteMissingTemplate","myBuildsView","ui","The current favorite build could not be found (buildId {id})","找不到目前的收藏方案（buildId {id}）","","","medium","","",""
"myBuildsView.currentSelectedUnchangedLabel","myBuildsView","ui","Current selected build (not changed): ","目前的選用方案（不變更）：","","50","medium","","",""
"myBuildsView.missingBuildFallback","myBuildsView","ui"," (not found)","（找不到）","","16","medium","","",""
"myBuildsView.alreadyFavoriteNoChangeNote","myBuildsView","ui","This build is already the favorite. No change will be made.","此方案已是收藏方案。不會進行任何變更。","","","medium","","",""
"myBuildsView.confirmFavoriteChangeTemplate","myBuildsView","ui","This changes My Team's favorite build to ""{name}"".","這會將我的球隊的收藏方案變更為「{name}」。","","","high","","",""
"myBuildsView.favoriteChangedItem","myBuildsView","ui","Changed: only the My Team record's favoriteBuildId and updated timestamp","變更內容：僅我的球隊紀錄的 favoriteBuildId 與更新時間","","","medium","","",""
"myBuildsView.favoriteUnchangedItemTemplate","myBuildsView","ui","Not changed: selected build (selectedBuildId), ownership status, usage status, tags, note, registration date, other cards' My Team records, the saved build itself, squads, the card's own favorite, and compare state","不變更：選用方案（selectedBuildId）、持有狀態、使用狀態、標籤、備註、登錄日期、其他球員卡的我的球隊紀錄、儲存的方案本身、陣容、球員卡本身的收藏，以及比較狀態","","","medium","","",""
"myBuildsView.favoriteNoAutoApplyNote","myBuildsView","ui","This is not automatically applied to the selected build or existing squads.","不會自動套用到選用方案或現有陣容。","","","medium","","",""
"myBuildsView.makeFavoriteButton","myBuildsView","ui","Set as favorite build","設為收藏方案","","28","medium","","",""
"myBuildsView.changeSelectedModalTitle","myBuildsView","ui","Change My Team Selected Build","變更我的球隊選用方案","","38","medium","","",""
"myBuildsView.currentSelectedLabel","myBuildsView","ui","Current selected build: ","目前的選用方案：","","32","medium","","",""
"myBuildsView.currentSelectedMissingTemplate","myBuildsView","ui","The current selected build could not be found (buildId {id})","找不到目前的選用方案（buildId {id}）","","","medium","","",""
"myBuildsView.alreadySelectedNoChangeNote","myBuildsView","ui","This build is already selected. No change will be made.","此方案已被選用。不會進行任何變更。","","","medium","","",""
"myBuildsView.confirmSelectedChangeTemplate","myBuildsView","ui","This changes My Team's selected build to ""{name}"".","這會將我的球隊的選用方案變更為「{name}」。","","","high","","",""
"myBuildsView.selectedChangedItem","myBuildsView","ui","Changed: only the My Team record's selected build (selectedBuildId) and updated timestamp","變更內容：僅我的球隊紀錄的選用方案（selectedBuildId）與更新時間","","","medium","","",""
"myBuildsView.selectedUnchangedItemTemplate","myBuildsView","ui","Not changed: favorite build, ownership status, usage status, tags, note, registration date, other cards' My Team records, the saved build itself, squads, favorite, and compare state","不變更：收藏方案、持有狀態、使用狀態、標籤、備註、登錄日期、其他球員卡的我的球隊紀錄、儲存的方案本身、陣容、收藏，以及比較狀態","","","medium","","",""
"myBuildsView.selectedNoAutoApplyNote","myBuildsView","ui","This is not automatically applied to existing squads (each squad's saved build is an independent setting).","不會自動套用到現有陣容（各陣容的儲存方案為獨立設定）。","","","medium","","",""
"myBuildsView.makeSelectedButton","myBuildsView","ui","Set as My Team's selected build","設為我的球隊的選用方案","","41","medium","","",""
"myBuildsView.renameModalTitle","myBuildsView","ui","Rename Build","重新命名方案","","16","medium","","",""
"myBuildsView.renameDescription","myBuildsView","ui","Only the build name and updated timestamp change. buildId, allocation, rules version, created date, and Power of Many selection are kept.","只會變更方案名稱與更新時間。buildId、分配、規則版本、建立日期及 Power of Many 選擇皆會保留。","","","medium","","",""
"myBuildsView.newNameLabel","myBuildsView","ui","New build name (1-60 characters)","新的方案名稱（1～60 個字元）","","42","medium","","",""
"myBuildsView.newNameAriaLabel","myBuildsView","accessibility","New build name","新的方案名稱","","19","high","","",""
"myBuildsView.changeButton","myBuildsView","ui","Change","變更","","12","medium","","",""
"myBuildsView.deleteBodyTemplate","myBuildsView","ui","This deletes {name}{playerSuffix}.","這會刪除 {name}{playerSuffix}。","","","high","","",""
"myBuildsView.referencedFromLabel","myBuildsView","ui","This build is referenced from the following:","此方案被以下項目參照：","","58","medium","","",""
"myBuildsView.myTeamSelectedItem","myBuildsView","ui","Selected in My Team","我的球隊中的選用方案","","25","medium","","",""
"myBuildsView.myTeamFavoriteItem","myBuildsView","ui","Favorite build in My Team","我的球隊中的收藏方案","","","medium","","",""
"myBuildsView.squadReferenceTemplate","myBuildsView","ui","Squad ""{name}"" ({areas})","陣容「{name}」（{areas}）","","32","medium","","",""
"myBuildsView.deleteSafeNote","myBuildsView","ui","Deleting does not change My Team, the squad itself, card placement, or favorites. The reference will show as ""deleted"" and you will need to choose another build.","刪除不會變更我的球隊、陣容本身、球員卡配置或收藏。參照處會顯示為「已刪除」，你需要另外選擇方案。","","","high","","",""
"myBuildsView.noReferenceNote","myBuildsView","ui","This build is not referenced anywhere.","此方案未被任何地方參照。","","","medium","","",""
"myBuildsView.deleteIrreversibleNote","myBuildsView","ui","This action cannot be undone.","此操作無法復原。","","","high","","",""
"compareAddButton.fullMessageTemplate","compareAddButton","ui","Compare supports a maximum of {max} players","比較最多支援 {max} 名球員","","","medium","","",""
"compareAddButton.removeFromCompareAria","compareAddButton","accessibility","Remove from compare","從比較中移除","","25","high","","",""
"compareAddButton.addToCompareAria","compareAddButton","accessibility","Add to compare","加入比較","","19","high","","",""
"compareAddButton.inCompareLabel","compareAddButton","ui","In compare","比較中","","13","medium","","",""
"compareAddButton.compareFullLabel","compareAddButton","ui","Compare full","比較已滿","","16","medium","","",""
"compareAddButton.addToCompareLabel","compareAddButton","ui","Add to compare","加入比較","","19","medium","","",""
"compareAddButton.inCompareCheckedLabel","compareAddButton","ui","In compare ✓","比較中 ✓","","16","medium","","",""
"compareAddButton.viewCompareTemplate","compareAddButton","ui","View compare ({count})","檢視比較（{count}）","","29","medium","","",""
"duplicateReviewSection.sortUpdatedDesc","duplicateReviewSection","ui","Newest updated first","更新時間由新到舊","","26","medium","","",""
"duplicateReviewSection.sortCreatedDesc","duplicateReviewSection","ui","Newest created first","建立時間由新到舊","","26","medium","","",""
"duplicateReviewSection.sortSizeDesc","duplicateReviewSection","ui","Largest group first","群組由大到小","","25","medium","","",""
"duplicateReviewSection.sortRefsDesc","duplicateReviewSection","ui","Most total references first","參照總數由多到少","","","medium","","",""
"duplicateReviewSection.sortUnusedFirst","duplicateReviewSection","ui","Unused candidates first","未使用的候選優先","","30","medium","","",""
"duplicateReviewSection.sortUsedFirst","duplicateReviewSection","ui","In-use candidates first","使用中的候選優先","","30","medium","","",""
"duplicateReviewSection.sortPlayerAsc","duplicateReviewSection","ui","By player name","依球員名稱","","19","medium","","",""
"duplicateReviewSection.sortNameAsc","duplicateReviewSection","ui","By build name","依方案名稱","","17","medium","","",""
"duplicateReviewSection.sortIdStable","duplicateReviewSection","ui","By buildId (stable)","依 buildId（固定順序）","","25","medium","","",""
"duplicateReviewSection.headingTemplate","duplicateReviewSection","ui","Saved Build Duplicate Candidates ({count} group(s))","儲存方案的重複候選（{count} 個群組）","","","medium","","",""
"duplicateReviewSection.intro1","duplicateReviewSection","ui","A read-only list for safely reviewing duplicate candidates among saved builds that may have accumulated from JSON imports or duplication. This screen never deletes, merges, overwrites, bulk-processes, or reassigns saved builds. My Team and squad references are not changed either. Please review and organize individually in My Builds.","這是一份唯讀清單，用來安全地檢視可能因 JSON 匯入或複製而累積的重複儲存方案候選。此畫面絕不會刪除、合併、覆寫、批次處理或重新指派儲存的方案，也不會變更我的球隊與陣容的參照。請在我的方案中逐一檢視與整理。","","","medium","","",""
"duplicateReviewSection.intro2","duplicateReviewSection","ui","An exact-match candidate is a saved build where the World ID (worldCardId), rulesVersion, progression allocation, player booster estimate, and Power of Many specification all match (even if the build name, buildId, created time, or updated time differ, it's still treated as a match).","完全一致候選是指 World ID（worldCardId）、rulesVersion、培養分配、球員加成估算及 Power of Many 指定全部相同的儲存方案（即使方案名稱、buildId、建立時間或更新時間不同，仍視為一致）。","","","medium","","",""
"duplicateReviewSection.intro3","duplicateReviewSection","ui","Similar candidates are limited in scope to avoid false positives. Only cases where ""only one allocation category differs"" or ""only the player booster estimate/Power of Many specification differs"" are safely detected — other differences are not treated as candidates.","為避免誤判，相似候選的範圍有所限制。只會安全地偵測「只有一個分配類別不同」或「只有球員加成估算／Power of Many 指定不同」的情況，其他差異不會視為候選。","","","medium","","",""
"duplicateReviewSection.staleNoticeTemplate","duplicateReviewSection","ui","The data used for duplicate detection ({targets}) was updated in another tab.","用於重複偵測的資料（{targets}）已在其他分頁中更新。","","","medium","","",""
"duplicateReviewSection.staleBuildLabel","duplicateReviewSection","ui","saved builds","儲存的方案","","16","medium","","",""
"duplicateReviewSection.staleMyTeamLabel","duplicateReviewSection","ui","My Team","我的球隊","","12","medium","","",""
"duplicateReviewSection.staleSquadLabel","duplicateReviewSection","ui","squads","陣容","","12","medium","","",""
"duplicateReviewSection.totalBuildsLabel","duplicateReviewSection","ui","Total saved builds","儲存方案總數","","24","medium","","",""
"duplicateReviewSection.exactGroupCountLabel","duplicateReviewSection","ui","Exact-match candidate groups","完全一致候選群組","","37","medium","","",""
"duplicateReviewSection.exactBuildCountLabel","duplicateReviewSection","ui","Exact-match candidate builds","完全一致候選方案","","37","medium","","",""
"duplicateReviewSection.similarGroupCountLabel","duplicateReviewSection","ui","Similar candidate groups","相似候選群組","","32","medium","","",""
"duplicateReviewSection.similarBuildCountLabel","duplicateReviewSection","ui","Similar candidate builds","相似候選方案","","32","medium","","",""
"duplicateReviewSection.noCandidateLabel","duplicateReviewSection","ui","No duplicate candidate","無重複候選","","29","medium","","",""
"duplicateReviewSection.unresolvedLabel","duplicateReviewSection","ui","Undetermined","無法判定","","16","medium","","",""
"duplicateReviewSection.usedCandidateLabel","duplicateReviewSection","ui","In-use candidates","使用中的候選","","23","medium","","",""
"duplicateReviewSection.unusedCandidateLabel","duplicateReviewSection","ui","Unused candidates","未使用的候選","","23","medium","","",""
"duplicateReviewSection.myTeamRefCandidateLabel","duplicateReviewSection","ui","Candidates referenced in My Team","被我的球隊參照的候選","","42","medium","","",""
"duplicateReviewSection.squadRefCandidateLabel","duplicateReviewSection","ui","Candidates referenced in squads","被陣容參照的候選","","41","medium","","",""
"duplicateReviewSection.unitBuildSuffix","duplicateReviewSection","ui","build(s)","個方案","","12","medium","","",""
"duplicateReviewSection.unitGroupSuffix","duplicateReviewSection","ui","group(s)","個群組","","12","medium","","",""
"duplicateReviewSection.footnote","duplicateReviewSection","ui","Units: ""build(s)"" = per saved build, ""group(s)"" = per duplicate-candidate grouping (a similar-candidate group is a pair of 2).","單位：「個方案」＝以每個儲存方案計算，「個群組」＝以每個重複候選群組計算（相似候選群組為 2 個一組）。","","","medium","","",""
"duplicateReviewSection.statusLabel","duplicateReviewSection","ui","Status: ","狀態：","","12","medium","","",""
"duplicateReviewSection.statusWarning","duplicateReviewSection","ui","Attention (duplicate candidates present)","注意（有重複候選）","","","high","","",""
"duplicateReviewSection.statusNormal","duplicateReviewSection","ui","Normal","正常","","12","medium","","",""
"duplicateReviewSection.unresolvedSuffix","duplicateReviewSection","ui"," / Undetermined builds present"," / 有無法判定的方案","","","medium","","",""
"duplicateReviewSection.unresolvedSummaryTemplate","duplicateReviewSection","ui","Undetermined builds ({count} — not included in ""no duplicate candidate"")","無法判定的方案（{count} — 不計入「無重複候選」）","","","medium","","",""
"duplicateReviewSection.worldIdTemplate","duplicateReviewSection","ui","World ID {id}","World ID {id}","","17","medium","","",""
"duplicateReviewSection.worldIdUnknown","duplicateReviewSection","ui","World ID unknown","World ID 不明","","21","medium","","",""
"duplicateReviewSection.buildIdTemplate","duplicateReviewSection","ui","buildId {id}","buildId {id}","","16","medium","","",""
"duplicateReviewSection.buildIdUnknown","duplicateReviewSection","ui","buildId unknown","buildId 不明","","20","medium","","",""
"duplicateReviewSection.unresolvedFootnote","duplicateReviewSection","ui","No auto-repair or auto-deletion is performed. Please check individually in My Builds or this page's list.","不會進行自動修復或自動刪除。請在我的方案或本頁清單中逐一確認。","","","medium","","",""
"duplicateReviewSection.similarUnsupportedNote","duplicateReviewSection","ui","Automatic detection of similar candidates is currently not performed, to avoid false positives.","為避免誤判，目前不會自動偵測相似候選。","","","medium","","",""
"duplicateReviewSection.noBuildsLabel","duplicateReviewSection","ui","You have no saved builds.","你沒有儲存的方案。","","33","medium","","",""
"duplicateReviewSection.noExactMatchLabel","duplicateReviewSection","ui","There are no exact-match saved-build candidates.","沒有完全一致的儲存方案候選。","","63","medium","","",""
"duplicateReviewSection.noMatchingCandidatesLabel","duplicateReviewSection","ui","No duplicate candidates match your criteria.","沒有符合條件的重複候選。","","58","medium","","",""
"duplicateReviewSection.searchFilterSortHeading","duplicateReviewSection","ui","Search, Filter & Sort","搜尋、篩選與排序","","28","medium","","",""
"duplicateReviewSection.filterActiveLabel","duplicateReviewSection","ui","Active","套用中","","12","medium","","",""
"duplicateReviewSection.searchLabel","duplicateReviewSection","ui","Search (player name, build name, World ID, buildId, rulesVersion, squad name)","搜尋（球員名稱、方案名稱、World ID、buildId、rulesVersion、陣容名稱）","","101","medium","","",""
"duplicateReviewSection.searchAriaLabel","duplicateReviewSection","accessibility","Search duplicate candidates","搜尋重複候選","","36","high","","",""
"duplicateReviewSection.kindFilterLabel","duplicateReviewSection","ui","Kind","種類","","12","medium","","",""
"duplicateReviewSection.allOption","duplicateReviewSection","ui","All","全部","","12","medium","","",""
"duplicateReviewSection.exactOption","duplicateReviewSection","ui","Exact-match candidates","完全一致候選","","29","medium","","",""
"duplicateReviewSection.similarOption","duplicateReviewSection","ui","Similar candidates","相似候選","","24","medium","","",""
"duplicateReviewSection.usageFilterLabel","duplicateReviewSection","ui","Usage status","使用狀態","","16","medium","","",""
"duplicateReviewSection.usedOption","duplicateReviewSection","ui","In use","使用中","","12","medium","","",""
"duplicateReviewSection.unusedOption","duplicateReviewSection","ui","Unused","未使用","","12","medium","","",""
"duplicateReviewSection.rulesFilterLabel","duplicateReviewSection","ui","Rules","規則","","12","medium","","",""
"duplicateReviewSection.currentRulesOption","duplicateReviewSection","ui","Current rules","目前規則","","17","medium","","",""
"duplicateReviewSection.legacyRulesOption","duplicateReviewSection","ui","Outdated rules","舊規則","","19","medium","","",""
"duplicateReviewSection.cardTypeFilterLabel","duplicateReviewSection","ui","Card type","球員卡類型","","12","medium","","",""
"duplicateReviewSection.registeredPositionFilterLabel","duplicateReviewSection","ui","Registered position","登錄位置","","25","medium","","",""
"duplicateReviewSection.myTeamRefCheckLabel","duplicateReviewSection","ui","Has My Team reference","有我的球隊參照","","28","medium","","",""
"duplicateReviewSection.squadRefCheckLabel","duplicateReviewSection","ui","Has squad reference","有陣容參照","","25","medium","","",""
"duplicateReviewSection.multiUseCheckLabel","duplicateReviewSection","ui","Used in multiple places","用於多個地方","","30","medium","","",""
"duplicateReviewSection.pomCheckLabel","duplicateReviewSection","ui","Has Power of Many specified","已指定 Power of Many","","36","medium","","",""
"duplicateReviewSection.experimentalCheckLabel","duplicateReviewSection","ui","Has experimental estimate","有實驗性估算","","33","medium","","",""
"duplicateReviewSection.sortLabel","duplicateReviewSection","ui","Sort","排序","","12","medium","","",""
"duplicateReviewSection.clearSearchButton","duplicateReviewSection","ui","Clear search criteria","清除搜尋條件","","28","medium","","",""
"duplicateReviewSection.exactBadge","duplicateReviewSection","ui","Exact-match candidate","完全一致候選","","28","medium","","",""
"duplicateReviewSection.similarBadge","duplicateReviewSection","ui","Similar candidate","相似候選","","23","medium","","",""
"duplicateReviewSection.anyUsedBadge","duplicateReviewSection","ui","Includes in-use","含使用中","","20","medium","","",""
"duplicateReviewSection.allUnusedBadge","duplicateReviewSection","ui","All unused","全部未使用","","13","medium","","",""
"duplicateReviewSection.matchingFieldsHeading","duplicateReviewSection","ui","Matching fields","一致的欄位","","20","medium","","",""
"duplicateReviewSection.differingFieldsHeading","duplicateReviewSection","ui","Differing fields","不同的欄位","","21","medium","","",""
"duplicateReviewSection.similarReasonTemplate","duplicateReviewSection","ui","Reason for similarity: {reason}","相似原因：{reason}","","","medium","","",""
"duplicateReviewSection.usedRefTemplate","duplicateReviewSection","ui","In use — {count} reference(s)","使用中 — {count} 個參照","","","medium","","",""
"duplicateReviewSection.unusedBadge","duplicateReviewSection","ui","Unused","未使用","","12","medium","","",""
"duplicateReviewSection.multiUseBadge","duplicateReviewSection","ui","Multiple places","多個地方","","20","medium","","",""
"duplicateReviewSection.pomBadge","duplicateReviewSection","ui","Power of Many specified","已指定 Power of Many","","30","medium","","",""
"duplicateReviewSection.experimentalBadge","duplicateReviewSection","ui","Experimental estimate","實驗性估算","","28","medium","","",""
"duplicateReviewSection.selectedBoosterLabel","duplicateReviewSection","ui","selectedPlayerBooster: ","selectedPlayerBooster：","","30","medium","","",""
"duplicateReviewSection.pomFieldLabel","duplicateReviewSection","ui"," / Power of Many: "," / Power of Many：","","24","medium","","",""
"duplicateReviewSection.estimatedOvrLabel","duplicateReviewSection","ui","Estimated OVR at save time: ","儲存時的估計 OVR：","","37","medium","","",""
"duplicateReviewSection.myTeamSelectedInline","duplicateReviewSection","ui","My Team selected / ","我的球隊選用 / ","","25","medium","","",""
"duplicateReviewSection.myTeamFavoriteInline","duplicateReviewSection","ui","My Team favorite / ","我的球隊收藏 / ","","25","medium","","",""
"duplicateReviewSection.noReferenceLabel","duplicateReviewSection","ui","Not referenced","未被參照","","19","medium","","",""
"duplicateReviewSection.openMyTeamLink","duplicateReviewSection","ui","Open My Team","開啟我的球隊","","16","medium","","",""
"duplicateReviewSection.openSquadTemplate","duplicateReviewSection","ui","Open ""{name}""","開啟「{name}」","","17","medium","","",""
"buildInventoryView.pageTitle","buildInventoryView","metadata","Build Analysis","方案分析","","19","medium","","",""
"buildInventoryView.pageDescription","buildInventoryView","metadata","Review saved-build usage status, duplicate candidates, outdated rules, and reference issues. Training allocation, My Team, and squads are not changed. A training intent is added to the matching saved build only when you explicitly save it from Build Analysis.","檢視已儲存方案的使用狀態、重複候選、舊版規則及參照問題。不會變更培養分配、我的球隊或陣容。只有在方案分析中明確儲存時，才會將培養意圖新增到對應的已儲存方案。","","","medium","","",""
"buildInventoryView.scopeLoadingMessage","buildInventoryView","ui","Checking your account…","正在確認帳號…","","29","medium","","",""
"buildInventoryView.sortUpdatedDesc","buildInventoryView","ui","Newest updated first","最近更新優先","","26","medium","","",""
"buildInventoryView.sortUpdatedAsc","buildInventoryView","ui","Oldest updated first","最早更新優先","","26","medium","","",""
"buildInventoryView.sortCreatedDesc","buildInventoryView","ui","Newest created first","最近建立優先","","26","medium","","",""
"buildInventoryView.sortPlayerAsc","buildInventoryView","ui","By player name","依球員名稱","","19","medium","","",""
"buildInventoryView.sortNameAsc","buildInventoryView","ui","By build name","依方案名稱","","17","medium","","",""
"buildInventoryView.sortRefsDesc","buildInventoryView","ui","Most references first","參照最多優先","","28","medium","","",""
"buildInventoryView.sortRefsAsc","buildInventoryView","ui","Fewest references first","參照最少優先","","30","medium","","",""
"buildInventoryView.sortProblemFirst","buildInventoryView","ui","Problem builds first","有問題的方案優先","","26","medium","","",""
"buildInventoryView.sortUnusedFirst","buildInventoryView","ui","Unused builds first","未使用的方案優先","","25","medium","","",""
"buildInventoryView.issueMissing","buildInventoryView","ui","Deleted reference","已刪除的參照","","23","medium","","",""
"buildInventoryView.issueMismatch","buildInventoryView","ui","worldCardId mismatch","worldCardId 不一致","","26","medium","","",""
"buildInventoryView.issueInvalidBuildId","buildInventoryView","ui","Invalid buildId","buildId 無效","","20","medium","","",""
"buildInventoryView.issueUnknown","buildInventoryView","ui","Unknown reference","不明的參照","","23","medium","","",""
"buildInventoryView.emptyTitle","buildInventoryView","ui","You have no saved builds","你沒有已儲存的方案","","32","medium","","",""
"buildInventoryView.emptyDescription","buildInventoryView","ui","Adjust progression on the player detail or compare screen, then add it with ""Save this progression.""","請在球員詳情或比較畫面中調整培養，再透過「儲存此培養」新增。","","","medium","","",""
"buildInventoryView.openCompareLink","buildInventoryView","ui","Open player compare","開啟球員比較","","25","medium","","",""
"buildInventoryView.openMyBuildsLink","buildInventoryView","ui","Open My Builds","開啟我的方案","","19","medium","","",""
"buildInventoryView.openMyTeamLink","buildInventoryView","ui","Open My Team","開啟我的球隊","","16","medium","","",""
"buildInventoryView.openSquadsLink","buildInventoryView","ui","Open squads","開啟陣容","","15","medium","","",""
"buildInventoryView.storageWarningTemplate","buildInventoryView","ui","This browser cannot read {missing} saved data (localStorage unavailable). Analysis results are incomplete to that extent.","此瀏覽器無法讀取{missing}的儲存資料（無法使用 localStorage）。分析結果在此範圍內並不完整。","","","high","","",""
"buildInventoryView.missingBuildsLabel","buildInventoryView","ui","saved builds","已儲存方案","","16","medium","","",""
"buildInventoryView.missingMyTeamLabel","buildInventoryView","ui","My Team","我的球隊","","12","medium","","",""
"buildInventoryView.missingSquadLabel","buildInventoryView","ui","squad","陣容","","12","medium","","",""
"buildInventoryView.cardsErrorSuffix","buildInventoryView","ui"," (analysis targets are still shown — only card names/images are missing.)","（分析對象仍會顯示，只是缺少卡片名稱／圖片。）","","","high","","",""
"buildInventoryView.staleNoticeTemplate","buildInventoryView","ui","{targets} were updated in another tab.","{targets}已在其他分頁中更新。","","","medium","","",""
"buildInventoryView.staleBuildLabel","buildInventoryView","ui","Saved builds","已儲存方案","","16","medium","","",""
"buildInventoryView.staleMyTeamLabel","buildInventoryView","ui","My Team","我的球隊","","12","medium","","",""
"buildInventoryView.staleSquadLabel","buildInventoryView","ui","Squads","陣容","","12","medium","","",""
"buildInventoryView.summaryHeading","buildInventoryView","ui","Overall Summary","整體摘要","","20","medium","","",""
"buildInventoryView.statusPrefix","buildInventoryView","ui","— Status: ","— 狀態：","","13","medium","","",""
"buildInventoryView.statusWarning","buildInventoryView","ui","Attention (problem references present)","需要注意（有問題參照）","","","high","","",""
"buildInventoryView.statusNormal","buildInventoryView","ui","Normal","正常","","12","medium","","",""
"buildInventoryView.totalBuildsLabel","buildInventoryView","ui","Total saved builds","已儲存方案總數","","24","medium","","",""
"buildInventoryView.usedLabel","buildInventoryView","ui","In use","使用中","","12","medium","","",""
"buildInventoryView.unusedLabel","buildInventoryView","ui","Unused","未使用","","12","medium","","",""
"buildInventoryView.multiUseLabel","buildInventoryView","ui","Used in multiple places","用於多處","","30","medium","","",""
"buildInventoryView.myTeamSelectedLabel","buildInventoryView","ui","Selected in My Team","我的球隊中選用","","25","medium","","",""
"buildInventoryView.myTeamFavoriteLabel","buildInventoryView","ui","Favorite in My Team","我的球隊中收藏","","25","medium","","",""
"buildInventoryView.squadUsedLabel","buildInventoryView","ui","Used in squads","用於陣容","","19","medium","","",""
"buildInventoryView.currentRulesLabel","buildInventoryView","ui","Current rules","現行規則","","17","medium","","",""
"buildInventoryView.legacyRulesLabel","buildInventoryView","ui","Outdated rules","舊版規則","","19","medium","","",""
"buildInventoryView.unknownRulesLabel","buildInventoryView","ui","Rules unknown","規則不明","","17","medium","","",""
"buildInventoryView.pomBuildsLabel","buildInventoryView","ui","Has Power of Many specified","有指定 Power of Many","","36","medium","","",""
"buildInventoryView.experimentalBuildsLabel","buildInventoryView","ui","Has experimental estimate","有實驗性估算","","33","medium","","",""
"buildInventoryView.missingMyTeamRefsLabel","buildInventoryView","ui","Deleted My Team references","我的球隊中已刪除的參照","","34","medium","","",""
"buildInventoryView.missingSquadRefsLabel","buildInventoryView","ui","Deleted squad references","陣容中已刪除的參照","","32","medium","","",""
"buildInventoryView.mismatchRefsLabel","buildInventoryView","ui","worldCardId mismatches","worldCardId 不一致","","29","medium","","",""
"buildInventoryView.invalidBuildIdRefsLabel","buildInventoryView","ui","Invalid buildIds","無效的 buildId","","21","medium","","",""
"buildInventoryView.unknownRefsLabel","buildInventoryView","ui","Unknown references","不明的參照","","24","medium","","",""
"buildInventoryView.unitBuildSuffix","buildInventoryView","ui","build(s)","個方案","","12","medium","","",""
"buildInventoryView.unitSlotSuffix","buildInventoryView","ui","slot(s)","個位置","","12","medium","","",""
"buildInventoryView.summaryFootnote","buildInventoryView","ui","Units: ""build(s)"" = per saved build, ""count"" = number of normal/problem references, ""slot(s)"" = squad slots. Deleted or worldCardId-mismatched references are not counted as ""in use.""","單位：「個方案」＝以已儲存方案計，「件數」＝正常／問題參照的數量，「個位置」＝陣容位置。已刪除或 worldCardId 不一致的參照不計入「使用中」。","","","medium","","",""
"buildInventoryView.legacyGuideHeadingTemplate","buildInventoryView","ui","Outdated-Rule Build Review Guide ({count} build(s))","舊版規則方案檢視指南（{count} 個方案）","","","medium","","",""
"buildInventoryView.legacyGuideIntro","buildInventoryView","ui","A read-only guide for reviewing builds saved under outdated rules (an old rulesVersion) and, if needed, re-adjusting them to current rules yourself, individually. This screen never auto-converts, bulk-converts, overwrites, deletes, unlinks, or reassigns outdated-rule builds. Existing outdated-rule builds are kept as-is. This is not an ""automatic migration feature.""","這是唯讀指南，協助你檢視以舊版規則（舊的 rulesVersion）儲存的方案，並視需要自行逐一依現行規則重新調整。此畫面絕不會自動轉換、批次轉換、覆寫、刪除、解除連結或重新指派舊版規則方案。現有的舊版規則方案會原樣保留。這不是「自動遷移功能」。","","","medium","","",""
"buildInventoryView.legacyGuideCaution","buildInventoryView","ui","Caution (this screen is read-only)","注意（此畫面為唯讀）","","","medium","","",""
"buildInventoryView.legacyGuideCautionNotes","buildInventoryView","ui","Outdated-rule builds have not been automatically converted to current rules. The allocation interpretation may differ from current rules.｜This screen never bulk-converts, overwrites, deletes, unlinks, or reassigns outdated-rule builds.｜Points are shown using the outdated rulesVersion's ruleset as saved (not recalculated under current rules).","舊版規則方案並未自動轉換為現行規則，分配的解讀可能與現行規則不同。｜此畫面絕不會批次轉換、覆寫、刪除、解除連結或重新指派舊版規則方案。｜點數以儲存時舊版 rulesVersion 的規則顯示（不會以現行規則重新計算）。","","","medium","","",""
"buildInventoryView.legacyStepsHeading","buildInventoryView","ui","Steps to re-verify under current rules (per build)","依現行規則重新確認的步驟（逐一方案）","","65","medium","","",""
"buildInventoryView.legacyStep1","buildInventoryView","ui","Check the outdated-rule build's allocation, rulesVersion, and usage status in the list below.","在下方列表中確認舊版規則方案的分配、rulesVersion 與使用狀態。","","","medium","","",""
"buildInventoryView.legacyStep2","buildInventoryView","ui","Open the target player's Progression tab via each build's ""Open in Progression"" (the outdated-rule build's allocation is not loaded automatically).","透過各方案的「在培養中開啟」開啟對象球員的培養分頁（不會自動載入舊版規則方案的分配）。","","","medium","","",""
"buildInventoryView.legacyStep3","buildInventoryView","ui","Review and adjust the allocation under current rules.","依現行規則檢視並調整分配。","","","medium","","",""
"buildInventoryView.legacyStep4","buildInventoryView","ui","Without overwriting the existing outdated-rule build, save it under a new build name (""Save this progression"").","不要覆寫現有的舊版規則方案，請以新的方案名稱儲存（「儲存此培養」）。","","","medium","","",""
"buildInventoryView.legacyStep5","buildInventoryView","ui","Re-select the newly saved build individually in My Team or a squad (the ""Choose a saved build"" panel in My Team / the squad editor).","在我的球隊或陣容中逐一重新選擇新儲存的方案（我的球隊／陣容編輯畫面中的「選擇已儲存的方案」面板）。","","","medium","","",""
"buildInventoryView.legacyStep6","buildInventoryView","ui","Decide individually in My Builds whether the outdated-rule build is still needed, after confirming references have been removed.","確認參照已移除後，再於我的方案中逐一決定是否仍需要舊版規則方案。","","","medium","","",""
"buildInventoryView.legacyNote1","buildInventoryView","ui","Even after saving a new build, the existing outdated-rule build remains as-is.","即使儲存了新方案，現有的舊版規則方案仍會原樣保留。","","","medium","","",""
"buildInventoryView.legacyNote2","buildInventoryView","ui","References in My Team and squads do not switch automatically. Please re-select them manually.","我的球隊與陣容中的參照不會自動切換，請手動重新選擇。","","","medium","","",""
"buildInventoryView.legacyNote3","buildInventoryView","ui","After reviewing, you can manage it individually (rename, duplicate, delete) from My Builds.","檢視後，可在我的方案中逐一管理（重新命名、複製、刪除）。","","","medium","","",""
"buildInventoryView.legacyUnitFootnote","buildInventoryView","ui","Units: ""build(s)"" = per saved build, ""count"" = reference count, ""slot(s)"" = squad slots.","單位：「個方案」＝以已儲存方案計，「件數」＝參照數量，「個位置」＝陣容位置。","","","medium","","",""
"buildInventoryView.showLegacyOnlyButton","buildInventoryView","ui","Show only outdated-rule builds","只顯示舊版規則方案","","39","medium","","",""
"buildInventoryView.clearFilterButton","buildInventoryView","ui","Clear filter","清除篩選","","16","medium","","",""
"buildInventoryView.manageInMyBuildsLink","buildInventoryView","ui","Manage in My Builds","在我的方案中管理","","25","medium","","",""
"buildInventoryView.perRowGuideNote","buildInventoryView","ui","Each outdated-rule build row below has its own links: ""Player detail / Open in Progression / Manage in My Builds / My Team / squads in use.""","下方每一列舊版規則方案都有各自的連結：「球員詳情／在培養中開啟／在我的方案中管理／使用中的我的球隊／陣容」。","","","medium","","",""
"buildInventoryView.noLegacyTitle","buildInventoryView","ui","No outdated-rule builds","沒有舊版規則方案","","30","medium","","",""
"buildInventoryView.noLegacyDescription","buildInventoryView","ui","Your saved builds are all under current rules, unknown rules, or there are no saved builds. There are several possible reasons no outdated-rule builds exist, so this does not confirm an explicit migration took place.","你的已儲存方案全都是現行規則或規則不明，或者沒有已儲存的方案。沒有舊版規則方案的原因可能有好幾種，因此這並不代表已確實進行過遷移。","","","medium","","",""
"buildInventoryView.issuesSummaryTemplate","buildInventoryView","ui","Deleted or invalid saved-build references ({count})","已刪除或無效的已儲存方案參照（{count}）","","","medium","","",""
"buildInventoryView.noIssuesLabel","buildInventoryView","ui","There are no deleted or invalid saved-build references.","沒有已刪除或無效的已儲存方案參照。","","72","medium","","",""
"buildInventoryView.allFilterLabel","buildInventoryView","ui","All","全部","","12","medium","","",""
"buildInventoryView.searchIssuesPlaceholder","buildInventoryView","ui","Squad name, buildId, World ID","陣容名稱、buildId、World ID","","38","medium","","",""
"buildInventoryView.searchIssuesAriaLabel","buildInventoryView","accessibility","Search problem references","搜尋問題參照","","33","high","","",""
"buildInventoryView.noMatchingIssuesLabel","buildInventoryView","ui","No problem references match your criteria.","沒有符合條件的問題參照。","","55","medium","","",""
"buildInventoryView.issuesFootnote","buildInventoryView","ui","This list is for review only. It does not unlink, reassign, or auto-repair references. Please check and fix them individually in My Team / the target squad / My Builds.","此列表僅供檢視，不會解除連結、重新指派或自動修復參照。請在我的球隊／對象陣容／我的方案中逐一確認並修正。","","","medium","","",""
"buildInventoryView.searchFilterSortHeading","buildInventoryView","ui","Search, Filter & Sort","搜尋、篩選與排序","","28","medium","","",""
"buildInventoryView.filterActiveLabel","buildInventoryView","ui","Active","已套用","","12","medium","","",""
"buildInventoryView.searchLabel","buildInventoryView","ui","Search (build name, player name, World ID, buildId, squad name)","搜尋（方案名稱、球員名稱、World ID、buildId、陣容名稱）","","82","medium","","",""
"buildInventoryView.searchPlaceholderExample","buildInventoryView","ui","Messi / Finisher / 89138556575063 / Main","Messi／射手型／89138556575063／主力","","","medium","","",""
"buildInventoryView.searchAriaLabel","buildInventoryView","accessibility","Search saved builds","搜尋已儲存的方案","","25","high","","",""
"buildInventoryView.usageFilterLabel","buildInventoryView","ui","Usage status","使用狀態","","16","medium","","",""
"buildInventoryView.allOption","buildInventoryView","ui","All","全部","","12","medium","","",""
"buildInventoryView.usedOption","buildInventoryView","ui","In use","使用中","","12","medium","","",""
"buildInventoryView.unusedOption","buildInventoryView","ui","Unused","未使用","","12","medium","","",""
"buildInventoryView.rulesFilterLabel","buildInventoryView","ui","Rules","規則","","12","medium","","",""
"buildInventoryView.currentRulesOption","buildInventoryView","ui","Current rules","現行規則","","17","medium","","",""
"buildInventoryView.legacyRulesOption","buildInventoryView","ui","Outdated rules","舊版規則","","19","medium","","",""
"buildInventoryView.unknownRulesOption","buildInventoryView","ui","Rules unknown","規則不明","","17","medium","","",""
"buildInventoryView.cardTypeFilterLabel","buildInventoryView","ui","Card type","卡片類型","","12","medium","","",""
"buildInventoryView.registeredPositionFilterLabel","buildInventoryView","ui","Registered position","登錄位置","","25","medium","","",""
"buildInventoryView.myTeamSelectedCheckLabel","buildInventoryView","ui","Selected in My Team","我的球隊中選用","","25","medium","","",""
"buildInventoryView.myTeamFavoriteCheckLabel","buildInventoryView","ui","Favorite in My Team","我的球隊中收藏","","25","medium","","",""
"buildInventoryView.squadUsedCheckLabel","buildInventoryView","ui","Used in a squad","用於陣容","","20","medium","","",""
"buildInventoryView.multiUseCheckLabel","buildInventoryView","ui","Used in multiple places","用於多處","","30","medium","","",""
"buildInventoryView.pomCheckLabel","buildInventoryView","ui","Has Power of Many specified","有指定 Power of Many","","36","medium","","",""
"buildInventoryView.experimentalCheckLabel","buildInventoryView","ui","Has experimental estimate","有實驗性估算","","33","medium","","",""
"buildInventoryView.problemRefCheckLabel","buildInventoryView","ui","Has a problem reference","有問題參照","","30","medium","","",""
"buildInventoryView.sortAriaLabel","buildInventoryView","accessibility","Sort","排序","","12","high","","",""
"buildInventoryView.clearSearchButton","buildInventoryView","ui","Clear search criteria","清除搜尋條件","","28","medium","","",""
"buildInventoryView.showingCountPrefix","buildInventoryView","ui","Showing ","顯示 ","","12","medium","","",""
"buildInventoryView.showingCountMiddle","buildInventoryView","ui"," of ","／","","12","medium","","",""
"buildInventoryView.showingCountSuffix","buildInventoryView","ui"," build(s)"," 個方案","","12","medium","","",""
"buildInventoryView.noResultsTitle","buildInventoryView","ui","No saved builds match your criteria","沒有符合條件的已儲存方案","","46","medium","","",""
"buildInventoryView.noResultsDescription","buildInventoryView","ui","Try changing your search terms or filters.","請嘗試變更搜尋字詞或篩選條件。","","","medium","","",""
"buildInventoryView.usageHeadingTemplate","buildInventoryView","ui","Usage (total {count} reference(s))","使用情形（共 {count} 個參照）","","","medium","","",""
"buildInventoryView.myTeamSelectedCountTemplate","buildInventoryView","ui","Selected in My Team ({count})","我的球隊中選用（{count}）","","","medium","","",""
"buildInventoryView.myTeamFavoriteCountTemplate","buildInventoryView","ui","Favorite build in My Team ({count})","我的球隊中的收藏方案（{count}）","","","medium","","",""
"buildInventoryView.squadAreaSuffixTemplate","buildInventoryView","ui"," ({areas} · squadId {squadId})","（{areas} · squadId {squadId}）","","","medium","","",""
"buildInventoryView.starterSlotsTemplate","buildInventoryView","ui","{count} starter slot(s)","先發位置 {count} 個","","30","medium","","",""
"buildInventoryView.benchSlotsTemplate","buildInventoryView","ui","{count} bench slot(s)","板凳位置 {count} 個","","28","medium","","",""
"buildInventoryView.notUsedLabel","buildInventoryView","ui","Not referenced anywhere (unused).","未被任何地方參照（未使用）。","","43","medium","","",""
"buildInventoryView.myTeamLinkLabel","buildInventoryView","ui","My Team","我的球隊","","12","medium","","",""
"buildInventoryView.usedRefTemplate","buildInventoryView","ui","In use — {count} reference(s)","使用中 — {count} 個參照","","","medium","","",""
"buildInventoryView.multiUseBadge","buildInventoryView","ui","Multiple places","多處","","20","medium","","",""
"buildInventoryView.mismatchRefTemplate","buildInventoryView","ui","worldCardId mismatch x{count}","worldCardId 不一致 x{count}","","","medium","","",""
"buildInventoryView.starterAreaLabel","buildInventoryView","ui","Starter","先發","","12","medium","","",""
"buildInventoryView.benchAreaLabel","buildInventoryView","ui","Bench","板凳","","12","medium","","",""
"buildInventoryView.squadSourceTemplate","buildInventoryView","ui","{area} · {squadName} ({squadId}) · {slot}","{area} · {squadName}（{squadId}）· {slot}","","","medium","","",""
"buildInventoryView.myTeamSelectedSourceTemplate","buildInventoryView","ui","My Team selected (teamCardId {teamCardId})","我的球隊選用（teamCardId {teamCardId}）","","","medium","","",""
"buildInventoryView.myTeamFavoriteSourceTemplate","buildInventoryView","ui","My Team favorite (teamCardId {teamCardId})","我的球隊收藏（teamCardId {teamCardId}）","","","medium","","",""
"buildInventoryView.openSquadLink","buildInventoryView","ui","Open target squad","開啟對象陣容","","23","medium","","",""
"buildInventoryView.experimentalSuffixTemplate","buildInventoryView","ui"," / Experimental estimate: {value}","／實驗性估算：{value}","","","medium","","",""
"buildInventoryView.experimentalYesLabel","buildInventoryView","ui","Yes","是","","12","medium","","",""
"buildInventoryView.experimentalNoLabel","buildInventoryView","ui","No","否","","12","medium","","",""
"buildAnalysis.analyzeButtonLabel","buildAnalysis","ui","Analyze This Build","分析此方案","","24","medium","","",""
"buildAnalysis.analyzingStatusLabel","buildAnalysis","ui","Analyzing","分析中","","12","medium","","",""
"buildAnalysis.panelHeadingTemplate","buildAnalysis","ui","Individual analysis for {name}","{name} 的個別分析","","","medium","","",""
"buildAnalysis.closePanelAriaTemplate","buildAnalysis","accessibility","Close analysis for {name}","關閉 {name} 的分析","","","high","","",""
"buildAnalysis.normalModeLabel","buildAnalysis","ui","Normal","一般","","12","medium","","",""
"buildAnalysis.harshModeLabel","buildAnalysis","ui","Harsh","直言","","12","medium","","",""
"buildAnalysis.modeToggleGroupAriaLabel","buildAnalysis","accessibility","Switch review mode","切換評論模式","","24","high","","",""
"buildAnalysis.pointsHeading","buildAnalysis","ui","Progression Points","培養點數","","24","medium","","",""
"buildAnalysis.trainingFocusHeading","buildAnalysis","ui","Training Focus","培養重點","","19","medium","","",""
"buildAnalysis.strongestGrowthHeading","buildAnalysis","ui","Strongest Growth Areas","成長最多的領域","","29","medium","","",""
"buildAnalysis.underinvestedHeading","buildAnalysis","ui","Relatively Underinvested Areas","投入相對較少的領域","","39","medium","","",""
"buildAnalysis.strengthsHeading","buildAnalysis","ui","Strengths","優勢","","12","medium","","",""
"buildAnalysis.concernsHeading","buildAnalysis","ui","Concerns","疑慮","","12","medium","","",""
"buildAnalysis.normalReviewHeading","buildAnalysis","ui","Normal Review","一般評論","","17","medium","","",""
"buildAnalysis.harshReviewHeading","buildAnalysis","ui","Harsh Review","直言點評","","16","medium","","",""
"buildAnalysis.improvementHeading","buildAnalysis","ui","Improvement Suggestions","改進建議","","30","medium","","",""
"buildAnalysis.comparisonHeading","buildAnalysis","ui","Comparison with Other Builds (Same Card)","與其他方案比較（同一張球員卡）","","52","medium","","",""
"buildAnalysis.limitationsHeading","buildAnalysis","ui","Analysis Limitations","分析的限制","","26","medium","","",""
"buildAnalysis.confidenceLabel","buildAnalysis","ui","Analysis Confidence","分析可信度","","25","medium","","",""
"buildAnalysis.confidenceHigh","buildAnalysis","ui","High","高","","12","medium","","",""
"buildAnalysis.confidenceMedium","buildAnalysis","ui","Medium","中","","12","medium","","",""
"buildAnalysis.confidenceLimited","buildAnalysis","ui","Limited","有限","","12","medium","","",""
"buildAnalysis.confidenceUnavailable","buildAnalysis","ui","Unavailable","無法判斷","","15","medium","","",""
"buildAnalysis.noStrengthsText","buildAnalysis","ui","No clear strengths can be confirmed at this time.","目前無法確認明確的優勢。","","","medium","","",""
"buildAnalysis.noConcernsText","buildAnalysis","ui","No clear concerns can be confirmed at this time.","目前無法確認明確的疑慮。","","","medium","","",""
"buildAnalysis.noSuggestionsText","buildAnalysis","ui","There are no improvement suggestions to show at this time.","目前沒有可顯示的改進建議。","","","medium","","",""
"buildAnalysis.noComparisonText","buildAnalysis","ui","There are no other saved builds for this card.","這張球員卡沒有其他已儲存的方案。","","","medium","","",""
"buildAnalysis.noLimitationsText","buildAnalysis","ui","No notable limitations.","沒有值得特別注意的限制。","","30","medium","","",""
"buildAnalysis.priorityLabelTemplate","buildAnalysis","ui","Priority {priority}","優先度 {priority}","","25","medium","","",""
"buildAnalysis.suggestionTargetTemplate","buildAnalysis","ui","Target area: {category}","目標領域：{category}","","30","medium","","",""
"buildAnalysis.suggestionReasonLabel","buildAnalysis","ui","Reason: ","原因：","","12","medium","","",""
"buildAnalysis.suggestionRecheckLabel","buildAnalysis","ui","Recheck: ","重新確認：","","12","medium","","",""
"buildAnalysis.suggestionPreserveLabel","buildAnalysis","ui","Preserve: ","保留：","","13","medium","","",""
"buildAnalysis.suggestionPreserveNoneText","buildAnalysis","ui","None in particular","無特別項目","","24","medium","","",""
"buildAnalysis.improvementSourceIntentLabel","buildAnalysis","ui","Improvement candidate based on your selected training intent","依你選擇的培養意圖提出的改進候選","","78","medium","","",""
"buildAnalysis.generalSuggestionsToggleLabel","buildAnalysis","ui","See general-perspective improvement candidates too","也查看一般觀點的改進候選","","65","medium","","",""
"buildAnalysis.comparisonUsedPointsMoreTemplate","buildAnalysis","ui","The current build uses {diff}pt more than ""{other}"".","目前的方案比「{other}」多使用 {diff}pt。","","","medium","","",""
"buildAnalysis.comparisonUsedPointsLessTemplate","buildAnalysis","ui","The current build uses {diff}pt less than ""{other}"".","目前的方案比「{other}」少使用 {diff}pt。","","","medium","","",""
"buildAnalysis.comparisonUsedPointsSameText","buildAnalysis","ui","The current build and ""{other}"" use the same amount of points.","目前的方案與「{other}」使用的點數相同。","","","medium","","",""
"buildAnalysis.comparisonRemainingPointsDiffUnknownText","buildAnalysis","ui","Remaining points diff: unknown","剩餘點數差：未知","","","medium","","",""
"buildAnalysis.comparisonRemainingPointsMoreTemplate","buildAnalysis","ui","The current build has {diff}pt more remaining points than ""{other}"".","目前的方案剩餘點數比「{other}」多 {diff}pt。","","","medium","","",""
"buildAnalysis.comparisonRemainingPointsLessTemplate","buildAnalysis","ui","The current build has {diff}pt fewer remaining points than ""{other}"".","目前的方案剩餘點數比「{other}」少 {diff}pt。","","","medium","","",""
"buildAnalysis.comparisonRemainingPointsSameText","buildAnalysis","ui","The current build and ""{other}"" have the same remaining points.","目前的方案與「{other}」的剩餘點數相同。","","","medium","","",""
"buildAnalysis.comparisonOvrMoreTemplate","buildAnalysis","ui","The current build's saved estimated OVR is {diff} higher than ""{other}"".","目前方案已儲存的預估 OVR 比「{other}」高 {diff}。","","","medium","","",""
"buildAnalysis.comparisonOvrLessTemplate","buildAnalysis","ui","The current build's saved estimated OVR is {diff} lower than ""{other}"".","目前方案已儲存的預估 OVR 比「{other}」低 {diff}。","","","medium","","",""
"buildAnalysis.comparisonOvrSameText","buildAnalysis","ui","The current build and ""{other}"" have the same saved estimated OVR.","目前的方案與「{other}」已儲存的預估 OVR 相同。","","","medium","","",""
"buildAnalysis.comparisonOvrDiffUnknownText","buildAnalysis","ui","Saved estimated OVR diff: unknown","已儲存的預估 OVR 差：未知","","","medium","","",""
"buildAnalysis.comparisonFocusDifferentTemplate","buildAnalysis","ui","Training focus differs: this build centers on {current}, the other on {other}.","培養重點不同：此方案以{current}為主，另一個以{other}為主。","","","medium","","",""
"buildAnalysis.comparisonFocusSameText","buildAnalysis","ui","This build's training focus may be similar to the other one.","此方案的培養重點可能與另一個相近。","","","medium","","",""
"buildAnalysis.comparisonUsedStatusUsed","buildAnalysis","ui","In use","使用中","","12","medium","","",""
"buildAnalysis.comparisonUsedStatusUnused","buildAnalysis","ui","Not in use","未使用","","13","medium","","",""
"buildAnalysis.comparisonUpdatedAtTemplate","buildAnalysis","ui","Updated: {updatedAt}","更新：{updatedAt}","","26","medium","","",""
"buildAnalysis.trainingFocusNoneText","buildAnalysis","ui","No progression points have been allocated yet.","尚未分配培養點數。","","","medium","","",""
"buildAnalysis.trainingFocusSingleTemplate","buildAnalysis","ui","Focused on {category} (Lv.{level}).","集中在{category}（Lv.{level}）。","","","medium","","",""
"buildAnalysis.trainingFocusDominantTemplate","buildAnalysis","ui","Centered on {category} (Lv.{level}), with some allocation to {secondary} as well.","以{category}（Lv.{level}）為主，也分配了一些給{secondary}。","","","medium","","",""
"buildAnalysis.trainingFocusDominantNoSecondaryTemplate","buildAnalysis","ui","Centered on {category} (Lv.{level}).","以{category}（Lv.{level}）為主。","","","medium","","",""
"buildAnalysis.trainingFocusBalancedTemplate","buildAnalysis","ui","Allocated evenly across multiple areas rather than concentrating on one.","平均分配在多個領域，而非集中於單一領域。","","","medium","","",""
"buildAnalysis.strongestGrowthNoneText","buildAnalysis","ui","No area has been meaningfully strengthened yet.","目前還沒有明顯強化的領域。","","","medium","","",""
"buildAnalysis.underinvestedNoneText","buildAnalysis","ui","No area is notably underinvested.","沒有投入明顯不足的領域。","","","medium","","",""
"buildAnalysis.completionLabel","buildAnalysis","ui","Completion State","完成狀態","","21","medium","","",""
"buildAnalysis.completionUnallocated","buildAnalysis","ui","Not started (no allocation)","未開始（未分配）","","","medium","","",""
"buildAnalysis.completionInProgress","buildAnalysis","ui","In progress","進行中","","15","medium","","",""
"buildAnalysis.completionNearComplete","buildAnalysis","ui","Nearly complete","接近完成","","20","medium","","",""
"buildAnalysis.completionComplete","buildAnalysis","ui","Allocation complete","分配完成","","25","medium","","",""
"buildAnalysis.completionUnknown","buildAnalysis","ui","Unknown (missing maximum level data)","未知（缺少最高等級資料）","","","medium","","",""
"buildAnalysis.findingNoAllocationNormal","buildAnalysis","ui","No progression points have been allocated yet.","尚未分配培養點數。","","","medium","","",""
"buildAnalysis.findingNoAllocationHarsh","buildAnalysis","ui","No progression points have been allocated at all — this saved build hasn't shown its intent yet.","完全沒有分配培養點數——這個已儲存的方案還看不出意圖。","","","medium","","",""
"buildAnalysis.findingFocusedPrimaryCategoryNormal","buildAnalysis","ui","A clear training direction: focused on strengthening {category} (Lv.{level}).","培養方向明確：集中強化{category}（Lv.{level}）。","","","medium","","",""
"buildAnalysis.findingFocusedPrimaryCategoryHarsh","buildAnalysis","ui","Heavily concentrated on {category} (Lv.{level}) alone, leaving other areas largely untouched. Worth rechecking whether that matches the intended use.","大幅集中在{category}（Lv.{level}），其他領域幾乎沒有投入。建議重新確認這是否符合預定用途。","","","medium","","",""
"buildAnalysis.findingBalancedAllocationNormal","buildAnalysis","ui","Allocated evenly across {count} areas.","平均分配在 {count} 個領域。","","","medium","","",""
"buildAnalysis.findingBalancedAllocationHarsh","buildAnalysis","ui","Allocation is spread across {count} areas. Without a stated priority area or primary goal, this distribution alone cannot be judged as fitting or not fitting any particular use.","分配分散在 {count} 個領域。沒有指定優先領域或主要目標時，僅憑這種分配無法判斷是否適合特定用途。","","","medium","","",""
"buildAnalysis.findingNearFullyAllocated","buildAnalysis","ui","Few points remain, so this allocation is nearly complete.","剩餘點數不多，這個分配已接近完成。","","","medium","","",""
"buildAnalysis.findingManyRemainingPointsNormal","buildAnalysis","ui","{remaining}pt remain unused, so there's still room to allocate.","還有 {remaining}pt 未使用，仍有分配空間。","","","medium","","",""
"buildAnalysis.findingManyRemainingPointsHarsh","buildAnalysis","ui","{remaining}pt are still sitting unused — it's too early to treat this allocation as finished.","還有 {remaining}pt 閒置未用——現在就把這個分配視為完成還太早。","","","medium","","",""
"buildAnalysis.findingUnderinvestedAreaPresentNormal","buildAnalysis","ui","Allocation to {category} is relatively low, though that doesn't necessarily mean the stats themselves are low.","{category}的分配相對較少，但這不一定代表能力值本身偏低。","","","medium","","",""
"buildAnalysis.findingUnderinvestedAreaPresentHarsh","buildAnalysis","ui","There's currently no allocation to {category}. Worth rechecking whether that's really unnecessary for the intended use.","目前完全沒有分配給{category}。建議重新確認這對預定用途是否真的不需要。","","","medium","","",""
"buildAnalysis.findingLegacyOrUnknownRulesNormal","buildAnalysis","ui","This build was saved under legacy or unknown rules. Rechecking it under the current rules is recommended.","此方案是以舊規則或未知規則儲存的。建議以目前的規則重新確認。","","","medium","","",""
"buildAnalysis.findingLegacyOrUnknownRulesHarsh","buildAnalysis","ui","Still saved under legacy rules, without a recheck under the current rules.","仍以舊規則儲存，尚未以目前的規則重新確認。","","","medium","","",""
"buildAnalysis.findingReferenceAnomalyNormal","buildAnalysis","ui","A data mismatch was found where this saved build is referenced. See the inventory results for details.","在參照此已儲存方案的位置發現資料不一致。詳情請查看盤點結果。","","","medium","","",""
"buildAnalysis.findingReferenceAnomalyHarsh","buildAnalysis","ui","There's a reference anomaly on this saved build. Fixing the reference should take priority over a detailed training analysis.","此已儲存方案有參照異常。應優先修正參照，再進行詳細的培養分析。","","","medium","","",""
"buildAnalysis.findingExperimentalTrialIncluded","buildAnalysis","ui","Includes an experimental player booster trial.","包含實驗性的球員加成試算。","","","medium","","",""
"buildAnalysis.findingPowerOfManyIncluded","buildAnalysis","ui","The Power of Many selection is a user-entered trial value, not one automatically verified in-game.","Power of Many 的選擇是使用者輸入的試算值，並未在遊戲內自動驗證。","","","medium","","",""
"buildAnalysis.findingUniqueVsSiblings","buildAnalysis","ui","A training direction not shared by the other saved builds for this card.","這張球員卡的其他已儲存方案都沒有的培養方向。","","","medium","","",""
"buildAnalysis.findingOverlapsWithSiblingNormal","buildAnalysis","ui","Training focus looks close to ""{siblingName}"". It may help to confirm how you're using each one.","培養重點看起來與「{siblingName}」相近。建議確認各自的使用方式。","","","medium","","",""
"buildAnalysis.findingOverlapsWithSiblingHarsh","buildAnalysis","ui","Training focus is close to ""{siblingName}"" — the reason for keeping them as separate saves is weak.","培養重點與「{siblingName}」相近——分開儲存的理由不夠充分。","","","medium","","",""
"buildAnalysis.findingOverlapsWithSiblingAbilityConfirmedHarsh","buildAnalysis","ui","Both the training focus and the main 26-ability composition are close to ""{siblingName}"" — based on what can currently be confirmed, there isn't a clear reason to keep these saved separately for different uses.","培養重點與主要 26 項能力值的組成都與「{siblingName}」相近——就目前可確認的內容來看，沒有明確理由將兩者分開儲存作為不同用途。","","","high","","",""
"buildAnalysis.findingInsufficientData","buildAnalysis","ui","Some analysis isn't possible because card information is missing.","由於缺少球員卡資訊，部分分析無法進行。","","","medium","","",""
"buildAnalysis.findingOverAllocatedPoints","buildAnalysis","ui","Used points exceed total points ({used} / {total}).","已使用點數超過總點數（{used} / {total}）。","","","medium","","",""
"buildAnalysis.suggestionTitleReferenceAnomaly","buildAnalysis","ui","Fix the saved build reference anomaly","修正已儲存方案的參照異常","","","medium","","",""
"buildAnalysis.suggestionTitleStartAllocation","buildAnalysis","ui","Set a progression allocation","設定培養分配","","","medium","","",""
"buildAnalysis.suggestionTitleUseRemainingPoints","buildAnalysis","ui","Consider how to use the remaining points","考慮剩餘點數的用法","","","medium","","",""
"buildAnalysis.suggestionTitleConsiderUnderinvestedArea","buildAnalysis","ui","Consider allocating to {category}","考慮分配給{category}","","","medium","","",""
"buildAnalysis.suggestionTitleRecheckUnderCurrentRules","buildAnalysis","ui","Recheck under the current rules","以目前的規則重新確認","","","medium","","",""
"buildAnalysis.suggestionTitleDifferentiateFromSibling","buildAnalysis","ui","Reconsider the role split with ""{siblingName}""","重新考慮與「{siblingName}」的角色分工","","","medium","","",""
"buildAnalysis.suggestionReasonReferenceAnomaly","buildAnalysis","ui","A deleted or mismatched reference was found for this saved build.","此已儲存方案發現已刪除或不一致的參照。","","","medium","","",""
"buildAnalysis.suggestionReasonNoAllocation","buildAnalysis","ui","No progression points have been allocated yet.","尚未分配培養點數。","","","medium","","",""
"buildAnalysis.suggestionReasonManyRemainingPoints","buildAnalysis","ui","{remaining}pt remain unused.","還有 {remaining}pt 未使用。","","","medium","","",""
"buildAnalysis.suggestionReasonUnderinvestedArea","buildAnalysis","ui","There is currently no allocation to {category}.","目前沒有分配給{category}。","","","medium","","",""
"buildAnalysis.suggestionReasonLegacyRules","buildAnalysis","ui","Saved under legacy or unknown rules.","以舊規則或未知規則儲存。","","","medium","","",""
"buildAnalysis.suggestionReasonOverlapsWithSibling","buildAnalysis","ui","Training focus is close to ""{siblingName}"".","培養重點與「{siblingName}」相近。","","","medium","","",""
"buildAnalysis.suggestionRecheckReferenceAnomaly","buildAnalysis","ui","Check the Build Analysis inventory results to confirm how the reference and this saved build should line up.","請查看方案分析的盤點結果，確認參照與此已儲存方案應如何對應。","","","medium","","",""
"buildAnalysis.suggestionRecheckNoAllocation","buildAnalysis","ui","Check this card's registered position and current stats to consider a training direction.","請確認這張球員卡登錄的位置與目前的能力值，再考慮培養方向。","","","medium","","",""
"buildAnalysis.suggestionRecheckManyRemainingPoints","buildAnalysis","ui","Whether to use the remaining points depends on the current intended use (starter / bench / trial, etc.).","是否使用剩餘點數，取決於目前的預定用途（先發／替補／試用等）。","","","medium","","",""
"buildAnalysis.suggestionRecheckUnderinvestedArea","buildAnalysis","ui","Check whether this area is actually needed for the current intended use.","請確認目前的預定用途是否真的需要這個領域。","","","medium","","",""
"buildAnalysis.suggestionRecheckLegacyRules","buildAnalysis","ui","Allocation and point costs can differ from legacy rules under the current rules, so recheck this build.","目前規則下的分配與點數消耗可能與舊規則不同，請重新確認此方案。","","","medium","","",""
"buildAnalysis.suggestionRecheckOverlapsWithSibling","buildAnalysis","ui","Check whether both builds are still needed given the difference in intended use.","請考量預定用途的差異，確認兩個方案是否都仍有需要。","","","medium","","",""
"buildAnalysis.findingAbilityGainReflectsFocus","buildAnalysis","ui","The allocation to {category} has actually shown up as a meaningful ability gain (total +{delta}).","{category}的分配確實帶來了明顯的能力值提升（合計 +{delta}）。","","","medium","","",""
"buildAnalysis.findingAbilityGainHighlight","buildAnalysis","ui","The most improved ability is {ability}, up +{delta} from before training.","提升最多的能力值是{ability}，比培養前 +{delta}。","","","medium","","",""
"buildAnalysis.findingOverinvestmentCandidateNormal","buildAnalysis","ui","{category} was already high before training (avg. around {baseAverage}) and received heavy allocation. Whether this area truly deserved top priority is worth rechecking.","{category}在培養前就已偏高（平均約 {baseAverage}），又獲得大量分配。建議重新確認這個領域是否真的值得最優先。","","","medium","","",""
"buildAnalysis.findingOverinvestmentCandidateHarsh","buildAnalysis","ui","{category} was already high before training (avg. around {baseAverage}), yet received the heaviest allocation — whether that was really the top priority is worth rechecking.","{category}在培養前就已偏高（平均約 {baseAverage}），卻獲得最多的分配——這是否真的是最優先事項，值得重新確認。","","","medium","","",""
"buildAnalysis.findingUnderinvestedButHighFinal","buildAnalysis","ui","Allocation to {category} is relatively low, but the current final ability value is already around {finalAverage} on average — the stats themselves aren't necessarily low.","{category}的分配相對較少，但目前的最終能力值平均已約 {finalAverage}——能力值本身不一定偏低。","","","medium","","",""
"buildAnalysis.findingUnderinvestedAndLowFinal","buildAnalysis","ui","Allocation to {category} is low, and the current final ability value is also around {finalAverage} on average — relatively low within this build. Whether this area is actually needed for the current use still needs separate confirmation.","{category}的分配較少，目前的最終能力值平均也約 {finalAverage}——在此方案中相對偏低。目前的用途是否真的需要這個領域，仍需另外確認。","","","medium","","",""
"buildAnalysis.findingUnderinvestedContextUnknown","buildAnalysis","ui","Allocation to {category} is low, but there isn't enough ability data to judge the situation in detail.","{category}的分配較少，但能力值資料不足，無法詳細判斷情況。","","","medium","","",""
"buildAnalysis.findingAbilityDataUnavailable","buildAnalysis","ui","Ability data could not be retrieved, so this analysis does not include ability-based findings.","無法取得能力值資料，因此此分析不包含以能力值為依據的結果。","","","medium","","",""
"buildAnalysis.findingAbilityComparisonPracticallySame","buildAnalysis","ui","The main 26-ability composition is also practically close to ""{siblingName}"".","主要 26 項能力值的組成也與「{siblingName}」實質上相近。","","","medium","","",""
"buildAnalysis.findingAbilityComparisonDifferentFocus","buildAnalysis","ui","The main ability composition is clearly different from ""{siblingName}"".","主要能力值的組成與「{siblingName}」明顯不同。","","","medium","","",""
"buildAnalysis.suggestionTitleOverinvestmentCandidate","buildAnalysis","ui","Recheck the allocation to {category}","重新確認{category}的分配","","","medium","","",""
"buildAnalysis.suggestionReasonOverinvestmentCandidate","buildAnalysis","ui","It was already high before training (avg. around {baseAverage}) and received heavy allocation.","培養前就已偏高（平均約 {baseAverage}），又獲得大量分配。","","","medium","","",""
"buildAnalysis.suggestionRecheckOverinvestmentCandidate","buildAnalysis","ui","Recheck whether this additional investment was really the top priority for the current use.","請重新確認這項追加投入對目前的用途是否真的是最優先。","","","medium","","",""
"buildAnalysis.abilityMainEffectsHeading","buildAnalysis","ui","Main Ability Effects","主要能力值變化","","26","medium","","",""
"buildAnalysis.abilityLargestGainsLabel","buildAnalysis","ui","Most Improved Abilities","提升最多的能力值","","30","medium","","",""
"buildAnalysis.abilityHighestFinalLabel","buildAnalysis","ui","Highest Final Abilities","最終值最高的能力值","","30","medium","","",""
"buildAnalysis.abilityNoGainsText","buildAnalysis","ui","No training-driven gains can be confirmed yet.","目前還無法確認培養帶來的提升。","","","medium","","",""
"buildAnalysis.abilityNoDataText","buildAnalysis","ui","Ability data could not be retrieved.","無法取得能力值資料。","","","medium","","",""
"buildAnalysis.abilityLoadingText","buildAnalysis","ui","Loading ability data…","正在載入能力值資料…","","28","medium","","",""
"buildAnalysis.abilityBeforeLabel","buildAnalysis","ui","Before","培養前","","12","medium","","",""
"buildAnalysis.abilityTrainedLabel","buildAnalysis","ui","After Training (allocation only)","培養後（僅分配）","","42","medium","","",""
"buildAnalysis.abilityFinalLabel","buildAnalysis","ui","Final (as saved)","最終值（已儲存）","","21","medium","","",""
"buildAnalysis.abilityGainValueTemplate","buildAnalysis","ui","+{value}","+{value}","","12","medium","","",""
"buildAnalysis.abilityDetailToggleLabel","buildAnalysis","ui","View 26-ability detail","查看 26 項能力值明細","","29","medium","","",""
"buildAnalysis.abilityDetailRowTemplate","buildAnalysis","ui","{ability}: {before} → {trained} (trained) / {final} (final)  gain {delta}","{ability}：{before} → {trained}（培養後）/ {final}（最終）  提升 {delta}","","","medium","","",""
"buildAnalysis.abilityComparisonDiffHeading","buildAnalysis","ui","Main Ability Differences vs Other Build","與其他方案的主要能力值差異","","51","medium","","",""
"buildAnalysis.abilityComparisonNoDataText","buildAnalysis","ui","No ability comparison data is available.","沒有可用的能力值比較資料。","","","medium","","",""
"buildAnalysis.abilityComparisonConditionLegacyText","buildAnalysis","ui","Includes a build saved under legacy or unknown rules, so a simple comparison isn't possible.","包含以舊規則或未知規則儲存的方案，因此無法單純比較。","","","medium","","",""
"buildAnalysis.abilityComparisonConditionUnallocatedText","buildAnalysis","ui","One build has no allocation, so a simple comparison isn't possible.","其中一個方案沒有分配，因此無法單純比較。","","","medium","","",""
"buildAnalysis.abilityComparisonDiffRowTemplate","buildAnalysis","ui","{ability}: current {currentValue} / other {otherValue} (diff {diff})","{ability}：目前 {currentValue} / 其他 {otherValue}（差 {diff}）","","","medium","","",""
"buildAnalysis.intentSectionHeading","buildAnalysis","ui","Analysis Intent","分析意圖","","20","medium","","",""
"buildAnalysis.intentUnsavedNote","buildAnalysis","ui","This input is not saved (it is not written to the saved build or localStorage, and is cleared when you leave this screen).","此輸入不會儲存（不會寫入已儲存的方案或 localStorage，離開此畫面時會清除）。","","","medium","","",""
"buildAnalysis.intentPositionLabel","buildAnalysis","ui","Intended Position","預定位置","","23","medium","","",""
"buildAnalysis.intentPositionNoneOption","buildAnalysis","ui","Unspecified","未指定","","15","medium","","",""
"buildAnalysis.intentPrimaryGoalLabel","buildAnalysis","ui","Primary Goal","主要目標","","16","medium","","",""
"buildAnalysis.intentGroupPrioritiesHeading","buildAnalysis","ui","Priority by Ability Area","各能力領域的優先度","","32","medium","","",""
"buildAnalysis.intentFieldPlayersHeading","buildAnalysis","ui","Field Player Ability Areas","場上球員的能力領域","","34","medium","","",""
"buildAnalysis.intentGoalkeepingHeading","buildAnalysis","ui","Goalkeeper Ability Areas","守門員的能力領域","","32","medium","","",""
"buildAnalysis.intentStatePriority","buildAnalysis","ui","Priority","優先","","12","medium","","",""
"buildAnalysis.intentStateNormal","buildAnalysis","ui","Normal","一般","","12","medium","","",""
"buildAnalysis.intentStateLow","buildAnalysis","ui","Low Priority","低優先","","16","medium","","",""
"buildAnalysis.buildIntentFreeTextLabel","buildAnalysis","ui","Build Intent","方案意圖","","16","medium","","",""
"buildAnalysis.buildIntentFreeTextDescription","buildAnalysis","ui","Describe what you want from this build in your own words. Use ""Read Build Intent"" to analyze it, then review and confirm before it affects the evaluation (nothing changes until you confirm).","用你自己的話描述想讓這個方案達成什麼。按「讀取方案意圖」進行分析，確認後才會影響評估（確認前不會有任何變更）。","","","medium","","",""
"buildAnalysis.buildIntentFreeTextPlaceholder","buildAnalysis","ui","e.g. I want to play as RWF. I want to prioritize dribbling and quickness, and beat a defender one-on-one on the wing. Speed is already high, so it doesn't need to go much higher. Keep shooting at a minimum, and I don't care much about aerial ability or defending. I want to lean more toward breakthrough dribbling than Build 2.","例：我想讓他踢 RWF。想優先提升盤帶與靈巧，在邊路一對一突破防守球員。速度已經很高，不需要再提升太多。射門維持最低限度，空中爭頂與防守不太在意。希望比方案 2 更偏向突破型盤帶。","","426","medium","","",""
"buildAnalysis.buildIntentExampleToggleLabel","buildAnalysis","ui","See an example","查看範例","","19","medium","","",""
"buildAnalysis.buildIntentExampleText","buildAnalysis","ui","I want to play as RWF. I want to prioritize dribbling and quickness, and beat a defender one-on-one on the wing. Speed is already high, so it doesn't need to go much higher. Keep shooting at a minimum, and I don't care much about aerial ability or defending. I want to lean more toward breakthrough dribbling than Build 2.","我想讓他踢 RWF。想優先提升盤帶與靈巧，在邊路一對一突破防守球員。速度已經很高，不需要再提升太多。射門維持最低限度，空中爭頂與防守不太在意。希望比方案 2 更偏向突破型盤帶。","","","medium","","",""
"buildAnalysis.buildIntentAnalyzeButtonLabel","buildAnalysis","ui","Read Build Intent","讀取方案意圖","","23","medium","","",""
"buildAnalysis.buildIntentAnalyzingLabel","buildAnalysis","ui","Analyzing…","分析中…","","13","medium","","",""
"buildAnalysis.buildIntentCancelLabel","buildAnalysis","ui","Cancel","取消","","12","medium","","",""
"buildAnalysis.buildIntentRetryLabel","buildAnalysis","ui","Read Again","重新讀取","","13","medium","","",""
"buildAnalysis.buildIntentDiscardLabel","buildAnalysis","ui","Discard Interpretation","捨棄解讀","","29","medium","","",""
"buildAnalysis.buildIntentConfirmButtonLabel","buildAnalysis","ui","Use This for Analysis","用於分析","","28","high","","",""
"buildAnalysis.buildIntentInterpretationHeading","buildAnalysis","ui","Build Intent Read From Your Input","從你的輸入讀取的方案意圖","","43","medium","","",""
"buildAnalysis.buildIntentStaleNotice","buildAnalysis","ui","Your build intent has changed. Read it again to get an up-to-date interpretation.","方案意圖已變更。請重新讀取以取得最新的解讀。","","","medium","","",""
"buildAnalysis.buildIntentNotConfiguredNotice","buildAnalysis","ui","Automatic build intent analysis isn't available right now. You can still analyze by specifying the detailed settings manually.","目前無法使用自動分析方案意圖。你仍可手動指定詳細設定來進行分析。","","","medium","","",""
"buildAnalysis.buildIntentFailedNotice","buildAnalysis","ui","We couldn't read your build intent. Try again, or specify the detailed settings manually.","無法讀取你的方案意圖。請再試一次，或手動指定詳細設定。","","","high","","",""
"buildAnalysis.buildIntentConfirmedNotice","buildAnalysis","ui","This evaluation uses your confirmed build intent.","此評估使用你已確認的方案意圖。","","","high","","",""
"buildAnalysis.buildIntentManualDetailsToggleLabel","buildAnalysis","ui","Adjust the Reading in Detailed Settings","在詳細設定中調整解讀","","51","medium","","",""
"buildAnalysis.buildIntentAvoidOverinvestmentLabel","buildAnalysis","ui","Avoid Overinvestment","避免過度投入","","26","medium","","",""
"buildAnalysis.buildIntentIntentionallyIgnoreLabel","buildAnalysis","ui","Excluded","排除","","12","medium","","",""
"buildAnalysis.buildIntentComparisonTargetLabel","buildAnalysis","ui","Comparison Target Build","比較對象方案","","30","medium","","",""
"buildAnalysis.buildIntentComparisonTargetNoneOption","buildAnalysis","ui","Unspecified","未指定","","15","medium","","",""
"buildAnalysis.buildIntentStrengthsToPreserveLabel","buildAnalysis","ui","Strengths to Preserve","要保留的優勢","","28","medium","","",""
"buildAnalysis.buildIntentAmbiguitiesHeading","buildAnalysis","ui","Needs Confirmation","需要確認","","24","medium","","",""
"buildAnalysis.buildIntentAmbiguitiesNoneText","buildAnalysis","ui","None","無","","12","medium","","",""
"buildAnalysis.buildIntentConfidenceLabel","buildAnalysis","ui","Interpretation Confidence","解讀可信度","","33","medium","","",""
"buildAnalysis.buildIntentConfidenceHigh","buildAnalysis","ui","High","高","","12","medium","","",""
"buildAnalysis.buildIntentConfidenceMedium","buildAnalysis","ui","Medium","中","","12","medium","","",""
"buildAnalysis.buildIntentConfidenceLow","buildAnalysis","ui","Low","低","","12","medium","","",""
"buildAnalysis.buildIntentInterpPositionLabel","buildAnalysis","ui","Intended Position","預定位置","","23","medium","","",""
"buildAnalysis.buildIntentInterpGoalLabel","buildAnalysis","ui","Primary Goal","主要目標","","16","medium","","",""
"buildAnalysis.buildIntentInterpPriorityLabel","buildAnalysis","ui","Top Priority","最優先","","16","medium","","",""
"buildAnalysis.buildIntentInterpSecondaryLabel","buildAnalysis","ui","Secondary Priority","次要優先","","24","medium","","",""
"buildAnalysis.buildIntentInterpAvoidOverinvestmentLabel","buildAnalysis","ui","Avoid Overinvesting In","避免過度投入於","","29","medium","","",""
"buildAnalysis.buildIntentInterpIgnoredLabel","buildAnalysis","ui","Excluded From This Evaluation","不列入此次評估","","38","medium","","",""
"buildAnalysis.buildIntentInterpComparisonTargetLabel","buildAnalysis","ui","Build to Compare","比較的方案","","21","medium","","",""
"buildAnalysis.buildIntentInterpComparisonFocusLabel","buildAnalysis","ui","Comparison Focus","比較重點","","21","medium","","",""
"buildAnalysis.buildIntentInterpPreserveLabel","buildAnalysis","ui","Strengths to Preserve","要保留的優勢","","28","medium","","",""
"buildAnalysis.buildIntentInterpNoneValue","buildAnalysis","ui","Unspecified","未指定","","15","medium","","",""
"buildAnalysis.buildIntentReadHeading","buildAnalysis","ui","What We Read","讀取到的內容","","16","medium","","",""
"buildAnalysis.buildIntentUnspecifiedCollapsedLabel","buildAnalysis","ui","Other items are unspecified","其他項目未指定","","36","medium","","",""
"buildAnalysis.buildIntentClarificationHeading","buildAnalysis","ui","Please Confirm","請確認","","19","medium","","",""
"buildAnalysis.clarificationNoneOptionLabel","buildAnalysis","ui","None of these","以上皆非","","17","medium","","",""
"buildAnalysis.clarificationNoneOptionDescription","buildAnalysis","ui","Don't select any of these options. Use the detailed settings below to specify this manually if needed.","不選擇任何選項。如有需要，請在下方的詳細設定中手動指定。","","","medium","","",""
"buildAnalysis.buildIntentClarificationPendingNotice","buildAnalysis","ui","Answer everything above to enable ""Use This for Analysis"".","回答以上所有問題後，即可使用「用於分析」。","","","medium","","",""
"buildAnalysis.clarificationCrossRoleQuestion","buildAnalysis","ui","""Cross""-related wording can mean more than one thing. Which is closer to what you mean?","與「傳中」相關的說法可能有多種意思。哪一種比較接近你的意思？","","","medium","","",""
"buildAnalysis.clarificationCrossRoleReason","buildAnalysis","ui","Cross-related phrases can mean either supplying crosses from the wing or scoring from crosses, so we need to confirm which one you mean.","與傳中相關的說法，可能是指從邊路送出傳中，也可能是指接應傳中得分，因此需要確認你的意思。","","","medium","","",""
"buildAnalysis.clarificationCrossSupplyLabel","buildAnalysis","ui","Supplying crosses from the wing","從邊路送出傳中","","41","medium","","",""
"buildAnalysis.clarificationCrossSupplyDescription","buildAnalysis","ui","Treated as a use-case that emphasizes passing and chance creation.","視為重視傳球與創造機會的用途。","","","medium","","",""
"buildAnalysis.clarificationCrossReceiveLabel","buildAnalysis","ui","Scoring from crosses","接應傳中得分","","26","medium","","",""
"buildAnalysis.clarificationCrossReceiveDescription","buildAnalysis","ui","Treated as a use-case that emphasizes aerial ability and shooting.","視為重視空中爭頂與射門的用途。","","","medium","","",""
"buildAnalysis.clarificationCrossWideAttackLabel","buildAnalysis","ui","Wide attacking play overall","整體的邊路進攻","","36","medium","","",""
"buildAnalysis.clarificationCrossWideAttackDescription","buildAnalysis","ui","Treated as a use-case that emphasizes passing and chance creation while contributing to wide attacks.","視為參與邊路進攻、同時重視傳球與創造機會的用途。","","","medium","","",""
"buildAnalysis.clarificationCrossReceiveFocusQuestion","buildAnalysis","ui","When scoring from crosses, which matters more to you?","接應傳中得分時，你比較重視哪一項？","","","medium","","",""
"buildAnalysis.clarificationCrossReceiveFocusReason","buildAnalysis","ui","Scoring from crosses can mean emphasizing aerial ability or emphasizing shooting, so we need to confirm which one you mean.","接應傳中得分可能是重視空中爭頂，也可能是重視射門，因此需要確認你的意思。","","","medium","","",""
"buildAnalysis.clarificationCrossReceiveAerialLabel","buildAnalysis","ui","Emphasize aerial ability","重視空中爭頂","","32","medium","","",""
"buildAnalysis.clarificationCrossReceiveAerialDescription","buildAnalysis","ui","Emphasizes aerial strength and heading.","重視空中爭頂與頭槌。","","","medium","","",""
"buildAnalysis.clarificationCrossReceiveShootingLabel","buildAnalysis","ui","Emphasize shooting","重視射門","","24","medium","","",""
"buildAnalysis.clarificationCrossReceiveShootingDescription","buildAnalysis","ui","Emphasizes shooting and finishing.","重視射門與臨門一腳。","","","medium","","",""
"buildAnalysis.clarificationCrossReceiveBothLabel","buildAnalysis","ui","Emphasize both","兩者都重視","","19","medium","","",""
"buildAnalysis.clarificationCrossReceiveBothDescription","buildAnalysis","ui","Treated as a use-case that emphasizes both aerial ability and shooting.","視為同時重視空中爭頂與射門的用途。","","","medium","","",""
"buildAnalysis.buildIntentUnanalyzedHeading","buildAnalysis","ui","What We Couldn't Read","無法讀取的內容","","28","medium","","",""
"buildAnalysis.buildIntentUnanalyzedIntro","buildAnalysis","ui","We couldn't safely interpret the following. To avoid setting anything incorrectly, we haven't assigned any ability area for it automatically.","以下內容無法安全地解讀。為避免設定錯誤，我們沒有自動為其指定任何能力領域。","","","medium","","",""
"buildAnalysis.buildIntentUnanalyzedZeroHeading","buildAnalysis","ui","We couldn't fully organize your input","無法完整整理你的輸入","","49","medium","","",""
"buildAnalysis.buildIntentUnanalyzedZeroBody","buildAnalysis","ui","We couldn't safely read a build intent from what you wrote. Try rewriting it using one of the examples below, or specify it directly in the detailed settings.","無法從你寫的內容安全地讀取方案意圖。請參考下方的範例改寫，或直接在詳細設定中指定。","","","medium","","",""
"buildAnalysis.buildIntentManualSettingsHintText","buildAnalysis","ui","You can specify the position or ability areas directly from ""Adjust the Reading in Detailed Settings"" below.","你可以從下方的「在詳細設定中調整解讀」直接指定位置或能力領域。","","","medium","","",""
"buildAnalysis.buildIntentAdditionalExamplesHeading","buildAnalysis","ui","More Examples to Try","更多可嘗試的範例","","26","medium","","",""
"buildAnalysis.buildIntentAdditionalExampleInsertLabel","buildAnalysis","ui","Add this example","加入此範例","","21","medium","","",""
"buildAnalysis.buildIntentAdditionalExampleCrossSupplyLabel","buildAnalysis","ui","Example: supplying crosses from the wing","範例：從邊路送出傳中","","52","medium","","",""
"buildAnalysis.buildIntentAdditionalExampleCrossSupplyText","buildAnalysis","ui","I want to play as RWF. I want to deliver crosses. Passing is my top priority.","我想讓他踢 RWF。想送出傳中。傳球最優先。","","","medium","","",""
"buildAnalysis.buildIntentAdditionalExampleCrossReceiveLabel","buildAnalysis","ui","Example: scoring from crosses","範例：接應傳中得分","","38","medium","","",""
"buildAnalysis.buildIntentAdditionalExampleCrossReceiveText","buildAnalysis","ui","I want to play as CF. I want to score from crosses. Aerial strength and shooting are my top priority.","我想讓他踢 CF。想接應傳中得分。空中爭頂與射門最優先。","","","medium","","",""
"buildAnalysis.buildIntentAdditionalExampleCrossAmbiguousLabel","buildAnalysis","ui","Example: haven't decided on a role yet","範例：還沒決定角色","","50","medium","","",""
"buildAnalysis.buildIntentAdditionalExampleCrossAmbiguousText","buildAnalysis","ui","I want cross-focused play.","我想要以傳中為主的打法。","","","medium","","",""
"buildAnalysis.presetCategoryScoringTitle","buildAnalysis","ui","Scoring","得分","","12","medium","","",""
"buildAnalysis.presetCategoryDribblingPossessionTitle","buildAnalysis","ui","Dribbling & Ball Retention","盤帶與持球","","34","medium","","",""
"buildAnalysis.presetCategoryPassingCreationTitle","buildAnalysis","ui","Passing & Chance Creation","傳球與創造機會","","33","medium","","",""
"buildAnalysis.presetCategoryWideCrossingTitle","buildAnalysis","ui","Wide Play & Crossing","邊路與傳中","","26","medium","","",""
"buildAnalysis.presetCategorySpeedCounterTitle","buildAnalysis","ui","Speed & Counterattacking","速度與反擊","","32","medium","","",""
"buildAnalysis.presetCategoryPhysicalAerialTitle","buildAnalysis","ui","Physical & Aerial","身體與空中爭頂","","23","medium","","",""
"buildAnalysis.presetCategoryDefendingTitle","buildAnalysis","ui","Defending","防守","","12","medium","","",""
"buildAnalysis.presetCategoryGoalkeepingTitle","buildAnalysis","ui","Goalkeeping","守門","","15","medium","","",""
"buildAnalysis.presetCategoryBalancedAdjustmentTitle","buildAnalysis","ui","Balanced & Adjustment","均衡與調整","","28","medium","","",""
"buildAnalysis.presetTagScoring","buildAnalysis","ui","scoring","得分","","12","medium","","",""
"buildAnalysis.presetTagShooting","buildAnalysis","ui","shooting","射門","","12","medium","","",""
"buildAnalysis.presetTagFinisher","buildAnalysis","ui","finisher","終結者","","12","medium","","",""
"buildAnalysis.presetTagBox","buildAnalysis","ui","penalty box","禁區","","15","medium","","",""
"buildAnalysis.presetTagDribbling","buildAnalysis","ui","dribbling","盤帶","","12","medium","","",""
"buildAnalysis.presetTagCross","buildAnalysis","ui","cross","傳中","","12","medium","","",""
"buildAnalysis.presetTagAerial","buildAnalysis","ui","aerial","空中爭頂","","12","medium","","",""
"buildAnalysis.presetTagPossession","buildAnalysis","ui","possession","控球","","13","medium","","",""
"buildAnalysis.presetTagCentral","buildAnalysis","ui","central","中路","","12","medium","","",""
"buildAnalysis.presetTagWide","buildAnalysis","ui","wide","邊路","","12","medium","","",""
"buildAnalysis.presetTagSpeed","buildAnalysis","ui","speed","速度","","12","medium","","",""
"buildAnalysis.presetTagPassing","buildAnalysis","ui","passing","傳球","","12","medium","","",""
"buildAnalysis.presetTagFullback","buildAnalysis","ui","fullback","邊後衛","","12","medium","","",""
"buildAnalysis.presetTagDefending","buildAnalysis","ui","defending","防守","","12","medium","","",""
"buildAnalysis.presetTagCounter","buildAnalysis","ui","counter","反擊","","12","medium","","",""
"buildAnalysis.presetTagPhysical","buildAnalysis","ui","physical","身體","","12","medium","","",""
"buildAnalysis.presetTagTarget","buildAnalysis","ui","target man","支點中鋒","","13","medium","","",""
"buildAnalysis.presetTagGoalkeeping","buildAnalysis","ui","goalkeeper","守門員","","13","medium","","",""
"buildAnalysis.presetTagBalance","buildAnalysis","ui","balance","均衡","","12","medium","","",""
"buildAnalysis.presetScoringSpecialistTitle","buildAnalysis","ui","Scoring Specialist","得分專家","","24","medium","","",""
"buildAnalysis.presetScoringSpecialistShort","buildAnalysis","ui","Prioritizes shooting to maximize goal output.","優先射門，以最大化得分能力。","","","medium","","",""
"buildAnalysis.presetScoringSpecialistDetail","buildAnalysis","ui","Prioritizes the shooting ability area (finishing, set piece taking, curl). Suited for improving raw finishing quality.","優先射門能力領域（臨門一腳、定位球、弧線球）。適合提升純粹的終結品質。","","","medium","","",""
"buildAnalysis.presetBoxFinisherTitle","buildAnalysis","ui","Box Finisher","禁區終結者","","16","medium","","",""
"buildAnalysis.presetBoxFinisherShort","buildAnalysis","ui","Prioritizes shooting with quickness as a secondary focus.","優先射門，其次為靈巧。","","","medium","","",""
"buildAnalysis.presetBoxFinisherDetail","buildAnalysis","ui","Assumes quick reactions inside the box. Prioritizes shooting, with quickness as a secondary focus.","以在禁區內快速反應為前提。優先射門，其次為靈巧。","","","medium","","",""
"buildAnalysis.presetDribbleToShotTitle","buildAnalysis","ui","Dribble to Shot","盤帶後射門","","20","medium","","",""
"buildAnalysis.presetDribbleToShotShort","buildAnalysis","ui","Prioritizes shooting with dribbling as a secondary focus.","優先射門，其次為盤帶。","","","medium","","",""
"buildAnalysis.presetDribbleToShotDetail","buildAnalysis","ui","Assumes creating your own shooting chance via dribbling. Prioritizes shooting, with dribbling as a secondary focus.","以靠盤帶自己創造射門機會為前提。優先射門，其次為盤帶。","","","medium","","",""
"buildAnalysis.presetCrossReceiveScoringTitle","buildAnalysis","ui","Score From Crosses","接應傳中得分","","24","medium","","",""
"buildAnalysis.presetCrossReceiveScoringShort","buildAnalysis","ui","Prioritizes shooting with aerial strength as a secondary focus.","優先射門，其次為空中爭頂。","","","medium","","",""
"buildAnalysis.presetCrossReceiveScoringDetail","buildAnalysis","ui","Assumes finishing crosses. Prioritizes shooting, with aerial strength as a secondary focus.","以把握傳中機會為前提。優先射門，其次為空中爭頂。","","","medium","","",""
"buildAnalysis.presetAerialScoringTitle","buildAnalysis","ui","Aerial Scoring","空中得分","","19","medium","","",""
"buildAnalysis.presetAerialScoringShort","buildAnalysis","ui","Prioritizes aerial strength with shooting as a secondary focus.","優先空中爭頂，其次為射門。","","","medium","","",""
"buildAnalysis.presetAerialScoringDetail","buildAnalysis","ui","Centers scoring around aerial duel strength itself. Prioritizes aerial strength, with shooting as a secondary focus.","以空中對抗的強度本身為得分核心。優先空中爭頂，其次為射門。","","","medium","","",""
"buildAnalysis.presetDribbleBreakthroughTitle","buildAnalysis","ui","Dribble Breakthrough","盤帶突破","","26","medium","","",""
"buildAnalysis.presetDribbleBreakthroughShort","buildAnalysis","ui","Prioritizes dribbling to improve breakthrough ability.","優先盤帶，以提升突破能力。","","","medium","","",""
"buildAnalysis.presetDribbleBreakthroughDetail","buildAnalysis","ui","Prioritizes the dribbling ability area (ball control, dribbling, tight possession).","優先盤帶能力領域（控球、盤帶、緊密控球）。","","","medium","","",""
"buildAnalysis.presetBeatOneOnWingTitle","buildAnalysis","ui","Beat a Defender on the Wing","邊路單挑突破","","36","medium","","",""
"buildAnalysis.presetBeatOneOnWingShort","buildAnalysis","ui","Prioritizes dribbling with quickness as a secondary focus.","優先盤帶，其次為靈巧。","","","medium","","",""
"buildAnalysis.presetBeatOneOnWingDetail","buildAnalysis","ui","Assumes beating a defender one-on-one on the wing. Prioritizes dribbling, with quickness as a secondary focus.","以在邊路一對一突破防守球員為前提。優先盤帶，其次為靈巧。","","","medium","","",""
"buildAnalysis.presetTightSpacePossessionTitle","buildAnalysis","ui","Hold the Ball in Tight Spaces","在狹小空間持球","","38","medium","","",""
"buildAnalysis.presetTightSpacePossessionShort","buildAnalysis","ui","Aims for possession, prioritizing dribbling.","以控球為目標，優先盤帶。","","","medium","","",""
"buildAnalysis.presetTightSpacePossessionDetail","buildAnalysis","ui","Sets possession as the primary goal and prioritizes the dribbling ability area (including tight possession).","以控球為主要目標，優先盤帶能力領域（含緊密控球）。","","","medium","","",""
"buildAnalysis.presetHardToDispossessTitle","buildAnalysis","ui","Avoid Losing the Ball","不易丟球","","28","medium","","",""
"buildAnalysis.presetHardToDispossessShort","buildAnalysis","ui","Aims for possession, prioritizing dribbling with lower body strength as a secondary focus.","以控球為目標，優先盤帶，其次為下肢力量。","","","medium","","",""
"buildAnalysis.presetHardToDispossessDetail","buildAnalysis","ui","Sets possession as the primary goal, prioritizes dribbling, with the lower body strength area (including balance) as a secondary focus.","以控球為主要目標，優先盤帶，其次為下肢力量領域（含平衡感）。","","","medium","","",""
"buildAnalysis.presetCarryThroughCenterTitle","buildAnalysis","ui","Carry the Ball Through the Center","從中路帶球推進","","43","medium","","",""
"buildAnalysis.presetCarryThroughCenterShort","buildAnalysis","ui","Prioritizes dribbling with quickness as a secondary focus.","優先盤帶，其次為靈巧。","","","medium","","",""
"buildAnalysis.presetCarryThroughCenterDetail","buildAnalysis","ui","Assumes carrying the ball through the central midfield. Prioritizes dribbling, with quickness as a secondary focus.","以從中場中路帶球推進為前提。優先盤帶，其次為靈巧。","","","medium","","",""
"buildAnalysis.presetCutInsideAttackTitle","buildAnalysis","ui","Cut Inside to Attack","內切進攻","","26","medium","","",""
"buildAnalysis.presetCutInsideAttackShort","buildAnalysis","ui","Prioritizes dribbling with shooting as a secondary focus.","優先盤帶，其次為射門。","","","medium","","",""
"buildAnalysis.presetCutInsideAttackDetail","buildAnalysis","ui","Assumes cutting inside from the wing. Prioritizes dribbling, with shooting as a secondary focus.","以從邊路內切為前提。優先盤帶，其次為射門。","","","medium","","",""
"buildAnalysis.presetReceiveAndDistributeTitle","buildAnalysis","ui","Receive and Distribute","接球後分配","","29","medium","","",""
"buildAnalysis.presetReceiveAndDistributeShort","buildAnalysis","ui","Aims for possession, prioritizing dribbling with passing as a secondary focus.","以控球為目標，優先盤帶，其次為傳球。","","","medium","","",""
"buildAnalysis.presetReceiveAndDistributeDetail","buildAnalysis","ui","Assumes receiving at your feet before distributing. Prioritizes dribbling, with passing as a secondary focus.","以在腳下接球後再分配為前提。優先盤帶，其次為傳球。","","","medium","","",""
"buildAnalysis.presetQuicknessFocusTitle","buildAnalysis","ui","Quickness Focus","重視靈巧","","20","medium","","",""
"buildAnalysis.presetQuicknessFocusShort","buildAnalysis","ui","Prioritizes quickness.","優先靈巧。","","29","medium","","",""
"buildAnalysis.presetQuicknessFocusDetail","buildAnalysis","ui","Prioritizes the quickness ability area (acceleration, speed).","優先靈巧能力領域（加速能力、速度）。","","","medium","","",""
"buildAnalysis.presetPassingSpecialistTitle","buildAnalysis","ui","Passing Specialist","傳球專家","","24","medium","","",""
"buildAnalysis.presetPassingSpecialistShort","buildAnalysis","ui","Prioritizes passing to improve chance creation.","優先傳球，以提升創造機會的能力。","","","medium","","",""
"buildAnalysis.presetPassingSpecialistDetail","buildAnalysis","ui","Prioritizes the passing ability area (low pass, lofted pass, offensive awareness).","優先傳球能力領域（低平傳球、高吊傳球、進攻意識）。","","","medium","","",""
"buildAnalysis.presetGameMakingTitle","buildAnalysis","ui","Game Making","組織進攻","","15","medium","","",""
"buildAnalysis.presetGameMakingShort","buildAnalysis","ui","Prioritizes passing with dribbling as a secondary focus.","優先傳球，其次為盤帶。","","","medium","","",""
"buildAnalysis.presetGameMakingDetail","buildAnalysis","ui","Assumes building attacking play. Prioritizes passing, with dribbling as a secondary focus.","以組織進攻為前提。優先傳球，其次為盤帶。","","","medium","","",""
"buildAnalysis.presetForwardServiceTitle","buildAnalysis","ui","Service to the Forward Line","向前線輸送","","36","medium","","",""
"buildAnalysis.presetForwardServiceShort","buildAnalysis","ui","Prioritizes passing.","優先傳球。","","26","medium","","",""
"buildAnalysis.presetForwardServiceDetail","buildAnalysis","ui","Assumes distributing the ball forward from a deeper position. Prioritizes passing.","以從較後方的位置向前分配球為前提。優先傳球。","","","medium","","",""
"buildAnalysis.presetDistributeTheBallTitle","buildAnalysis","ui","Spread the Play","分散球路","","20","medium","","",""
"buildAnalysis.presetDistributeTheBallShort","buildAnalysis","ui","Prioritizes passing with quickness as a secondary focus.","優先傳球，其次為靈巧。","","","medium","","",""
"buildAnalysis.presetDistributeTheBallDetail","buildAnalysis","ui","Assumes spreading play at a quick tempo. Prioritizes passing, with quickness as a secondary focus.","以快節奏分散球路為前提。優先傳球，其次為靈巧。","","","medium","","",""
"buildAnalysis.presetPossessionAnchorTitle","buildAnalysis","ui","Possession Anchor","控球核心","","23","medium","","",""
"buildAnalysis.presetPossessionAnchorShort","buildAnalysis","ui","Aims for possession, prioritizing passing with dribbling as a secondary focus.","以控球為目標，優先傳球，其次為盤帶。","","","medium","","",""
"buildAnalysis.presetPossessionAnchorDetail","buildAnalysis","ui","Assumes acting as the anchor of possession play. Prioritizes passing, with dribbling as a secondary focus.","以擔任控球戰術的核心為前提。優先傳球，其次為盤帶。","","","medium","","",""
"buildAnalysis.presetCrossSupplyTitle","buildAnalysis","ui","Supply Crosses","送出傳中","","19","medium","","",""
"buildAnalysis.presetCrossSupplyShort","buildAnalysis","ui","Prioritizes passing.","優先傳球。","","26","medium","","",""
"buildAnalysis.presetCrossSupplyDetail","buildAnalysis","ui","Assumes supplying crosses from the wing. Prioritizes passing. Suggested positions include wing forward, side midfield, and full-back roles.","以從邊路送出傳中為前提。優先傳球。建議位置包括邊鋒、邊前衛與邊後衛。","","","medium","","",""
"buildAnalysis.presetDribbleThenCrossTitle","buildAnalysis","ui","Beat a Man Then Cross","突破後傳中","","28","medium","","",""
"buildAnalysis.presetDribbleThenCrossShort","buildAnalysis","ui","Prioritizes passing with dribbling as a secondary focus.","優先傳球，其次為盤帶。","","","medium","","",""
"buildAnalysis.presetDribbleThenCrossDetail","buildAnalysis","ui","Assumes beating a defender down the line before crossing. Prioritizes passing, with dribbling as a secondary focus.","以沿邊線突破防守球員後傳中為前提。優先傳球，其次為盤帶。","","","medium","","",""
"buildAnalysis.presetWideChanceCreationTitle","buildAnalysis","ui","Wide Chance Creation","邊路創造機會","","26","medium","","",""
"buildAnalysis.presetWideChanceCreationShort","buildAnalysis","ui","Prioritizes passing with quickness as a secondary focus.","優先傳球，其次為靈巧。","","","medium","","",""
"buildAnalysis.presetWideChanceCreationDetail","buildAnalysis","ui","Assumes creating chances from wide areas. Prioritizes passing, with quickness as a secondary focus.","以從邊路創造機會為前提。優先傳球，其次為靈巧。","","","medium","","",""
"buildAnalysis.presetCarryDownLineTitle","buildAnalysis","ui","Carry the Ball Down the Line","沿邊線帶球推進","","37","medium","","",""
"buildAnalysis.presetCarryDownLineShort","buildAnalysis","ui","Prioritizes dribbling with quickness as a secondary focus.","優先盤帶，其次為靈巧。","","","medium","","",""
"buildAnalysis.presetCarryDownLineDetail","buildAnalysis","ui","Assumes carrying the ball down the touchline. Prioritizes dribbling, with quickness as a secondary focus.","以沿邊線帶球推進為前提。優先盤帶，其次為靈巧。","","","medium","","",""
"buildAnalysis.presetCutInsideShootTitle","buildAnalysis","ui","Cut Inside and Shoot","內切射門","","26","medium","","",""
"buildAnalysis.presetCutInsideShootShort","buildAnalysis","ui","Prioritizes shooting with dribbling as a secondary focus.","優先射門，其次為盤帶。","","","medium","","",""
"buildAnalysis.presetCutInsideShootDetail","buildAnalysis","ui","Assumes cutting inside from the wing to shoot. Prioritizes shooting, with dribbling as a secondary focus.","以從邊路內切射門為前提。優先射門，其次為盤帶。","","","medium","","",""
"buildAnalysis.presetAttackingFullbackTitle","buildAnalysis","ui","Attacking Full-back","進攻型邊後衛","","25","medium","","",""
"buildAnalysis.presetAttackingFullbackShort","buildAnalysis","ui","Prioritizes passing with quickness as a secondary focus.","優先傳球，其次為靈巧。","","","medium","","",""
"buildAnalysis.presetAttackingFullbackDetail","buildAnalysis","ui","Assumes a full-back joining the attack. Prioritizes passing, with quickness as a secondary focus.","以邊後衛參與進攻為前提。優先傳球，其次為靈巧。","","","medium","","",""
"buildAnalysis.presetDefensiveFullbackTitle","buildAnalysis","ui","Defensive Full-back","防守型邊後衛","","25","medium","","",""
"buildAnalysis.presetDefensiveFullbackShort","buildAnalysis","ui","Prioritizes defending.","優先防守。","","29","medium","","",""
"buildAnalysis.presetDefensiveFullbackDetail","buildAnalysis","ui","Assumes a defense-focused full-back. Prioritizes defending. No other ability area is auto-set based on position alone.","以重視防守的邊後衛為前提。優先防守。不會僅依位置自動設定其他能力領域。","","","medium","","",""
"buildAnalysis.presetSpeedBreakthroughTitle","buildAnalysis","ui","Speed Breakthrough","速度突破","","24","medium","","",""
"buildAnalysis.presetSpeedBreakthroughShort","buildAnalysis","ui","Prioritizes quickness.","優先靈巧。","","29","medium","","",""
"buildAnalysis.presetSpeedBreakthroughDetail","buildAnalysis","ui","Prioritizes the quickness ability area (acceleration, speed).","優先靈巧能力領域（加速能力、速度）。","","","medium","","",""
"buildAnalysis.presetRunInBehindTitle","buildAnalysis","ui","Run in Behind","插入防線身後","","17","medium","","",""
"buildAnalysis.presetRunInBehindShort","buildAnalysis","ui","Prioritizes quickness with shooting as a secondary focus.","優先靈巧，其次為射門。","","","medium","","",""
"buildAnalysis.presetRunInBehindDetail","buildAnalysis","ui","Assumes running in behind the defense. Prioritizes quickness, with shooting as a secondary focus.","以插入對方防線身後為前提。優先靈巧，其次為射門。","","","medium","","",""
"buildAnalysis.presetCounterOutletTitle","buildAnalysis","ui","Counterattack Outlet","反擊出球點","","26","medium","","",""
"buildAnalysis.presetCounterOutletShort","buildAnalysis","ui","Aims for counterattacking, prioritizing quickness with dribbling as a secondary focus.","以反擊為目標，優先靈巧，其次為盤帶。","","","medium","","",""
"buildAnalysis.presetCounterOutletDetail","buildAnalysis","ui","Sets counterattacking as the primary goal, prioritizing quickness with dribbling as a secondary focus. Since counterattacking depends on team tactics, this is treated as reference information in single-build analysis.","以反擊為主要目標，優先靈巧，其次為盤帶。由於反擊取決於球隊戰術，在單一方案分析中僅作為參考資訊。","","","medium","","",""
"buildAnalysis.presetSprintDownWingTitle","buildAnalysis","ui","Sprint Down the Wing","邊路衝刺","","26","medium","","",""
"buildAnalysis.presetSprintDownWingShort","buildAnalysis","ui","Prioritizes quickness with passing as a secondary focus.","優先靈巧，其次為傳球。","","","medium","","",""
"buildAnalysis.presetSprintDownWingDetail","buildAnalysis","ui","Assumes sprinting down the wing. Prioritizes quickness, with passing as a secondary focus.","以沿邊路衝刺為前提。優先靈巧，其次為傳球。","","","medium","","",""
"buildAnalysis.presetAerialSpecialistTitle","buildAnalysis","ui","Aerial Specialist","空中爭頂專家","","23","medium","","",""
"buildAnalysis.presetAerialSpecialistShort","buildAnalysis","ui","Prioritizes aerial strength.","優先空中爭頂。","","","medium","","",""
"buildAnalysis.presetAerialSpecialistDetail","buildAnalysis","ui","Prioritizes the aerial strength ability area (heading, jumping, physical contact).","優先空中爭頂能力領域（頭槌、彈跳力、身體對抗）。","","","medium","","",""
"buildAnalysis.presetTargetManTitle","buildAnalysis","ui","Target Man","支點中鋒","","13","medium","","",""
"buildAnalysis.presetTargetManShort","buildAnalysis","ui","Prioritizes aerial strength with lower body strength as a secondary focus.","優先空中爭頂，其次為下肢力量。","","","medium","","",""
"buildAnalysis.presetTargetManDetail","buildAnalysis","ui","Assumes being the target man up front. Prioritizes aerial strength, with lower body strength as a secondary focus.","以擔任前場的支點為前提。優先空中爭頂，其次為下肢力量。","","","medium","","",""
"buildAnalysis.presetPostPlayTitle","buildAnalysis","ui","Post-Up Play","背身做球","","16","medium","","",""
"buildAnalysis.presetPostPlayShort","buildAnalysis","ui","Aims for possession, prioritizing lower body strength with dribbling as a secondary focus.","以控球為目標，優先下肢力量，其次為盤帶。","","","medium","","",""
"buildAnalysis.presetPostPlayDetail","buildAnalysis","ui","Assumes holding up the ball with your back to goal. Sets possession as the primary goal, prioritizes lower body strength, with dribbling as a secondary focus.","以背對球門護球為前提。以控球為主要目標，優先下肢力量，其次為盤帶。","","","medium","","",""
"buildAnalysis.presetResistPhysicalContactTitle","buildAnalysis","ui","Resist Physical Contact","抗衡身體對抗","","30","medium","","",""
"buildAnalysis.presetResistPhysicalContactShort","buildAnalysis","ui","Prioritizes lower body strength.","優先下肢力量。","","","medium","","",""
"buildAnalysis.presetResistPhysicalContactDetail","buildAnalysis","ui","Prioritizes the lower body strength ability area (kicking power, balance, stamina).","優先下肢力量能力領域（踢球力道、平衡感、體能）。","","","medium","","",""
"buildAnalysis.presetBallWinningSpecialistTitle","buildAnalysis","ui","Ball-Winning Specialist","搶球專家","","30","medium","","",""
"buildAnalysis.presetBallWinningSpecialistShort","buildAnalysis","ui","Prioritizes defending.","優先防守。","","29","medium","","",""
"buildAnalysis.presetBallWinningSpecialistDetail","buildAnalysis","ui","Prioritizes the defending ability area (defensive awareness, tackling, ball winning).","優先防守能力領域（防守意識、搶斷、奪球）。","","","medium","","",""
"buildAnalysis.presetMidfieldDestroyerTitle","buildAnalysis","ui","Midfield Destroyer","中場破壞者","","24","medium","","",""
"buildAnalysis.presetMidfieldDestroyerShort","buildAnalysis","ui","Prioritizes defending with lower body strength as a secondary focus.","優先防守，其次為下肢力量。","","","medium","","",""
"buildAnalysis.presetMidfieldDestroyerDetail","buildAnalysis","ui","Assumes breaking up attacks in midfield. Prioritizes defending, with lower body strength as a secondary focus.","以在中場破壞對方進攻為前提。優先防守，其次為下肢力量。","","","medium","","",""
"buildAnalysis.presetManMarkingFocusTitle","buildAnalysis","ui","Man-Marking Focus","重視盯人","","23","medium","","",""
"buildAnalysis.presetManMarkingFocusShort","buildAnalysis","ui","Prioritizes defending with quickness as a secondary focus.","優先防守，其次為靈巧。","","","medium","","",""
"buildAnalysis.presetManMarkingFocusDetail","buildAnalysis","ui","Assumes strong one-on-one defending. Prioritizes defending, with quickness as a secondary focus.","以強力的一對一防守為前提。優先防守，其次為靈巧。","","","medium","","",""
"buildAnalysis.presetBacklineStabilityTitle","buildAnalysis","ui","Backline Stability","穩定後防線","","24","medium","","",""
"buildAnalysis.presetBacklineStabilityShort","buildAnalysis","ui","Prioritizes defending with aerial strength as a secondary focus.","優先防守，其次為空中爭頂。","","","medium","","",""
"buildAnalysis.presetBacklineStabilityDetail","buildAnalysis","ui","Assumes stabilizing the back line. Prioritizes defending, with aerial strength as a secondary focus.","以穩定後防線為前提。優先防守，其次為空中爭頂。","","","medium","","",""
"buildAnalysis.presetShotStoppingFocusTitle","buildAnalysis","ui","Shot-Stopping Focus","重視撲救","","25","medium","","",""
"buildAnalysis.presetShotStoppingFocusShort","buildAnalysis","ui","Prioritizes Goalkeeping 1 (reflexes).","優先守門 1（反應）。","","","medium","","",""
"buildAnalysis.presetShotStoppingFocusDetail","buildAnalysis","ui","Prioritizes the Goalkeeping 1 ability area (GK awareness, GK reflexes). Since there is no dedicated GK primary goal in the existing model, the primary goal is treated as reference-only (""other"").","優先守門 1 能力領域（守門員意識、守門員反應）。由於現有模型中沒有守門員專用的主要目標，主要目標僅作為參考（「其他」）。","","","medium","","",""
"buildAnalysis.presetHighBallFocusTitle","buildAnalysis","ui","High Ball Handling","處理高空球","","24","medium","","",""
"buildAnalysis.presetHighBallFocusShort","buildAnalysis","ui","Prioritizes Goalkeeping 3 (reach).","優先守門 3（防守範圍）。","","","medium","","",""
"buildAnalysis.presetHighBallFocusDetail","buildAnalysis","ui","Prioritizes the Goalkeeping 3 ability area (reach). The primary goal is treated as reference-only (""other"").","優先守門 3 能力領域（防守範圍）。主要目標僅作為參考（「其他」）。","","","medium","","",""
"buildAnalysis.presetCatchingFocusTitle","buildAnalysis","ui","Catching Focus","重視接球","","19","medium","","",""
"buildAnalysis.presetCatchingFocusShort","buildAnalysis","ui","Prioritizes Goalkeeping 2 (catching).","優先守門 2（接球）。","","","medium","","",""
"buildAnalysis.presetCatchingFocusDetail","buildAnalysis","ui","Prioritizes the Goalkeeping 2 ability area (catching, parrying). The primary goal is treated as reference-only (""other"").","優先守門 2 能力領域（接球、撲擋）。主要目標僅作為參考（「其他」）。","","","medium","","",""
"buildAnalysis.presetSweeperKeeperTitle","buildAnalysis","ui","Sweeper Keeper","清道夫門將","","19","medium","","",""
"buildAnalysis.presetSweeperKeeperShort","buildAnalysis","ui","Prioritizes Goalkeeping 1 with Goalkeeping 3 as a secondary focus.","優先守門 1，其次為守門 3。","","","medium","","",""
"buildAnalysis.presetSweeperKeeperDetail","buildAnalysis","ui","Assumes actively coming off the line. Prioritizes Goalkeeping 1, with Goalkeeping 3 as a secondary focus. The primary goal is treated as reference-only (""other"").","以積極出擊為前提。優先守門 1，其次為守門 3。主要目標僅作為參考（「其他」）。","","","medium","","",""
"buildAnalysis.presetDistributingGkTitle","buildAnalysis","ui","Distributing Goalkeeper","出球型守門員","","30","medium","","",""
"buildAnalysis.presetDistributingGkShort","buildAnalysis","ui","Prioritizes passing with Goalkeeping 1 as a secondary focus.","優先傳球，其次為守門 1。","","","medium","","",""
"buildAnalysis.presetDistributingGkDetail","buildAnalysis","ui","Assumes also contributing to distribution. Prioritizes passing, with Goalkeeping 1 as a secondary focus.","以同時參與出球為前提。優先傳球，其次為守門 1。","","","medium","","",""
"buildAnalysis.presetBalancedTypeTitle","buildAnalysis","ui","Balanced Type","均衡型","","17","medium","","",""
"buildAnalysis.presetBalancedTypeShort","buildAnalysis","ui","Choose this for even, balanced allocation without focusing on a single area.","不集中於單一領域、想平均分配時選擇此項。","","","medium","","",""
"buildAnalysis.presetBalancedTypeDetail","buildAnalysis","ui","Does not prioritize any single ability area. Treats the primary goal as balanced.","不優先任何單一能力領域。主要目標視為均衡。","","","medium","","",""
"buildAnalysis.presetAttackLeaningBalanceTitle","buildAnalysis","ui","Attack-Leaning Balanced Type","偏進攻的均衡型","","37","medium","","",""
"buildAnalysis.presetAttackLeaningBalanceShort","buildAnalysis","ui","Keeps the primary goal balanced, with shooting and dribbling as secondary focuses.","主要目標維持均衡，其次為射門與盤帶。","","","medium","","",""
"buildAnalysis.presetAttackLeaningBalanceDetail","buildAnalysis","ui","Treats the primary goal as balanced while giving secondary focus to shooting and dribbling.","主要目標視為均衡，同時將射門與盤帶作為次要重點。","","","medium","","",""
"buildAnalysis.presetDefenseLeaningBalanceTitle","buildAnalysis","ui","Defense-Leaning Balanced Type","偏防守的均衡型","","38","medium","","",""
"buildAnalysis.presetDefenseLeaningBalanceShort","buildAnalysis","ui","Keeps the primary goal balanced, with defending and aerial strength as secondary focuses.","主要目標維持均衡，其次為防守與空中爭頂。","","","medium","","",""
"buildAnalysis.presetDefenseLeaningBalanceDetail","buildAnalysis","ui","Treats the primary goal as balanced while giving secondary focus to defending and aerial strength.","主要目標視為均衡，同時將防守與空中爭頂作為次要重點。","","","medium","","",""
"buildAnalysis.presetSectionHeading","buildAnalysis","ui","Training Intent","培養意圖","","20","medium","","",""
"buildAnalysis.presetSearchLabel","buildAnalysis","ui","Search training intents","搜尋培養意圖","","30","medium","","",""
"buildAnalysis.presetSearchPlaceholder","buildAnalysis","ui","e.g. cross, dribbling, defending","例：傳中、盤帶、防守","","42","medium","","",""
"buildAnalysis.presetSearchNoResults","buildAnalysis","ui","No matching training intent was found. Choose from a category, or use the detailed settings.","找不到符合的培養意圖。請從分類中選擇，或使用詳細設定。","","","medium","","",""
"buildAnalysis.presetRecommendedHeading","buildAnalysis","ui","Recommended Intents","推薦的意圖","","25","medium","","",""
"buildAnalysis.presetCategoryFilterLabel","buildAnalysis","ui","Filter by category","依分類篩選","","24","medium","","",""
"buildAnalysis.presetCategoryAllLabel","buildAnalysis","ui","All","全部","","12","medium","","",""
"buildAnalysis.presetPrimaryAbilityAreasLabel","buildAnalysis","ui","Ability areas this affects","影響的能力領域","","34","medium","","",""
"buildAnalysis.presetMainSelectLabel","buildAnalysis","ui","Select as main intent","選為主要意圖","","28","medium","","",""
"buildAnalysis.presetMainSelectedBadge","buildAnalysis","ui","Main Intent","主要意圖","","15","medium","","",""
"buildAnalysis.presetSubSelectLabel","buildAnalysis","ui","Select as sub intent","選為次要意圖","","26","medium","","",""
"buildAnalysis.presetSubSelectedBadge","buildAnalysis","ui","Sub Intent","次要意圖","","13","medium","","",""
"buildAnalysis.presetSubMaxReachedNotice","buildAnalysis","ui","You can select up to 2 sub intents.","次要意圖最多可選擇 2 個。","","","medium","","",""
"buildAnalysis.presetClearSelectionLabel","buildAnalysis","ui","Clear selection","清除選擇","","20","medium","","",""
"buildAnalysis.presetPreviewHeading","buildAnalysis","ui","Settings Preview","設定預覽","","21","medium","","",""
"buildAnalysis.presetPreviewMainLabel","buildAnalysis","ui","Selected training intent","已選擇的培養意圖","","32","medium","","",""
"buildAnalysis.presetPreviewSubLabel","buildAnalysis","ui","Selected sub intents","已選擇的次要意圖","","26","medium","","",""
"buildAnalysis.presetPreviewNoneSelectedText","buildAnalysis","ui","None selected","未選擇","","17","medium","","",""
"buildAnalysis.presetPreviewDerivedHeading","buildAnalysis","ui","What this sets","將設定的內容","","19","medium","","",""
"buildAnalysis.presetSourcePresetLabel","buildAnalysis","ui","Set by preset","由預設組合設定","","17","medium","","",""
"buildAnalysis.presetSourceUserLabel","buildAnalysis","ui","Changed by you","由你變更","","19","medium","","",""
"buildAnalysis.presetSourceUnspecifiedLabel","buildAnalysis","ui","Unspecified","未指定","","15","medium","","",""
"buildAnalysis.presetDetailSettingsToggleLabel","buildAnalysis","ui","Adjust the Settings Created From Your Intent","調整由意圖產生的設定","","58","medium","","",""
"buildAnalysis.presetResetToPresetDefaultsLabel","buildAnalysis","ui","Reset to Intent Defaults","還原為意圖的預設值","","32","medium","","",""
"buildAnalysis.presetDiscardManualEditsLabel","buildAnalysis","ui","Discard All Manual Edits","捨棄所有手動編輯","","32","medium","","",""
"buildAnalysis.presetConflictHeading","buildAnalysis","ui","Your Selected Intent Conflicts With Detailed Settings","你選擇的意圖與詳細設定衝突","","69","medium","","",""
"buildAnalysis.presetConflictTargetLabel","buildAnalysis","ui","Affected area","受影響的領域","","17","medium","","",""
"buildAnalysis.presetConflictMainGoalLabel","buildAnalysis","ui","Selected intent","已選擇的意圖","","20","medium","","",""
"buildAnalysis.presetConflictManualSettingLabel","buildAnalysis","ui","Detailed setting","詳細設定","","21","medium","","",""
"buildAnalysis.presetConflictUsePresetLabel","buildAnalysis","ui","Use the Intent's Setting","使用意圖的設定","","32","medium","","",""
"buildAnalysis.presetConflictUseManualLabel","buildAnalysis","ui","Use My Manual Setting","使用我的手動設定","","28","medium","","",""
"buildAnalysis.presetConflictEditManualLabel","buildAnalysis","ui","Edit in Detailed Settings","在詳細設定中編輯","","33","medium","","",""
"buildAnalysis.presetConflictBlocksConfirmNotice","buildAnalysis","ui","You cannot confirm ""Analyze with This Intent"" until the conflict is resolved.","解決衝突前，無法確認「以此意圖分析」。","","","high","","",""
"buildAnalysis.presetConfirmButtonLabel","buildAnalysis","ui","Analyze with This Intent","以此意圖分析","","32","high","","",""
"buildAnalysis.presetConfirmedNoticeHeading","buildAnalysis","ui","This evaluation uses your selected training intent.","此評估使用你選擇的培養意圖。","","67","high","","",""
"buildAnalysis.presetConfirmedMainLabel","buildAnalysis","ui","Selected training intent","已選擇的培養意圖","","32","high","","",""
"buildAnalysis.presetConfirmedSubLabel","buildAnalysis","ui","Sub intents","次要意圖","","15","high","","",""
"buildAnalysis.presetConfirmedUserModifiedLabel","buildAnalysis","ui","Manual changes","手動變更","","19","high","","",""
"buildAnalysis.presetConfirmedUserModifiedYes","buildAnalysis","ui","Yes","有","","12","high","","",""
"buildAnalysis.presetConfirmedUserModifiedNo","buildAnalysis","ui","No","無","","12","high","","",""
"buildAnalysis.presetReturnToGeneralAnalysisLabel","buildAnalysis","ui","Return to General Analysis","返回一般分析","","34","medium","","",""
"buildAnalysis.presetChangeIntentButtonLabel","buildAnalysis","ui","Change Intent","變更意圖","","17","medium","","",""
"buildAnalysis.presetChangedNotConfirmedNotice","buildAnalysis","ui","Your training intent selection has changed. The current evaluation still uses the previously confirmed intent.","培養意圖的選擇已變更。目前的評估仍使用先前確認的意圖。","","","high","","",""
"buildAnalysis.presetChangedCurrentSelectionLabel","buildAnalysis","ui","Currently selected intent","目前選擇的意圖","","33","medium","","",""
"buildAnalysis.presetChangedInUseLabel","buildAnalysis","ui","Intent used in the current evaluation","目前評估使用的意圖","","49","medium","","",""
"buildAnalysis.presetAnalyzeWithNewLabel","buildAnalysis","ui","Analyze With the New Intent","以新的意圖分析","","36","medium","","",""
"buildAnalysis.presetRevertToPreviousLabel","buildAnalysis","ui","Revert to the Previous Intent","還原為先前的意圖","","38","medium","","",""
"buildAnalysis.presetDetailChangedNotice","buildAnalysis","ui","Your detailed settings have changed. Apply the new settings to the evaluation.","詳細設定已變更。請將新的設定套用到評估。","","","medium","","",""
"buildAnalysis.presetAnalyzeWithChangedSettingsLabel","buildAnalysis","ui","Analyze With the Changed Settings","以變更後的設定分析","","43","medium","","",""
"buildAnalysis.presetRevertDetailChangesLabel","buildAnalysis","ui","Revert the Changes","還原變更","","24","medium","","",""
"buildAnalysis.presetDeselectedNotice","buildAnalysis","ui","Your training intent selection has been cleared. Update to fall back to general analysis only.","已清除培養意圖的選擇。更新後將僅使用一般分析。","","","medium","","",""
"buildAnalysis.presetKeepPreviousSelectionLabel","buildAnalysis","ui","Keep the Previous Intent","保留先前的意圖","","32","medium","","",""
"buildAnalysis.presetReflectionHeading","buildAnalysis","ui","Settings Used in the Evaluation","評估使用的設定","","41","medium","","",""
"buildAnalysis.presetReflectionSourceLabel","buildAnalysis","ui","Source","來源","","12","medium","","",""
"buildAnalysis.presetReflectionSourcePresetPlusUser","buildAnalysis","ui","Preset + Manual Changes","預設組合＋手動變更","","30","medium","","",""
"buildAnalysis.presetReflectionSourcePresetOnly","buildAnalysis","ui","Preset Only","僅預設組合","","15","medium","","",""
"buildAnalysis.presetReflectionSourceManualOnly","buildAnalysis","ui","Manual Settings Only","僅手動設定","","26","medium","","",""
"buildAnalysis.presetReflectionSourceNone","buildAnalysis","ui","Not Set","未設定","","12","medium","","",""
"buildAnalysis.presetReflectionStatusLabel","buildAnalysis","ui","Status","狀態","","12","medium","","",""
"buildAnalysis.presetReflectionStatusConfirmed","buildAnalysis","ui","Confirmed","已確認","","12","high","","",""
"buildAnalysis.presetReflectionUnconfirmedNotice","buildAnalysis","ui","There are unconfirmed changes","有尚未確認的變更","","","high","","",""
"buildAnalysis.presetReflectionUnconfirmedMainChange","buildAnalysis","ui","Main intent","主要意圖","","15","high","","",""
"buildAnalysis.presetReflectionUnconfirmedDetailChange","buildAnalysis","ui","Detailed settings","詳細設定","","23","high","","",""
"buildAnalysis.presetCarriedOverNotice","buildAnalysis","ui","Your training intent has carried over to another build on the same card.","你的培養意圖已沿用到同一張球員卡的另一個方案。","","","medium","","",""
"buildAnalysis.buildIntentStatusNotInputText","buildAnalysis","ui","Not Entered","未輸入","","15","medium","","",""
"buildAnalysis.buildIntentStatusNotAnalyzedText","buildAnalysis","ui","Not Analyzed","未分析","","16","medium","","",""
"buildAnalysis.buildIntentStatusAnalyzingText","buildAnalysis","ui","Analyzing","分析中","","12","medium","","",""
"buildAnalysis.buildIntentStatusAwaitingConfirmationText","buildAnalysis","ui","Awaiting Confirmation","等待確認","","28","high","","",""
"buildAnalysis.buildIntentStatusConfirmedText","buildAnalysis","ui","Confirmed","已確認","","12","high","","",""
"buildAnalysis.buildIntentStatusStaleText","buildAnalysis","ui","Outdated (Input Changed)","已過時（輸入已變更）","","32","medium","","",""
"buildAnalysis.buildIntentStatusFailedText","buildAnalysis","ui","Analysis Failed","分析失敗","","20","high","","",""
"buildAnalysis.buildIntentStatusNotConfiguredText","buildAnalysis","ui","Analysis Not Configured","未設定分析功能","","30","medium","","",""
"buildAnalysis.buildIntentStatusManualText","buildAnalysis","ui","Using Manual Settings","使用手動設定","","28","medium","","",""
"buildAnalysis.intentUserNoteCounterTemplate","buildAnalysis","ui","{count} / {max} characters","{count} / {max} 字","","","medium","","",""
"buildAnalysis.intentGoalUnspecified","buildAnalysis","ui","Unspecified","未指定","","15","medium","","",""
"buildAnalysis.intentGoalScoring","buildAnalysis","ui","Scoring","得分","","12","medium","","",""
"buildAnalysis.intentGoalDribbling","buildAnalysis","ui","Dribbling","盤帶","","12","medium","","",""
"buildAnalysis.intentGoalPassing","buildAnalysis","ui","Passing / Chance Creation","傳球／創造機會","","","medium","","",""
"buildAnalysis.intentGoalSpeed","buildAnalysis","ui","Speed","速度","","12","medium","","",""
"buildAnalysis.intentGoalPossession","buildAnalysis","ui","Ball Possession","控球","","20","medium","","",""
"buildAnalysis.intentGoalPhysical","buildAnalysis","ui","Physical","身體","","12","medium","","",""
"buildAnalysis.intentGoalAerial","buildAnalysis","ui","Aerial","空中爭頂","","12","medium","","",""
"buildAnalysis.intentGoalDefense","buildAnalysis","ui","Defense","防守","","12","medium","","",""
"buildAnalysis.intentGoalPress","buildAnalysis","ui","Press","逼搶","","12","medium","","",""
"buildAnalysis.intentGoalCounter","buildAnalysis","ui","Counter-Attack","反擊","","19","medium","","",""
"buildAnalysis.intentGoalBalance","buildAnalysis","ui","Balance","均衡","","12","medium","","",""
"buildAnalysis.intentGoalOther","buildAnalysis","ui","Other","其他","","12","medium","","",""
"buildAnalysis.intentReflectionHeading","buildAnalysis","ui","How Your Input Is Reflected","你的輸入如何反映","","36","medium","","",""
"buildAnalysis.intentReflectionUnspecifiedToggleLabel","buildAnalysis","ui","See other unspecified items","查看其他未指定的項目","","36","medium","","",""
"buildAnalysis.intentReflectionFieldPrimaryGoal","buildAnalysis","ui","Central Analysis Goal","分析的核心目標","","28","medium","","",""
"buildAnalysis.intentReflectionFieldPosition","buildAnalysis","ui","Intended Position","預定位置","","23","medium","","",""
"buildAnalysis.intentReflectionFieldPriorityGroups","buildAnalysis","ui","Priority Areas","優先領域","","19","medium","","",""
"buildAnalysis.intentReflectionFieldLowerPriorityGroups","buildAnalysis","ui","Lower-Priority Areas","低優先領域","","26","medium","","",""
"buildAnalysis.intentReflectionFieldAvoidOverinvestmentGroups","buildAnalysis","ui","Areas to Avoid Overinvesting In","避免過度投入的領域","","","medium","","",""
"buildAnalysis.intentReflectionFieldIntentionallyIgnoredGroups","buildAnalysis","ui","Excluded From This Evaluation","不列入此次評估","","","medium","","",""
"buildAnalysis.intentReflectionFieldComparisonTarget","buildAnalysis","ui","Comparison Intent","比較意圖","","23","medium","","",""
"buildAnalysis.intentReflectionFieldFreeText","buildAnalysis","ui","Build Intent","方案意圖","","16","medium","","",""
"buildAnalysis.intentReflectionFieldStrengthsToPreserve","buildAnalysis","ui","Strengths to preserve","要保留的優勢","","28","medium","","",""
"buildAnalysis.intentReflectionStatusUsed","buildAnalysis","ui","Used in Analysis","用於分析","","21","medium","","",""
"buildAnalysis.intentReflectionStatusReferenceOnly","buildAnalysis","ui","Reference Only","僅供參考","","19","medium","","",""
"buildAnalysis.intentReflectionStatusDisplayOnly","buildAnalysis","ui","Displayed Only, Not Analyzed","僅顯示，未分析","","","medium","","",""
"buildAnalysis.intentReflectionStatusNotSpecified","buildAnalysis","ui","Not Specified","未指定","","17","medium","","",""
"buildAnalysis.intentReflectionStatusLimitedByData","buildAnalysis","ui","Limited by Missing Data","因資料不足而受限","","30","medium","","",""
"buildAnalysis.intentAlignmentLabel","buildAnalysis","ui","Intent Alignment","意圖符合度","","21","medium","","",""
"buildAnalysis.intentAlignmentHigh","buildAnalysis","ui","High","高","","12","medium","","",""
"buildAnalysis.intentAlignmentMostlyAligned","buildAnalysis","ui","Mostly Aligned","大致符合","","19","medium","","",""
"buildAnalysis.intentAlignmentPartiallyAligned","buildAnalysis","ui","Partially Aligned","部分符合","","23","medium","","",""
"buildAnalysis.intentAlignmentPoorlyAligned","buildAnalysis","ui","Poorly Aligned","不太符合","","19","medium","","",""
"buildAnalysis.intentAlignmentInsufficientInformation","buildAnalysis","ui","Insufficient Information","資訊不足","","32","medium","","",""
"buildAnalysis.generalEvaluationHeading","buildAnalysis","ui","General Build Evaluation","方案的一般評估","","32","medium","","",""
"buildAnalysis.intentEvaluationHeading","buildAnalysis","ui","Evaluation Against Your Intent","依你的意圖評估","","39","medium","","",""
"buildAnalysis.intentEvaluationEmptyGuidance","buildAnalysis","ui","Select a primary goal or priority areas to evaluate how well this build matches your intent.","選擇主要目標或優先領域，即可評估此方案與你的意圖有多符合。","","","medium","","",""
"buildAnalysis.intentConclusionHeading","buildAnalysis","ui","Conclusion","結論","","13","medium","","",""
"buildAnalysis.intentAlignedHeading","buildAnalysis","ui","Achievements Aligned with Your Intent","符合你意圖的成果","","49","medium","","",""
"buildAnalysis.intentMisalignmentHeading","buildAnalysis","ui","Clear Mismatches With Your Intent","與你的意圖明顯不符之處","","43","medium","","",""
"buildAnalysis.intentOverinvestmentHeading","buildAnalysis","ui","Possible Overinvestment for This Intent","對此意圖可能過度投入","","51","medium","","",""
"buildAnalysis.intentAcceptableLowHeading","buildAnalysis","ui","Not a Concern for This Use Case","對此用途不構成問題","","41","medium","","",""
"buildAnalysis.intentNotAProblemHeading","buildAnalysis","ui","Areas Not Treated as a Problem for This Use Case","對此用途不視為問題的領域","","63","medium","","",""
"buildAnalysis.intentComparisonHeading","buildAnalysis","ui","Fit vs Other Builds for This Card","與這張球員卡其他方案的符合度比較","","43","medium","","",""
"buildAnalysis.intentImprovementHeading","buildAnalysis","ui","Improvement Priorities for This Intent","此意圖的改進優先順序","","50","medium","","",""
"buildAnalysis.intentFinalHeading","buildAnalysis","ui","Final Verdict","最終判斷","","17","medium","","",""
"buildAnalysis.intentNoneText","buildAnalysis","ui","None","無","","12","medium","","",""
"buildAnalysis.buildIntentEvidenceHeading","buildAnalysis","ui","Text That Supports This Reading","支持此解讀的文字","","41","medium","","",""
"buildAnalysis.intentContextTemplate","buildAnalysis","ui","a build aimed at {goal}","以{goal}為目標的方案","","30","medium","","",""
"buildAnalysis.intentContextWithPositionTemplate","buildAnalysis","ui","a build aimed at {goal} as {position}","以 {position} 的{goal}為目標的方案","","","medium","","",""
"buildAnalysis.intentConclusionWithIssueTemplate","buildAnalysis","ui","Conclusion: This is {context}, but {issue}","結論：這是{context}，但{issue}","","","medium","","",""
"buildAnalysis.intentConclusionNoIssueTemplate","buildAnalysis","ui","Conclusion: This is {context}, and allocation to your priority areas is broadly aligned with your intent.","結論：這是{context}，優先領域的分配大致符合你的意圖。","","","medium","","",""
"buildAnalysis.intentConclusionIssueNotReflectedTemplate","buildAnalysis","ui","allocation to {category}, which relates to your primary goal, is not reflected yet.","與主要目標相關的{category}分配尚未反映。","","","medium","","",""
"buildAnalysis.intentConclusionIssueUnderprioritizedTemplate","buildAnalysis","ui","allocation to {category}, which relates to your primary goal, is weaker than your other priority areas.","與主要目標相關的{category}分配比其他優先領域弱。","","","medium","","",""
"buildAnalysis.intentConclusionIssueAvoidOverinvestmentTemplate","buildAnalysis","ui","allocation to {category}, which you asked not to overinvest in, has become large.","你要求避免過度投入的{category}，分配變得很多。","","","medium","","",""
"buildAnalysis.intentConclusionIssueOverinvestmentTemplate","buildAnalysis","ui","allocation to {category}, which isn't a priority, has become large.","非優先的{category}，分配變得很多。","","","medium","","",""
"buildAnalysis.intentConclusionAlignmentHigh","buildAnalysis","ui","The allocation priority matches your intent well.","分配的優先順序與你的意圖非常符合。","","","medium","","",""
"buildAnalysis.intentConclusionAlignmentMostlyAligned","buildAnalysis","ui","The allocation priority is broadly aligned with your intent.","分配的優先順序大致符合你的意圖。","","","medium","","",""
"buildAnalysis.intentConclusionAlignmentPartiallyAligned","buildAnalysis","ui","The allocation priority isn't fully aligned with your intent.","分配的優先順序並未完全符合你的意圖。","","","medium","","",""
"buildAnalysis.intentConclusionAlignmentPoorlyAligned","buildAnalysis","ui","The allocation priority is significantly off from your intent.","分配的優先順序與你的意圖有很大落差。","","","medium","","",""
"buildAnalysis.intentConclusionAlignmentInsufficientInformation","buildAnalysis","ui","With the current data, it isn't possible to fully judge whether the allocation priority matches your intent.","以目前的資料，無法完整判斷分配的優先順序是否符合你的意圖。","","","medium","","",""
"buildAnalysis.intentConclusionAlignmentAndImprovementTemplate","buildAnalysis","ui","{alignment} The top improvement candidate is {category}.","{alignment}最主要的改進候選是{category}。","","","medium","","",""
"buildAnalysis.intentAlignedGroupStronglyWithAbilitiesTemplate","buildAnalysis","ui","{categories} were marked as priority areas, and related abilities — including {abilityList} — have actually improved, aligning well with your intent.","{categories}被設為優先領域，相關能力值（包括{abilityList}）也確實提升，非常符合你的意圖。","","","medium","","",""
"buildAnalysis.intentAlignedGroupStronglyTemplate","buildAnalysis","ui","{categories} were marked as priority areas and are being strengthened as allocated, aligning well with your intent.","{categories}被設為優先領域，並依分配獲得強化，非常符合你的意圖。","","","medium","","",""
"buildAnalysis.intentAlignedGroupMostlyWithAbilitiesTemplate","buildAnalysis","ui","{categories} were marked as priority areas, and related abilities — including {abilityList} — show confirmed improvement, broadly aligning with your intent.","{categories}被設為優先領域，相關能力值（包括{abilityList}）已確認提升，大致符合你的意圖。","","","medium","","",""
"buildAnalysis.intentAlignedGroupMostlyTemplate","buildAnalysis","ui","{categories} were marked as priority areas and broadly align with your intent.","{categories}被設為優先領域，大致符合你的意圖。","","","medium","","",""
"buildAnalysis.intentAlignedNoneText","buildAnalysis","ui","No priority area can currently be described as clearly aligned with your intent.","目前沒有可以說明確符合你意圖的優先領域。","","","medium","","",""
"buildAnalysis.intentMisalignmentNoneText","buildAnalysis","ui","No allocation currently stands out as significantly off from your intent.","目前沒有與你的意圖明顯不符的分配。","","","medium","","",""
"buildAnalysis.intentNotAProblemNoneText","buildAnalysis","ui","No areas are marked as lower priority.","沒有設為低優先的領域。","","","medium","","",""
"buildAnalysis.intentAbilityDeltaItemTemplate","buildAnalysis","ui","{ability}{delta}","{ability}{delta}","","21","medium","","",""
"buildAnalysis.intentAbilityListSeparator","buildAnalysis","ui",", ","、","","12","medium","","",""
"buildAnalysis.intentFindingPriorityNotReflected","buildAnalysis","ui","You marked {category} as a priority, but there's currently no allocation to it. Check whether the priorities match your intent.","你將{category}設為優先，但目前沒有分配給它。請確認優先順序是否符合你的意圖。","","","medium","","",""
"buildAnalysis.intentFindingPriorityUnderprioritized","buildAnalysis","ui","There is allocation to your priority area, {category}, but it's lower than your other priority areas, making it too weak to serve as the main focus for your intent.","優先領域{category}雖有分配，但比其他優先領域少，難以作為此意圖的主要重點。","","","medium","","",""
"buildAnalysis.intentFindingPriorityInsufficientData","buildAnalysis","ui","Allocation to {category} is present, but ability data is insufficient, so its fit with your intent can't be judged.","{category}有分配，但能力值資料不足，無法判斷是否符合你的意圖。","","","medium","","",""
"buildAnalysis.intentFindingPrimaryGoalReflected","buildAnalysis","ui","For a balance-focused intent, the allocation isn't concentrated on a specific area.","以均衡為目標的意圖來看，分配並未集中在特定領域。","","","medium","","",""
"buildAnalysis.intentFindingPrimaryGoalMismatch","buildAnalysis","ui","For a balance-focused intent, allocation to {category} stands out disproportionately.","以均衡為目標的意圖來看，{category}的分配特別突出。","","","medium","","",""
"buildAnalysis.intentFindingLowerPriorityLowAllocationGood","buildAnalysis","ui","Allocation to {category} is low, but since you marked it as lower priority for this intent, it isn't treated as a major concern.","{category}的分配較少，但你已將它設為此意圖的低優先，因此不視為主要疑慮。","","","medium","","",""
"buildAnalysis.intentAcceptableLowOnlyTemplate","buildAnalysis","ui","{categories} are marked as lower priority, so they aren't treated as a major concern for this use case.","{categories}已設為低優先，因此對此用途不視為主要疑慮。","","","medium","","",""
"buildAnalysis.intentAcceptableExcludedOnlyTemplate","buildAnalysis","ui","{categories} are marked as excluded from this evaluation, so this low allocation isn't treated as a major concern.","{categories}已設為不列入此次評估，因此分配較少不視為主要疑慮。","","","medium","","",""
"buildAnalysis.intentAcceptableLowAndExcludedTemplate","buildAnalysis","ui","{lowCategories} are marked as lower priority. {excludedCategories} are excluded from this evaluation, so these low allocations aren't treated as a major concern.","{lowCategories}已設為低優先。{excludedCategories}不列入此次評估，因此這些分配較少不視為主要疑慮。","","","medium","","",""
"buildAnalysis.intentFindingNearComplete","buildAnalysis","ui","The allocation aligned with your intent is nearly complete, with few points remaining.","符合你意圖的分配已接近完成，剩餘點數不多。","","","medium","","",""
"buildAnalysis.intentFindingSpreadNotAProblem","buildAnalysis","ui","Allocation spans {count} areas, but since it is centered on your priority areas, this does not indicate an unclear purpose.","分配橫跨 {count} 個領域，但以你的優先領域為中心，因此不代表目的不明確。","","","medium","","",""
"buildAnalysis.intentFindingOverinvestmentOutsidePriorityNormal","buildAnalysis","ui","Allocation to {category} (notably {ability}), which isn't a priority, has become a large share. Whether this should take precedence over your intent is worth rechecking.","非優先的{category}（特別是{ability}）分配占比變大。是否應優先於你的意圖，值得重新確認。","","","medium","","",""
"buildAnalysis.intentFindingOverinvestmentOutsidePriorityHarsh","buildAnalysis","ui","{category} isn't one of your priority areas, yet related abilities such as {ability} were already high before training (avg. around {baseAverage}) and received heavy additional allocation. Whether this is really necessary for your intent is worth rechecking.","{category}不是你的優先領域，但{ability}等相關能力值在培養前就已偏高（平均約 {baseAverage}），又獲得大量追加分配。這對你的意圖是否真的必要，值得重新確認。","","","medium","","",""
"buildAnalysis.intentFindingGoalAuxiliaryOnly","buildAnalysis","ui","Press and counter-attack have limited evaluable scope from a single saved build's ability values alone. Treat this analysis as supplementary reference only.","逼搶與反擊僅憑單一已儲存方案的能力值，可評估的範圍有限。請將此分析僅作為輔助參考。","","","medium","","",""
"buildAnalysis.intentFindingInsufficientAbilityData","buildAnalysis","ui","Ability data is insufficient, so this intent-fit assessment is limited.","能力值資料不足，因此意圖符合度的判斷有限。","","","medium","","",""
"buildAnalysis.intentFindingPriorityCountMany","buildAnalysis","ui","With {count} priority areas selected, a focused, intent-specific evaluation becomes limited.","選擇了 {count} 個優先領域，聚焦於特定意圖的評估會受到限制。","","","medium","","",""
"buildAnalysis.intentFindingPriorityCountAll","buildAnalysis","ui","Every ability area is marked as a priority, so a per-intent priority ranking can't be determined.","所有能力領域都設為優先，因此無法決定依意圖的優先順序。","","","medium","","",""
"buildAnalysis.intentFindingLowerPriorityCountMost","buildAnalysis","ui","With {count} areas marked as lower priority, there isn't enough remaining basis to judge what should be prioritized.","有 {count} 個領域設為低優先，剩下的依據不足以判斷應優先什麼。","","","medium","","",""
"buildAnalysis.intentComparisonCurrentCloserTemplate","buildAnalysis","ui","The current build may be closer to this intent than ""{siblingName}"".","目前的方案可能比「{siblingName}」更接近此意圖。","","","medium","","",""
"buildAnalysis.intentComparisonCurrentCloserDetailedTemplate","buildAnalysis","ui","The current build may be closer to this intent than ""{siblingName}"", with higher ability in priority areas including {abilityList}.","目前的方案可能比「{siblingName}」更接近此意圖，在{abilityList}等優先領域的能力值較高。","","","medium","","",""
"buildAnalysis.intentComparisonOtherCloserTemplate","buildAnalysis","ui","""{siblingName}"" may be closer to this intent.","「{siblingName}」可能更接近此意圖。","","","medium","","",""
"buildAnalysis.intentComparisonOtherCloserDetailedTemplate","buildAnalysis","ui","""{siblingName}"" may be closer to this intent, with higher ability in priority areas including {abilityList}.","「{siblingName}」可能更接近此意圖，在{abilityList}等優先領域的能力值較高。","","","medium","","",""
"buildAnalysis.intentComparisonSimilarTemplate","buildAnalysis","ui","The difference from ""{siblingName}"" is small, so it isn't clear which is closer to this intent.","與「{siblingName}」的差異很小，無法確定哪個更接近此意圖。","","","medium","","",""
"buildAnalysis.intentComparisonSimilarWithGroupsTemplate","buildAnalysis","ui","The final ability difference from ""{siblingName}"" in {categories} is small, so differentiation as a {goal} build is still insufficient. You'll need to decide where in your priority areas to create a clear difference.","在{categories}方面與「{siblingName}」的最終能力值差異很小，作為{goal}方案的區隔仍不足。你需要決定在優先領域的哪個部分做出明確差異。","","","medium","","",""
"buildAnalysis.intentComparisonConditionDiffersTemplate","buildAnalysis","ui","Comparison conditions differ from ""{siblingName}"", so a simple intent-fit comparison isn't possible.","比較條件與「{siblingName}」不同，因此無法單純比較意圖符合度。","","","medium","","",""
"buildAnalysis.intentComparisonInsufficientDataTemplate","buildAnalysis","ui","Ability data for ""{siblingName}"" is insufficient, so an intent-fit comparison isn't possible.","「{siblingName}」的能力值資料不足，因此無法比較意圖符合度。","","","medium","","",""
"buildAnalysis.intentTopIssueNotReflectedTemplate","buildAnalysis","ui","The top priority is to actually allocate to {category}, which you marked as a priority.","最優先的是實際分配給你設為優先的{category}。","","","medium","","",""
"buildAnalysis.intentTopIssueUnderprioritizedTemplate","buildAnalysis","ui","The top priority is to recheck allocation to {category} so it can serve as a main focus on par with your other priority areas.","最優先的是重新確認{category}的分配，使其能與其他優先領域同樣成為主要重點。","","","medium","","",""
"buildAnalysis.intentTopIssueAvoidOverinvestmentTemplate","buildAnalysis","ui","The top priority is to hold back allocation to {category}, which you asked not to overinvest in.","最優先的是控制你要求避免過度投入的{category}的分配。","","","medium","","",""
"buildAnalysis.intentTopIssueOverinvestmentTemplate","buildAnalysis","ui","The top priority is to recheck allocation to {category}.","最優先的是重新確認{category}的分配。","","","medium","","",""
"buildAnalysis.intentTopIssueNoneTemplate","buildAnalysis","ui","No major changes are needed for the current allocation.","目前的分配不需要大幅變更。","","","medium","","",""
"buildAnalysis.intentPreserveTemplate","buildAnalysis","ui","The ability gains achieved in {category} are a strength of this build — keep them.","{category}所獲得的能力值提升是此方案的優勢——請保留。","","","medium","","",""
"buildAnalysis.intentPreserveNoneTemplate","buildAnalysis","ui","No standout strength to preserve is clear at this time.","目前沒有明確需要特別保留的優勢。","","","medium","","",""
"buildAnalysis.intentStateSecondary","buildAnalysis","ui","Secondary Priority","次要優先","","24","medium","","",""
"buildAnalysis.buildIntentStatusConfirmedModifiedText","buildAnalysis","ui","Using your edited version of the reading","使用你編輯過的解讀","","","high","","",""
"buildAnalysis.intentReflectionFieldSecondaryPriorityGroups","buildAnalysis","ui","Secondary priority areas","次要優先領域","","32","medium","","",""
"buildAnalysis.intentConclusionIssueSecondaryNotReflectedTemplate","buildAnalysis","ui","Allocation to {category}, which you marked as a secondary priority, is not reflected yet.","你設為次要優先的{category}，分配尚未反映。","","","medium","","",""
"buildAnalysis.intentConclusionIssuePriorityInversionTemplate","buildAnalysis","ui","Allocation to {category}, a secondary priority, has exceeded your top priority areas.","次要優先的{category}，分配已超過你的最優先領域。","","","medium","","",""
"buildAnalysis.intentTopIssueSecondaryNotReflectedTemplate","buildAnalysis","ui","The next thing to consider is allocating to {category}, your secondary priority.","接下來可考慮分配給次要優先的{category}。","","","medium","","",""
"buildAnalysis.intentTopIssuePriorityInversionTemplate","buildAnalysis","ui","The top priority is to recheck the balance between {category} (a secondary priority) and your top priority areas.","最優先的是重新確認{category}（次要優先）與你的最優先領域之間的平衡。","","","medium","","",""
"buildAnalysis.intentFindingSecondaryNotReflected","buildAnalysis","ui","You marked {category} as a secondary priority, but the current allocation does not reflect it yet.","你將{category}設為次要優先，但目前的分配尚未反映。","","","medium","","",""
"buildAnalysis.intentFindingSecondaryPriorityInversion","buildAnalysis","ui","Allocation to {category} (secondary priority, {level}) exceeds your top priority allocation ({maxLevel}). Consider rechecking the priority order.","{category}（次要優先，{level}）的分配超過了你的最優先分配（{maxLevel}）。建議重新確認優先順序。","","","medium","","",""
"buildAnalysis.intentFindingSecondaryPriorityInversionReview","buildAnalysis","ui","Allocation to {category} (secondary priority, {level}) is slightly above your top priority allocation ({maxLevel}). Since your top priority areas still show ability gains, this isn't treated as a clear mismatch — just check whether the allocation matches your intent.","{category}（次要優先，{level}）的分配略高於你的最優先分配（{maxLevel}）。由於最優先領域仍有能力值提升，因此不視為明顯不符——只需確認分配是否符合你的意圖。","","","medium","","",""
"buildAnalysis.intentConfirmationHeading","buildAnalysis","ui","Priority Order to Confirm","需確認的優先順序","","33","high","","",""
"buildAnalysis.intentSecondaryHeading","buildAnalysis","ui","Secondary priority achievements","次要優先的成果","","41","medium","","",""
"buildAnalysis.intentSecondaryAlignedWithAbilitiesTemplate","buildAnalysis","ui","{categories} were marked as a secondary priority, and gains in {abilityList} are confirmed. This isn't the primary goal, but it's a supporting result that matches your intent.","{categories}被設為次要優先，已確認{abilityList}的提升。這不是主要目標，但屬於符合你意圖的輔助成果。","","","medium","","",""
"buildAnalysis.intentSecondaryAlignedTemplate","buildAnalysis","ui","{categories} are allocated as a secondary priority.","{categories}已作為次要優先進行分配。","","","medium","","",""
"buildAnalysis.intentSecondaryInsufficientDataTemplate","buildAnalysis","ui","You marked {categories} as a secondary priority, but current ability data isn't enough to confirm the result.","你將{categories}設為次要優先，但目前的能力值資料不足以確認成果。","","","medium","","",""
"buildAnalysis.intentPreserveSecondaryTemplate","buildAnalysis","ui","{category} shows a confirmed secondary strength that matches your intent.","{category}已確認具有符合你意圖的次要優勢。","","","medium","","",""
"buildAnalysis.intentPreserveUnconfirmedTemplate","buildAnalysis","ui","You asked to preserve {category}, but current ability data alone isn't enough to confirm it as a clear strength.","你要求保留{category}，但僅憑目前的能力值資料，不足以確認它是明確的優勢。","","","high","","",""
"buildAnalysis.buildIntentManualNotice","buildAnalysis","ui","This analysis uses the intent settings you entered manually.","此分析使用你手動輸入的意圖設定。","","","medium","","",""
"buildAnalysis.buildIntentConfirmedModifiedNotice","buildAnalysis","ui","This evaluation uses your edited version of the reading.","此評估使用你編輯過的解讀。","","","high","","",""
"buildAnalysis.buildIntentStaleUsingPreviousNotice","buildAnalysis","ui","This evaluation is based on the previously confirmed build intent. Your latest free text hasn't been re-analyzed yet.","此評估依據先前確認的方案意圖。你最新的自由輸入尚未重新分析。","","","medium","","",""
"buildAnalysis.intentReflectionSourceLabel","buildAnalysis","ui","Source used for this analysis","此分析使用的來源","","38","medium","","",""
"buildAnalysis.buildIntentSourceAiConfirmedLabel","buildAnalysis","ui","Confirmed reading","已確認的解讀","","23","high","","",""
"buildAnalysis.buildIntentSourceAiModifiedLabel","buildAnalysis","ui","Reading, edited by you","解讀（經你編輯）","","29","medium","","",""
"buildAnalysis.buildIntentSourceManualLabel","buildAnalysis","ui","Fully manual settings","完全手動設定","","28","medium","","",""
"buildAnalysis.buildIntentSourceStaleLabel","buildAnalysis","ui","Outdated reading","已過時的解讀","","21","medium","","",""
"buildAnalysis.buildIntentSourceNotConfiguredLabel","buildAnalysis","ui","Analysis not configured","未設定分析功能","","30","medium","","",""
"buildAnalysis.buildIntentSourceGeneralOnlyLabel","buildAnalysis","ui","General analysis only","僅一般分析","","28","medium","","",""
"buildAnalysis.buildIntentMethodNotice","buildAnalysis","ui","Standard Analysis (Rule-Based) — not sent to an external AI service, no additional AI fees apply.","標準分析（規則式）——不會傳送到外部 AI 服務，不會產生額外的 AI 費用。","","","medium","","",""
"buildAnalysis.comparisonSummaryHeading","buildAnalysis","ui","Comparison summary","比較摘要","","24","medium","","",""
"buildAnalysis.comparisonTargetBadgeLabel","buildAnalysis","ui","Selected comparison target","已選擇的比較對象","","34","medium","","",""
"buildAnalysis.comparisonTargetNotFoundText","buildAnalysis","ui","The build you selected as a comparison target can't be found. It may have been deleted, or it may belong to a different card.","找不到你選擇作為比較對象的方案。它可能已被刪除，或屬於不同的球員卡。","","","medium","","",""
"buildAnalysis.comparisonDetailsToggleLabel","buildAnalysis","ui","View comparison details","查看比較詳情","","30","medium","","",""
"buildAnalysis.comparisonPurposeClosenessLabel","buildAnalysis","ui","Purpose closeness","目的相近度","","23","medium","","",""
"buildAnalysis.comparisonPurposeDiffLabel","buildAnalysis","ui","Purpose-area difference","目的領域的差異","","30","medium","","",""
"buildAnalysis.comparisonMajorDiffLabel","buildAnalysis","ui","Main differences","主要差異","","21","medium","","",""
"buildAnalysis.comparisonDifferentiationLabel","buildAnalysis","ui","Differentiation","區隔程度","","20","medium","","",""
"buildAnalysis.comparisonRecommendationLabel","buildAnalysis","ui","Recommendation","建議","","19","medium","","",""
"buildAnalysis.comparisonOverallSimilarityLabel","buildAnalysis","ui","Overall similarity","整體相似度","","24","medium","","",""
"buildAnalysis.comparisonPurposeSimilaritySamePurposeText","buildAnalysis","ui","Very close","非常相近","","13","medium","","",""
"buildAnalysis.comparisonPurposeSimilarityClosePurposeText","buildAnalysis","ui","Mostly close","大致相近","","16","medium","","",""
"buildAnalysis.comparisonPurposeSimilarityDifferentPurposeText","buildAnalysis","ui","Clearly different","明顯不同","","23","medium","","",""
"buildAnalysis.comparisonPurposeSimilarityNotSetText","buildAnalysis","ui","Not determinable (no goal set)","無法判斷（未設定目標）","","","medium","","",""
"buildAnalysis.comparisonPurposeSimilarityUnknownText","buildAnalysis","ui","Can't be determined","無法判斷","","25","medium","","",""
"buildAnalysis.comparisonPurposeDiffVerySmallText","buildAnalysis","ui","Very small","非常小","","13","medium","","",""
"buildAnalysis.comparisonPurposeDiffSmallText","buildAnalysis","ui","Small","小","","12","medium","","",""
"buildAnalysis.comparisonPurposeDiffSomeText","buildAnalysis","ui","Some difference","有些差異","","20","medium","","",""
"buildAnalysis.comparisonPurposeDiffClearText","buildAnalysis","ui","Clear difference","差異明顯","","21","medium","","",""
"buildAnalysis.comparisonPurposeDiffInsufficientDataText","buildAnalysis","ui","Insufficient data","資料不足","","23","medium","","",""
"buildAnalysis.comparisonDifferentiationWellText","buildAnalysis","ui","Clearly differentiated for the goal","已針對目標明確區隔","","","medium","","",""
"buildAnalysis.comparisonDifferentiationPartialText","buildAnalysis","ui","Partially differentiated","部分區隔","","32","medium","","",""
"buildAnalysis.comparisonDifferentiationLimitedText","buildAnalysis","ui","Differentiation is limited","區隔有限","","","medium","","",""
"buildAnalysis.comparisonDifferentiationNotAssessableText","buildAnalysis","ui","Can't be assessed","無法評估","","23","medium","","",""
"buildAnalysis.comparisonOverallVerySimilarText","buildAnalysis","ui","Very similar","非常相似","","16","medium","","",""
"buildAnalysis.comparisonOverallSimilarText","buildAnalysis","ui","Similar","相似","","12","medium","","",""
"buildAnalysis.comparisonOverallPartiallyDifferentText","buildAnalysis","ui","Partially different","部分不同","","25","medium","","",""
"buildAnalysis.comparisonOverallClearlyDifferentText","buildAnalysis","ui","Clearly different","明顯不同","","23","medium","","",""
"buildAnalysis.comparisonOverallUnknownText","buildAnalysis","ui","Can't be confirmed","無法確認","","24","medium","","",""
"buildAnalysis.comparisonGeneralOnlyNoticeText","buildAnalysis","ui","No training goal is set, so this compares the overall ability composition instead.","未設定培養目標，因此改為比較整體的能力值組成。","","","medium","","",""
"buildAnalysis.comparisonInsufficientAbilityDataText","buildAnalysis","ui","Required ability data is missing, so this build can't be compared.","缺少必要的能力值資料，因此無法比較此方案。","","","medium","","",""
"buildAnalysis.comparisonPartiallyComparableGeneralOnlyText","buildAnalysis","ui","A detailed purpose-fit comparison isn't available for this pair. Showing a general ability comparison only.","這兩個方案無法進行詳細的目的符合度比較。僅顯示一般的能力值比較。","","","medium","","",""
"buildAnalysis.comparisonMajorDiffCurrentHigherTemplate","buildAnalysis","ui","{ability}: this build is +{diff} higher","{ability}：此方案高 +{diff}","","","medium","","",""
"buildAnalysis.comparisonMajorDiffOtherHigherTemplate","buildAnalysis","ui","{ability}: the comparison target is +{diff} higher","{ability}：比較對象高 +{diff}","","","medium","","",""
"buildAnalysis.comparisonNoMajorDiffText","buildAnalysis","ui","Purpose-relevant abilities are nearly equal.","與目的相關的能力值幾乎相同。","","","medium","","",""
"buildAnalysis.comparisonRecommendationMaintainText","buildAnalysis","ui","Keeping the current role split is fine.","維持目前的角色分工即可。","","","medium","","",""
"buildAnalysis.comparisonRecommendationDifferentiateTemplate","buildAnalysis","ui","Consider differentiating in {category}.","可考慮在{category}做出區隔。","","","medium","","",""
"buildAnalysis.comparisonRecommendationSetPurposeText","buildAnalysis","ui","Check the comparison target setting to review the purpose-fit comparison for this pair.","請確認比較對象的設定，以查看這兩個方案的目的符合度比較。","","","medium","","",""
"buildAnalysis.comparisonRecommendationInsufficientDataText","buildAnalysis","ui","A recommendation isn't available due to insufficient ability data.","能力值資料不足，無法提供建議。","","","medium","","",""
"buildAnalysis.comparisonRecommendationNotComparableText","buildAnalysis","ui","A recommendation isn't available because this build can't be compared.","此方案無法比較，因此無法提供建議。","","","medium","","",""
"buildAnalysis.comparisonRecommendationGeneralOnlyText","buildAnalysis","ui","Set a training goal to see a purpose-based comparison and recommendation.","設定培養目標後，即可查看依目的的比較與建議。","","","medium","","",""
"buildAnalysis.comparisonDetailUsedPointsLabel","buildAnalysis","ui","Used points","已使用點數","","15","medium","","",""
"buildAnalysis.comparisonDetailRemainingPointsLabel","buildAnalysis","ui","Remaining points","剩餘點數","","21","medium","","",""
"buildAnalysis.comparisonDetailOvrLabel","buildAnalysis","ui","Saved-time estimated OVR","儲存時的預估 OVR","","32","medium","","",""
"buildAnalysis.comparisonDetailAllocationDiffLabel","buildAnalysis","ui","Training allocation difference","培養分配的差異","","39","medium","","",""
"buildAnalysis.comparisonDetailAbilityDiffLabel","buildAnalysis","ui","Final ability difference","最終能力值的差異","","32","medium","","",""
"buildAnalysis.comparisonDetailCurrentHigherLabel","buildAnalysis","ui","Abilities higher on this build","此方案較高的能力值","","39","medium","","",""
"buildAnalysis.comparisonDetailOtherHigherLabel","buildAnalysis","ui","Abilities higher on the comparison target","比較對象較高的能力值","","54","medium","","",""
"buildAnalysis.comparisonDetailNoDiffText","buildAnalysis","ui","No differences","沒有差異","","19","medium","","",""
"buildAnalysis.comparisonDetailLimitationsLabel","buildAnalysis","ui","Comparison limitations","比較的限制","","29","medium","","",""
"buildAnalysis.diagnosisCardHeading","buildAnalysis","ui","Diagnosis card","診斷卡","","19","medium","","",""
"buildAnalysis.diagnosisCardShowLabel","buildAnalysis","ui","Show card","顯示卡片","","12","medium","","",""
"buildAnalysis.diagnosisCardHideLabel","buildAnalysis","ui","Hide card","隱藏卡片","","12","medium","","",""
"buildAnalysis.diagnosisCardGuidanceNoIntentText","buildAnalysis","ui","Confirm a training goal to see the goal-based diagnosis card.","確認培養目標後，即可查看依目標的診斷卡。","","","medium","","",""
"buildAnalysis.diagnosisCardPendingChangesNotice","buildAnalysis","ui","There are unconfirmed changes. This card reflects the last confirmed settings.","有尚未確認的變更。此卡片反映的是上次確認的設定。","","","medium","","",""
"buildAnalysis.diagnosisCardAlignmentLabel","buildAnalysis","ui","Purpose fit","目的符合度","","15","medium","","",""
"buildAnalysis.diagnosisCardAlignmentHighText","buildAnalysis","ui","Well aligned","非常符合","","16","medium","","",""
"buildAnalysis.diagnosisCardAlignmentMostlyText","buildAnalysis","ui","Mostly aligned","大致符合","","19","medium","","",""
"buildAnalysis.diagnosisCardAlignmentPartiallyText","buildAnalysis","ui","Partially misaligned","部分不符","","26","medium","","",""
"buildAnalysis.diagnosisCardAlignmentPoorlyText","buildAnalysis","ui","Clearly misaligned","明顯不符","","24","medium","","",""
"buildAnalysis.diagnosisCardAlignmentAbilityDataText","buildAnalysis","ui","Ability data insufficient","能力值資料不足","","","medium","","",""
"buildAnalysis.diagnosisCardAlignmentNeedsConfirmationText","buildAnalysis","ui","Needs confirmation","需要確認","","24","high","","",""
"buildAnalysis.diagnosisCardHeadlineInsufficientAbilityDataTemplate","buildAnalysis","ui","Purpose fit for the {goal} build can't be confirmed because ability data is insufficient.","能力值資料不足，無法確認{goal}方案的目的符合度。","","","medium","","",""
"buildAnalysis.diagnosisCardHeadlineWellAlignedNormalTemplate","buildAnalysis","ui","Your {goal} goal is reflected in the ability composition.","你的{goal}目標已反映在能力值組成中。","","","medium","","",""
"buildAnalysis.diagnosisCardHeadlineWellAlignedHarshTemplate","buildAnalysis","ui","This build's allocation matches its {goal} goal well.","此方案的分配與其{goal}目標非常符合。","","","medium","","",""
"buildAnalysis.diagnosisCardHeadlineWellAlignedImprovementNormalTemplate","buildAnalysis","ui","Your {goal} goal is mostly reflected, though {category} is worth a look.","你的{goal}目標大致已反映，不過{category}值得檢視。","","","medium","","",""
"buildAnalysis.diagnosisCardHeadlineWellAlignedImprovementHarshTemplate","buildAnalysis","ui","This build is mostly aligned with its {goal} goal, but the {category} allocation is worth reconsidering.","此方案大致符合其{goal}目標，但{category}的分配值得重新考慮。","","","medium","","",""
"buildAnalysis.diagnosisCardHeadlineClearIssueNormalTemplate","buildAnalysis","ui","For your {goal} goal, the {category} allocation may be worth reconsidering.","就你的{goal}目標而言，{category}的分配或許值得重新考慮。","","","medium","","",""
"buildAnalysis.diagnosisCardHeadlineClearIssueHarshTemplate","buildAnalysis","ui","As a {goal} build, the {category} allocation should be reconsidered.","作為{goal}方案，{category}的分配應重新考慮。","","","medium","","",""
"buildAnalysis.diagnosisCardHeadlineConfirmationNormalTemplate","buildAnalysis","ui","For your {goal} goal, please check whether the {category} allocation is intentional.","就你的{goal}目標而言，請確認{category}的分配是否為刻意安排。","","","high","","",""
"buildAnalysis.diagnosisCardHeadlineConfirmationHarshTemplate","buildAnalysis","ui","As a {goal} build, whether the {category} allocation is intentional needs to be confirmed.","作為{goal}方案，{category}的分配是否為刻意安排需要確認。","","","high","","",""
"buildAnalysis.diagnosisCardHeadlineNeedsReviewNormalTemplate","buildAnalysis","ui","The allocation for your {goal} goal may be worth reviewing again.","你的{goal}目標的分配或許值得再檢視一次。","","","medium","","",""
"buildAnalysis.diagnosisCardHeadlineNeedsReviewHarshTemplate","buildAnalysis","ui","As a {goal} build, the overall allocation is worth reconsidering.","作為{goal}方案，整體分配值得重新考慮。","","","medium","","",""
"buildAnalysis.achievementsHeading","buildAnalysis","ui","Key results","主要成果","","15","medium","","",""
"buildAnalysis.diagnosisCardNoAchievementsText","buildAnalysis","ui","No clear results matching the goal have been confirmed yet.","尚未確認符合目標的明確成果。","","","medium","","",""
"buildAnalysis.concernHeading","buildAnalysis","ui","Biggest concern","最大的疑慮","","20","medium","","",""
"buildAnalysis.diagnosisCardConcernInsufficientDataText","buildAnalysis","ui","Some purpose-fit checks can't be confirmed because ability data is insufficient.","能力值資料不足，部分目的符合度的檢查無法確認。","","","medium","","",""
"buildAnalysis.diagnosisCardConcernNoneText","buildAnalysis","ui","No major issues have been found for this goal.","針對此目標未發現重大問題。","","","medium","","",""
"buildAnalysis.preserveHighlightHeading","buildAnalysis","ui","Strength to keep","應保留的優勢","","21","medium","","",""
"buildAnalysis.diagnosisCardPreserveUnconfirmedText","buildAnalysis","ui","You intended to keep this strength, but it can't yet be confirmed from the current ability values alone.","你打算保留這項優勢，但僅憑目前的能力值還無法確認。","","","high","","",""
"buildAnalysis.imageSaveButtonLabel","buildAnalysis","ui","Save as image","儲存為圖片","","17","medium","","",""
"buildAnalysis.imageSaveButtonAriaLabel","buildAnalysis","accessibility","Save the diagnosis as an image","將診斷儲存為圖片","","39","high","","",""
"buildAnalysis.imagePreviewHeading","buildAnalysis","ui","Image preview","圖片預覽","","17","medium","","",""
"buildAnalysis.imageOrientationLabel","buildAnalysis","ui","Image orientation","圖片方向","","23","medium","","",""
"buildAnalysis.imageOrientationPortraitLabel","buildAnalysis","ui","Portrait","直式","","12","medium","","",""
"buildAnalysis.imageOrientationLandscapeLabel","buildAnalysis","ui","Landscape","橫式","","12","medium","","",""
"buildAnalysis.imageModeGroupAriaLabel","buildAnalysis","accessibility","Image normal/harsh switch","切換圖片的一般／直言模式","","33","high","","",""
"buildAnalysis.imageSaveConfirmLabel","buildAnalysis","ui","Save PNG","儲存 PNG","","12","high","","",""
"buildAnalysis.imageGeneratingText","buildAnalysis","ui","Generating image…","正在產生圖片…","","23","medium","","",""
"buildAnalysis.imageSuccessText","buildAnalysis","ui","PNG image saved","已儲存 PNG 圖片","","20","medium","","",""
"buildAnalysis.imageFailedText","buildAnalysis","ui","Couldn't generate the image. Please try again.","無法產生圖片。請再試一次。","","","high","","",""
"buildAnalysis.imagePendingChangesBlockedText","buildAnalysis","ui","Analyze with the updated settings before saving the image.","請先以更新後的設定進行分析，再儲存圖片。","","","medium","","",""
"buildAnalysis.imageNormalDiagnosisLabel","buildAnalysis","ui","Normal diagnosis","一般診斷","","21","medium","","",""
"buildAnalysis.imageHarshDiagnosisLabel","buildAnalysis","ui","Harsh diagnosis","直言診斷","","20","medium","","",""
"buildAnalysis.imageFooterText","buildAnalysis","ui","Based on confirmed analysis settings.","依據已確認的分析設定。","","","medium","","",""
"buildAnalysis.savedIntentHeading","buildAnalysis","ui","Save status","儲存狀態","","15","medium","","",""
"buildAnalysis.savedIntentStatusSaved","buildAnalysis","ui","Saved","已儲存","","12","medium","","",""
"buildAnalysis.savedIntentStatusUnsaved","buildAnalysis","ui","Not saved","未儲存","","12","medium","","",""
"buildAnalysis.savedIntentSaveGroupAriaLabel","buildAnalysis","accessibility","Training intent save actions","培養意圖的儲存操作","","37","high","","",""
"buildAnalysis.savedIntentSavingText","buildAnalysis","ui","Saving…","儲存中…","","12","medium","","",""
"buildAnalysis.savedIntentSaveButtonLabel","buildAnalysis","ui","Save training intent","儲存培養意圖","","26","medium","","",""
"buildAnalysis.savedIntentUpdateButtonLabel","buildAnalysis","ui","Update saved intent","更新已儲存的意圖","","25","medium","","",""
"buildAnalysis.savedIntentRevertToSavedLabel","buildAnalysis","ui","Revert to saved settings","還原為已儲存的設定","","32","medium","","",""
"buildAnalysis.savedIntentDeleteConfirmText","buildAnalysis","ui","This removes the training intent saved to this build. The training allocation and the saved build itself are not deleted.","這會移除儲存在此方案的培養意圖。培養分配與已儲存的方案本身不會被刪除。","","","high","","",""
"buildAnalysis.savedIntentDeleteOnlyLabel","buildAnalysis","ui","Delete intent only","僅刪除意圖","","24","high","","",""
"buildAnalysis.savedIntentDeleteCancelLabel","buildAnalysis","ui","Cancel","取消","","12","high","","",""
"buildAnalysis.savedIntentDeletingText","buildAnalysis","ui","Deleting…","刪除中…","","12","medium","","",""
"buildAnalysis.savedIntentDeleteButtonLabel","buildAnalysis","ui","Delete saved intent","刪除已儲存的意圖","","25","high","","",""
"buildAnalysis.savedIntentUnsavedNoticeText","buildAnalysis","ui","This training intent hasn't been saved yet.","此培養意圖尚未儲存。","","","medium","","",""
"buildAnalysis.savedIntentNoConfirmedIntentText","buildAnalysis","ui","Confirm a training goal to be able to save it.","確認培養目標後即可儲存。","","","high","","",""
"buildAnalysis.savedIntentUpToDateText","buildAnalysis","ui","Using the saved training intent.","正在使用已儲存的培養意圖。","","","medium","","",""
"buildAnalysis.savedIntentDivergedText","buildAnalysis","ui","The current analysis settings differ from the saved training intent.","目前的分析設定與已儲存的培養意圖不同。","","","medium","","",""
"buildAnalysis.savedIntentPendingChangesText","buildAnalysis","ui","There are unconfirmed changes. Press ""Analyze with this goal"" before saving.","有尚未確認的變更。儲存前請先按「以此意圖分析」。","","","medium","","",""
"buildAnalysis.savedIntentSaveSuccessText","buildAnalysis","ui","Training intent saved.","已儲存培養意圖。","","29","medium","","",""
"buildAnalysis.savedIntentSaveFailedText","buildAnalysis","ui","Couldn't save the training intent. Please try again.","無法儲存培養意圖。請再試一次。","","","high","","",""
"buildAnalysis.savedIntentDeleteFailedText","buildAnalysis","ui","Couldn't delete the training intent. Please try again.","無法刪除培養意圖。請再試一次。","","","high","","",""
"buildAnalysis.savedIntentPresetUnresolvedText","buildAnalysis","ui","The previously saved training goal preset can't be found. Only the saved detailed settings were restored.","找不到先前儲存的培養目標預設組合。僅還原了已儲存的詳細設定。","","","medium","","",""
"buildAnalysis.savedIntentComparisonTargetMissingText","buildAnalysis","ui","The saved comparison target can't be found, so it was restored with no comparison target.","找不到已儲存的比較對象，因此以無比較對象的狀態還原。","","","medium","","",""
"worldPlayerSearchCard.disabledAriaTemplate","worldPlayerSearchCard","accessibility","{name} ({identity}) {reason}","{name}（{identity}）{reason}","","","high","","",""
"worldPlayerSearchCard.enabledAriaTemplate","worldPlayerSearchCard","accessibility","{action} {name} ({identity})","{action} {name}（{identity}）","","","high","","",""
"worldPlayerSearchCard.cannotAddFallback","worldPlayerSearchCard","ui","cannot be added","無法加入","","20","medium","","",""
"worldPlayerSearchCard.ovrTooltip","worldPlayerSearchCard","ui","The card's overall OVR as saved (not position-specific)","卡片儲存的綜合 OVR（非各位置評分）","","","medium","","",""
"worldPlayerSearchCard.noEnglishName","worldPlayerSearchCard","ui","(No English name)","（無英文名稱）","","23","medium","","",""
"worldPlayerSearchCard.maxOvrLabel","worldPlayerSearchCard","ui","Max {value}","最高 {value}","","15","medium","","",""
"worldPlayerSearchCard.levelCapLabel","worldPlayerSearchCard","ui","Lv cap {value}","等級上限 {value}","","19","medium","","",""
"worldPlayerSearchCard.noTeamInfo","worldPlayerSearchCard","ui","No team / nationality info","無球隊／國籍資訊","","","medium","","",""
"worldPlayerSearchCard.pomTooltip","worldPlayerSearchCard","ui","Power of Many (gold, depends on Game Plan; not automatically applied to standard values in any mode)","Power of Many（金色，依比賽計畫而定；在任何模式下都不會自動套用至標準值）","","","medium","","",""
"worldPlayerSearchCard.fixedProvisionalTooltip","worldPlayerSearchCard","ui","Fixed-type (estimated): the effect content is externally cross-verified. Applied provisionally as fixed-type to standard values since there is no concrete evidence it's Power of Many.","固定型（推測）：效果內容已經過外部交叉驗證。由於沒有具體證據顯示為 Power of Many，暫時以固定型套用至標準值。","","","medium","","",""
"worldPlayerSearchCard.fixedTooltip","worldPlayerSearchCard","ui","Fixed-type (blue, applied to standard values under standard mode)","固定型（藍色，在標準模式下套用至標準值）","","","medium","","",""
"worldPlayerSearchCard.unresolvedTooltip","worldPlayerSearchCard","ui","Attached booster whose activation method and effect could not be confirmed (not added to standard values)","無法確認發動方式與效果的附帶加成（不計入標準值）","","","medium","","",""
"worldPlayerSearchCard.pomChipTemplate","worldPlayerSearchCard","ui","Power of Many {nameEn} max +{level}","Power of Many {nameEn} 最多 +{level}","","","medium","","",""
"worldPlayerSearchCard.fixedProvisionalChipTemplate","worldPlayerSearchCard","ui","{nameEn} +{level} (fixed-type estimate)","{nameEn} +{level}（固定型推測）","","","medium","","",""
"worldPlayerSearchCard.fixedChipTemplate","worldPlayerSearchCard","ui","{nameEn} +{level} (fixed-type)","{nameEn} +{level}（固定型）","","","medium","","",""
"worldPlayerSearchCard.unresolvedChip","worldPlayerSearchCard","ui","Unresolved booster","未確認的加成","","24","medium","","",""
"worldPlayerSearchCard.noAttachedBoosters","worldPlayerSearchCard","ui","No attached boosters","無附帶加成","","26","medium","","",""
"worldPlayerSearchCard.detailLink","worldPlayerSearchCard","ui","Detail","詳細","","12","medium","","",""
"worldPlayerSearchCard.detailNewTabSuffix","worldPlayerSearchCard","ui"," (new tab)","（新分頁）","","13","medium","","",""
"worldPlayerSearchCard.unknownCardType","worldPlayerSearchCard","ui","Unknown card type","未知的卡片類型","","23","medium","","",""
"worldPlayerSearchCard.unknownPosition","worldPlayerSearchCard","ui","Unknown position","未知的位置","","21","medium","","",""
"worldPlayerSearchCard.maxOvrTemplate","worldPlayerSearchCard","ui","Max OVR {value}","最高 OVR {value}","","20","medium","","",""
"worldPlayerSearchCard.noOvrInfoLabel","worldPlayerSearchCard","ui","No OVR info","無 OVR 資訊","","15","medium","","",""
"worldPlayerSearchCard.cardImageAltTemplate","worldPlayerSearchCard","ui","{name} {cardType} card image","{name} {cardType} 卡片圖片","","","medium","","",""
"addPlayerSearch.selectCardHeadingTemplate","addPlayerSearch","ui","Select a card to add for {slot}","選擇要加入 {slot} 的球員卡","","","medium","","",""
"addPlayerSearch.closeButton","addPlayerSearch","ui","Close","關閉","","12","medium","","",""
"addPlayerSearch.maxPlayersNoteTemplate","addPlayerSearch","ui","Compare supports a maximum of {max} players. Remove one before adding another.","比較最多支援 {max} 名球員。請先移除一名再新增。","","","medium","","",""
"addPlayerSearch.searchPlaceholder","addPlayerSearch","ui","Search by player name, World ID, or position...","依球員名稱、World ID 或位置搜尋…","","62","medium","","",""
"addPlayerSearch.searchAriaLabelTemplate","addPlayerSearch","accessibility","Search for a player to add for {slot}","搜尋要加入 {slot} 的球員","","","high","","",""
"addPlayerSearch.duplicateNote","addPlayerSearch","ui","The same card (matching World ID) cannot be added twice. Different cards of the same player (different World ID) can still be compared. Order: name match → highest max OVR.","同一張球員卡（World ID 相同）無法重複加入。同一球員的不同球員卡（World ID 不同）仍可比較。排列順序：名稱相符 → 最高 OVR 由高到低。","","","medium","","",""
"addPlayerSearch.minLengthPromptTemplate","addPlayerSearch","ui","Enter a player name, World ID, or position ({min}+ characters).","請輸入球員名稱、World ID 或位置（{min} 個字元以上）。","","","medium","","",""
"addPlayerSearch.tooShortTemplate","addPlayerSearch","ui","Enter {remaining} more character(s) (to avoid listing all cards at once).","請再輸入 {remaining} 個字元（避免一次列出所有球員卡）。","","","medium","","",""
"addPlayerSearch.searchFailedError","addPlayerSearch","ui","Could not search for players.","無法搜尋球員。","","","high","","",""
"addPlayerSearch.retryButton","addPlayerSearch","ui","Retry","重試","","12","medium","","",""
"addPlayerSearch.noResults","addPlayerSearch","ui","No cards match your criteria.","沒有符合條件的球員卡。","","","medium","","",""
"addPlayerSearch.resultCountTemplate","addPlayerSearch","ui","{count} result(s)","{count} 筆結果","","23","medium","","",""
"addPlayerSearch.addingLabel","addPlayerSearch","ui","Adding…","新增中…","","12","medium","","",""
"addPlayerSearch.addToSlotTemplate","addPlayerSearch","ui","Add for {slot}","加入 {slot}","","19","medium","","",""
"addPlayerSearch.alreadyAddedReason","addPlayerSearch","ui","Already added to compare","已加入比較","","32","medium","","",""
"addPlayerSearch.processingReason","addPlayerSearch","ui","Adding in progress","正在新增","","24","medium","","",""
"addPlayerSearch.addFailedError","addPlayerSearch","ui","Could not add this player to compare. Please try again.","無法將此球員加入比較。請再試一次。","","","high","","",""
"playerSearchPanel.searchAriaLabel","playerSearchPanel","accessibility","Search for a player to add to the squad","搜尋要加入陣容的球員","","51","high","","",""
"playerSearchPanel.duplicateNotePrefix","playerSearchPanel","ui","The same card cannot be placed twice. Different cards of the same player (different World ID) can still be added.","同一張卡片不能重複配置。同一球員的不同卡片（World ID 不同）仍可加入。","","","medium","","",""
"playerSearchPanel.sortNoteWithPositionTemplate","playerSearchPanel","ui"," Order: name match → {position} match → highest OVR."," 排序：名稱符合 → {position} 符合 → OVR 由高到低。","","","medium","","",""
"playerSearchPanel.sortNoteDefault","playerSearchPanel","ui"," Order: name match → highest OVR."," 排序：名稱符合 → OVR 由高到低。","","","medium","","",""
"playerSearchPanel.placedLabel","playerSearchPanel","ui","Placed","已配置","","12","medium","","",""
"playerSearchPanel.placedWithLocationTemplate","playerSearchPanel","ui","Placed: {where}","已配置：{where}","","20","medium","","",""
"formationSelect.ariaLabel","formationSelect","accessibility","Select formation","選擇陣型","","21","high","","",""
"squadTemplatesBoard.pageTitle","squadTemplatesBoard","metadata","Squad templates","陣容範本","","20","medium","","",""
"squadTemplatesBoard.pageDescription","squadTemplatesBoard","metadata","Save a formation and player placement (including free-placement coordinates) as a template to use as the starting point for new squads. Templates are stored only in this device's browser (localStorage), separately from your regular squads.","將陣型與球員配置（包含自由配置的座標）儲存為範本，作為建立新陣容的起點。範本僅儲存在此裝置的瀏覽器（localStorage）中，與一般陣容分開。","","","medium","","",""
"squadTemplatesBoard.scopeLoadingMessage","squadTemplatesBoard","ui","Checking your account…","正在確認您的帳號…","","29","medium","","",""
"squadTemplatesBoard.storageUnavailableHeading","squadTemplatesBoard","ui","Templates cannot be saved in this environment","此環境無法儲存範本","","59","medium","","",""
"squadTemplatesBoard.storageUnavailableNote","squadTemplatesBoard","ui","This browser cannot use localStorage (e.g. private browsing mode).","此瀏覽器無法使用 localStorage（例如私密瀏覽模式）。","","","medium","","",""
"squadTemplatesBoard.backToSquadListLink","squadTemplatesBoard","ui","← Back to squad list","← 返回陣容列表","","26","medium","","",""
"squadTemplatesBoard.createEmptyHeading","squadTemplatesBoard","ui","Create an empty template (formation only)","建立空白範本（僅陣型）","","54","medium","","",""
"squadTemplatesBoard.createEmptyNote","squadTemplatesBoard","ui","A ""full template"" that includes players can be created from any squad's ""Save as template"" in the squad list (free-placement coordinates are saved too).","包含球員的「完整範本」可從陣容列表中任一陣容的「儲存為範本」建立（自由配置的座標也會一併儲存）。","","","medium","","",""
"squadTemplatesBoard.templateNameLabel","squadTemplatesBoard","ui","Template name","範本名稱","","17","medium","","",""
"squadTemplatesBoard.newTemplateNameAria","squadTemplatesBoard","accessibility","New template name","新範本名稱","","23","high","","",""
"squadTemplatesBoard.formationLabel","squadTemplatesBoard","ui","Formation","陣型","","12","medium","","",""
"squadTemplatesBoard.createButton","squadTemplatesBoard","ui","Create","建立","","12","medium","","",""
"squadTemplatesBoard.defaultEmptyTemplateName","squadTemplatesBoard","ui","Empty template","空白範本","","19","medium","","",""
"squadTemplatesBoard.templatesHeadingTemplate","squadTemplatesBoard","ui","Templates{countSuffix}","範本{countSuffix}","","29","medium","","",""
"squadTemplatesBoard.templatesCountSuffixTemplate","squadTemplatesBoard","ui"," ({count})","（{count}）","","13","medium","","",""
"squadTemplatesBoard.loadingText","squadTemplatesBoard","ui","Loading…","載入中…","","12","medium","","",""
"squadTemplatesBoard.noTemplatesNote","squadTemplatesBoard","ui","There are no templates yet.","還沒有範本。","","","medium","","",""
"squadTemplatesBoard.emptyTypeBadge","squadTemplatesBoard","ui","Empty","空白","","12","medium","","",""
"squadTemplatesBoard.fullTypeBadge","squadTemplatesBoard","ui","Full","完整","","12","medium","","",""
"squadTemplatesBoard.customPlacementBadge","squadTemplatesBoard","ui","Custom placement","自訂配置","","21","medium","","",""
"squadTemplatesBoard.startersTemplate","squadTemplatesBoard","ui","Starters {count}/11","先發 {count}/11","","25","medium","","",""
"squadTemplatesBoard.benchTemplate","squadTemplatesBoard","ui","Bench {count}","板凳 {count}","","17","medium","","",""
"squadTemplatesBoard.hasManagerLabel","squadTemplatesBoard","ui","Has manager","有總教練","","15","medium","","",""
"squadTemplatesBoard.noManagerLabel","squadTemplatesBoard","ui","No manager","無總教練","","13","medium","","",""
"squadTemplatesBoard.createFromTemplateButton","squadTemplatesBoard","ui","Create from this template","以此範本建立","","33","medium","","",""
"squadTemplatesBoard.renameButton","squadTemplatesBoard","ui","Rename","重新命名","","12","medium","","",""
"squadTemplatesBoard.deleteButton","squadTemplatesBoard","ui","Delete","刪除","","12","high","","",""
"squadTemplatesBoard.newSquadNamePrompt","squadTemplatesBoard","ui","New squad name","新陣容名稱","","19","medium","","",""
"squadTemplatesBoard.templateNamePrompt","squadTemplatesBoard","ui","Template name","範本名稱","","17","medium","","",""
"squadTemplatesBoard.deleteConfirmTemplate","squadTemplatesBoard","ui","This will delete the template ""{name}"" (only this template — squads already created from it are not affected).","將刪除範本「{name}」（僅刪除此範本，已用其建立的陣容不受影響）。","","","high","","",""
"squadTemplatesBoard.deleteConfirmButton","squadTemplatesBoard","ui","Delete","刪除","","12","high","","",""
"squadTemplatesBoard.cancelDeleteButton","squadTemplatesBoard","ui","Cancel","取消","","12","high","","",""
"squadTemplatesBoard.backToSquadListButton","squadTemplatesBoard","ui","Back to squad list","返回陣容列表","","24","medium","","",""
"slotPlayerPanel.slotSuffix","slotPlayerPanel","ui","slot","欄位","","12","medium","","",""
"slotPlayerPanel.movingCancelButton","slotPlayerPanel","ui","Selecting move destination… Cancel","正在選擇移動目的地… 取消","","45","medium","","",""
"slotPlayerPanel.emptySlotNote","slotPlayerPanel","ui","This slot is empty.","此欄位是空的。","","25","medium","","",""
"slotPlayerPanel.addPlayerButton","slotPlayerPanel","ui","+ Add player","+ 新增球員","","16","medium","","",""
"slotPlayerPanel.placementRoleLabel","slotPlayerPanel","ui","Placement role: ","配置角色：","","21","medium","","",""
"slotPlayerPanel.autoInferredTemplate","slotPlayerPanel","ui"," (auto-inferred: {role} / manually overridden)","（自動推定：{role} / 已手動覆寫）","","","medium","","",""
"slotPlayerPanel.suitabilityLabelTemplate","slotPlayerPanel","ui","Player suitability: {label} (registered {position})","球員適性：{label}（登錄 {position}）","","","medium","","",""
"slotPlayerPanel.adjustPositionButton","slotPlayerPanel","ui","Adjust position","調整位置","","20","medium","","",""
"slotPlayerPanel.roleLabel","slotPlayerPanel","ui","Role","角色","","12","medium","","",""
"slotPlayerPanel.roleAriaLabelTemplate","slotPlayerPanel","accessibility","Placement role for {position}","{position} 的配置角色","","","high","","",""
"slotPlayerPanel.autoRoleOptionTemplate","slotPlayerPanel","ui","Auto ({role})","自動（{role}）","","17","medium","","",""
"slotPlayerPanel.baseToDisplayedOvrPrefixTemplate","slotPlayerPanel","ui","Base OVR {base} → Displayed OVR ","基礎 OVR {base} → 顯示 OVR ","","","medium","","",""
"slotPlayerPanel.estimateNote","slotPlayerPanel","ui"," (estimate, under verification)","（估計值，驗證中）","","","medium","","",""
"slotPlayerPanel.progressionDeltaTemplate","slotPlayerPanel","ui","Progression {delta}","培養 {delta}","","25","medium","","",""
"slotPlayerPanel.playerBoosterDeltaTemplate","slotPlayerPanel","ui","Player booster (standard-applied, incl. presumed-fixed) {delta}","球員加成（標準套用，含推定固定型）{delta}","","","medium","","",""
"slotPlayerPanel.managerDeltaTemplate","slotPlayerPanel","ui","Manager {delta}","總教練 {delta}","","20","medium","","",""
"slotPlayerPanel.cannotProgressNote","slotPlayerPanel","ui","This card cannot be progressed (max level).","此球員卡無法培養（已達最高等級）。","","","medium","","",""
"slotPlayerPanel.attachedBoosterSlotTemplate","slotPlayerPanel","ui","Attached {slot}:","附帶的 {slot}：","","21","medium","","",""
"slotPlayerPanel.powerOfManyNote","slotPlayerPanel","ui","Gold, variable (Game Plan-dependent) — not reflected in team totals","金色、變動（取決於 Game Plan）— 不反映在球隊合計中","","","medium","","",""
"slotPlayerPanel.verifiedScreenTemplate","slotPlayerPanel","ui","Measured on a reference screen{fixedNote} — reflected in team","已於參考畫面實測{fixedNote} — 反映在球隊中","","","medium","","",""
"slotPlayerPanel.externalVerifiedTemplate","slotPlayerPanel","ui","Externally cross-verified (not KONAMI-confirmed){fixedNote} — reflected in team","已經外部交叉驗證（非 KONAMI 確認）{fixedNote} — 反映在球隊中","","","medium","","",""
"slotPlayerPanel.underVerificationNote","slotPlayerPanel","ui","Effect under verification — not reflected","效果驗證中 — 未反映","","","medium","","",""
"slotPlayerPanel.fixedTypeEstimateSuffix","slotPlayerPanel","ui",", presumed fixed-type","，推定為固定型","","28","medium","","",""
"slotPlayerPanel.experimentalBoosterPrefix","slotPlayerPanel","ui","Experimental booster estimate (overrides attached — ","實驗性加成估算（覆寫附帶加成 — ","","","medium","","",""
"slotPlayerPanel.experimentalBoosterTeamNote","slotPlayerPanel","ui","does not affect team totals","不影響球隊合計","","","medium","","",""
"slotPlayerPanel.experimentalBoosterSuffix","slotPlayerPanel","ui",")","）","","12","medium","","",""
"slotPlayerPanel.noBoosterOption","slotPlayerPanel","ui","None","無","","12","medium","","",""
"slotPlayerPanel.boosterIdMismatchNote","slotPlayerPanel","ui","This card's numeric ID does not match the public booster table's numbering scheme, so it cannot be auto-detected. It is not applied to other cards.","此球員卡的數字 ID 與公開加成表的編號方式不一致，因此無法自動偵測。不會套用到其他球員卡。","","","medium","","",""
"slotPlayerPanel.progressionPolicyLabel","slotPlayerPanel","ui","Progression policy","培養方針","","24","medium","","",""
"slotPlayerPanel.buildModeAriaTemplate","slotPlayerPanel","accessibility","Progression policy for {position}","{position} 的培養方針","","","high","","",""
"slotPlayerPanel.savedBuildOptionTemplate","slotPlayerPanel","ui","Saved build: {name}","儲存的方案：{name}","","25","medium","","",""
"slotPlayerPanel.savedBuildAriaTemplate","slotPlayerPanel","accessibility","Apply a saved build for {position}","為 {position} 套用儲存的方案","","","high","","",""
"slotPlayerPanel.applySavedBuildOption","slotPlayerPanel","ui","Apply a saved build...","套用儲存的方案…","","29","medium","","",""
"slotPlayerPanel.legacyRuleSuffix","slotPlayerPanel","ui"," (outdated rules)","（舊規則）","","23","medium","","",""
"slotPlayerPanel.squadBuildLabel","slotPlayerPanel","ui","Squad build:","陣容方案：","","16","medium","","",""
"slotPlayerPanel.notSetLabel","slotPlayerPanel","ui","Not set","未設定","","12","medium","","",""
"slotPlayerPanel.notFoundDeletedLabel","slotPlayerPanel","ui","Not found (deleted)","找不到（已刪除）","","25","high","","",""
"slotPlayerPanel.chooseSavedBuildButton","slotPlayerPanel","ui","Choose a saved build","選擇儲存的方案","","26","medium","","",""
"slotPlayerPanel.staleBuildNote","slotPlayerPanel","ui","This saved build uses outdated rules. Recalculating with current rules (allocation interpretation may change).","此儲存的方案使用舊規則。正以目前規則重新計算（分配的解讀可能會改變）。","","","medium","","",""
"slotPlayerPanel.moveSwapButton","slotPlayerPanel","ui","Move / swap","移動／交換","","15","medium","","",""
"slotPlayerPanel.moveToBenchButton","slotPlayerPanel","ui","To bench","移至板凳","","12","medium","","",""
"slotPlayerPanel.removeFromSlotButton","slotPlayerPanel","ui","Remove from slot","從欄位移除","","21","medium","","",""
"slotPlayerPanel.clearCaptainButton","slotPlayerPanel","ui","Clear captain","解除隊長","","17","medium","","",""
"slotPlayerPanel.setCaptainButton","slotPlayerPanel","ui","Set as captain","設為隊長","","19","medium","","",""
"slotPlayerPanel.compareFullLabel","slotPlayerPanel","ui","Compare supports up to 4","比較最多支援 4 人","","32","medium","","",""
"slotPlayerPanel.playerDetailLink","slotPlayerPanel","ui","Player detail","球員詳細資料","","17","medium","","",""
"slotPlayerPanel.progressionLinkLabel","slotPlayerPanel","ui","Progression","培養","","15","medium","","",""
"slotPlayerPanel.boosterSlotAriaTemplate","slotPlayerPanel","accessibility","Player booster for {position}","{position} 的球員加成","","","high","","",""
"slotPlayerPanel.boosterLevelAriaTemplate","slotPlayerPanel","accessibility","Booster level for {position}","{position} 的加成等級","","","high","","",""
"squadPitch.compatExactTitle","squadPitch","ui","Matches registered position","與登錄位置一致","","36","medium","","",""
"squadPitch.compatRelatedTitle","squadPitch","ui","Suitability unconfirmed (nearby position)","適性未確認（相近位置）","","54","medium","","",""
"squadPitch.compatUnresolvedTitle","squadPitch","ui","Suitability unconfirmed","適性未確認","","30","medium","","",""
"squadPitch.compatMismatchTitle","squadPitch","ui","Possible mismatch","可能不相符","","23","medium","","",""
"squadPitch.compatEmptyTitle","squadPitch","ui","Unplaced","未配置","","12","medium","","",""
"squadPitch.snapLabelTemplate","squadPitch","ui","Snapped: {types}","已對齊：{types}","","21","medium","","",""
"squadPitch.freePlacementLabel","squadPitch","ui","Free placement","自由配置","","19","medium","","",""
"squadPitch.guideHorizontalLabel","squadPitch","ui","Same line","同一線","","12","medium","","",""
"squadPitch.guideCenterLabel","squadPitch","ui","Center","中央","","12","medium","","",""
"squadPitch.guideSymmetryLabel","squadPitch","ui","Left-right symmetry","左右對稱","","25","medium","","",""
"squadPitch.moveTargetPrefix","squadPitch","ui","Move target — ","移動目標 — ","","19","medium","","",""
"squadPitch.moveSourcePrefix","squadPitch","ui","Moving — ","移動中 — ","","12","medium","","",""
"squadPitch.occupiedSlotAriaTemplate","squadPitch","accessibility","{position}: {name} ({compat})","{position}：{name}（{compat}）","","","high","","",""
"squadPitch.moveTargetSwapSuffix","squadPitch","ui"," · select to swap"," · 選擇以交換","","23","medium","","",""
"squadPitch.emptySlotAriaTemplate","squadPitch","accessibility","{position}: Empty slot. ","{position}：空位。","","32","high","","",""
"squadPitch.moveTargetMoveHereLabel","squadPitch","ui","Select to move here","選擇以移至此處","","25","medium","","",""
"squadPitch.addPlayerLabel","squadPitch","ui","Add player","加入球員","","13","medium","","",""
"compareSaveBuildDialog.defaultName","compareSaveBuildDialog","ui","Progression from Compare","來自比較的培養","","32","medium","","",""
"compareSaveBuildDialog.nameRequiredError","compareSaveBuildDialog","ui","Please enter a build name (1-60 characters).","請輸入方案名稱（1～60 個字元）。","","","high","","",""
"compareSaveBuildDialog.saveFailedTemplate","compareSaveBuildDialog","ui","Could not save: {error}","無法儲存：{error}","","30","high","","",""
"compareSaveBuildDialog.saveErrorGeneric","compareSaveBuildDialog","ui","An error occurred while saving (localStorage may be unavailable). The compare allocation is unchanged.","儲存時發生錯誤（可能無法使用 localStorage）。比較中的分配未變更。","","","high","","",""
"compareSaveBuildDialog.modalTitleTemplate","compareSaveBuildDialog","ui","Save progression for Player {index} {name}","儲存球員 {index} {name} 的培養","","","medium","","",""
"compareSaveBuildDialog.intro","compareSaveBuildDialog","ui","Saves this allocation as a saved build. Once saved, you can select it from player detail, My Team, and each squad editor. It is not automatically applied to existing squads.","將此分配儲存為儲存方案。儲存後，可在球員詳細資料、我的球隊及各陣容編輯器中選擇。不會自動套用到現有陣容。","","","medium","","",""
"compareSaveBuildDialog.allocationHeadingTemplate","compareSaveBuildDialog","ui","Progression allocation (used {used} / total {total}pt)","培養分配（已使用 {used} / 總計 {total}pt）","","","medium","","",""
"compareSaveBuildDialog.buildNameLabel","compareSaveBuildDialog","ui","Build name","方案名稱","","13","medium","","",""
"compareSaveBuildDialog.buildNameAriaLabel","compareSaveBuildDialog","accessibility","Name of the progression build to save","要儲存的培養方案名稱","","49","high","","",""
"compareSaveBuildDialog.saveMethodLegend","compareSaveBuildDialog","ui","Save method","儲存方式","","15","medium","","",""
"compareSaveBuildDialog.saveAsNewOption","compareSaveBuildDialog","ui","Save as a new build","儲存為新方案","","25","medium","","",""
"compareSaveBuildDialog.overwriteExistingOption","compareSaveBuildDialog","ui","Overwrite an existing saved build","覆寫現有的儲存方案","","","medium","","",""
"compareSaveBuildDialog.overwriteSelectAriaLabel","compareSaveBuildDialog","accessibility","Saved build to overwrite","要覆寫的儲存方案","","32","high","","",""
"compareSaveBuildDialog.includePomLabel","compareSaveBuildDialog","ui","Include the user-specified Power of Many stage","包含使用者指定的 Power of Many 階段","","60","medium","","",""
"compareSaveBuildDialog.pomCurrentTemplate","compareSaveBuildDialog","ui"," (current: {tier})","（目前：{tier}）","","24","medium","","",""
"compareSaveBuildDialog.pomUnspecifiedNote","compareSaveBuildDialog","ui"," (not specified for this card)","（此球員卡未指定）","","","medium","","",""
"compareSaveBuildDialog.pomNoSpecificValue","compareSaveBuildDialog","ui","Specified","已指定","","12","medium","","",""
"compareSaveBuildDialog.footnote","compareSaveBuildDialog","ui","Experimental estimates and manager settings are not included in saved builds (existing saved-build spec). Fixed boosters are resolved from card data and are not saved.","實驗性估算與總教練設定不包含在儲存方案中（現有儲存方案規格）。固定加成會從球員卡資料取得，不會儲存。","","","medium","","",""
"compareSaveBuildDialog.cancelButton","compareSaveBuildDialog","ui","Cancel","取消","","12","medium","","",""
"compareSaveBuildDialog.overwriteWarningTemplate","compareSaveBuildDialog","ui","This overwrites ""{name}"" (cannot be automatically reverted to the original allocation).","這會覆寫「{name}」（無法自動還原為原本的分配）。","","","high","","",""
"compareSaveBuildDialog.overwriteSaveButton","compareSaveBuildDialog","ui","Overwrite and save","覆寫並儲存","","24","medium","","",""
"compareSaveBuildDialog.confirmOverwriteButton","compareSaveBuildDialog","ui","Confirm overwrite","確認覆寫","","23","high","","",""
"compareSaveBuildDialog.savingButton","compareSaveBuildDialog","ui","Saving…","儲存中…","","12","medium","","",""
"compareSaveBuildDialog.saveButton","compareSaveBuildDialog","ui","Save","儲存","","12","medium","","",""
"compareCategoryPreview.headingTemplate","compareCategoryPreview","ui","Abilities affected by {label} ({mode})","受 {label} 影響的能力值（{mode}）","","","medium","","",""
"compareCategoryPreview.headingHint","compareCategoryPreview","ui","Pre-progression → Current (diff)","培養前 → 目前（差值）","","","medium","","",""
"compareCategoryPreview.noInfoTemplate","compareCategoryPreview","ui","Player {index}: No info","球員 {index}：無資訊","","30","medium","","",""
"compareCategoryPreview.valueAriaLabelTemplate","compareCategoryPreview","accessibility","Player {index} {name} pre-progression {before} current {now} diff {diff}","球員 {index} {name} 培養前 {before} 目前 {now} 差值 {diff}","","","high","","",""
"compareCategoryPreview.personPrefixTemplate","compareCategoryPreview","ui","Player {index}: ","球員 {index}：","","21","medium","","",""
"compareCategoryPreview.diffLabelTemplate","compareCategoryPreview","ui","Player 1 − Player 2: ","球員 1 − 球員 2：","","28","medium","","",""
"compareCategoryPreview.statusLineTemplate","compareCategoryPreview","ui","Player {index} {label} Lv {level} · used {used} / remaining {remaining}pt","球員 {index} {label} Lv {level} · 已用 {used}／剩餘 {remaining}pt","","","medium","","",""
"compareCategoryPreview.footnote","compareCategoryPreview","ui","Values are the result of the existing progression calculation (calculateBuild). Fixed boosters, Power of Many, and manager corrections are included in the Standard / Post-condition mode values (expand a row in the 26-ability table to see the per-layer breakdown).","數值為現有培養計算（calculateBuild）的結果。固定加成、Power of Many 與總教練修正已包含在標準／條件後模式的數值中（展開 26 項能力值表格的列即可查看各層明細）。","","","medium","","",""
"compareRadarChart.seriesStyleSolid","compareRadarChart","ui","Solid · Circle","實線 · 圓形","","19","medium","","",""
"compareRadarChart.seriesStyleDashedSquare","compareRadarChart","ui","Dashed · Square","虛線 · 方形","","20","medium","","",""
"compareRadarChart.seriesStyleDottedTriangle","compareRadarChart","ui","Dotted · Triangle","點線 · 三角形","","23","medium","","",""
"compareRadarChart.seriesStyleDashDotDiamond","compareRadarChart","ui","Dash-dot · Diamond","點虛線 · 菱形","","24","medium","","",""
"compareRadarChart.altLinePersonTemplate","compareRadarChart","ui","Player {index} {name} ({cardType}): ","球員 {index} {name}（{cardType}）：","","","medium","","",""
"compareRadarChart.graphDisplayLabel","compareRadarChart","ui","Graph display:","圖表顯示：","","19","medium","","",""
"compareRadarChart.personOrdinalTemplate","compareRadarChart","ui","Player {n}","球員 {n}","","13","medium","","",""
"compareRadarChart.showPreBuildTemplate","compareRadarChart","ui","Show pre-progression ({target})","顯示培養前（{target}）","","","medium","","",""
"compareRadarChart.showPreBuildFallback","compareRadarChart","ui","Selected","已選擇","","12","medium","","",""
"compareRadarChart.chartAriaLabelTemplate","compareRadarChart","accessibility","Ability radar ({mode}, simple category average, not position-specific OVR). {altLines}","能力值雷達圖（{mode}，分類的簡單平均，並非各位置的 OVR）。{altLines}","","","high","","",""
"compareRadarChart.legendPersonTemplate","compareRadarChart","ui","Player {index} {name} ({cardType} · {styleLabel})","球員 {index} {name}（{cardType} · {styleLabel}）","","","medium","","",""
"compareRadarChart.categoryValuesSummaryTemplate","compareRadarChart","ui","Category values (numeric, {mode})","分類數值（數字，{mode}）","","","medium","","",""
"compareRadarChart.playerHeader","compareRadarChart","ui","Player","球員","","12","medium","","",""
"compareRadarChart.managerNote","compareRadarChart","ui","Some series include manager corrections (Standard / Post-condition modes).","部分數列包含總教練修正（標準／含條件模式）。","","","medium","","",""
"comparisonTables.deltaProgressionPrefix","comparisonTables","ui","Prog","培","","12","medium","","",""
"comparisonTables.deltaPlayerBoosterPrefix","comparisonTables","ui","Bst","加","","12","medium","","",""
"comparisonTables.deltaConditionalPrefix","comparisonTables","ui","Cond","條","","12","medium","","",""
"comparisonTables.deltaManagerBoosterPrefix","comparisonTables","ui","Mgr","教","","12","medium","","",""
"comparisonTables.rulesLabel","comparisonTables","ui","Rules: ","規則：","","12","medium","","",""
"comparisonTables.estimatedOvrLabel","comparisonTables","ui","Estimated OVR (under verification): ","預估 OVR（驗證中）：","","47","medium","","",""
"comparisonTables.boosterModePrefix","comparisonTables","ui","Booster mode: ","加成模式：","","19","medium","","",""
"comparisonTables.boosterModeStandard","comparisonTables","ui","Standard","標準","","12","medium","","",""
"comparisonTables.boosterModeNoteSuffix","comparisonTables","ui"," (reflects in ranking boosters cross-checked against two external sources for the card's built-in effect. Includes effects assumed to be fixed-type since there is no concrete evidence they are Power of Many. Not confirmed by KONAMI. User-specified Power of Many values and manual estimates are not included in ranking.)","（將卡片內建效果經兩個外部來源交叉核對的加成反映於排名。由於沒有具體證據顯示為 Power of Many，也包含推測為固定型的效果。未經 KONAMI 確認。使用者指定的 Power of Many 數值與手動推測不計入排名。）","","","medium","","",""
"comparisonTables.basicInfoHeading","comparisonTables","ui","Basic Info","基本資訊","","13","medium","","",""
"comparisonTables.itemHeader","comparisonTables","ui","Item","項目","","12","medium","","",""
"comparisonTables.positionMatchLabel","comparisonTables","ui","Position match: ","位置一致：","","21","medium","","",""
"comparisonTables.yes","comparisonTables","ui","Yes","是","","12","medium","","",""
"comparisonTables.no","comparisonTables","ui","No","否","","12","medium","","",""
"comparisonTables.categoryHeading","comparisonTables","ui","Category Comparison","類別比較","","25","medium","","",""
"comparisonTables.categoryHeadingHint","comparisonTables","ui","simple total/average, not an official rating","單純的合計／平均，非官方評分","","","medium","","",""
"comparisonTables.categoryHeader","comparisonTables","ui","Category","類別","","12","medium","","",""
"comparisonTables.diffHeader","comparisonTables","ui","Diff","差距","","12","medium","","",""
"comparisonTables.avgTemplate","comparisonTables","ui","(avg {value})","（平均 {value}）","","17","medium","","",""
"comparisonTables.totalRowLabel","comparisonTables","ui","Overall (simple total)","整體（單純合計）","","29","medium","","",""
"comparisonTables.abilitiesHeading","comparisonTables","ui","Abilities (26 items)","能力（26 項）","","26","medium","","",""
"comparisonTables.conditionalToggleLabel","comparisonTables","ui","Compare including user-specified conditions (reflects manual gold/variable booster stages; not auto-determined)","包含使用者指定條件進行比較（反映手動設定的金色／變動型加成階段；非自動判定）","","145","medium","","",""
"comparisonTables.conditionalNote","comparisonTables","ui","This table shows ""post-condition"" values. This is an estimate based on stages the user specified after checking their own Game Plan — it is not a value the app auto-verified against squad composition. It is not included in the regular compare ranking (default view).","此表顯示「套用條件後」的數值。這是使用者確認自己的比賽計畫後所指定階段的推測值，並非 App 依陣容組成自動驗證的數值。不計入一般的比較排名（預設檢視）。","","","medium","","",""
"comparisonTables.abilityHeader","comparisonTables","ui","Ability","能力","","12","medium","","",""
"comparisonTables.legendPrefix","comparisonTables","ui","Small labels: ","小標籤：","","19","medium","","",""
"comparisonTables.legendProgression","comparisonTables","ui","Prog = progression delta","培 = 培養增量","","32","medium","","",""
"comparisonTables.legendPlayerBooster","comparisonTables","ui"," / Bst = card-attached booster ("," / 加 = 卡片附帶加成（","","","medium","","",""
"comparisonTables.legendStandardMode","comparisonTables","ui","Standard mode","標準模式","","17","medium","","",""
"comparisonTables.legendPlayerBoosterDetailSuffix","comparisonTables","ui",": 2 types measured via screenshot plus 27 types cross-checked between eFootball World and EFScout. Includes effects assumed to be fixed-type. Not confirmed by KONAMI. Excludes ones under verification or manual estimates)","：透過截圖實測的 2 種，加上 eFootball World 與 EFScout 交叉核對的 27 種。包含推測為固定型的效果。未經 KONAMI 確認。不含驗證中或手動推測的效果）","","","medium","","",""
"comparisonTables.legendConditional","comparisonTables","ui"," / Cond = Total Package user-specified stage (shown only in ""post-condition"" view; not auto-determined)"," / 條 = Total Package 使用者指定階段（僅在「套用條件後」檢視中顯示；非自動判定）","","","medium","","",""
"comparisonTables.legendManagerBooster","comparisonTables","ui"," / Mgr = manager booster. "," / 教 = 總教練加成。","","","medium","","",""
"comparisonTables.legendSuffix","comparisonTables","ui","The default ranking does not include manual Total Package stages. The highest value is shown in ","預設排名不含手動設定的 Total Package 階段。最高值以","","","medium","","",""
"comparisonTables.legendHighestColor","comparisonTables","ui","green","綠色","","12","medium","","",""
"comparisonTables.legendDisplaySuffix","comparisonTables","ui",".","顯示。","","12","medium","","",""
"comparisonTables.skillsHeading","comparisonTables","ui","Skill Comparison","技能比較","","21","medium","","",""
"comparisonTables.playerSkillsTitle","comparisonTables","ui","Player Skills","球員技能","","17","medium","","",""
"comparisonTables.aiStylesTitle","comparisonTables","ui","AI Playing Styles","AI 比賽風格","","23","medium","","",""
"comparisonTables.countLabel","comparisonTables","ui","Count: ","數量：","","12","medium","","",""
"comparisonTables.sharedByAllTemplate","comparisonTables","ui","Shared by all ({count})","全員共有（{count}）","","30","medium","","",""
"comparisonTables.noneLabel","comparisonTables","ui","None","無","","12","medium","","",""
"comparisonTables.partialTitle","comparisonTables","ui","Held by some only","僅部分球員擁有","","23","medium","","",""
"comparisonTables.uniqueToPlayerTemplate","comparisonTables","ui","Unique to {name} ({count})","{name} 獨有（{count}）","","","medium","","",""
"comparisonCockpit.abilitiesTableLink","comparisonCockpit","ui","To 26-ability table ↓","前往 26 項能力值表 ↓","","28","medium","","",""
"comparisonCockpit.backToTrainingLink","comparisonCockpit","ui","Back to progression ↑","返回培養 ↑","","28","medium","","",""
"comparisonCockpit.ariaLabel","comparisonCockpit","accessibility","Compare cockpit (progression, ability radar, category preview)","比較儀表板（培養、能力值雷達圖、類別預覽）","","81","high","","",""
"comparisonCockpit.heading","comparisonCockpit","ui","Compare Cockpit","比較儀表板","","20","medium","","",""
"comparisonCockpit.headingHint","comparisonCockpit","ui","Moving a progression slider instantly updates the radar, category values, and the 26-ability table.","移動培養滑桿時，雷達圖、類別數值與 26 項能力值表會立即更新。","","","medium","","",""
"comparisonCockpit.selectPlayerAriaLabel","comparisonCockpit","accessibility","Select player to train","選擇要培養的球員","","29","high","","",""
"comparisonCockpit.playerTabTemplate","comparisonCockpit","ui","Player {index} {name}","球員 {index} {name}","","28","medium","","",""
"comparisonCockpit.activeSuffix","comparisonCockpit","ui"," (training)","（培養中）","","15","medium","","",""
"compareTrainingPanel.cannotProgressNote","compareTrainingPanel","ui","This card cannot be trained (abilities stay at base values).","此卡片無法培養（能力維持基礎值）。","","","medium","","",""
"compareTrainingPanel.autoAllocatedAnnounceTemplate","compareTrainingPanel","ui","{name}: applied the {mode} allocation.","{name}：已套用 {mode} 分配。","","","medium","","",""
"compareTrainingPanel.resetButton","compareTrainingPanel","ui","Reset","重設","","12","medium","","",""
"compareTrainingPanel.resetAnnounceTemplate","compareTrainingPanel","ui","{name}: reset progression.","{name}：已重設培養。","","","medium","","",""
"compareTrainingPanel.saveThisBuildButton","compareTrainingPanel","ui","Save this build","儲存此方案","","20","medium","","",""
"compareTrainingPanel.autoAllocateNote","compareTrainingPanel","ui","Auto-allocate is a heuristic for ""allocation policy."" It differs from in-game auto-allocation or OVR maximization. You can still adjust with the sliders afterward.","自動分配是依「分配方針」進行的經驗式計算，與遊戲內的自動分配或 OVR 最大化不同。之後仍可用滑桿調整。","","","medium","","",""
"compareTrainingPanel.usedPointsLabel","compareTrainingPanel","ui","Used {value}pt","已用 {value}pt","","19","medium","","",""
"compareTrainingPanel.remainingPointsLabel","compareTrainingPanel","ui","Remaining {value}pt","剩餘 {value}pt","","25","medium","","",""
"compareTrainingPanel.overAllocatedLabel","compareTrainingPanel","ui","Over-allocated","超出分配","","19","medium","","",""
"compareTrainingPanel.totalPointsLabel","compareTrainingPanel","ui","Total {value}pt","合計 {value}pt","","20","medium","","",""
"compareTrainingPanel.gkHeading","compareTrainingPanel","ui","GK Training (3 items)","GK 培養（3 項）","","28","medium","","",""
"compareTrainingPanel.gkLevelLabelTemplate","compareTrainingPanel","ui","Allocated Lv {level}","已分配 Lv {level}","","26","medium","","",""
"compareTrainingPanel.gkExpandedSuffix","compareTrainingPanel","ui"," (GK, expanded by default)","（GK，預設展開）","","","medium","","",""
"compareTrainingPanel.gkCollapsedSuffix","compareTrainingPanel","ui"," (non-GK, collapsed by default)","（非 GK，預設收合）","","","medium","","",""
"compareTrainingPanel.definitionNote","compareTrainingPanel","ui","Category target abilities, step costs, and caps use the same definitions as the player detail progression screen. The same allocation yields the same 26 abilities.","類別的目標能力、各階段消耗與上限，皆與球員詳細資料的培養畫面使用相同定義。相同的分配會得到相同的 26 項能力。","","","medium","","",""
"compareTrainingPanel.manualSuffix","compareTrainingPanel","ui"," (manual)","（手動）","","12","medium","","",""
"compareTrainingPanel.embeddedHeadingTemplate","compareTrainingPanel","ui","Progression for {name}","{name} 的培養","","29","medium","","",""
"compareTrainingPanel.collapsedHeading","compareTrainingPanel","ui","Adjust progression","調整培養","","24","medium","","",""
"comparePlayerIdentityCard.cardImageAltTemplate","comparePlayerIdentityCard","ui","{name} {cardType} card image","{name} {cardType} 卡片圖片","","","medium","","",""
"comparePlayerIdentityCard.noEnglishName","comparePlayerIdentityCard","ui","(No English name)","（無英文名稱）","","23","medium","","",""
"comparePlayerIdentityCard.ovrTooltip","comparePlayerIdentityCard","ui","The card's overall OVR as saved (not position-specific)","儲存時卡片的綜合 OVR（非位置別）","","","medium","","",""
"comparePlayerIdentityCard.ovrLineTemplate","comparePlayerIdentityCard","ui","Max {max} / Base {base}","最高 {max}／基礎 {base}","","30","medium","","",""
"comparePlayerIdentityCard.pomChipTooltip","comparePlayerIdentityCard","ui","Power of Many (gold, depends on Game Plan; not automatically reflected in compare ranking)","Power of Many（金色，取決於 Game Plan；不會自動反映在比較排名中）","","","medium","","",""
"comparePlayerIdentityCard.fixedProvisionalTooltip","comparePlayerIdentityCard","ui","Fixed-type (estimated): the effect content is externally cross-verified. Applied provisionally as fixed-type to standard values since there is no concrete evidence it's Power of Many.","固定型（推定）：效果內容已經外部交叉驗證。由於沒有具體證據顯示其為 Power of Many，暫時以固定型套用到標準值。","","","medium","","",""
"comparePlayerIdentityCard.fixedTooltip","comparePlayerIdentityCard","ui","Fixed-type (reflected in standard values under standard mode)","固定型（在標準模式下反映於標準值）","","","medium","","",""
"comparePlayerIdentityCard.unresolvedTooltip","comparePlayerIdentityCard","ui","Attached booster whose activation method and effect could not be confirmed","無法確認發動方式與效果的附帶加成","","","medium","","",""
"comparePlayerIdentityCard.pomChipTemplate","comparePlayerIdentityCard","ui","{nameEn} max +{level}","{nameEn} 最高 +{level}","","28","medium","","",""
"comparePlayerIdentityCard.fixedChipTemplate","comparePlayerIdentityCard","ui","{nameEn} +{level}","{nameEn} +{level}","","23","medium","","",""
"comparePlayerIdentityCard.provisionalSuffix","comparePlayerIdentityCard","ui"," (estimated)","（推定）","","16","medium","","",""
"comparePlayerIdentityCard.unresolvedChip","comparePlayerIdentityCard","ui","Unresolved","未解析","","13","medium","","",""
"comparePlayerIdentityCard.noAttachedBoosters","comparePlayerIdentityCard","ui","No attached boosters","無附帶加成","","26","medium","","",""
"comparePlayerIdentityCard.pomSelectionLabelTemplate","comparePlayerIdentityCard","ui","Power of Many selection: {tier} (user-specified, conditional value only)","Power of Many 選擇：{tier}（使用者指定，僅用於條件值）","","","medium","","",""
"comparePlayerIdentityCard.currentTrainingTemplate","comparePlayerIdentityCard","ui","Current: {label}","目前：{label}","","21","medium","","",""
"comparePlayerIdentityCard.playerDetailLink","comparePlayerIdentityCard","ui","Player detail","球員詳情","","17","medium","","",""
"comparePlayerIdentityCard.progressionScreenLink","comparePlayerIdentityCard","ui","Progression screen","培養畫面","","24","medium","","",""
"playerControlColumn.removeAriaTemplate","playerControlColumn","accessibility","Remove {name} from compare","從比較中移除 {name}","","","high","","",""
"playerControlColumn.savedBuildTrainingLabelTemplate","playerControlColumn","ui","Saved build: {name}","已儲存的方案：{name}","","25","medium","","",""
"playerControlColumn.manualTrainingLabel","playerControlColumn","ui","Manual progression","手動培養","","24","medium","","",""
"playerControlColumn.followsPolicyLabel","playerControlColumn","ui","Follows progression policy","依培養方針","","34","medium","","",""
"playerControlColumn.trainingPolicyLabel","playerControlColumn","ui","Progression policy","培養方針","","24","medium","","",""
"playerControlColumn.trainingPolicyAriaTemplate","playerControlColumn","accessibility","Progression policy for {name}","{name} 的培養方針","","","high","","",""
"playerControlColumn.savedBuildOptionTemplate","playerControlColumn","ui","Saved build: {name}","已儲存的方案：{name}","","25","medium","","",""
"playerControlColumn.manualTrainingOption","playerControlColumn","ui","Manual progression (slider below)","手動培養（下方滑桿）","","","medium","","",""
"playerControlColumn.applyBuildAriaTemplate","playerControlColumn","accessibility","Apply saved build for {name}","套用 {name} 的已儲存方案","","","high","","",""
"playerControlColumn.applyBuildDefaultOption","playerControlColumn","ui","Apply saved build...","套用已儲存的方案…","","26","medium","","",""
"playerControlColumn.trainingConsolidatedNoteTemplate","playerControlColumn","ui","Progression sliders can be operated together below in the ""Compare Cockpit"" ({mode} · using {used}/{total}pt).","培養滑桿可在下方的「比較控制台」中統一操作（{mode} · 已用 {used}/{total}pt）。","","","medium","","",""
"playerControlColumn.positionFitSummary","playerControlColumn","ui","Position Fit","位置適性","","16","medium","","",""
"playerControlColumn.registeredPositionLabel","playerControlColumn","ui","Registered position: ","登錄位置：","","28","medium","","",""
"playerControlColumn.currentOverallLabel","playerControlColumn","ui","Position-specific overall with current progression: ","目前培養下的各位置綜合值：","","68","medium","","",""
"playerControlColumn.currentOverallValue","playerControlColumn","ui","—","—","","12","medium","","",""
"playerControlColumn.currentOverallNote","playerControlColumn","ui"," (calculation rule under review)","（計算規則審查中）","","","medium","","",""
"playerControlColumn.overallExplanation","playerControlColumn","ui","Current progression is reflected in the 26-ability comparison above. Position-specific overall values are not shown because KONAMI has not published the formula, ability weighting, or rounding rules, and there are not enough sample display values across cards to estimate reliably (we do not show made-up numbers).","目前的培養已反映在上方的 26 項能力比較中。由於 KONAMI 未公開計算公式、能力權重與捨入規則，且各卡片的顯示值樣本不足以可靠地推測，因此不顯示各位置的綜合值（我們不顯示憑空編造的數字）。","","","medium","","",""
"playerControlColumn.attachedBoosterPrefixTemplate","playerControlColumn","ui","Attached {slot}: ","附帶 {slot}：","","23","medium","","",""
"playerControlColumn.powerOfManyNote","playerControlColumn","ui","Variable booster (gold, depends on Game Plan) · not reflected in compare ranking","變動型加成（金色，依比賽計畫而定）· 不反映於比較排名","","","medium","","",""
"playerControlColumn.verifiedScreenshotNoteTemplate","playerControlColumn","ui","Confirmed via reference screenshots{fixedSuffix} · reflected in compare","已透過參考截圖確認{fixedSuffix} · 反映於比較","","","medium","","",""
"playerControlColumn.fixedEstimateSuffix","playerControlColumn","ui"," · estimated fixed-type"," · 推測為固定型","","30","medium","","",""
"playerControlColumn.externalCrossVerifiedNoteTemplate","playerControlColumn","ui","Externally cross-verified (not KONAMI-confirmed){fixedSuffix} · reflected in compare","已經外部交叉驗證（非 KONAMI 確認）{fixedSuffix} · 反映於比較","","","medium","","",""
"playerControlColumn.underVerificationNote","playerControlColumn","ui","Effect under verification · not reflected in compare","效果驗證中 · 不反映於比較","","","medium","","",""
"playerControlColumn.additionalBoosterPrefix","playerControlColumn","ui","Additional booster (B2, overrides the attached one; ","額外加成（B2，覆蓋附帶加成；","","","medium","","",""
"playerControlColumn.additionalBoosterHighlight","playerControlColumn","ui","confirmed ones affect the compare ranking","已確認者會影響比較排名","","","medium","","",""
"playerControlColumn.additionalBoosterSuffix","playerControlColumn","ui",")","）","","12","medium","","",""
"playerControlColumn.boosterLevelAriaTemplate","playerControlColumn","accessibility","Booster level for {name}","{name} 的加成等級","","32","high","","",""
"playerControlColumn.additionalBoosterAriaTemplate","playerControlColumn","accessibility","Additional booster (B2) for {name}","{name} 的額外加成（B2）","","","high","","",""
"playerControlColumn.noneOption","playerControlColumn","ui","None","無","","12","medium","","",""
"playerControlColumn.boosterFootnotePrefix","playerControlColumn","ui","Card-attached boosters are reflected in compare under ","卡片附帶的加成在","","","medium","","",""
"playerControlColumn.boosterFootnoteHighlight","playerControlColumn","ui","Standard mode","標準模式","","17","medium","","",""
"playerControlColumn.boosterFootnoteSuffix","playerControlColumn","ui"," (2 types measured via screenshot plus 27 types cross-checked between eFootball World and EFScout; includes effects assumed to be fixed-type; not confirmed by KONAMI). The additional booster (B2) applies only to that card and overrides the slot's attached effect. Confirmed B2 boosters (all of the ones listed here) also affect the normal final values and compare ranking.","下會反映於比較（透過截圖實測的 2 種，加上 eFootball World 與 EFScout 交叉核對的 27 種；包含推測為固定型的效果；未經 KONAMI 確認）。額外加成（B2）僅套用於該卡片，並覆蓋該欄位的附帶效果。已確認的 B2 加成（此處列出的全部）也會影響一般的最終值與比較排名。","","","medium","","",""
"playerControlColumn.managerLabel","playerControlColumn","ui","Manager","總教練","","12","medium","","",""
"playerControlColumn.managerClearButton","playerControlColumn","ui","Clear","清除","","12","medium","","",""
"playerControlColumn.noManagerLabel","playerControlColumn","ui","No manager","無總教練","","13","medium","","",""
"playerControlColumn.managerChangeButton","playerControlColumn","ui","Change","變更","","12","medium","","",""
"playerControlColumn.managerChooseButton","playerControlColumn","ui","Choose from manager list","從總教練列表選擇","","32","medium","","",""
"comparisonBoard.sameTrainingLabel","comparisonBoard","ui","Same progression for all:","所有人使用相同培養：","","33","medium","","",""
"comparisonBoard.sameManagerLabel","comparisonBoard","ui","Same manager for all:","所有人使用相同總教練：","","28","medium","","",""
"comparisonBoard.chooseFromManagerListButton","comparisonBoard","ui","Choose from manager list","從總教練列表選擇","","32","medium","","",""
"comparisonBoard.clearAllManagersButton","comparisonBoard","ui","Clear all managers","清除所有總教練","","24","medium","","",""
"comparisonBoard.perPlayerManagerNote","comparisonBoard","ui","To set a different manager per player, use each player's own column.","如要為每位球員設定不同的總教練，請使用各球員自己的欄位。","","","medium","","",""
"comparisonBoard.sharedManagerPickerTitle","comparisonBoard","ui","Select manager to apply to all","選擇套用至所有人的總教練","","39","medium","","",""
"comparisonBoard.perPlayerManagerPickerTitleTemplate","comparisonBoard","ui","Select manager for {name}","選擇 {name} 的總教練","","","medium","","",""
"comparisonBoard.fallbackPlayerName","comparisonBoard","ui","Player","球員","","12","medium","","",""
"comparisonBoard.maxPlayersErrorTemplate","comparisonBoard","ui","Compare supports a maximum of {max} players.","比較最多支援 {max} 名球員。","","","high","","",""
"comparisonBoard.duplicateCardError","comparisonBoard","ui","The same card cannot be added twice.","同一張卡片不能加入兩次。","","","high","","",""
"comparisonBoard.fetchPlayerFailedError","comparisonBoard","ui","Could not fetch the player.","無法取得球員。","","","high","","",""
"comparisonBoard.fetchPlayerErrorGeneric","comparisonBoard","ui","Failed to fetch the player.","取得球員失敗。","","","high","","",""
"comparisonBoard.buildSavedNoticeTemplate","comparisonBoard","ui","Saved ""{name}"" (selectable from player detail, My Team, and squads).","已儲存「{name}」（可在球員詳情、我的球隊與陣容中選擇）。","","","medium","","",""
"comparisonBoard.confirmOverwriteWarningTemplate","comparisonBoard","ui","Some columns have manual allocations or saved builds. Applying ""{mode}"" to everyone will overwrite them.","部分欄位有手動分配或已儲存的方案。將「{mode}」套用至所有人會覆寫這些內容。","","","high","","",""
"comparisonBoard.overwriteTargetsLabel","comparisonBoard","ui","Will be overwritten: ","將被覆寫：","","28","medium","","",""
"comparisonBoard.overwriteTargetTemplate","comparisonBoard","ui","Player {index} ({name})","球員 {index}（{name}）","","30","medium","","",""
"comparisonBoard.overwriteApplyButton","comparisonBoard","ui","Overwrite and apply","覆寫並套用","","25","medium","","",""
"comparisonBoard.overwriteCancelButton","comparisonBoard","ui","Cancel","取消","","12","medium","","",""
"comparisonBoard.selectSlotOrdinalTemplate","comparisonBoard","ui","Select player {n}","選擇球員 {n}","","23","medium","","",""
"comparisonBoard.addPlayerToSlotButtonTemplate","comparisonBoard","ui","+ Add player {n}","+ 新增球員 {n}","","21","medium","","",""
"comparisonBoard.maxPlayersNoteTemplate","comparisonBoard","ui","Compare supports a maximum of {max} players. To add another, remove one with ✕ first.","比較最多支援 {max} 名球員。如要再新增，請先用 ✕ 移除一名。","","","medium","","",""
"comparisonBoard.needTwoPlayersTitle","comparisonBoard","ui","Select 2 or more players to compare","請選擇 2 名以上的球員進行比較","","46","medium","","",""
"comparisonBoard.needTwoPlayersDescriptionTemplate","comparisonBoard","ui","Use an empty slot above to add a player (up to {max}). Different cards of the same player can also be compared.","使用上方的空欄位新增球員（最多 {max} 名）。同一球員的不同卡片也可以比較。","","","medium","","",""
"comparisonBoard.browseHighOvrButton","comparisonBoard","ui","Browse high-OVR cards","瀏覽高 OVR 卡片","","28","medium","","",""
"comparePage.title","comparePage","ui","Player Compare","球員比較","","19","medium","","",""
"comparePage.description","comparePage","ui","Compare 2-4 World cards side by side: basic info, 26 abilities, skills, progression builds, and manager corrections. Progression and manager corrections reuse the existing calculation engine (rules are still being verified). Players, progression policy, and manager are stored in the URL so you can share it.","並排比較 2 至 4 張 World 卡片：基本資訊、26 項能力、技能、培養方案與總教練修正。培養與總教練修正沿用現有的計算引擎（規則仍在驗證中）。球員、培養方針與總教練皆會儲存在 URL 中，方便分享。","","","medium","","",""
"comparePage.backToPlayers","comparePage","ui","Back to player list","返回球員列表","","25","medium","","",""
"comparePage.dataUnavailableTitle","comparePage","ui","Data unavailable","無法取得資料","","21","medium","","",""
"comparePage.dataUnavailableDescription","comparePage","ui","World data has not been imported into SQLite.","World 資料尚未匯入 SQLite。","","","medium","","",""
"worldPlayerHero.backToList","worldPlayerHero","ui","Back to player list","返回球員列表","","25","medium","","",""
"worldPlayerHero.noImage","worldPlayerHero","ui","No image","無圖片","","12","medium","","",""
"worldPlayerHero.maxOvrLabel","worldPlayerHero","ui","Max OVR","最高 OVR","","12","medium","","",""
"worldPlayerHero.baseAndCapTemplate","worldPlayerHero","ui","Base {base} / Lv cap {cap}","基礎 {base}／等級上限 {cap}","","","medium","","",""
"worldPlayerHero.noEnglishName","worldPlayerHero","ui","(No English name)","（無英文名稱）","","23","medium","","",""
"worldPlayerHero.idBadgeTemplate","worldPlayerHero","ui","ID {id}","ID {id}","","12","medium","","",""
"worldPlayerHero.baseOvrLabel","worldPlayerHero","ui","Base OVR","基礎 OVR","","12","medium","","",""
"worldPlayerHero.maxOvrFactLabel","worldPlayerHero","ui","Max OVR","最高 OVR","","12","medium","","",""
"worldPlayerHero.maxLevelLabel","worldPlayerHero","ui","Max level","最高等級","","12","medium","","",""
"worldPlayerHero.preferredFootLabel","worldPlayerHero","ui","Preferred foot","慣用腳","","19","medium","","",""
"worldPlayerHero.heightWeightTemplate","worldPlayerHero","ui","Height / Weight","身高／體重","","20","medium","","",""
"worldPlayerHero.teamLabel","worldPlayerHero","ui","Team","球隊","","12","medium","","",""
"playerDetailPage.worldDataUnavailableTitle","playerDetailPage","ui","World data is unavailable","無法取得 World 資料","","33","medium","","",""
"playerDetailPage.worldDataUnavailableDescription","playerDetailPage","ui","World data has not been imported into SQLite.","World 資料尚未匯入 SQLite。","","","medium","","",""
"playerDetailPage.backToPlayerList","playerDetailPage","ui","Back to player list","返回球員列表","","25","medium","","",""
"playerDetailPage.analysisScopeWorldEfhub","playerDetailPage","ui","World + eFHUB detail","World + eFHUB 詳細資料","","26","medium","","",""
"playerDetailPage.analysisScopeWorld","playerDetailPage","ui","World data","World 資料","","13","medium","","",""
"playerDetailPage.nationalityLabel","playerDetailPage","ui","Nationality","國籍","","15","medium","","",""
"playerDetailPage.regionLabel","playerDetailPage","ui","Region","地區","","12","medium","","",""
"playerDetailPage.leagueLabel","playerDetailPage","ui","League","聯賽","","12","medium","","",""
"playerDetailPage.teamLabel","playerDetailPage","ui","Team","球隊","","12","medium","","",""
"playerDetailPage.ageLabel","playerDetailPage","ui","Age","年齡","","12","medium","","",""
"playerDetailPage.heightLabel","playerDetailPage","ui","Height","身高","","12","medium","","",""
"playerDetailPage.weightLabel","playerDetailPage","ui","Weight","體重","","12","medium","","",""
"playerDetailPage.preferredFootLabel","playerDetailPage","ui","Preferred foot","慣用腳","","19","medium","","",""
"playerDetailPage.playingStyleLabel","playerDetailPage","ui","Attacking playing style","進攻球員風格","","30","medium","","",""
"playerDetailPage.playingStyleDefLabel","playerDetailPage","ui","Defensive playing style","防守球員風格","","30","medium","","",""
"playerDetailPage.booster1Label","playerDetailPage","ui","Booster 1 (ID)","加成 1（ID）","","19","medium","","",""
"playerDetailPage.booster2Label","playerDetailPage","ui","Booster 2 (ID)","加成 2（ID）","","19","medium","","",""
"playerDetailPage.basicInfoHeading","playerDetailPage","ui","Basic Info","基本資訊","","13","medium","","",""
"playerDetailPage.statsHeading","playerDetailPage","ui","Abilities (26 items, World values)","能力（26 項，World 數值）","","45","medium","","",""
"playerDetailPage.statsHint","playerDetailPage","ui","Excludes progression and manager corrections","不含培養與總教練修正","","","medium","","",""
"playerDetailPage.playerSkillsHeading","playerDetailPage","ui","Player Skills","球員技能","","17","medium","","",""
"playerDetailPage.noSkills","playerDetailPage","ui","No skill information.","無技能資訊。","","28","medium","","",""
"playerDetailPage.aiStylesHeading","playerDetailPage","ui","AI Playing Styles","AI 比賽風格","","23","medium","","",""
"playerDetailPage.noAiStyles","playerDetailPage","ui","No AI styles.","無 AI 比賽風格。","","17","medium","","",""
"playerDetailPage.progressionHeading","playerDetailPage","ui","Progression (under verification)","培養（驗證中）","","42","medium","","",""
"playerDetailPage.dataProvenanceHeading","playerDetailPage","ui","Data Provenance","資料來源","","20","medium","","",""
"playerDetailPage.dataSourceLabel","playerDetailPage","ui","Data source","資料來源","","15","medium","","",""
"playerDetailPage.sourceUrlLabel","playerDetailPage","ui","Source URL","來源 URL","","13","medium","","",""
"playerDetailPage.appearanceUpdatedLabel","playerDetailPage","ui","Updated at (appearance)","更新時間（登場）","","30","medium","","",""
"playerDetailPage.fetchedAtLabel","playerDetailPage","ui","Fetched at","取得時間","","13","medium","","",""
"playerDetailPage.efhubDiffHeading","playerDetailPage","ui","Differences from eFHUB values (reference only, not auto-applied)","與 eFHUB 數值的差異（僅供參考，不會自動套用）","","84","medium","","",""
"playerDetailPage.tableItemHeader","playerDetailPage","ui","Item","項目","","12","medium","","",""
"playerDetailPage.tableWorldHeader","playerDetailPage","ui","World","World","","12","medium","","",""
"playerDetailPage.tableEfhubHeader","playerDetailPage","ui","eFHUB","eFHUB","","12","medium","","",""
"playerDetailPage.notYetHeading","playerDetailPage","ui","Not Yet Available (under investigation)","尚未提供（調查中）","","51","medium","","",""
"playerDetailPage.notYetHint","playerDetailPage","ui","Items not included in the players/search API","players/search API 中未包含的項目","","","medium","","",""
"playerDetailPage.notYetZeroNote","playerDetailPage","ui","Not shown when the value is 0 or empty.","數值為 0 或空白時不顯示。","","","medium","","",""
"playerDetailPage.notYetBadgeSuffix","playerDetailPage","ui",": under investigation","：調查中","","28","medium","","",""
"playerDetailPage.notYetSecondaryPosition","playerDetailPage","ui","Secondary position fit","次要位置適性","","29","medium","","",""
"playerDetailPage.tabsAriaLabel","playerDetailPage","accessibility","Player detail","球員詳細資料","","17","high","","",""
"playerDetailPage.tabOverview","playerDetailPage","ui","Overview","概覽","","12","medium","","",""
"playerDetailPage.tabStats","playerDetailPage","ui","Abilities","能力","","12","medium","","",""
"playerDetailPage.tabSkills","playerDetailPage","ui","Skills","技能","","12","medium","","",""
"playerDetailPage.tabProgression","playerDetailPage","ui","Progression","培養","","15","medium","","",""
"playerDetailPage.tabData","playerDetailPage","ui","Data","資料","","12","medium","","",""
"legacyPlayerDetail.backToList","legacyPlayerDetail","ui","← Back to player list","← 返回球員清單","","28","medium","","",""
"legacyPlayerDetail.noJapaneseName","legacyPlayerDetail","ui","(No Japanese name)","（無日文名稱）","","24","medium","","",""
"legacyPlayerDetail.noEnglishName","legacyPlayerDetail","ui","(No English name)","（無英文名稱）","","23","medium","","",""
"legacyPlayerDetail.efhubIdLabel","legacyPlayerDetail","ui","Player ID (eFHUB)","球員 ID（eFHUB）","","23","medium","","",""
"legacyPlayerDetail.ovrLabel","legacyPlayerDetail","ui","OVR","OVR","","12","medium","","",""
"legacyPlayerDetail.provenanceHeading","legacyPlayerDetail","ui","Data Provenance","資料來源資訊","","20","medium","","",""
"legacyPlayerDetail.dataSourceLabel","legacyPlayerDetail","ui","Data source","資料來源","","15","medium","","",""
"legacyPlayerDetail.sourceUrlLabel","legacyPlayerDetail","ui","Source URL","來源 URL","","13","medium","","",""
"legacyPlayerDetail.httpMethodLabel","legacyPlayerDetail","ui","HTTP method","HTTP 方法","","15","medium","","",""
"legacyPlayerDetail.fetchedAtLabel","legacyPlayerDetail","ui","Fetched at","取得時間","","13","medium","","",""
"legacyPlayerDetail.noSourceInfo","legacyPlayerDetail","ui","No source information available.","沒有可用的來源資訊。","","","medium","","",""
"legacyPlayerDetail.futureHeading","legacyPlayerDetail","ui","Planned for a Future Version","預計於未來版本提供","","37","medium","","",""
"legacyPlayerDetail.futureDescription","legacyPlayerDetail","ui","Abilities (attack/defense/physical), skills, playing styles, position-specific overall, progression, boosters, tiers, and player compare. These will be implemented after further research into eFHUB's per-player data (Phase 1-2 of docs/efootball-team-ai-design.md).","能力值（進攻／防守／身體）、技能、球員風格、各位置綜合能力值、培養、加成、等級及球員比較。這些功能將在進一步研究 eFHUB 的個別球員資料後實作（docs/efootball-team-ai-design.md 的 Phase 1-2）。","","","medium","","",""
"legacyPlayerDetail.imageProxyNote","legacyPlayerDetail","ui","Player images are fetched from efimg.com via our own proxy (/api/player-image/[id]).","球員圖片透過我們自己的代理（/api/player-image/[id]）從 efimg.com 取得。","","","medium","","",""
"worldFilters.sortOvrMaxDesc","worldFilters","ui","Max OVR (high to low)","最高 OVR（由高到低）","","28","medium","","",""
"worldFilters.sortOvrMaxAsc","worldFilters","ui","Max OVR (low to high)","最高 OVR（由低到高）","","28","medium","","",""
"worldFilters.sortOvrBaseDesc","worldFilters","ui","Base OVR (high to low)","基礎 OVR（由高到低）","","29","medium","","",""
"worldFilters.sortOvrBaseAsc","worldFilters","ui","Base OVR (low to high)","基礎 OVR（由低到高）","","29","medium","","",""
"worldFilters.sortName","worldFilters","ui","By name (English)","依名稱（英文）","","23","medium","","",""
"worldFilters.sortUpdatedDesc","worldFilters","ui","Recently updated","最近更新","","21","medium","","",""
"worldFilters.filterLabelQ","worldFilters","ui","Search","搜尋","","12","medium","","",""
"worldFilters.filterLabelPosition","worldFilters","ui","Position","位置","","12","medium","","",""
"worldFilters.filterLabelCardType","worldFilters","ui","Card type","球員卡類型","","12","medium","","",""
"worldFilters.filterLabelPlayingStyle","worldFilters","ui","Attacking PS","進攻風格","","16","medium","","",""
"worldFilters.filterLabelPlayingStyleDef","worldFilters","ui","Defensive PS","防守風格","","16","medium","","",""
"worldFilters.filterLabelMinOvr","worldFilters","ui","Max OVR ≥","最高 OVR ≥","","12","medium","","",""
"worldFilters.filterLabelMaxOvr","worldFilters","ui","Max OVR ≤","最高 OVR ≤","","12","medium","","",""
"worldFilters.filterLabelBooster","worldFilters","ui","Booster","加成","","12","medium","","",""
"worldFilters.searchPlaceholder","worldFilters","ui","Japanese name / English name / World ID / eFHUB ID","日文名稱／英文名稱／World ID／eFHUB ID","","65","medium","","",""
"worldFilters.searchAriaLabel","worldFilters","accessibility","Search players","搜尋球員","","19","high","","",""
"worldFilters.sortAriaLabel","worldFilters","accessibility","Sort","排序","","12","high","","",""
"worldFilters.filterToggleTemplate","worldFilters","ui","Filters{count}","篩選{count}","","19","medium","","",""
"worldFilters.positionAriaLabel","worldFilters","accessibility","Position","位置","","12","high","","",""
"worldFilters.positionAll","worldFilters","ui","Position: All","位置：全部","","17","medium","","",""
"worldFilters.cardTypeAriaLabel","worldFilters","accessibility","Card type","球員卡類型","","12","high","","",""
"worldFilters.cardTypeAll","worldFilters","ui","Type: All","類型：全部","","12","medium","","",""
"worldFilters.playingStyleAriaLabel","worldFilters","accessibility","Attacking playing style","進攻球員風格","","30","high","","",""
"worldFilters.playingStyleAll","worldFilters","ui","Attacking PS: All","進攻風格：全部","","23","medium","","",""
"worldFilters.playingStyleDefAriaLabel","worldFilters","accessibility","Defensive playing style","防守球員風格","","30","high","","",""
"worldFilters.playingStyleDefAll","worldFilters","ui","Defensive PS: All","防守風格：全部","","23","medium","","",""
"worldFilters.minOvrPlaceholder","worldFilters","ui","Max OVR ≥","最高 OVR ≥","","12","medium","","",""
"worldFilters.minOvrAriaLabel","worldFilters","accessibility","Max OVR lower bound","最高 OVR 下限","","25","high","","",""
"worldFilters.maxOvrPlaceholder","worldFilters","ui","Max OVR ≤","最高 OVR ≤","","12","medium","","",""
"worldFilters.maxOvrAriaLabel","worldFilters","accessibility","Max OVR upper bound","最高 OVR 上限","","25","high","","",""
"worldFilters.clearAllButton","worldFilters","ui","Clear all","全部清除","","12","medium","","",""
"worldPlayerCard.noEnglishName","worldPlayerCard","ui","(No English name)","（無英文名稱）","","23","medium","","",""
"worldPlayerCard.baseOvrLabel","worldPlayerCard","ui","Base {value}","基礎 {value}","","16","medium","","",""
"worldPlayerCard.levelCapLabel","worldPlayerCard","ui","Lv cap {value}","等級上限 {value}","","19","medium","","",""
"worldPagination.ariaLabel","worldPagination","accessibility","Pagination","分頁","","13","high","","",""
"worldPagination.rangeTemplate","worldPagination","ui","Showing {from}–{to} of {total}","顯示第 {from}–{to} 筆，共 {total} 筆","","","medium","","",""
"worldPagination.prevLabel","worldPagination","ui","← Previous","← 上一頁","","13","medium","","",""
"worldPagination.nextLabel","worldPagination","ui","Next →","下一頁 →","","12","medium","","",""
"worldPagination.pageOfTemplate","worldPagination","ui","{page} / {totalPages}","{page} / {totalPages}","","28","medium","","",""
"playersPage.title","playersPage","ui","Players","球員","","12","medium","","",""
"playersPage.metaTemplate","playersPage","ui","{count} players","{count} 名球員","","20","medium","","",""
"playersPage.descriptionTemplate","playersPage","ui","Search and filter all eFootball World cards. {importedAt}","搜尋並篩選所有 eFootball World 卡片。{importedAt}","","","medium","","",""
"playersPage.importedAtPrefix","playersPage","ui","Imported: ","匯入：","","13","medium","","",""
"playersPage.compareLink","playersPage","ui","Go to player compare","前往球員比較","","26","medium","","",""
"playersPage.noDataTitle","playersPage","ui","World data has not been set up yet","World 資料尚未設定","","45","medium","","",""
"playersPage.noDataDescription","playersPage","ui","Run `node scripts/sync-world-players-initial.mjs` in the terminal to import it into SQLite.","請在終端機執行 `node scripts/sync-world-players-initial.mjs` 以匯入至 SQLite。","","","medium","","",""
"playersPage.loadErrorTitle","playersPage","ui","Could not load player data","無法載入球員資料","","34","high","","",""
"playersPage.loadErrorDescription","playersPage","ui","Please reload in a moment. If the problem persists, check the SQLite database.","請稍後重新載入。如果問題持續發生，請檢查 SQLite 資料庫。","","","high","","",""
"playersPage.noResultsTitle","playersPage","ui","No players match your criteria","沒有符合條件的球員","","39","medium","","",""
"playersPage.noResultsDescription","playersPage","ui","Try changing your search term or filters. Click a filter chip to clear it individually.","請嘗試變更搜尋字詞或篩選條件。點選篩選標籤即可個別清除。","","","medium","","",""
"playersPage.clearAllFiltersButton","playersPage","ui","Clear all filters","清除所有篩選","","23","medium","","",""
"playersPage.noCardsTitle","playersPage","ui","No cards to display","沒有可顯示的卡片","","25","medium","","",""
"playersPage.noCardsDescription","playersPage","ui","Check that World data has been imported.","請確認 World 資料已匯入。","","","medium","","",""
"playersPage.showingRangeTemplate","playersPage","ui","Showing {from}–{to} of {total}","顯示第 {from}–{to} 筆，共 {total} 筆","","","medium","","",""
"playersPage.dataSourcePrefix","playersPage","ui","Data source: ","資料來源：","","17","medium","","",""
"playersPage.defaultSourceName","playersPage","ui","eFootball World","eFootball World","","20","medium","","",""
"tagEditor.duplicateTag","tagEditor","ui","This tag already exists.","此標籤已存在。","","32","medium","","",""
"tagEditor.maxTagsTemplate","tagEditor","ui","You can add up to {max} tags.","最多可新增 {max} 個標籤。","","","medium","","",""
"tagEditor.labelTemplate","tagEditor","ui","Tags (optional, up to {maxTags}, {maxLen} characters each)","標籤（選填，最多 {maxTags} 個，每個 {maxLen} 字以內）","","","medium","","",""
"tagEditor.removeTagAriaTemplate","tagEditor","accessibility","Remove tag ""{tag}""","移除標籤「{tag}」","","24","high","","",""
"tagEditor.placeholder","tagEditor","ui","e.g. Main / Dribbler / Progression candidate","例：主力／盤帶手／培養候選","","","medium","","",""
"tagEditor.addButton","tagEditor","ui","Add","新增","","12","medium","","",""
"myTeamAddDialog.editTitle","myTeamAddDialog","ui","Edit My Team Record","編輯我的球隊紀錄","","25","medium","","",""
"myTeamAddDialog.addTitle","myTeamAddDialog","ui","Add to My Team","加入我的球隊","","19","medium","","",""
"myTeamAddDialog.saveFailedFallback","myTeamAddDialog","ui","Could not save.","無法儲存。","","20","high","","",""
"myTeamAddDialog.introAddTemplate","myTeamAddDialog","ui","This adds {playerName} (ID {worldCardId}) to My Team. My Team manages cards you actually own. It is independent of Favorites — adding here does not add it to Favorites.","將 {playerName}（ID {worldCardId}）加入我的球隊。我的球隊用於管理您實際持有的卡片，與收藏互相獨立，在此加入不會同時加入收藏。","","","medium","","",""
"myTeamAddDialog.introEditTemplate","myTeamAddDialog","ui","This edits the My Team record for {playerName} (ID {worldCardId}). My Team manages cards you actually own, independent of Favorites.","編輯 {playerName}（ID {worldCardId}）的我的球隊紀錄。我的球隊用於管理您實際持有的卡片，與收藏互相獨立。","","","medium","","",""
"myTeamAddDialog.ownershipLabel","myTeamAddDialog","ui","Ownership status","持有狀態","","21","medium","","",""
"myTeamAddDialog.usageLabel","myTeamAddDialog","ui","Usage status (optional)","使用狀態（選填）","","30","medium","","",""
"myTeamAddDialog.usageNote","myTeamAddDialog","ui","Usage status is separate from actual squad placement. Setting it to ""Main"" does not automatically place the card in a squad.","使用狀態與實際的陣容配置是分開的。設為「主力」並不會自動將卡片配置到陣容中。","","","medium","","",""
"myTeamAddDialog.noteLabelTemplate","myTeamAddDialog","ui","Note (optional, up to {max} characters)","備註（選填，最多 {max} 個字）","","","medium","","",""
"myTeamAddDialog.notePlaceholder","myTeamAddDialog","ui","e.g. Planned as ST / strong 1v1 / adjust progression next","例：預定擔任 ST／單挑能力強／下次調整培養","","75","medium","","",""
"myTeamAddDialog.noteCountTemplate","myTeamAddDialog","ui","{count} / {max}","{count} / {max}","","20","medium","","",""
"myTeamAddDialog.cancelButton","myTeamAddDialog","ui","Cancel","取消","","12","medium","","",""
"myTeamAddDialog.saveButton","myTeamAddDialog","ui","Save","儲存","","12","medium","","",""
"myTeamAddDialog.addButton","myTeamAddDialog","ui","Add to My Team","加入我的球隊","","19","medium","","",""
"myTeamButton.registeredAria","myTeamButton","accessibility","Registered in My Team","已登錄於我的球隊","","28","high","","",""
"myTeamButton.registeredLabel","myTeamButton","ui","Registered in My Team","已登錄於我的球隊","","28","medium","","",""
"myTeamButton.openInMyTeamLink","myTeamButton","ui","Open in My Team","在我的球隊中開啟","","20","medium","","",""
"myTeamButton.addButton","myTeamButton","ui","Add to My Team","加入我的球隊","","19","medium","","",""
"myTeamButton.unavailableNote","myTeamButton","ui","This browser cannot save","此瀏覽器無法儲存","","32","medium","","",""
"favoritesView.pageTitle","favoritesView","metadata","Favorites","收藏","","12","medium","","",""
"favoritesView.pageDescription","favoritesView","metadata","Save cards you're interested in, and check their progression and compare them later. Cards you don't own can be registered too.","儲存你感興趣的球員卡，之後可以確認培養或進行比較。未持有的球員卡也能登錄。","","","medium","","",""
"favoritesView.emptyTitle","favoritesView","ui","You have no favorites yet","目前還沒有收藏","","33","medium","","",""
"favoritesView.emptyDescription","favoritesView","ui","Add cards using the star icon in the players list or on a player's detail page. Cards you don't own can be favorited too.","可在球員清單或球員詳細資料頁面使用星號圖示加入。未持有的球員卡也能收藏。","","","medium","","",""
"favoritesView.noResultsTitle","favoritesView","ui","No favorites match your criteria","沒有符合條件的收藏","","42","medium","","",""
"favoritesView.removeLabel","favoritesView","ui","Remove from favorites","從收藏中移除","","28","medium","","",""
"favoritesView.scopeLoadingMessage","favoritesView","ui","Checking your account…","正在確認帳號…","","29","medium","","",""
"favoriteButton.saveFailedFallback","favoriteButton","ui","Could not save","無法儲存","","19","high","","",""
"favoriteButton.removeLabel","favoriteButton","ui","Remove from favorites","從收藏中移除","","28","medium","","",""
"favoriteButton.addLabel","favoriteButton","ui","Add to favorites","加入收藏","","21","medium","","",""
"favoriteButton.favoritedCompactLabel","favoriteButton","ui","Favorited","已收藏","","12","medium","","",""
"favoriteButton.notFavoritedCompactLabel","favoriteButton","ui","Favorite","收藏","","12","medium","","",""
"favoriteButton.favoritedLabel","favoriteButton","ui","Favorited","已收藏","","12","medium","","",""
"favoriteButton.addFavoriteLabel","favoriteButton","ui","Add to favorites","加入收藏","","21","medium","","",""
"favoriteButton.unavailableNote","favoriteButton","ui","This browser cannot save (lost when closed)","此瀏覽器無法儲存（關閉後會遺失）","","","medium","","",""
"userCardFilters.sortAddedDesc","userCardFilters","ui","Recently added","最近新增","","19","medium","","",""
"userCardFilters.sortAddedAsc","userCardFilters","ui","Oldest added","最早新增","","16","medium","","",""
"userCardFilters.sortOvrDesc","userCardFilters","ui","OVR (high to low)","OVR（由高到低）","","23","medium","","",""
"userCardFilters.sortOvrAsc","userCardFilters","ui","OVR (low to high)","OVR（由低到高）","","23","medium","","",""
"userCardFilters.sortName","userCardFilters","ui","By name","依名稱","","12","medium","","",""
"userCardFilters.sortPosition","userCardFilters","ui","By position","依位置","","15","medium","","",""
"userCardFilters.searchSrLabel","userCardFilters","ui","Search","搜尋","","12","medium","","",""
"userCardFilters.searchPlaceholder","userCardFilters","ui","Player name / team / nationality / card ID","球員名稱／球隊／國籍／球員卡 ID","","55","medium","","",""
"userCardFilters.sortAriaLabel","userCardFilters","accessibility","Sort","排序","","12","high","","",""
"userCardFilters.positionFilterAriaLabel","userCardFilters","accessibility","Filter by position","依位置篩選","","24","high","","",""
"userCardFilters.positionFilterAll","userCardFilters","ui","Position: All","位置：全部","","17","medium","","",""
"userCardFilters.cardTypeFilterAriaLabel","userCardFilters","accessibility","Filter by card type","依球員卡類型篩選","","25","high","","",""
"userCardFilters.cardTypeFilterAll","userCardFilters","ui","Card type: All","球員卡類型：全部","","19","medium","","",""
"userCardFilters.ownershipFilterAriaLabel","userCardFilters","accessibility","Filter by ownership status","依持有狀態篩選","","34","high","","",""
"userCardFilters.ownershipFilterAll","userCardFilters","ui","Ownership: All","持有：全部","","19","medium","","",""
"userCardFilters.ownershipOwned","userCardFilters","ui","Owned","已擁有","","12","medium","","",""
"userCardFilters.ownershipWanted","userCardFilters","ui","Wanted","想要","","12","medium","","",""
"userCardFilters.ownershipReleased","userCardFilters","ui","Released","已釋出","","12","medium","","",""
"userCardFilters.ownershipUnknown","userCardFilters","ui","Not set","未設定","","12","medium","","",""
"userCardFilters.inTeamFilterAriaLabel","userCardFilters","accessibility","Filter by ownership","依登錄狀態篩選","","25","high","","",""
"userCardFilters.inTeamFilterAll","userCardFilters","ui","Ownership: All","登錄：全部","","19","medium","","",""
"userCardFilters.inTeamFilterYes","userCardFilters","ui","In My Team","在我的球隊中","","13","medium","","",""
"userCardFilters.inTeamFilterNo","userCardFilters","ui","Not in My Team","不在我的球隊中","","19","medium","","",""
"userCardFilters.boosterFilterAriaLabel","userCardFilters","accessibility","Filter by booster","依加成篩選","","23","high","","",""
"userCardFilters.boosterFilterAll","userCardFilters","ui","Booster: All","加成：全部","","16","medium","","",""
"userCardFilters.boosterFilterHas","userCardFilters","ui","Has booster","有加成","","15","medium","","",""
"userCardFilters.boosterFilterPom","userCardFilters","ui","Has Power of Many","有 Power of Many","","23","medium","","",""
"userCardFilters.clearFiltersButton","userCardFilters","ui","Clear filters","清除篩選","","17","medium","","",""
"userCardFilters.countTemplate","userCardFilters","ui","{shown} / {total}","{shown} / {total}","","23","medium","","",""
"userCardTile.compareAddedMsg","userCardTile","ui","Added to compare.","已加入比較。","","23","medium","","",""
"userCardTile.compareAlreadyMsg","userCardTile","ui","Already in compare.","已在比較中。","","25","medium","","",""
"userCardTile.compareFullMsg","userCardTile","ui","Compare is at the maximum number of players.","比較已達球員人數上限。","","","medium","","",""
"userCardTile.compareFailedMsg","userCardTile","ui","Could not add.","無法加入。","","19","high","","",""
"userCardTile.resolvingCardInfo","userCardTile","ui","Resolving card information…","正在取得球員卡資訊…","","","medium","","",""
"userCardTile.boosterGold","userCardTile","ui","Gold","金色","","12","medium","","",""
"userCardTile.boosterBlue","userCardTile","ui","Blue","藍色","","12","medium","","",""
"userCardTile.noBuildsSaved","userCardTile","ui","No builds in TeamAIXI","TeamAIXI 中沒有方案","","28","medium","","",""
"userCardTile.selectedBuildTemplate","userCardTile","ui","Selected build: {name} ({count} saved)","選用方案：{name}（已儲存 {count} 個）","","","medium","","",""
"userCardTile.buildsSavedTemplate","userCardTile","ui","Builds saved in TeamAIXI ({count})","TeamAIXI 中儲存的方案（{count}）","","","medium","","",""
"userCardTile.usedInSquadsCountTemplate","userCardTile","ui","In use in {count} squad(s): ","用於 {count} 個陣容：","","","medium","","",""
"userCardTile.detailLink","userCardTile","ui","Details","詳細資料","","12","medium","","",""
"userCardTile.progressionLink","userCardTile","ui","Progression","培養","","15","medium","","",""
"userCardTile.addToCompareButton","userCardTile","ui","Add to compare","加入比較","","19","medium","","",""
"userCardTile.defaultRemoveLabel","userCardTile","ui","Remove","移除","","12","medium","","",""
"userCardTile.ownershipOwned","userCardTile","ui","Owned","已擁有","","12","medium","","",""
"userCardTile.ownershipWanted","userCardTile","ui","Wanted","想要","","12","medium","","",""
"userCardTile.ownershipReleased","userCardTile","ui","Released","已釋出","","12","medium","","",""
"userCardTile.ownershipUnknown","userCardTile","ui","Not set","未設定","","12","medium","","",""
"userCardTile.usageMain","userCardTile","ui","Main","主力","","12","medium","","",""
"userCardTile.usageRotation","userCardTile","ui","Rotation","輪替","","12","medium","","",""
"userCardTile.usageReserve","userCardTile","ui","Reserve","候補","","12","medium","","",""
"userCardTile.usageUnused","userCardTile","ui","Unused","未使用","","12","medium","","",""
"userCardTile.usageUnknown","userCardTile","ui","Not set","未設定","","12","medium","","",""
"localStorageNotice.whatFavorites","localStorageNotice","ui","Favorites","收藏","","12","medium","","",""
"localStorageNotice.whatMyTeam","localStorageNotice","ui","My Team","我的球隊","","12","medium","","",""
"localStorageNotice.whatBuilds","localStorageNotice","ui","Saved progression builds","已儲存的培養方案","","32","medium","","",""
"localStorageNotice.whatFavoritesAndMyTeam","localStorageNotice","ui","Favorites and My Team","收藏與我的球隊","","28","medium","","",""
"localStorageNotice.bodyPrefixTemplate","localStorageNotice","ui","{what} is currently saved ","{what}目前","","","medium","","",""
"localStorageNotice.bodyBold","localStorageNotice","ui","only in this browser","僅儲存在此瀏覽器中","","26","medium","","",""
"localStorageNotice.bodySuffix","localStorageNotice","ui",". Syncing or backing up to another device, or saving to a server, is not yet supported. Login and account sync are planned for a future version.","。尚不支援同步或備份到其他裝置，也不支援儲存到伺服器。登入與帳戶同步預計在未來的版本中提供。","","","medium","","",""
"localStorageNotice.bodySuffixMyTeam","localStorageNotice","ui",". After logging in, you can use an alpha trial feature on the account screen to explicitly save and retrieve My Team from the cloud. This is not automatic sync across devices.","。登入後，可在帳戶畫面使用 Alpha 試用功能，手動將我的球隊儲存到雲端或從雲端取回。這並非跨裝置的自動同步。","","","medium","","",""
"myTeam.pageTitle","myTeam","metadata","My Team","我的球隊","","12","medium","","",""
"myTeam.pageDescription","myTeam","metadata","Manage cards you actually own and connect them to progression builds, compare, and squads. Managed independently from Favorites.","管理您實際持有的卡片，並將其連結至培養方案、比較與陣容。與收藏分開管理。","","","medium","","",""
"myTeam.emptyTitle","myTeam","ui","My Team has no cards yet","我的球隊中還沒有卡片","","32","medium","","",""
"myTeam.emptyDescription","myTeam","ui","Add cards you own to connect them to progression builds and squads.","加入您持有的卡片，即可連結至培養方案與陣容。","","","medium","","",""
"myTeam.findPlayersLink","myTeam","ui","Find players","尋找球員","","16","medium","","",""
"myTeam.viewFavoritesLink","myTeam","ui","View favorites","檢視收藏","","19","medium","","",""
"myTeam.notAvailableNotice","myTeam","ui","Cannot save in this browser. Additions and changes may be lost when you close the page.","無法在此瀏覽器中儲存。關閉頁面後，新增與變更的內容可能會遺失。","","","medium","","",""
"myTeam.ownedCardCountLabel","myTeam","ui","Owned cards","持有卡片","","15","medium","","",""
"myTeam.totalFavoriteCountLabel","myTeam","ui","Favorites (overall)","收藏（全部）","","25","medium","","",""
"myTeam.mainCardCountLabel","myTeam","ui","Main cards","主力卡片","","13","medium","","",""
"myTeam.buildsSavedCountLabel","myTeam","ui","Builds saved in TeamAIXI","已在 TeamAIXI 儲存方案","","32","medium","","",""
"myTeam.buildsSavedNote","myTeam","ui","""Builds saved"" reflects storage state within TeamAIXI — it is separate from actual in-game progression.","「已儲存方案」反映的是 TeamAIXI 內的儲存狀態，與遊戲中實際的培養無關。","","","medium","","",""
"myTeam.noResultsTitle","myTeam","ui","No cards match your criteria","沒有符合條件的卡片","","37","medium","","",""
"myTeam.noResultsDescription","myTeam","ui","Try changing your search term or filters.","請嘗試變更搜尋字詞或篩選條件。","","","medium","","",""
"myTeam.clearFiltersButton","myTeam","ui","Clear filters","清除篩選","","17","medium","","",""
"myTeam.resolvingCards","myTeam","ui","Resolving card information…","正在讀取卡片資訊…","","","medium","","",""
"myTeam.editButton","myTeam","ui","Edit","編輯","","12","medium","","",""
"myTeam.useInSquadLink","myTeam","ui","Use in squad","用於陣容","","16","medium","","",""
"myTeam.removeFromMyTeamLabel","myTeam","ui","Remove from My Team","從我的球隊移除","","25","medium","","",""
"myTeam.savedBuildHeading","myTeam","ui","Saved Build","已儲存的方案","","15","medium","","",""
"myTeam.selectedPrefix","myTeam","ui","Selected: ","已選擇：","","13","medium","","",""
"myTeam.favoritePrefix","myTeam","ui","Favorite: ","收藏：","","13","medium","","",""
"myTeam.noneLabel","myTeam","ui","None","無","","12","medium","","",""
"myTeam.buildMissingLabel","myTeam","ui","Not found (deleted)","找不到（已刪除）","","25","medium","","",""
"myTeam.savedCountSuffix","myTeam","ui","{count} saved","已儲存 {count} 個","","17","medium","","",""
"myTeam.quickSelectLabel","myTeam","ui","Quick select:","快速選擇：","","17","medium","","",""
"myTeam.quickSelectNone","myTeam","ui","None","無","","12","medium","","",""
"myTeam.legacyRulesSuffix","myTeam","ui"," (outdated rules)","（舊規則）","","23","medium","","",""
"myTeam.chooseBuildButton","myTeam","ui","Choose saved build","選擇已儲存的方案","","24","medium","","",""
"myTeam.openInProgressionLink","myTeam","ui","Open in Progression","在培養中開啟","","25","medium","","",""
"myTeam.removeConfirmTitle","myTeam","ui","Remove from My Team?","要從我的球隊移除嗎？","","26","high","","",""
"myTeam.removeConfirmButton","myTeam","ui","Remove from My Team","從我的球隊移除","","25","high","","",""
"myTeam.removeConfirmBodyTemplate","myTeam","ui","This removes {name} from My Team.","將從我的球隊移除 {name}。","","","high","","",""
"myTeam.removeConfirmNote","myTeam","ui","Favorites, saved progression builds, saved squads, and compare state are not deleted (only the association is removed).","收藏、已儲存的培養方案、已儲存的陣容與比較狀態不會被刪除（僅解除關聯）。","","","high","","",""
"myTeam.customUsageSuffix","myTeam","ui"," · Custom"," · 自訂","","12","medium","","",""
"myTeam.starterUsageTemplate","myTeam","ui","Starter {role}","先發 {role}","","19","medium","","",""
"myTeam.captainUsageSuffix","myTeam","ui"," · C"," · C","","12","medium","","",""
"myTeam.benchUsageLabel","myTeam","ui","Bench","板凳","","12","medium","","",""
"myTeam.selectedBuildAriaTemplate","myTeam","accessibility","Selected build for {name}","{name} 已選擇的方案","","","high","","",""
"myTeam.scopeLoadingMessage","myTeam","ui","Checking your account…","正在確認您的帳號…","","29","medium","","",""
"myTeam.legacyNoticeTemplate","myTeam","ui","There are {count} My Team item(s) saved to this browser from before account separation. This data has not been deleted. To use it under your current account, open the local data migration screen.","此瀏覽器中有 {count} 筆帳號分離前儲存的我的球隊資料。這些資料並未刪除。若要在目前的帳號下使用，請開啟本機資料移轉畫面。","","","medium","","",""
"myTeam.migrationLinkLabel","myTeam","ui","Open local data migration screen","開啟本機資料移轉畫面","","42","medium","","",""
"bench.modeNone","bench","ui","No progression","不培養","","19","medium","","",""
"bench.modeAttack","bench","ui","Attack","進攻","","12","medium","","",""
"bench.modeDefense","bench","ui","Defense","防守","","12","medium","","",""
"bench.modeBalance","bench","ui","Balance","均衡","","12","medium","","",""
"bench.modeGk","bench","ui","GK","GK","","12","medium","","",""
"bench.heading","bench","ui","Bench","板凳","","12","medium","","",""
"bench.addButton","bench","ui","+ Add bench player","+ 新增板凳球員","","24","medium","","",""
"bench.empty","bench","ui","No bench players registered.","尚未登錄板凳球員。","","","medium","","",""
"bench.moveCandidatePrefix","bench","ui","Move target — ","移動目標——","","19","medium","","",""
"bench.movingPrefix","bench","ui","Moving — ","移動中——","","12","medium","","",""
"bench.benchSlotLabel","bench","ui","Bench","板凳","","12","medium","","",""
"bench.moveSwapSuffix","bench","ui"," · Select to swap"," · 選擇以交換","","23","medium","","",""
"bench.moveStartSuffix","bench","ui"," · Select to start move/substitution"," · 選擇以開始移動／換人","","","medium","","",""
"bench.positionUnknown","bench","ui","?","?","","12","medium","","",""
"bench.displayedOvrPrefix","bench","ui","Displayed OVR ","顯示 OVR ","","19","medium","","",""
"bench.ovrUnknown","bench","ui","–","–","","12","medium","","",""
"bench.loadingLabel","bench","ui","Loading…","載入中…","","12","medium","","",""
"bench.errorLabel","bench","ui","Failed to load","載入失敗","","19","high","","",""
"bench.moveUpAriaTemplate","bench","accessibility","Move {name} up","將 {name} 上移","","19","high","","",""
"bench.moveDownAriaTemplate","bench","accessibility","Move {name} down","將 {name} 下移","","21","high","","",""
"bench.removeButton","bench","ui","Remove","移除","","12","medium","","",""
"bench.staleBuildLabel","bench","ui","Outdated-rule build","舊規則方案","","25","medium","","",""
"bench.buildModeAriaTemplate","bench","accessibility","Bench progression focus for {name}","{name} 的板凳培養重點","","","high","","",""
"bench.squadBuildLabelPrefix","bench","ui","Squad build: ","陣容方案：","","17","medium","","",""
"bench.buildNotSet","bench","ui","Not set","未設定","","12","medium","","",""
"bench.buildDeleted","bench","ui","Deleted","已刪除","","12","high","","",""
"bench.chooseBuildButton","bench","ui","Choose saved build","選擇已儲存的方案","","24","medium","","",""
"bench.moveToBenchAria","bench","accessibility","Move target — move to bench","移動目標——移至板凳","","36","high","","",""
"bench.moveToBenchButton","bench","ui","Move here (to bench)","移到這裡（板凳）","","26","medium","","",""
"bestXi.pageTitle","bestXi","metadata","AI Best XI | TeamAIXI","AI Best XI | TeamAIXI","","28","medium","","",""
"bestXi.heading","bestXi","ui","AI Best XI","AI Best XI","","13","medium","","",""
"bestXi.description","bestXi","ui","Selects a starting XI from your saved players and builds using deterministic rules.","依據固定的規則，從您已儲存的球員與方案中選出先發陣容。","","","medium","","",""
"bestXi.disclaimerNotAi","bestXi","ui","AI Best XI uses your saved data and deterministic selection rules. It does not use generative AI and never sends data to an external AI service.","AI Best XI 使用您已儲存的資料與固定的選拔規則。不使用生成式 AI，也絕不會將資料傳送至外部 AI 服務。","","","medium","","",""
"bestXi.modeLabel","bestXi","ui","Overall / whole-team optimization","整體／全隊最佳化","","43","medium","","",""
"bestXi.modeDescription","bestXi","ui","Overall / whole-team optimization compares all 11 slots together, so no single extremely high rating can hide other weak slots, and selects a 4-3-3 starting XI from your saved candidates (no weighted-sum ""AI score"" is used).","整體／全隊最佳化會一併比較全部 11 個位置，避免單一極高的評分掩蓋其他較弱的位置，並從您已儲存的候選中選出 4-3-3 先發陣容（不使用加權總和的「AI 分數」）。","","","medium","","",""
"bestXi.formationNotice","bestXi","ui","This initial version always selects using a 4-3-3 formation.","此初始版本一律以 4-3-3 陣型進行選拔。","","","medium","","",""
"bestXi.criteriaHeading","bestXi","ui","Selection criteria (in priority order)","選拔標準（依優先順序）","","50","medium","","",""
"bestXi.criteriaFilledSlots","bestXi","ui","1. Maximize the number of required slots that can be filled","1. 盡可能填滿必要的位置","","","medium","","",""
"bestXi.criteriaExactPosition","bestXi","ui","2. Maximize the number of players placed in their exact registered position","2. 盡可能讓球員擔任其登錄的位置","","","medium","","",""
"bestXi.criteriaRelatedMinimized","bestXi","ui","3. Keep placements in a related (non-exact) position to the necessary minimum","3. 擔任相關（非登錄）位置的情況控制在必要的最低限度","","","medium","","",""
"bestXi.criteriaPositionRatingBalance","bestXi","ui","4. Compare each position's estimated rating by raising the weakest slot first, so one standout player never hides the rest","4. 比較各位置的預估評分時，優先提升最弱的位置，避免單一突出的球員掩蓋其他位置","","","medium","","",""
"bestXi.criteriaAbilityDataConfidence","bestXi","ui","5. Prefer candidates whose ability data could be confirmed","5. 優先選擇能力資料可確認的候選","","","medium","","",""
"bestXi.criteriaIntentSupplementary","bestXi","ui","6. Use any saved development intent (intended position) only as a supplementary factor that never overrides actual suitability or rating","6. 已儲存的培養意圖（預定位置）僅作為輔助因素，絕不凌駕實際的適性或評分","","","medium","","",""
"bestXi.resultStatsTemplate","bestXi","ui","{filled} / 11 slots filled (exact position: {exact}, related position: {related})","已填滿 {filled} / 11 個位置（登錄位置：{exact}，相關位置：{related}）","","","medium","","",""
"bestXi.candidatePoolTemplate","bestXi","ui","Candidates: {playerCount} saved players, {buildCount} available builds","候選：已儲存的球員 {playerCount} 名，可用的方案 {buildCount} 個","","","medium","","",""
"bestXi.generateButton","bestXi","ui","Build Best XI","選出 Best XI","","17","medium","","",""
"bestXi.regenerateButton","bestXi","ui","Re-select","重新選拔","","12","medium","","",""
"bestXi.generatingText","bestXi","ui","Selecting…","選拔中…","","13","medium","","",""
"bestXi.staleNoticeText","bestXi","ui","Your candidate data may have changed. Re-select to use the latest data.","候選資料可能已變更。請重新選拔以使用最新資料。","","","medium","","",""
"bestXi.emptyMyTeamHeading","bestXi","ui","No players registered in My Team","我的球隊中沒有登錄球員","","42","medium","","",""
"bestXi.emptyMyTeamBody","bestXi","ui","AI Best XI selects from the player cards and saved builds registered in My Team. Add players to My Team first.","AI Best XI 會從我的球隊中登錄的球員卡與已儲存的方案中選拔。請先將球員加入我的球隊。","","","medium","","",""
"bestXi.goToMyTeamLink","bestXi","ui","Go to My Team","前往我的球隊","","17","medium","","",""
"bestXi.goToBuildInventoryLink","bestXi","ui","View saved builds","檢視已儲存的方案","","23","medium","","",""
"bestXi.unfilledSlotsHeading","bestXi","ui","Open slots","空缺位置","","13","medium","","",""
"bestXi.unfilledSlotNoCandidate","bestXi","ui","No candidates found.","找不到候選。","","26","medium","","",""
"bestXi.unfilledSlotOnlyIneligibleCandidates","bestXi","ui","No eligible candidates found.","找不到符合條件的候選。","","","medium","","",""
"bestXi.needMorePlayersTemplate","bestXi","ui","{count} more candidates are needed to complete the starting XI.","還需要 {count} 名候選才能組成完整的先發陣容。","","","medium","","",""
"bestXi.needOnePlayerText","bestXi","ui","1 more candidate is needed to complete the starting XI.","還需要 1 名候選才能組成完整的先發陣容。","","","medium","","",""
"bestXi.addPlayersHint","bestXi","ui","Add players to My Team, or create a saved build.","請將球員加入我的球隊，或建立已儲存的方案。","","","medium","","",""
"bestXi.selectedBuildLabel","bestXi","ui","Build used","使用的方案","","13","medium","","",""
"bestXi.noSavedBuildLabel","bestXi","ui","No saved build (currently confirmable ability values)","無已儲存的方案（目前可確認的能力值）","","69","medium","","",""
"bestXi.suitabilityLabel","bestXi","ui","Position suitability","位置適性","","26","medium","","",""
"bestXi.suitabilityExact","bestXi","ui","Natural position","原本位置","","21","medium","","",""
"bestXi.suitabilityRelated","bestXi","ui","Unconfirmed (nearby position)","未確認（相近位置）","","","medium","","",""
"bestXi.suitabilityUnresolved","bestXi","ui","Unconfirmed","未確認","","15","medium","","",""
"bestXi.positionRatingLabel","bestXi","ui","Estimated rating for this position","此位置的預估評分","","45","medium","","",""
"bestXi.positionRatingUnavailable","bestXi","ui","Unavailable","無法取得","","15","medium","","",""
"bestXi.reasonsHeading","bestXi","ui","Selection reasons","選拔理由","","23","medium","","",""
"bestXi.reasonExactPosition","bestXi","ui","Matches the registered position.","與登錄的位置一致。","","","medium","","",""
"bestXi.reasonTopPositionRating","bestXi","ui","The highest-rated candidate for this position among the pool.","候選中此位置評分最高的球員。","","","medium","","",""
"bestXi.reasonOnlyEligibleCandidate","bestXi","ui","The only eligible candidate for this slot.","此位置唯一符合條件的候選。","","","medium","","",""
"bestXi.reasonBestBuildAmongOwnBuilds","bestXi","ui","The best-fitting build among this player's multiple saved builds.","此球員多個已儲存方案中最適合的一個。","","","medium","","",""
"bestXi.reasonFullAbilityDataConfirmed","bestXi","ui","The saved build's ability data could be confirmed.","已儲存方案的能力資料可確認。","","","high","","",""
"bestXi.reasonNoSavedBuildUsesBaseStats","bestXi","ui","No saved build exists, so the currently confirmable ability values are used.","沒有已儲存的方案，因此使用目前可確認的能力值。","","","medium","","",""
"bestXi.reasonIntentPositionMatch","bestXi","ui","Matches the intended position declared in the saved development intent (a supplementary reason).","與已儲存之培養意圖中的預定位置一致（輔助理由）。","","","medium","","",""
"bestXi.reasonOptimalOverallPlacement","bestXi","ui","Not this player's individually best position, but this slot was chosen to optimize the team as a whole.","雖然不是此球員個人的最佳位置，但為了全隊的最佳化而選擇此位置。","","","medium","","",""
"bestXi.alternativesHeading","bestXi","ui","Notable alternatives","值得注意的替代人選","","26","medium","","",""
"bestXi.alternativesEmptyText","bestXi","ui","There are no notable alternative candidates.","沒有值得注意的替代候選。","","","medium","","",""
"bestXi.alternativesSlotPrefixTemplate","bestXi","ui","{position}:","{position}：","","15","medium","","",""
"bestXi.exclusionSameCardBuildUsedElsewhere","bestXi","ui","Another saved build of the same player is already used elsewhere in this team.","同一球員的其他已儲存方案已在此隊的其他位置使用。","","","medium","","",""
"bestXi.exclusionLowerPositionRating","bestXi","ui","The selected player rated higher for this position.","入選球員在此位置的評分較高。","","","medium","","",""
"bestXi.exclusionLowerSuitability","bestXi","ui","The selected player had better position suitability.","入選球員的位置適性較佳。","","","medium","","",""
"bestXi.exclusionAbilityDataUnavailable","bestXi","ui","Ability data could not be confirmed.","無法確認能力資料。","","","medium","","",""
"bestXi.exclusionUsedInOtherRequiredSlot","bestXi","ui","The same player is already used in another required slot.","同一球員已用於其他必要位置。","","","medium","","",""
"bestXi.exclusionNoAppropriateSlotInFormation","bestXi","ui","There is no appropriate slot for this candidate in this formation.","此陣型中沒有適合此候選的位置。","","","medium","","",""
"bestXi.exclusionLegacyRulesLimitedComparison","bestXi","ui","This build was saved under outdated rules, so comparison is limited.","此方案以舊規則儲存，因此比較受到限制。","","","medium","","",""
"bestXi.exclusionPositionSuitabilityUnresolved","bestXi","ui","The player's suitability for this position could not be confirmed, so the candidate was excluded from automatic selection.","無法確認此球員對此位置的適性，因此已從自動選拔中排除。","","","medium","","",""
"bestXi.exclusionGkFieldMismatch","bestXi","ui","The goalkeeper and outfield positions do not match, so the candidate was excluded from automatic selection.","門將與場上球員的位置不相符，因此已從自動選拔中排除。","","","medium","","",""
"bestXi.limitationsHeading","bestXi","ui","Limitations","限制事項","","15","medium","","",""
"bestXi.limitationSingleFormationOnly","bestXi","ui","This initial version only supports the 4-3-3 formation.","此初始版本僅支援 4-3-3 陣型。","","","medium","","",""
"bestXi.limitationNoBenchSelection","bestXi","ui","Bench members are not selected.","不選拔板凳球員。","","","medium","","",""
"bestXi.limitationNoManagerSelection","bestXi","ui","Manager bonuses are not applied in this version.","此版本不套用總教練加成。","","","medium","","",""
"bestXi.limitationPersonIdentityUnavailable","bestXi","ui","This version does not detect duplicates across different cards of the same real player, because no reliable identity data exists for that. Duplicate use of the same card or the same saved build is still prevented.","由於沒有可靠的身分資料，此版本不會偵測同一位真實球員不同卡片之間的重複。同一張卡片或同一個已儲存方案的重複使用仍會被防止。","","","medium","","",""
"bestXi.limitationAdditionalPositionAptitudeLimited","bestXi","ui","Additional-position aptitude data is only available for a small subset of cards, so most candidates are judged using only their registered position.","額外位置的適性資料僅涵蓋少部分卡片，因此大多數候選僅依其登錄位置判斷。","","","medium","","",""
"bestXi.limitationLargeCandidatePoolBounded","bestXi","ui","When the candidate pool is extremely large, selection uses each position's top candidates to remain deterministic.","當候選數量極大時，會使用各位置的前幾名候選進行選拔，以維持結果固定。","","","medium","","",""
"bestXi.notAWinPredictionText","bestXi","ui","This is not a win-rate or match-result prediction feature.","此功能不預測勝率或比賽結果。","","","medium","","",""
"bestXi.resultsNotSavedText","bestXi","ui","This selection result is not saved. It disappears when you leave the page.","此選拔結果不會儲存。離開頁面後即會消失。","","","medium","","",""
"bestXi.withinYourCandidatesText","bestXi","ui","This is the best XI within your own saved candidates.","這是在您自己已儲存的候選範圍內的最佳陣容。","","","medium","","",""
"bestXi.unavailableCardNoWorldCardData","bestXi","ui","Player data could not be retrieved.","無法取得球員資料。","","","medium","","",""
"bestXi.unavailableCardNoAbilityData","bestXi","ui","Ability data could not be confirmed.","無法確認能力資料。","","","medium","","",""
"bestXi.unavailableCardsHeading","bestXi","ui","My Team players that could not be used as candidates","無法作為候選的我的球隊球員","","68","medium","","",""
"bestXi.pitchViewHeading","bestXi","ui","Formation view","陣型檢視","","19","medium","","",""
"bestXi.listViewHeading","bestXi","ui","Selected players","入選球員","","21","medium","","",""
"bestXi.slotEmptyLabel","bestXi","ui","Not selected","未選拔","","16","medium","","",""
"bestXi.legacyRuleBadge","bestXi","ui","Outdated rules","舊規則","","19","medium","","",""
"bestXi.alternativeCandidateCountTemplate","bestXi","ui","{count} more candidates available","另有 {count} 名候選","","","medium","","",""
"bestXi.playerDetailToggleAriaTemplate","bestXi","accessibility","Show or hide selection reasons for {name}","顯示或隱藏 {name} 的選拔理由","","","high","","",""
"bestXi.closePanelAriaTemplate","bestXi","accessibility","Close details for {name}","關閉 {name} 的詳細資料","","32","high","","",""
"footer.ariaLandmark","footer","core","Site footer","網站頁尾","","15","high","","",""
"footer.aboutLink","footer","core","About","關於","","12","high","","",""
"footer.termsLink","footer","core","Terms of use","使用條款","","16","high","","",""
"footer.privacyLink","footer","core","Privacy","隱私權","","12","high","","",""
"footer.disclaimerLink","footer","core","Disclaimer","免責聲明","","13","high","","",""
"footer.dataManagementLink","footer","core","Data management","資料管理","","20","high","","",""
"footer.supportLink","footer","core","Support","支援","","12","high","","",""
"footer.releaseReadinessLink","footer","core","Release readiness","發布準備","","23","high","","",""
"footer.unofficialNotice","footer","core","TeamAIXI is an unofficial squad analysis tool for eFootball™. It is not an official KONAMI or eFootball™ service and is not endorsed by, affiliated with or operated by KONAMI. Trademarks and product names belong to their respective owners. Data, analysis and diagnoses may contain errors or delays and do not guarantee in-game decisions.","TeamAIXI 是非官方的 eFootball™ 陣容分析工具。本工具並非 KONAMI 或 eFootball™ 的官方服務，亦未獲 KONAMI 認可、與其無關聯，且不由其營運。商標與產品名稱歸各自所有者所有。資料、分析與診斷可能有錯誤或延遲，不保證遊戲內的決策結果。","","","high","","",""
"footer.draftBadge","footer","core","v1.0 · Free · No sign-in","v1.0 · 免費 · 免登入","","32","high","","",""
"about.pageTitle","about","metadata","About | TeamAIXI","關於 | TeamAIXI","","21","medium","","",""
"about.pageDescriptionMeta","about","metadata","What you can do with TeamAIXI v1.0 and what v1.0 does not offer.","TeamAIXI v1.0 能做什麼，以及 v1.0 未提供的功能。","","","medium","","",""
"about.heading","about","ui","About this service","關於本服務","","24","medium","","",""
"about.intro","about","ui","TeamAIXI is an unofficial squad analysis tool for eFootball™ for browsing player data, progression planning, comparing players, diagnosing squads and sharing results. TeamAIXI v1.0 is free and can be used without signing in. Account features are planned for a future update.","TeamAIXI 是 eFootball™ 的非官方陣容分析工具，可瀏覽球員資料、規劃培養、比較球員、診斷陣容並分享結果。TeamAIXI v1.0 免費且不需登入即可使用。帳號功能預計於日後更新中提供。","","","medium","","",""
"about.ruleBasedNotice","about","ui","Features whose name includes ""AI"" (such as AI Best XI) are not generative AI. They are rule-based analysis built on confirmable ability values and deterministic rules.","名稱中含有「AI」的功能（例如 AI Best XI）並非生成式 AI，而是以可確認的能力值與固定規則為基礎的規則式分析。","","","medium","","",""
"about.externalAiNotice","about","ui","Analysis content is never sent to an external AI service.","分析內容絕不會傳送至外部 AI 服務。","","","medium","","",""
"about.scopeNotice","about","ui","Analysis only considers the candidates you have saved (My Team and saved builds).","分析僅考量您已儲存的候選（我的球隊與已儲存的方案）。","","","medium","","",""
"about.availableHeading","about","ui","Available now","目前可用的功能","","17","medium","","",""
"about.availablePlayerBrowsing","about","ui","Browsing player and card data","瀏覽球員與卡片資料","","","medium","","",""
"about.availableProgressionCalc","about","ui","Progression calculation (26 abilities, standard OVR, position-specific rating)","培養計算（26 項能力、標準 OVR、各位置評分）","","","medium","","",""
"about.availableMyTeam","about","ui","My Team (managing owned players)","我的球隊（管理持有的球員）","","","medium","","",""
"about.availableSavedBuilds","about","ui","Saved builds (saved progression allocations)","已儲存的方案（已儲存的培養分配）","","","medium","","",""
"about.availableBuildAnalysis","about","ui","Build Analysis (progression-goal analysis)","方案分析（培養目標分析）","","","medium","","",""
"about.availablePresets","about","ui","Training-goal presets (45 presets across 9 categories)","培養目標預設（9 個類別共 45 種預設）","","","medium","","",""
"about.availableNormalHarshMode","about","ui","Standard and harsh evaluation modes (a difference in presentation only; calculations are identical)","標準與直言評價模式（僅呈現方式不同，計算完全相同）","","","medium","","",""
"about.availableCardCompare","about","ui","Comparing multiple builds of the same card","比較同一張卡片的多個方案","","","medium","","",""
"about.availableDiagnosisCard","about","ui","Diagnosis result card","診斷結果卡","","28","medium","","",""
"about.availablePngExport","about","ui","Saving as a PNG image","儲存為 PNG 圖片","","28","medium","","",""
"about.availableSavedSquads","about","ui","Saved squads","已儲存的陣容","","16","medium","","",""
"about.availableSquadDiagnosis","about","ui","Squad diagnosis","陣容診斷","","20","medium","","",""
"about.availableBestXi","about","ui","AI Best XI (rule-based selection from your saved candidates)","AI Best XI（從您已儲存的候選中進行規則式選拔）","","","medium","","",""
"about.availableJsonBackup","about","ui","JSON backup of saved builds (export and import)","已儲存方案的 JSON 備份（匯出與匯入）","","","medium","","",""
"about.availableAccountAuth","about","ui","Every feature works without signing in (account features are planned for a future update)","所有功能都不需登入即可使用（帳號功能預計於日後更新中提供）","","","medium","","",""
"about.availableReferenceDataSupabase","about","ui","Player and manager data is updated automatically on a schedule (only updates that pass the safety checks are applied automatically; anything else is reviewed by the operator)","球員與總教練資料會定期自動更新（僅自動套用通過安全檢查的更新，其餘由營運者審核）","","","medium","","",""
"about.betaHeading","about","ui","Known limitations","已知限制","","23","medium","","",""
"about.betaBestXiIntro","about","ui","AI Best XI works, but has the following known limitations.","AI Best XI 可正常運作，但有以下已知限制。","","","medium","","",""
"about.betaBestXiDedupLimit","about","ui","It does not detect when the same real player appears on multiple different cards.","無法偵測同一位真實球員出現在多張不同卡片上的情況。","","","medium","","",""
"about.betaBestXiSubPositionLimit","about","ui","Additional-position aptitude data is only available for a small subset of cards.","額外位置的適性資料僅涵蓋少部分卡片。","","","medium","","",""
"about.betaBestXiPoolScopeLimit","about","ui","Selection only considers the candidates you have saved (it does not search every card automatically).","選拔僅考量您已儲存的候選（不會自動搜尋所有卡片）。","","","medium","","",""
"about.betaMyTeamCloudSave","about","ui","Your data is stored in this browser. Move it to another device with export and import on the Data management page","您的資料儲存在此瀏覽器中。可在資料管理頁面透過匯出與匯入移至其他裝置","","","medium","","",""
"about.betaReferenceDataAutoUpdateDryRun","about","ui","Reference data is refreshed from an hourly automatic check, so it may lag behind the game","參考資料依每小時的自動檢查更新，因此可能落後於遊戲","","","medium","","",""
"about.notProvidedHeading","about","ui","Not provided","未提供的功能","","16","medium","","",""
"about.notProvidedSync","about","ui","Automatic sync across devices","跨裝置自動同步","","","medium","","",""
"about.notProvidedCloudBackup","about","ui","Automatic cloud backup of all data (automatic saving of data other than My Team)","所有資料的雲端自動備份（我的球隊以外資料的自動儲存）","","","medium","","",""
"about.notProvidedFriends","about","ui","Friends, rivals and public profiles","好友、對手與公開個人檔案","","","medium","","",""
"about.notProvidedRanking","about","ui","Rankings and usage statistics","排行榜與使用統計","","","medium","","",""
"about.notProvidedBilling","about","ui","Payments and billing","付款與計費","","26","medium","","",""
"about.notProvidedPro","about","ui","A paid Pro plan","付費 Pro 方案","","20","medium","","",""
"about.notProvidedNativeApp","about","ui","A native app","原生 App","","16","medium","","",""
"about.notProvidedVoiceChat","about","ui","Posts, comments, photo posts and community","貼文、留言、照片貼文與社群","","","medium","","",""
"about.notProvidedGenerativeAi","about","ui","Any generative AI or external AI API integration","任何生成式 AI 或外部 AI API 整合","","","medium","","",""
"about.notOfficialNotice","about","ui","The Service is not an official KONAMI or eFootball™ service and is not endorsed by, affiliated with or operated by KONAMI.","本服務並非 KONAMI 或 eFootball™ 的官方服務，亦未獲得 KONAMI 的認可，與 KONAMI 無關聯，也非由 KONAMI 營運。","","","medium","","",""
"about.winRateNotice","about","ui","Analysis results do not guarantee win rates or match outcomes.","分析結果不保證勝率或比賽結果。","","","medium","","",""
"about.draftNotice","about","ui","This page describes TeamAIXI v1.0 (October 4, 2026). Features may change in future updates.","本頁面說明的是 TeamAIXI v1.0（2026 年 10 月 4 日）。功能可能會在日後更新中變更。","","","medium","","",""
"dataManagement.pageTitle","dataManagement","metadata","Data Management | TeamAIXI","資料管理 | TeamAIXI","","34","medium","","",""
"dataManagement.pageDescriptionMeta","dataManagement","metadata","Where your saved data lives, how to back it up, and how to delete it.","你儲存的資料存放在哪裡、如何備份，以及如何刪除。","","","medium","","",""
"dataManagement.heading","dataManagement","ui","Data management","資料管理","","20","medium","","",""
"dataManagement.intro","dataManagement","ui","This page explains what data is stored where, what happens if you delete it, and how to back it up.","本頁說明哪些資料存放在哪裡、刪除後會發生什麼事，以及如何備份。","","","medium","","",""
"dataManagement.draftNotice","dataManagement","ui","This description is a beta-preparation draft based on the current implementation.","本說明是依據目前實作所撰寫的 Beta 準備用草稿。","","","medium","","",""
"dataManagement.storedDataHeading","dataManagement","ui","Data that is stored","儲存的資料","","25","medium","","",""
"dataManagement.storedDataBody","dataManagement","ui","Favorites, My Team, saved builds (including allocations and saved training intent), saved squads, squad templates, and display settings are currently stored in your browser's localStorage.","收藏、我的球隊、已儲存的方案（含分配與儲存的培養意圖）、已儲存的陣容、陣容範本及顯示設定，目前都儲存在你瀏覽器的 localStorage 中。","","","medium","","",""
"dataManagement.browserRiskHeading","dataManagement","ui","Effects of clearing browser data","清除瀏覽器資料的影響","","42","medium","","",""
"dataManagement.browserRiskBody","dataManagement","ui","If you clear data (browsing history, site data, etc.) from your browser settings, saved content may not be recoverable.","如果你從瀏覽器設定清除資料（瀏覽紀錄、網站資料等），儲存的內容可能無法復原。","","","medium","","",""
"dataManagement.browserRiskSameDeviceDifferentBrowser","dataManagement","ui","Even on the same computer, a different browser is treated as having entirely separate data.","即使在同一台電腦上，不同的瀏覽器也會被視為完全獨立的資料。","","","medium","","",""
"dataManagement.browserRiskPrivateMode","dataManagement","ui","In private/incognito mode, saved content may not persist once the window is closed.","在無痕／私密瀏覽模式下，關閉視窗後儲存的內容可能不會保留。","","","medium","","",""
"dataManagement.browserRiskBrowserSettings","dataManagement","ui","Depending on your browser settings, site data may be deleted automatically after a period of time.","依瀏覽器設定而定，網站資料可能會在一段時間後被自動刪除。","","","medium","","",""
"dataManagement.noSyncNoCloudBody","dataManagement","ui","There is currently no automatic sync across devices and no cloud backup. Data does not automatically carry over to another device or browser.","目前沒有跨裝置的自動同步，也沒有雲端備份。資料不會自動轉移到其他裝置或瀏覽器。","","","medium","","",""
"dataManagement.jsonBackupHeading","dataManagement","ui","JSON backup","JSON 備份","","15","medium","","",""
"dataManagement.jsonBackupBody","dataManagement","ui","Saved builds can be exported to and imported from a JSON file.","已儲存的方案可以匯出為 JSON 檔案，也可以從 JSON 檔案匯入。","","","medium","","",""
"dataManagement.jsonBackupWhereBody","dataManagement","ui","Export and import are available from the ""My Builds"" or saved-builds list screen.","可從「我的方案」或已儲存方案清單畫面進行匯出與匯入。","","","medium","","",""
"dataManagement.jsonBackupTimingRecommendation","dataManagement","ui","We recommend taking a JSON backup regularly whenever you create or update an important saved build.","建議在建立或更新重要的儲存方案時，定期進行 JSON 備份。","","","medium","","",""
"dataManagement.jsonBackupContentWarning","dataManagement","ui","A JSON file may contain the content of your saved builds (allocations, saved training intent, etc.).","JSON 檔案可能包含你儲存方案的內容（分配、儲存的培養意圖等）。","","","high","","",""
"dataManagement.jsonBackupSharingWarning","dataManagement","ui","Keep backup JSON files somewhere safe, and avoid publishing them publicly.","請將備份用的 JSON 檔案存放在安全的地方，並避免公開發布。","","","high","","",""
"dataManagement.jsonBackupImportWarning","dataManagement","ui","Do not casually import a JSON file from an unknown source.","請勿隨意匯入來源不明的 JSON 檔案。","","","high","","",""
"dataManagement.howToDeleteHeading","dataManagement","ui","How to delete individual data","如何刪除個別資料","","38","high","","",""
"dataManagement.howToDeleteBuild","dataManagement","ui","Deleting a saved build: delete it from ""My Builds"" or the saved-builds list.","刪除儲存的方案：從「我的方案」或已儲存方案清單中刪除。","","","high","","",""
"dataManagement.howToDeleteMyTeam","dataManagement","ui","Removing from My Team: use the menu on each player in ""My Team"" to delete or change ownership status.","從我的球隊移除：使用「我的球隊」中各球員的選單刪除或變更持有狀態。","","","high","","",""
"dataManagement.howToDeleteSquad","dataManagement","ui","Deleting a saved squad: delete it from the squad list.","刪除已儲存的陣容：從陣容清單中刪除。","","","high","","",""
"dataManagement.howToDeleteIntentOnly","dataManagement","ui","Deleting only the saved training intent: from a saved build's edit screen, you can discard the training-intent settings (the build itself remains).","僅刪除儲存的培養意圖：在儲存方案的編輯畫面中，可以捨棄培養意圖設定（方案本身會保留）。","","","high","","",""
"dataManagement.deleteAllHeading","dataManagement","ui","Delete all local data","刪除所有本機資料","","28","high","","",""
"dataManagement.deleteAllIntro","dataManagement","ui","This deletes all of the Service's data stored in this browser at once. It does not affect SQLite (player/manager data) or the data of any other site.","這會一次刪除本服務儲存在此瀏覽器中的所有資料。不會影響 SQLite（球員／總教練資料）或任何其他網站的資料。","","","high","","",""
"dataManagement.deleteAllTargetHeading","dataManagement","ui","What will be deleted","將刪除的項目","","26","high","","",""
"dataManagement.deleteAllTargetFavorites","dataManagement","ui","Favorites","收藏","","12","high","","",""
"dataManagement.deleteAllTargetMyTeam","dataManagement","ui","My Team","我的球隊","","12","high","","",""
"dataManagement.deleteAllTargetBuilds","dataManagement","ui","Saved builds (including saved training intent)","已儲存的方案（含儲存的培養意圖）","","","high","","",""
"dataManagement.deleteAllTargetSquads","dataManagement","ui","Saved squads","已儲存的陣容","","16","high","","",""
"dataManagement.deleteAllTargetTemplates","dataManagement","ui","Squad templates","陣容範本","","20","high","","",""
"dataManagement.deleteAllTargetEditorPrefs","dataManagement","ui","Squad editor display settings","陣容編輯器的顯示設定","","","high","","",""
"dataManagement.deleteAllTargetComparisonState","dataManagement","ui","Temporary squad comparison state","陣容比較的暫存狀態","","","high","","",""
"dataManagement.deleteAllExcludedNote","dataManagement","ui","Your language setting and sidebar collapsed state are not deleted.","你的語言設定與側邊欄收合狀態不會被刪除。","","","high","","",""
"dataManagement.deleteAllScopeNote","dataManagement","ui","This bulk deletion only targets the shared (legacy) data saved to this browser before account separation. Your current guest (signed-out) area, and your signed-in account's own My Team, My Builds, Favorites, Saved Squads, and Squad Templates areas, along with your cloud My Team, are not deleted by this action.","此批次刪除僅針對帳號區分之前儲存在此瀏覽器中的共用（舊版）資料。你目前的訪客（未登入）區域，以及已登入帳號本身的我的球隊、我的方案、收藏、已儲存的陣容與陣容範本區域，還有雲端上的我的球隊，都不會因此操作而被刪除。","","","high","","",""
"dataManagement.deleteAllNothingToDelete","dataManagement","ui","There is currently no data to delete.","目前沒有可刪除的資料。","","","high","","",""
"dataManagement.deleteAllStartButton","dataManagement","ui","Delete all local data","刪除所有本機資料","","28","high","","",""
"dataManagement.deleteAllConfirmTitle","dataManagement","ui","Are you sure you want to delete everything?","確定要全部刪除嗎？","","56","high","","",""
"dataManagement.deleteAllConfirmBody","dataManagement","ui","This action cannot be undone. All of the data listed above will be deleted.","此操作無法復原。上方列出的所有資料都會被刪除。","","","high","","",""
"dataManagement.deleteAllConfirmButton","dataManagement","ui","Delete","刪除","","12","high","","",""
"dataManagement.deleteAllCancelButton","dataManagement","ui","Cancel","取消","","12","high","","",""
"dataManagement.deleteAllBackupReminder","dataManagement","ui","We recommend backing up any important saved builds to JSON before deleting.","建議在刪除前，先將重要的儲存方案備份為 JSON。","","","high","","",""
"dataManagement.deleteAllInProgress","dataManagement","ui","Deleting…","刪除中…","","12","high","","",""
"dataManagement.deleteAllSuccessMessage","dataManagement","ui","Local data has been deleted.","已刪除本機資料。","","","high","","",""
"dataManagement.deleteAllFailureMessage","dataManagement","ui","Deletion failed. Please check your browser settings and try again.","刪除失敗。請檢查瀏覽器設定後再試一次。","","","high","","",""
"dataManagement.deleteAllPartialFailureMessage","dataManagement","ui","Some data could not be deleted. Please reload the page and try again.","部分資料無法刪除。請重新載入頁面後再試一次。","","","high","","",""
"dataManagement.deleteAllStorageUnavailable","dataManagement","ui","Browser storage is not available in this environment, so there is no data to delete.","此環境無法使用瀏覽器儲存空間，因此沒有可刪除的資料。","","","high","","",""
"support.pageTitle","support","metadata","Support | TeamAIXI","支援 | TeamAIXI","","24","high","","",""
"support.pageDescriptionMeta","support","metadata","How to contact us, report a bug, or reach us as a rights holder.","聯絡我們、回報錯誤，或以權利人身分與我們聯繫的方式。","","","high","","",""
"support.heading","support","ui","Support","支援","","12","high","","",""
"support.intro","support","ui","This page explains how to contact us about the Service or report a bug.","本頁說明如何就本服務與我們聯絡或回報錯誤。","","","high","","",""
"support.draftNotice","support","ui","Support for TeamAIXI v1.0. A single operator handles messages in order; reply times cannot be promised.","TeamAIXI v1.0 的支援。由一名營運者依序處理訊息，無法保證回覆時間。","","","high","","",""
"support.notConfiguredNotice","support","ui","The support contact channel is being prepared before release.","支援聯絡管道正在為正式推出做準備。","","","high","","",""
"support.sharedChannelIntro","support","ui","General inquiries, bug reports, contact from rights holders, and privacy inquiries are currently all handled through a shared contact channel.","一般詢問、錯誤回報、權利人聯絡及隱私相關詢問，目前都透過同一個聯絡管道處理。","","","high","","",""
"support.sharedChannelEmailLabel","support","ui","Contact email address","聯絡用電子郵件地址","","28","high","","",""
"support.dedicatedChannelLabel","support","ui","TeamAIXI Support","TeamAIXI 支援","","21","high","","",""
"support.contactSafetyNotice","support","ui","Do not send passwords, verification codes, API keys, secrets, addresses, phone numbers, or other personal information. Bug reports should include only the screen, steps, time of occurrence, device, operating system, and browser.","請勿傳送密碼、驗證碼、API 金鑰、密鑰、地址、電話號碼或其他個人資料。錯誤回報只需包含畫面、步驟、發生時間、裝置、作業系統與瀏覽器。","","","high","","",""
"support.sendMailButtonLabel","support","ui","Send an email","傳送電子郵件","","17","high","","",""
"support.betaLimitsHeading","support","ui","Known limitations in v1.0","v1.0 的已知限制","","33","high","","",""
"support.betaLimitsIntro","support","ui","Please note the following.","請留意以下事項。","","","high","","",""
"support.betaLimitData","support","ui","Player and manager data is updated from an hourly automatic check (GitHub's scheduler can occasionally leave gaps of a few hours) and may differ from the latest in-game content; see ""Imported"" on each page for the update date.","球員與總教練資料會依每小時的自動檢查更新（GitHub 的排程器偶爾可能出現數小時的空檔），可能與遊戲內最新內容不同；更新日期請參閱各頁面的「匯入」。","","","high","","",""
"support.betaLimitStorage","support","ui","My Team, saved builds, saved squads and similar data are stored in your current browser. Full automatic sync across devices is not available (My Team cloud save is an alpha feature).","我的球隊、已儲存的方案、已儲存的陣容等資料保存在你目前的瀏覽器中。無法在裝置間完整自動同步（我的球隊雲端儲存為 alpha 功能）。","","","high","","",""
"support.betaLimitRecommendation","support","ui","Suggestions such as the Best XI are reference information based on this Service's own rules, not official ratings.","Best XI 等建議是依本服務自訂規則提供的參考資訊，並非官方評價。","","","high","","",""
"support.betaLimitChanges","support","ui","Features, screens and data formats may change in future updates.","功能、畫面與資料格式可能會在日後的更新中變更。","","","high","","",""
"support.betaLimitWorldLag","support","ui","Player card (World) data only reflects updates that pass the safety checks after each automatic check, so it may lag behind the game and the data source. The counts and import date on the home page are the current values.","球員卡片（World）資料只會反映每次自動檢查後通過安全檢查的更新，因此可能落後於遊戲與資料來源。首頁上的數量與匯入日期為目前的數值。","","","high","","",""
"support.betaLimitNoPayment","support","ui","TeamAIXI is free. Continued availability is not guaranteed. TeamAIXI is an unofficial squad analysis tool for eFootball™. It is not an official KONAMI or eFootball™ service.","TeamAIXI 為免費服務，不保證持續提供。TeamAIXI 是非官方的 eFootball™ 陣容分析工具，並非 KONAMI 或 eFootball™ 的官方服務。","","","high","","",""
"support.betaLimitDataDeletion","support","ui","Data saved in this browser can be deleted on the ""Data management"" page. To request account deletion, please contact us using the channels below.","儲存在此瀏覽器中的資料可在「資料管理」頁面刪除。如需刪除帳號，請透過下方管道與我們聯絡。","","","high","","",""
"support.betaLimitsFeedback","support","ui","Please tell us about anything you notice or any bugs via ""Bug reports"" below.","如有任何發現或錯誤，請透過下方的「錯誤回報」告訴我們。","","","high","","",""
"support.mailtoAriaGeneral","support","accessibility","Send an email for a general inquiry","傳送一般詢問的電子郵件","","","high","","",""
"support.mailtoAriaBugReport","support","accessibility","Send an email to report a bug","傳送錯誤回報的電子郵件","","","high","","",""
"support.mailtoAriaRights","support","accessibility","Send an email as a rights holder","以權利人身分傳送電子郵件","","","high","","",""
"support.mailtoAriaPrivacy","support","accessibility","Send an email for a privacy inquiry","傳送隱私相關詢問的電子郵件","","","high","","",""
"support.mailtoSubjectGeneral","support","ui","TeamAIXI General Inquiry","TeamAIXI 一般詢問","","32","high","","",""
"support.mailtoSubjectBugReport","support","ui","TeamAIXI Bug Report","TeamAIXI 錯誤回報","","25","high","","",""
"support.mailtoSubjectRights","support","ui","TeamAIXI Rights-Related Contact","TeamAIXI 權利相關聯絡","","","high","","",""
"support.mailtoSubjectPrivacy","support","ui","TeamAIXI Privacy Inquiry","TeamAIXI 隱私相關詢問","","32","high","","",""
"support.safetyNoticeHeading","support","ui","Before you contact us","聯絡我們之前","","28","high","","",""
"support.safetyNoPassword","support","ui","Please do not send a password.","請勿傳送密碼。","","","high","","",""
"support.safetyNoAuthCode","support","ui","Please do not send an authentication code.","請勿傳送驗證碼。","","","high","","",""
"support.safetyNoRecoveryCode","support","ui","Please do not send a recovery code.","請勿傳送復原碼。","","","high","","",""
"support.safetyNoPaymentInfo","support","ui","Please do not send payment information.","請勿傳送付款資訊。","","","high","","",""
"support.safetyNoUnnecessaryPersonalInfo","support","ui","Please do not include unnecessary personal information.","請勿包含不必要的個人資料。","","","high","","",""
"support.generalContactHeading","support","ui","General inquiries","一般詢問","","23","high","","",""
"support.generalContactIntro","support","ui","Please send general inquiries and bug reports here.","一般詢問與錯誤回報請寄至此處。","","","high","","",""
"support.generalContactUnset","support","ui","A general inquiry channel is currently being prepared.","一般詢問管道目前正在準備中。","","","high","","",""
"support.generalContactEmailLabel","support","ui","Contact email","聯絡用電子郵件","","17","high","","",""
"support.bugReportHeading","support","ui","Bug reports","錯誤回報","","15","high","","",""
"support.bugReportIntro","support","ui","When reporting a bug, please include the following information where possible.","回報錯誤時，請盡可能提供以下資訊。","","","high","","",""
"support.bugReportAlphaParticipantNotice","support","ui","If you notice a bug or odd behavior, contact us here. Please do not send your real name, contact details other than your email address, passwords or game account details.","如果你發現錯誤或異常行為，請透過此處聯絡我們。請勿傳送真實姓名、電子郵件地址以外的聯絡方式、密碼或遊戲帳號資訊。","","","high","","",""
"support.bugReportFieldPage","support","ui","The page where it occurred","發生問題的頁面","","","high","","",""
"support.bugReportFieldSteps","support","ui","Steps to reproduce","重現步驟","","24","high","","",""
"support.bugReportFieldExpected","support","ui","Expected result","預期結果","","20","high","","",""
"support.bugReportFieldActual","support","ui","Actual result","實際結果","","17","high","","",""
"support.bugReportFieldBrowser","support","ui","Your browser","使用的瀏覽器","","16","high","","",""
"support.bugReportFieldWidth","support","ui","Screen width (PC, phone, etc.)","螢幕寬度（電腦、手機等）","","","high","","",""
"support.bugReportFieldErrorMessage","support","ui","Any error message shown","顯示的錯誤訊息（如有）","","30","high","","",""
"support.bugReportNoPersonalData","support","ui","Please do not include personal information or internal data.","請勿包含個人資料或內部資料。","","","high","","",""
"support.bugReportNoUnsolicitedJsonAttachment","support","ui","Please do not attach a JSON backup file unless asked to.","除非我們要求，否則請勿附加 JSON 備份檔案。","","","high","","",""
"support.bugReportCheckScreenshot","support","ui","If you send a screenshot, please check it for personal information first.","傳送螢幕截圖前，請先確認其中不含個人資料。","","","high","","",""
"support.issueTrackerLabel","support","ui","Issue tracker","問題追蹤","","17","high","","",""
"support.rightsHolderHeading","support","ui","Contact for rights holders","權利人聯絡窗口","","34","high","","",""
"support.rightsHolderIntro","support","ui","If you hold rights related to player names, cards, data, or images used here, please contact us with the following information.","若你擁有本站所使用之球員名稱、卡片、資料或圖片的相關權利，請提供以下資訊與我們聯絡。","","","high","","",""
"support.rightsHolderContactIntro","support","ui","Please send any contact regarding content, data, images, or rights here.","有關內容、資料、圖片或權利的聯絡，請寄至此處。","","","high","","",""
"support.rightsHolderFieldContent","support","ui","The content in question","相關內容","","30","high","","",""
"support.rightsHolderFieldUrl","support","ui","The relevant URL","相關網址","","21","high","","",""
"support.rightsHolderFieldRightType","support","ui","Type of right","權利類型","","17","high","","",""
"support.rightsHolderFieldContactInfo","support","ui","Your contact information","你的聯絡資訊","","32","high","","",""
"support.rightsHolderFieldRequestedAction","support","ui","Requested removal or correction","要求的刪除或更正內容","","","high","","",""
"support.rightsHolderFieldEvidence","support","ui","Supporting evidence, if any","佐證資料（如有）","","","high","","",""
"support.rightsHolderFieldReplyTo","support","ui","Reply-to address","回覆地址","","21","high","","",""
"support.rightsHolderUnsetNotice","support","ui","A dedicated rights-holder contact channel is currently being prepared. Once the general contact address above is set up, please use it in the meantime.","權利人專用聯絡管道目前正在準備中。上方的一般聯絡地址設定完成後，請暫時使用該地址。","","","high","","",""
"support.rightsHolderEmailLabel","support","ui","Rights-holder contact","權利人聯絡窗口","","28","high","","",""
"support.privacyContactHeading","support","ui","Privacy-related inquiries","隱私相關詢問","","33","high","","",""
"support.privacyContactIntro","support","ui","Please send any contact regarding privacy or how your local data is handled here.","有關隱私或本機資料處理方式的聯絡，請寄至此處。","","","high","","",""
"support.privacyContactUnsetNotice","support","ui","A dedicated privacy contact channel is currently being prepared.","隱私專用聯絡管道目前正在準備中。","","","high","","",""
"support.privacyContactEmailLabel","support","ui","Privacy contact","隱私聯絡窗口","","20","high","","",""
"support.noSubmissionFormNotice","support","ui","This page is informational only and is not a submission form. If a contact address above is set, please contact it directly.","本頁僅供說明，並非提交表單。若上方已設定聯絡地址，請直接與該地址聯絡。","","","high","","",""
"support.safetyNoApiKey","support","ui","Do not send API keys or secrets.","請勿傳送 API 金鑰或密鑰。","","","high","","",""
"support.bugReportOnlyFacts","support","ui","In a bug report, include only the screen, the steps, the date and time, and your device and browser.","錯誤回報只需包含畫面、步驟、日期時間，以及你的裝置與瀏覽器。","","","high","","",""
"auth.authErrorLinkExpired","auth","ui","This link has expired or has already been used. Please request a new confirmation email or password reset.","此連結已過期或已使用過。請重新申請確認郵件或密碼重設。","","","high","","",""
"auth.authErrorLinkInvalid","auth","ui","We couldn't verify this link. Open the link in the email again, or request a new confirmation email or password reset.","無法驗證此連結。請重新開啟郵件中的連結，或重新申請確認郵件或密碼重設。","","","high","","",""
"auth.authErrorRateLimited","auth","ui","Too many attempts in a short time. Please wait a while and try again.","短時間內嘗試次數過多。請稍候再試。","","","high","","",""
"auth.authErrorNotConfigured","auth","ui","Account features are unavailable right now. Features that don't need sign-in still work.","帳號功能目前無法使用。不需登入的功能仍可正常使用。","","","high","","",""
"auth.authErrorServiceUnavailable","auth","ui","We couldn't reach the authentication service. Please wait a moment and try again. Your link may still work.","無法連線至驗證服務。請稍候再試。您的連結可能仍然有效。","","","high","","",""
"auth.confirmRetryButton","auth","ui","Try again","重試","","12","high","","",""
"auth.confirmPageTitle","auth","ui","Confirm your email link","確認電子郵件連結","","30","high","","",""
"auth.confirmPageBody","auth","ui","Press the button below to verify this link and finish.","請按下方按鈕以驗證此連結並完成操作。","","","high","","",""
"auth.confirmButton","auth","ui","Confirm","確認","","12","high","","",""
"auth.confirmProcessing","auth","ui","Verifying…","驗證中…","","13","high","","",""
"auth.confirmSuccess","auth","ui","Confirmed. Redirecting…","已確認。正在重新導向…","","30","high","","",""
"auth.confirmWhyButton","auth","ui","We ask you to press a button so that automatic link checks by email services don't use up the link first.","請您按下按鈕，是為了避免郵件服務的自動連結檢查先用掉此連結。","","137","high","","",""
"auth.emailChangeHeading","auth","ui","Change email address","變更電子郵件地址","","26","high","","",""
"auth.emailChangeLabel","auth","ui","New email address","新的電子郵件地址","","23","high","","",""
"auth.emailChangeSubmit","auth","ui","Send confirmation email","傳送確認郵件","","30","high","","",""
"auth.emailChangeSent","auth","ui","Request received. Open the link in the confirmation email sent to the new address (and, depending on settings, the current one) to finish.","已收到申請。請開啟寄至新地址（依設定，也可能寄至目前地址）的確認郵件中的連結以完成變更。","","","high","","",""
"auth.emailChangeLimitedNotice","auth","ui","Changing your email address needs a confirmation email. Email sending is in limited testing, so this is not available yet.","變更電子郵件地址需要確認郵件。郵件傳送目前處於限量測試中，因此尚無法使用此功能。","","","high","","",""
"auth.reauthenticationNeededMessage","auth","ui","For your security, this action requires verification. While email sending is in limited testing, please sign out and use password reset instead.","為了您的安全，此操作需要驗證。郵件傳送處於限量測試期間，請先登出，改用密碼重設。","","","high","","",""
"auth.supportPrivacyNotice","auth","ui","Never send your password, verification codes, email links or personal information to support.","請勿將密碼、驗證碼、郵件中的連結或個人資料傳送給客服。","","","high","","",""
"auth.sessionExpiredMessage","auth","ui","Your session has expired. Please sign in again. Features that don't need sign-in still work.","您的工作階段已過期。請重新登入。不需登入的功能仍可正常使用。","","","high","","",""
"auth.accountLimitedTitle","auth","ui","Account features are in limited testing","帳號功能處於限量測試中","","51","high","","",""
"auth.accountLimitedBody","auth","ui","TeamAIXI v1.0 can be used without signing in. Account features are planned for a future update (currently in limited testing). Player search, comparison, progression, and diagnosis can be used without signing in.","TeamAIXI v1.0 不需登入即可使用。帳號功能預計於日後更新中提供（目前處於限量測試中）。球員搜尋、比較、培養與診斷皆不需登入即可使用。","","","high","","",""
"auth.accountLimitedExisting","auth","ui","If you already have an account, you can sign in.","如果您已經有帳號，可以登入。","","","high","","",""
"auth.accountLimitedBrowse","auth","ui","Browse players","瀏覽球員","","19","high","","",""
"auth.navSignUpLimited","auth","ui","About accounts","關於帳號","","19","high","","",""
"auth.signInNoAccountLimitedPrompt","auth","ui","Creating new accounts is currently in limited testing.","新帳號的建立目前處於限量測試中。","","","high","","",""
"auth.signInLimitedLink","auth","ui","Learn more","了解詳情","","13","high","","",""
"auth.emailSendFailedMessage","auth","ui","We couldn't send the authentication email. Please wait and try again. Avoid repeated requests, and contact support if the problem continues.","無法傳送驗證郵件。請稍候再試。請避免重複申請，若問題持續，請聯絡客服。","","","high","","",""
"auth.passwordResetLimitedNotice","auth","ui","Email sending is currently in limited testing. If the reset email does not arrive, please do not keep resending; check the support page instead.","郵件傳送目前處於限量測試中。若未收到重設郵件，請不要一直重新傳送，改為查看客服頁面。","","","high","","",""
"auth.navSignIn","auth","ui","Sign in","登入","","12","high","","",""
"auth.navSignUp","auth","ui","Sign up","註冊","","12","high","","",""
"auth.navAccount","auth","ui","Account","帳號","","12","high","","",""
"auth.emailLabel","auth","ui","Email address","電子郵件地址","","17","high","","",""
"auth.passwordLabel","auth","ui","Password","密碼","","12","high","","",""
"auth.passwordConfirmLabel","auth","ui","Confirm password","確認密碼","","21","high","","",""
"auth.passwordRequirementsHint","auth","ui","At least 12 characters, including an uppercase letter, a lowercase letter, a digit, and a symbol.","至少 12 個字元，須包含大寫字母、小寫字母、數字與符號。","","","high","","",""
"auth.passwordMismatchError","auth","ui","Passwords do not match.","密碼不一致。","","30","high","","",""
"auth.invalidEmailError","auth","ui","Please enter a valid email address.","請輸入有效的電子郵件地址。","","","high","","",""
"auth.genericErrorMessage","auth","ui","Something went wrong. Please try again later.","發生錯誤。請稍後再試。","","","high","","",""
"auth.tryAgainMessage","auth","ui","Please try again.","請再試一次。","","23","high","","",""
"auth.processingAuthMessage","auth","ui","Processing authentication…","正在處理驗證…","","","high","","",""
"auth.checkingSessionMessage","auth","ui","Checking your session…","正在確認工作階段…","","29","high","","",""
"auth.signUpPageTitle","auth","ui","Sign up","註冊","","12","high","","",""
"auth.signUpSubmitButton","auth","ui","Create account","建立帳號","","19","high","","",""
"auth.signUpSuccessTitle","auth","ui","Confirmation email sent","已傳送確認郵件","","30","high","","",""
"auth.signUpSuccessMessage","auth","ui","We sent a confirmation email to the address you entered. Please open the link in that email to finish signing up.","我們已將確認郵件寄至您輸入的地址。請開啟郵件中的連結以完成註冊。","","","high","","",""
"auth.signUpFailedMessage","auth","ui","Sign-up failed. Please check your details and try again.","註冊失敗。請確認輸入內容後再試一次。","","","high","","",""
"auth.signUpHaveAccountPrompt","auth","ui","Already have an account?","已經有帳號了嗎？","","32","high","","",""
"auth.signUpSignInLink","auth","ui","Sign in","登入","","12","high","","",""
"auth.signInPageTitle","auth","ui","Sign in","登入","","12","high","","",""
"auth.signInSubmitButton","auth","ui","Sign in","登入","","12","high","","",""
"auth.signInFailedMessage","auth","ui","The email address or password is incorrect.","電子郵件地址或密碼不正確。","","","high","","",""
"auth.signInNoAccountPrompt","auth","ui","Don't have an account?","還沒有帳號嗎？","","29","high","","",""
"auth.signInSignUpLink","auth","ui","Sign up","註冊","","12","high","","",""
"auth.signInForgotPasswordLink","auth","ui","Forgot your password?","忘記密碼？","","28","high","","",""
"auth.logoutButton","auth","ui","Sign out","登出","","12","high","","",""
"auth.logoutProcessingMessage","auth","ui","Signing out…","正在登出…","","16","high","","",""
"auth.forgotPasswordPageTitle","auth","ui","Forgot your password?","忘記密碼？","","28","high","","",""
"auth.forgotPasswordDescription","auth","ui","Enter your email address and we'll send you a link to reset your password.","請輸入您的電子郵件地址，我們會寄送重設密碼的連結給您。","","","high","","",""
"auth.forgotPasswordSubmitButton","auth","ui","Send reset email","傳送重設郵件","","21","high","","",""
"auth.forgotPasswordSentMessage","auth","ui","If an account exists for that email address, we sent a password reset email. Please check your inbox.","若該電子郵件地址有對應的帳號，我們已寄出密碼重設郵件。請查看您的收件匣。","","","high","","",""
"auth.updatePasswordPageTitle","auth","ui","Set a new password","設定新密碼","","24","high","","",""
"auth.updatePasswordDescription","auth","ui","Enter your new password.","請輸入新密碼。","","32","high","","",""
"auth.updatePasswordSubmitButton","auth","ui","Update password","更新密碼","","20","high","","",""
"auth.updatePasswordSuccessMessage","auth","ui","Your password has been updated. Please sign in again with your new password.","密碼已更新。請使用新密碼重新登入。","","","high","","",""
"auth.callbackProcessingMessage","auth","ui","Verifying your authentication…","正在驗證…","","","high","","",""
"auth.callbackFailedMessage","auth","ui","We couldn't verify your authentication. Please try signing in or signing up again.","無法完成驗證。請重新登入或註冊。","","","high","","",""
"auth.callbackReturnLink","auth","ui","Back to sign in","返回登入","","20","high","","",""
"auth.accountPageTitle","auth","ui","Account","帳號","","12","high","","",""
"auth.accountLoginRequiredMessage","auth","ui","You need to sign in to view this page.","您需要登入才能檢視此頁面。","","","high","","",""
"auth.accountLoggedInLabel","auth","ui","Signed in","已登入","","12","high","","",""
"auth.accountEmailLabel","auth","ui","Confirmed email address","已確認的電子郵件地址","","30","high","","",""
"auth.accountCloudSyncNoticeTitle","auth","ui","Automatic sync across devices is not yet available","尚未提供跨裝置自動同步","","65","high","","",""
"auth.accountCloudSyncNoticeDesc","auth","ui","Automatic sync across devices is not supported. After logging in, you can use an alpha trial feature to explicitly save and retrieve My Team from the cloud. Favorites, saved builds, and saved squads are not yet cloud-saveable.","目前不支援跨裝置自動同步。登入後，您可以使用 Alpha 試用功能，主動將我的球隊儲存至雲端或從雲端讀取。收藏、已儲存的方案與已儲存的陣容尚無法儲存至雲端。","","","high","","",""
"auth.accountLocalDataNoticeDesc","auth","ui","Favorites, saved builds, saved squads, and similar data continue to be stored only in this device's browser (locally). My Team is also stored locally by default; it is only saved to or retrieved from the cloud when you explicitly do so using the alpha feature below.","收藏、已儲存的方案、已儲存的陣容等資料，仍只儲存在此裝置的瀏覽器中（本機）。我的球隊預設也儲存在本機；只有在您使用下方的 Alpha 功能主動操作時，才會儲存至雲端或從雲端讀取。","","","high","","",""
"auth.accountNoAutoUploadNoticeDesc","auth","ui","Signing in does not automatically upload the local data already stored on this device.","登入不會自動上傳此裝置上已儲存的本機資料。","","","high","","",""
"auth.accountCrossDeviceNoticeDesc","auth","ui","Syncing data across other devices or browsers is not supported yet.","尚不支援在其他裝置或瀏覽器之間同步資料。","","","high","","",""
"auth.accountDeletionFutureNoticeDesc","auth","ui","Account deletion is planned for a future phase.","刪除帳號功能預計於後續階段提供。","","","high","","",""
"auth.signUpNextStepsHeading","auth","ui","What to do next","接下來的步驟","","20","high","","",""
"auth.signUpStep1","auth","ui","Check the inbox for the email address you registered.","查看您註冊之電子郵件地址的收件匣。","","","high","","",""
"auth.signUpStep2","auth","ui","Open the confirmation email from TeamAIXI.","開啟 TeamAIXI 寄出的確認郵件。","","","high","","",""
"auth.signUpStep3","auth","ui","Click the confirmation link in the email.","點選郵件中的確認連結。","","","high","","",""
"auth.signUpStep4","auth","ui","Once confirmed, continue to the sign-in page or your account page.","確認完成後，前往登入頁面或帳號頁面。","","","high","","",""
"auth.signUpGoToSignInButton","auth","ui","Go to sign in","前往登入","","17","high","","",""
"auth.signUpSpamFolderNotice","auth","ui","If you don't see the email, please also check your spam folder.","若找不到郵件，請一併查看垃圾郵件資料夾。","","","high","","",""
"auth.signUpAlreadyConfirmedNotice","auth","ui","If your email address is already confirmed, you can just sign in.","若您的電子郵件地址已經確認，直接登入即可。","","","high","","",""
"auth.signUpEmailNotArrivingNotice","auth","ui","If the email hasn't arrived after a while, you can resend the confirmation email.","若過了一段時間仍未收到郵件，您可以重新傳送確認郵件。","","","high","","",""
"auth.localDevConfirmationNotice","auth","ui","This is a local development environment. Open the confirmation link on the Windows PC running this site. A localhost link opened on another device cannot reach the development server.","這是本機開發環境。請在執行此網站的 Windows 電腦上開啟確認連結。在其他裝置上開啟 localhost 連結將無法連線至開發伺服器。","","","high","","",""
"auth.resendConfirmationButton","auth","ui","Resend confirmation email","重新傳送確認郵件","","33","high","","",""
"auth.resendConfirmationSending","auth","ui","Sending…","傳送中…","","12","high","","",""
"auth.resendConfirmationSuccessMessage","auth","ui","The confirmation email has been resent. It may take a little time to arrive.","已重新傳送確認郵件。送達可能需要一點時間。","","","high","","",""
"auth.resendConfirmationRateLimitedMessage","auth","ui","Too many emails were sent in a short time, so resending is unavailable right now. Please wait a while and try again.","短時間內傳送的郵件過多，目前無法重新傳送。請稍候再試。","","","high","","",""
"auth.resendConfirmationFailedMessage","auth","ui","Failed to resend the confirmation email. Please try again later.","重新傳送確認郵件失敗。請稍後再試。","","","high","","",""
"auth.resendConfirmationWaitTemplate","auth","ui","You can resend in {seconds}s","{seconds} 秒後可重新傳送","","","high","","",""
"searchInput.rejectedTitle","searchInput","ui","This search term cannot be used","無法使用此搜尋字詞","","41","medium","","",""
"searchInput.rejectedDescription","searchInput","ui","Please remove unusual symbols or characters and try again.","請移除特殊符號或字元後再試一次。","","","medium","","",""
"searchInput.clearSearch","searchInput","ui","Clear search","清除搜尋","","16","medium","","",""
"abilityEditor.sectionTitle","abilityEditor","ui","Train from abilities","從能力值培養","","26","medium","","",""
"abilityEditor.sectionHint","abilityEditor","ui","Tap an ability to light up every ability in the same progression category, then train it from the panel below.","點選能力值後，同一培養類別的所有能力值都會亮起，接著可在下方面板中培養。","","","medium","","",""
"abilityEditor.trainThisAbility","abilityEditor","ui","Train this ability","培養此能力值","","24","medium","","",""
"abilityEditor.relatedAbilities","abilityEditor","ui","Related abilities","相關能力值","","23","medium","","",""
"abilityEditor.selected","abilityEditor","ui","Selected","已選擇","","12","medium","","",""
"abilityEditor.related","abilityEditor","ui","Related","相關","","12","medium","","",""
"abilityEditor.nextUpgrade","abilityEditor","ui","Next upgrade","下一次提升","","16","medium","","",""
"abilityEditor.remainingPoints","abilityEditor","ui","Remaining progression points","剩餘培養點數","","","medium","","",""
"abilityEditor.remainingShort","abilityEditor","ui","Left","剩餘","","12","medium","","",""
"abilityEditor.requiredPoints","abilityEditor","ui","Required points","所需點數","","20","medium","","",""
"abilityEditor.refundPoints","abilityEditor","ui","Points returned","返還點數","","20","medium","","",""
"abilityEditor.progressionCategory","abilityEditor","ui","Progression category","培養類別","","26","medium","","",""
"abilityEditor.clearSelection","abilityEditor","ui","Clear selection","解除選擇","","20","medium","","",""
"abilityEditor.notEnoughPoints","abilityEditor","ui","Not enough points","點數不足","","23","medium","","",""
"abilityEditor.notEnoughToReach","abilityEditor","ui","Not enough points to reach this level","點數不足以達到此等級","","","medium","","",""
"abilityEditor.categoryAtMax","abilityEditor","ui","This category is at maximum","此類別已達上限","","","medium","","",""
"abilityEditor.atMinimum","abilityEditor","ui","Already at the minimum","已是最低值","","29","medium","","",""
"abilityEditor.before","abilityEditor","ui","Before","之前","","12","medium","","",""
"abilityEditor.after","abilityEditor","ui","After","之後","","12","medium","","",""
"abilityEditor.preview","abilityEditor","ui","Preview","預覽","","12","medium","","",""
"abilityEditor.maximumReachable","abilityEditor","ui","Maximum reachable","可達上限","","23","medium","","",""
"abilityEditor.allocationSummary","abilityEditor","ui","Allocation summary","分配摘要","","24","medium","","",""
"abilityEditor.editingProgression","abilityEditor","ui","Editing progression","正在編輯培養","","25","medium","","",""
"abilityEditor.levelPrefix","abilityEditor","ui","Lv","Lv","","12","medium","","",""
"abilityEditor.pointsUnit","abilityEditor","ui","pt","pt","","12","medium","","",""
"abilityEditor.maxBadge","abilityEditor","ui","MAX","MAX","","12","medium","","",""
"abilityEditor.decreaseLabel","abilityEditor","ui","Lower {category} by one level","將{category}降低一個等級","","38","medium","","",""
"abilityEditor.increaseLabel","abilityEditor","ui","Raise {category} by one level","將{category}提高一個等級","","38","medium","","",""
"abilityEditor.sliderLabel","abilityEditor","ui","{category} progression level","{category}的培養等級","","37","medium","","",""
"abilityEditor.sliderValueText","abilityEditor","ui","{category} level {level} (maximum reachable {reachable}, {remaining} pt left)","{category} 等級 {level}（可達上限 {reachable}，剩餘 {remaining} pt）","","","medium","","",""
"abilityEditor.chipLabel","abilityEditor","ui","{category} level {level}","{category} 等級 {level}","","32","medium","","",""
"abilityEditor.levelChange","abilityEditor","ui","{from} → {to} ({delta})","{from} → {to}（{delta}）","","30","medium","","",""
"abilityEditor.resetCategory","abilityEditor","ui","Revert","還原","","12","medium","","",""
"abilityEditor.resetCategoryHint","abilityEditor","ui","Returns this category to its level when you selected it","將此類別恢復為選擇時的等級","","","medium","","",""
"abilityEditor.goToSave","abilityEditor","ui","Go to save","前往儲存","","13","medium","","",""
"abilityEditor.tapHint","abilityEditor","ui","Tap an ability to train it","點選能力值即可培養","","","medium","","",""
"abilityEditor.breakdownToggle","abilityEditor","ui","Breakdown","明細","","12","medium","","",""
"abilityEditor.breakdownBase","abilityEditor","ui","Base","基礎","","12","medium","","",""
"abilityEditor.breakdownProgression","abilityEditor","ui","Progression","培養","","15","medium","","",""
"abilityEditor.breakdownBooster","abilityEditor","ui","Booster","加成","","12","medium","","",""
"abilityEditor.breakdownManager","abilityEditor","ui","Manager","總教練","","12","medium","","",""
"abilityEditor.breakdownOther","abilityEditor","ui","Other","其他","","12","medium","","",""
"abilityEditor.breakdownFinal","abilityEditor","ui","Final","最終","","12","medium","","",""
"abilityEditor.cannotProgress","abilityEditor","ui","This card cannot be progressed","此球員卡無法培養","","","medium","","",""
"abilityEditor.unreachable","abilityEditor","ui","Unreachable","無法達到","","15","medium","","",""
"abilityEditor.groupOffense","abilityEditor","ui","Attacking","進攻","","12","medium","","",""
"abilityEditor.groupPhysical","abilityEditor","ui","Athleticism","身體能力","","15","medium","","",""
"abilityEditor.groupDefense","abilityEditor","ui","Defending","防守","","12","medium","","",""
"abilityEditor.groupGk","abilityEditor","ui","GK","GK","","12","medium","","",""
"abilityEditor.gkCollapsed","abilityEditor","ui","GK abilities (collapsed)","GK 能力值（已收合）","","32","medium","","",""
"abilityEditor.panelRegionLabel","abilityEditor","ui","Progression panel","培養面板","","23","medium","","",""
"abilityEditor.chipsRegionLabel","abilityEditor","ui","Allocation by category","各類別分配","","29","medium","","",""
"abilityEditor.done","abilityEditor","ui","Done","完成","","12","medium","","",""
"abilityEditor.doneHint","abilityEditor","ui","Closes the panel (your changes stay)","關閉面板（變更會保留）","","","medium","","",""
"abilityEditor.unsaved","abilityEditor","ui","Unsaved","未儲存","","12","medium","","",""
"abilityEditor.savedState","abilityEditor","ui","Saved","已儲存","","12","medium","","",""
"abilityEditor.quickSave","abilityEditor","ui","Save","儲存","","12","medium","","",""
"abilityEditor.saveAs","abilityEditor","ui","Save as…","另存為…","","12","medium","","",""
"abilityEditor.saveSucceeded","abilityEditor","ui","Saved: {name}","已儲存：{name}","","17","medium","","",""
"abilityEditor.saveFailed","abilityEditor","ui","Could not save: {reason}","無法儲存：{reason}","","32","high","","",""
"abilityEditor.quickSaveName","abilityEditor","ui","Build {n}","方案 {n}","","12","medium","","",""
"abilityEditor.skipToPanel","abilityEditor","ui","Go to the progression panel","前往培養面板","","","medium","","",""
"abilityEditor.announceLevel","abilityEditor","ui","{category} level {level}, {remaining} pt left","{category} 等級 {level}，剩餘 {remaining} pt","","","medium","","",""
"abilityEditor.announceSelected","abilityEditor","ui","{ability} selected. Progression category {category}","已選擇{ability}。培養類別：{category}","","","medium","","",""
"abilityEditor.resetAll","abilityEditor","ui","Reset all progression","重設所有培養","","28","medium","","",""
"abilityEditor.undoReset","abilityEditor","ui","Undo reset","復原重設","","13","medium","","",""
"abilityEditor.revertShort","abilityEditor","ui","↺ Revert","↺ 還原","","12","medium","","",""
"abilityEditor.rowAffordance","abilityEditor","ui","Tap to train","點選以培養","","16","medium","","",""
"basePercentile.heading","basePercentile","share","Base ability standing (percentile)","基礎能力值排名（百分位）","","","high","","",""
"basePercentile.explanation","basePercentile","share","This ranking compares the base ability value before progression with the current World card distribution","此排名是將培養前的基礎能力值與目前 World 卡片的分布進行比較","","","high","","",""
"basePercentile.notBuildNotice","basePercentile","share","It does not reflect the current build or the progression preview.","不會反映目前的方案或培養預覽。","","","high","","",""
"basePercentile.fallback","basePercentile","share","Percentile data could not be matched to the current player dataset","百分位資料無法對應到目前的球員資料集","","","high","","",""
"basePercentile.loading","basePercentile","share","Loading…","載入中…","","12","high","","",""
"basePercentile.scopeLabel","basePercentile","share","Compare within","比較範圍","","19","high","","",""
"basePercentile.scopeAll","basePercentile","share","All World cards","所有 World 卡片","","20","high","","",""
"basePercentile.scopePositionTemplate","basePercentile","share","Same registered position ({pos})","相同登錄位置（{pos}）","","","high","","",""
"basePercentile.scopeField","basePercentile","share","Outfield players","場上球員","","21","high","","",""
"basePercentile.scopeGk","basePercentile","share","Goalkeepers","守門員","","15","high","","",""
"basePercentile.populationTemplate","basePercentile","share","{n} cards · distribution as of {date}","{n} 張卡片 · {date} 時的分布","","","high","","",""
"basePercentile.scopeTooSmall","basePercentile","share","Not shown for this scope because it has too few cards.","此範圍的卡片數量太少，因此不顯示。","","","high","","",""
"basePercentile.bucketTopLt1","basePercentile","share","Top <1%","前 <1%","","12","high","","",""
"basePercentile.bucketTop1","basePercentile","share","Top 1%","前 1%","","12","high","","",""
"basePercentile.bucketTop5","basePercentile","share","Top 5%","前 5%","","12","high","","",""
"basePercentile.bucketTop10","basePercentile","share","Top 10%","前 10%","","12","high","","",""
"basePercentile.bucketTop25","basePercentile","share","Top 25%","前 25%","","12","high","","",""
"basePercentile.bucketTop50","basePercentile","share","Top 50%","前 50%","","12","high","","",""
"basePercentile.bucketBelowMedian","basePercentile","share","Below median","低於中位數","","16","high","","",""
"basePercentile.compareToggle","basePercentile","share","Show base ability percentiles","顯示基礎能力值百分位","","","high","","",""
"basePercentile.compareScopeNote","basePercentile","share","All players are compared within the same scope (all World cards).","所有球員都在相同範圍（所有 World 卡片）內比較。","","","high","","",""
"titles.primaryLabel","titles","share","Title","稱號","","12","high","","",""
"titles.badgesLabel","titles","share","Badges","徽章","","12","high","","",""
"titles.none","titles","share","No title meets the conditions.","沒有符合條件的稱號。","","","high","","",""
"titles.whySummary","titles","share","Why this?","為什麼？","","12","high","","",""
"titles.rulesVersionTemplate","titles","share","Rules {version}","規則 {version}","","20","high","","",""
"titles.playerExplanationTemplate","titles","share","Shown by fixed rules from the base ability standing (among {scope}). A title needs every ability in the rule within the top 5%; a badge within the top 10%.","依固定規則，根據基礎能力排名（在 {scope} 中）顯示。稱號需規則中的每項能力都在前 5% 以內；徽章則需在前 10% 以內。","","","high","","",""
"titles.diagnosisExplanation","titles","share","Shown by fixed rules from the diagnosis category grades (A or better). The title is the highest-scoring category.","依固定規則，根據診斷類別的等級（A 以上）顯示。稱號為分數最高的類別。","","","high","","",""
"titles.diagnosisReasonTemplate","titles","share","{category} {score} ({tier})","{category} {score}（{tier}）","","","high","","",""
"titles.rulePace","titles","share","Pace","速度","","12","high","","",""
"titles.ruleFinishing","titles","share","Finishing","射門","","12","high","","",""
"titles.ruleDribbling","titles","share","Dribbling","盤帶","","12","high","","",""
"titles.rulePassing","titles","share","Passing range","傳球範圍","","17","high","","",""
"titles.ruleSetPieces","titles","share","Set pieces","定位球","","13","high","","",""
"titles.ruleAerial","titles","share","Aerial","空中爭頂","","12","high","","",""
"titles.ruleBallWinning","titles","share","Ball winning","搶球","","16","high","","",""
"titles.rulePhysicality","titles","share","Physicality","身體","","15","high","","",""
"titles.ruleStamina","titles","share","Stamina","體能","","12","high","","",""
"titles.ruleShotStopping","titles","share","Shot-stopping","撲救","","17","high","","",""
"titles.ruleHandling","titles","share","Handling & reach","接球與防守範圍","","21","high","","",""
"titles.ruleGkAwareness","titles","share","GK awareness","守門員意識","","16","high","","",""
"titles.dgCounterAttack","titles","share","Counter-attacking","反擊型","","23","high","","",""
"titles.dgPassBuildUp","titles","share","Build-up","組織推進型","","12","high","","",""
"titles.dgDribblePossession","titles","share","Possession","控球型","","13","high","","",""
"titles.dgPressResistance","titles","share","Press-resistant","抗壓型","","20","high","","",""
"titles.dgSpeed","titles","share","Pace-based","速度型","","13","high","","",""
"titles.dgAerial","titles","share","Aerial","空中型","","12","high","","",""
"titles.dgAttack","titles","share","Attack-minded","進攻型","","17","high","","",""
"titles.dgDefense","titles","share","Solid defence","穩固防守型","","17","high","","",""
"yourBest.heading","yourBest","share","Your best","您的最強","","12","high","","",""
"yourBest.explanation","yourBest","share","The My Team card with the highest base ability standing for each ability group (outfield players and goalkeepers are compared separately). Opening this loads your cards' abilities.","在各能力群組中，基礎能力排名最高的我的球隊卡片（場上球員與門將分開比較）。開啟後會讀取您卡片的能力。","","","high","","",""
"yourBest.none","yourBest","share","No card to show (none is at or above the median, or My Team is empty).","沒有可顯示的卡片（沒有卡片達到中位數以上，或我的球隊是空的）。","","","high","","",""
"growthProfile.heading","growthProfile","share","Growth profile","成長紀錄","","19","high","","",""
"growthProfile.explanation","growthProfile","share","Shows how each squad's overall score changed, from the diagnosis history saved on this device (only entries under the same diagnosis rules are compared; nothing is sent anywhere).","根據此裝置上儲存的診斷紀錄，顯示各陣容整體分數的變化（僅比較相同診斷規則下的紀錄；不會傳送至任何地方）。","","","high","","",""
"growthProfile.empty","growthProfile","share","Save a diagnosis of the same squad twice or more to see its trend.","將同一陣容的診斷儲存兩次以上，即可查看趨勢。","","","high","","",""
"growthProfile.trendTemplate","growthProfile","share","{count} diagnoses: overall {first} → {latest} ({delta})","{count} 次診斷：整體 {first} → {latest}（{delta}）","","","high","","",""
"growthProfile.mostImprovedTemplate","growthProfile","share","Most improved: {category} {from} → {to}","進步最多：{category} {from} → {to}","","","high","","",""
"growthProfile.overcameTemplate","growthProfile","share","Went from a weakness to A or better: {categories}","從弱點提升至 A 以上：{categories}","","","high","","",""
"growthProfile.excludedRulesTemplate","growthProfile","share","{count} entries under different diagnosis rules are not compared.","有 {count} 筆不同診斷規則下的紀錄未列入比較。","","","high","","",""
"localBackup.heading","localBackup","ui","Back up, restore or delete this area's data","備份、還原或刪除此區域的資料","","","medium","","",""
"localBackup.intro","localBackup","ui","Export the data saved in this browser's {region} to one JSON file, restore it from that file, or delete it all at once.","將此瀏覽器{region}中儲存的資料匯出為一個 JSON 檔案、從該檔案還原，或一次全部刪除。","","","medium","","",""
"localBackup.regionGuest","localBackup","ui","signed-out (guest) area","未登入（訪客）區域","","30","medium","","",""
"localBackup.regionAccount","localBackup","ui","signed-in account's area","已登入帳號的區域","","32","medium","","",""
"localBackup.scopePending","localBackup","ui","Checking which data area to use…","正在確認要使用的資料區域…","","","medium","","",""
"localBackup.storageUnavailable","localBackup","ui","This browser can't save or read data.","此瀏覽器無法儲存或讀取資料。","","","medium","","",""
"localBackup.currentDataHeading","localBackup","ui","Current data","目前的資料","","16","medium","","",""
"localBackup.noData","localBackup","ui","No data is saved in this area.","此區域沒有儲存任何資料。","","","medium","","",""
"localBackup.sectionMyTeam","localBackup","ui","My Team","我的球隊","","12","medium","","",""
"localBackup.sectionFavorites","localBackup","ui","Favorites","收藏","","12","medium","","",""
"localBackup.sectionBuilds","localBackup","ui","Saved builds (cards)","已儲存的方案（卡片）","","26","medium","","",""
"localBackup.sectionSquads","localBackup","ui","Saved squads","已儲存的陣容","","16","medium","","",""
"localBackup.sectionTemplates","localBackup","ui","Squad templates","陣容範本","","20","medium","","",""
"localBackup.sectionHistory","localBackup","ui","Diagnosis history","診斷紀錄","","23","medium","","",""
"localBackup.noteNoIdentity","localBackup","ui","The file contains no account identifiers (user ID or email address).","檔案中不含帳號識別資訊（使用者 ID 或電子郵件地址）。","","","medium","","",""
"localBackup.noteSharing","localBackup","ui","The file includes what you entered, such as notes, tags and squad names. Don't send it to other people.","檔案包含你輸入的內容，例如備註、標籤與陣容名稱。請勿傳送給他人。","","","medium","","",""
"localBackup.noteExcluded","localBackup","ui","Display language, sidebar state and temporary selections are not included.","不包含顯示語言、側邊欄狀態與暫時的選取。","","","medium","","",""
"localBackup.exportButton","localBackup","ui","Export to JSON","匯出為 JSON","","19","medium","","",""
"localBackup.importButton","localBackup","ui","Import from JSON","從 JSON 匯入","","21","medium","","",""
"localBackup.deleteButton","localBackup","ui","Delete this area's data","刪除此區域的資料","","30","high","","",""
"localBackup.exportDone","localBackup","ui","Exported.","已匯出。","","12","medium","","",""
"localBackup.exportDoneWithSkipped","localBackup","ui","Exported. Damaged items were left out.","已匯出。已略過損壞的項目。","","","medium","","",""
"localBackup.exportFailed","localBackup","ui","Couldn't export.","無法匯出。","","21","high","","",""
"localBackup.importTooLarge","localBackup","ui","The file is too large (limit 5 MB).","檔案太大（上限 5 MB）。","","","medium","","",""
"localBackup.importReadFailed","localBackup","ui","Couldn't read the file.","無法讀取檔案。","","30","high","","",""
"localBackup.importNotBackup","localBackup","ui","This isn't a backup file exported from this app.","這不是從本應用程式匯出的備份檔案。","","","medium","","",""
"localBackup.importInvalidSectionTemplate","localBackup","ui","""{section}"" isn't valid, so nothing was imported (nothing changed).","「{section}」無效，因此未匯入任何內容（沒有任何變更）。","","","medium","","",""
"localBackup.importConfirmTitle","localBackup","ui","Import and replace?","要匯入並取代嗎？","","25","high","","",""
"localBackup.importConfirmBody","localBackup","ui","For the items in the file, the current data in the {region} will be replaced. Items not in the file stay as they are. This can't be undone.","檔案中包含的項目會取代{region}中目前的資料。檔案中沒有的項目會保持不變。此操作無法復原。","","","high","","",""
"localBackup.importExportFirst","localBackup","ui","We recommend exporting your current data first.","建議先匯出目前的資料。","","","medium","","",""
"localBackup.importConfirmButton","localBackup","ui","Import","匯入","","12","high","","",""
"localBackup.importScopeChanged","localBackup","ui","Your sign-in state changed, so the import was cancelled. Please choose the file again.","登入狀態已變更，因此已取消匯入。請重新選擇檔案。","","","medium","","",""
"localBackup.importDone","localBackup","ui","Imported.","已匯入。","","12","medium","","",""
"localBackup.importFailedRolledBack","localBackup","ui","Couldn't import. Your data is as it was before.","無法匯入。你的資料維持原狀。","","","high","","",""
"localBackup.importFailedPartial","localBackup","ui","The import failed part-way and some items couldn't be restored. Please import from your exported file again.","匯入中途失敗，部分項目無法還原。請再次從你匯出的檔案匯入。","","","high","","",""
"localBackup.deleteConfirmTitle","localBackup","ui","Delete this area's data?","要刪除此區域的資料嗎？","","32","high","","",""
"localBackup.deleteConfirmBody","localBackup","ui","My Team, favorites, saved builds, saved squads, templates and diagnosis history in the {region} will be deleted. Other areas and display settings stay. This can't be undone.","{region}中的我的球隊、收藏、已儲存的方案、已儲存的陣容、範本與診斷紀錄將被刪除。其他區域與顯示設定會保留。此操作無法復原。","","","high","","",""
"localBackup.deleteConfirmButton","localBackup","ui","Delete","刪除","","12","high","","",""
"localBackup.deleteDone","localBackup","ui","Deleted this area's data.","已刪除此區域的資料。","","","high","","",""
"localBackup.deleteFailed","localBackup","ui","Some data couldn't be deleted.","部分資料無法刪除。","","","high","","",""
"localBackup.cancel","localBackup","ui","Cancel","取消","","12","medium","","",""
"shareCard.optionsSummary","shareCard","share","Choose a size · Preview","選擇尺寸 · 預覽","","30","high","","",""
"shareCard.ratioLabel","shareCard","share","Image size","圖片尺寸","","13","high","","",""
"shareCard.ratio34","shareCard","share","Portrait 3:4 (default)","直式 3:4（預設）","","29","high","","",""
"shareCard.ratio11","shareCard","share","Square 1:1","正方形 1:1","","13","high","","",""
"shareCard.ratio916","shareCard","share","Tall 9:16 (stories)","長直式 9:16（限時動態）","","25","high","","",""
"shareCard.ratio169","shareCard","share","Wide 16:9","寬版 16:9","","12","high","","",""
"shareCard.previewLoading","shareCard","share","Creating a preview…","正在建立預覽…","","25","high","","",""
"shareCard.previewAltTemplate","shareCard","share","Squad diagnosis card preview ({ratio})","陣容診斷卡片預覽（{ratio}）","","","high","","",""
"shareCard.shareButton","shareCard","share","Share","分享","","12","high","","",""
"shareCard.shareTitle","shareCard","share","Squad diagnosis","陣容診斷","","20","high","","",""
"shareCard.shared","shareCard","share","Shared.","已分享。","","12","high","","",""
"shareCard.privacyNote","shareCard","share","The image shows only the squad name, formation and ratings (no URL, ID or account information). Don't put personal information in squad names.","圖片只會顯示陣容名稱、陣型與評價（不含網址、ID 或帳號資訊）。請勿在陣容名稱中填入個人資料。","","","high","","",""
"shareCard.imgHeading","shareCard","share","Squad Diagnosis (Squad Build Evaluation)","陣容診斷（陣容組成評價）","","52","high","","",""
"shareCard.imgFormationPrefix","shareCard","share","Formation: ","陣型：","","15","high","","",""
"shareCard.imgOverallScore","shareCard","share","Overall Rating","整體評價","","19","high","","",""
"shareCard.imgTierPrefix","shareCard","share","Grade ","等級 ","","12","high","","",""
"shareCard.imgNotRated","shareCard","share","Not rated","未評級","","12","high","","",""
"shareCard.imgRatedCategoriesPrefix","shareCard","share","Rated categories: ","已評價類別：","","24","high","","",""
"shareCard.imgTopStrength","shareCard","share","Top Strength","最大優點","","16","high","","",""
"shareCard.imgTopWeakness","shareCard","share","Top Weakness","最大弱點","","16","high","","",""
"shareCard.imgNone","shareCard","share","None","無","","12","high","","",""
"shareCard.imgDisclaimer","shareCard","share","A build evaluation based on registered data. It does not guarantee match results, national rankings, or win rates.","依據登錄資料所做的陣容組成評價，不保證比賽結果、全國排名或勝率。","","","high","","",""
"shareCard.imgCreatedTemplate","shareCard","share","Created {date}","建立於 {date}","","19","high","","",""
"progressionTab.analysisScopeDefault","progressionTab","ui","World data","World 資料","","13","medium","","",""
"progressionTab.eligibilityTrending","progressionTab","ui","TRENDING cards (POTW etc.) cannot be progressed.","TRENDING 球員卡（POTW 等）無法培養。","","","medium","","",""
"progressionTab.eligibilityMaxLevel1","progressionTab","ui","This card has no progression points because its maximum level is 1.","這張球員卡的最高等級為 1，因此沒有培養點數。","","","medium","","",""
"progressionTab.cannotProgressFallback","progressionTab","ui","This card cannot be progressed.","這張球員卡無法培養。","","","medium","","",""
"progressionTab.baseValuesKept","progressionTab","ui","(Abilities are shown at their base values.)","（能力值以基礎值顯示。）","","","medium","","",""
"progressionTab.statComparisonTitle","progressionTab","ui","Abilities (before / after progression)","能力值（培養前／培養後）","","50","medium","","",""
"progressionTab.estimatedOvr","progressionTab","ui","Est. OVR","預估 OVR","","12","medium","","",""
"progressionTab.underVerification","progressionTab","ui","Unverified","未驗證","","13","medium","","",""
"progressionTab.calculationDetailsSummary","progressionTab","ui","Show how this is calculated and where the data comes from (mode, evidence level, rules version, full breakdown)","顯示計算方式與資料來源（模式、證據等級、規則版本、完整明細）","","","medium","","",""
"progressionTab.detailedBreakdownTitle","progressionTab","ui","Detailed breakdown (table)","詳細明細（表格）","","34","medium","","",""
"progressionTab.autoAllocationTitle","progressionTab","ui","Auto progression (allocation policy)","自動培養（分配方針）","","47","medium","","",""
"progressionTab.resetProgression","progressionTab","ui","Reset progression","重設培養","","23","medium","","",""
"progressionTab.buildModeNone","progressionTab","ui","No progression","不培養","","19","medium","","",""
"progressionTab.buildModeAttack","progressionTab","ui","Attack focus","重視進攻","","16","medium","","",""
"progressionTab.buildModeDefense","progressionTab","ui","Defence focus","重視防守","","17","medium","","",""
"progressionTab.buildModeBalance","progressionTab","ui","Balanced","均衡","","12","medium","","",""
"progressionTab.buildModeGk","progressionTab","ui","GK focus","重視守門員","","12","medium","","",""
"progressionTab.autoAllocationNote","progressionTab","ui","Auto progression is a heuristic allocation policy. It differs from the in-game auto allocation and does not guarantee the highest OVR. You can still adjust each slider afterwards.","自動培養是一種經驗法則的分配方針，與遊戲內的自動分配不同，也不保證 OVR 最高。之後仍可個別調整每個滑桿。","","","medium","","",""
"progressionTab.groupsTitle","progressionTab","ui","Ability groups (category levels)","能力群組（分類等級）","","42","medium","","",""
"progressionTab.groupsHint","progressionTab","ui","{shooting} targets are confirmed / others are unverified","{shooting} 的對象已確認／其他尚未驗證","","","medium","","",""
"progressionTab.gkGroupsSummary","progressionTab","ui","GK progression (3 groups)","守門員培養（3 個群組）","","","medium","","",""
"progressionTab.gkAllocatedNonGk","progressionTab","ui","Allocated Lv {level} (not a GK, collapsed)","已分配 Lv {level}（非守門員，已收合）","","","medium","","",""
"progressionTab.gkAllocatedGk","progressionTab","ui","Allocated Lv {level} (GK, expanded)","已分配 Lv {level}（守門員，已展開）","","","medium","","",""
"progressionTab.gkGroupsNote","progressionTab","ui","Adjusts {stats}. Collapsing keeps the allocation, used points and staged costs.","調整 {stats}。收合時會保留分配、已使用點數與階段消耗。","","","medium","","",""
"progressionTab.cardFallbackName","progressionTab","ui","Card {id}","球員卡 {id}","","12","medium","","",""
"progressionTab.maxOvrLabel","progressionTab","ui","Max OVR","最高 OVR","","12","medium","","",""
"progressionTab.maxOvrShort","progressionTab","ui","Max OVR","最高 OVR","","12","medium","","",""
"progressionTab.levelCap","progressionTab","ui","Max Lv {level}","最高 Lv {level}","","19","medium","","",""
"progressionTab.noEnglishName","progressionTab","ui","(no English name)","（無英文名稱）","","23","medium","","",""
"progressionTab.boostersHeading","progressionTab","ui","Boosters","加成","","12","medium","","",""
"progressionTab.b2Heading","progressionTab","ui","Extra booster (B2, chosen by you)","額外加成（B2，自行選擇）","","43","medium","","",""
"progressionTab.b2Note","progressionTab","ui","A booster you add yourself, separate from the card's own booster (B1). A confirmed B2 booster is applied right away to its target abilities, the normal final values, comparison rankings and team totals. An unconfirmed B2 booster (trial only; previous choices can still be changed) only affects the trial final values and does not change normal final values, rankings or team totals.","這是你自行加入的加成，與球員卡本身的加成（B1）分開。已確認的 B2 加成會立即套用到其對象能力值、一般最終值、比較排名與球隊合計。未確認的 B2 加成（僅試算；先前的選擇仍可變更）只會影響試算最終值，不會改變一般最終值、排名或球隊合計。","","","medium","","",""
"progressionTab.managerHeading","progressionTab","ui","Manager","總教練","","12","medium","","",""
"progressionTab.remainingLabel","progressionTab","ui","Left","剩餘","","12","medium","","",""
"progressionTab.pointsHeading","progressionTab","ui","Progression points","培養點數","","24","medium","","",""
"progressionTab.pointsUsedSuffix","progressionTab","ui"," / {total} used"," / {total} 已使用","","20","medium","","",""
"progressionTab.pointsRemainingPrefix","progressionTab","ui","Left ","剩餘 ","","12","medium","","",""
"progressionTab.pointsFormulaConfirmed","progressionTab","ui","Total points = (max level − 1) × 2 (confirmed) / spending uses staged costs (unverified)","總點數 =（最高等級 − 1）× 2（已確認）／消耗採用階段消耗（未驗證）","","","high","","",""
"progressionTab.pointsFormulaUnverified","progressionTab","ui","Total points (unverified)","總點數（未驗證）","","","medium","","",""
"progressionTab.pointsNone","progressionTab","ui"," — this card has no progression points","——這張球員卡沒有培養點數","","","medium","","",""
"progressionTab.buildDefaultName","progressionTab","ui","Build {n}","方案 {n}","","12","medium","","",""
"progressionTab.buildSaved","progressionTab","ui","Saved: {name}","已儲存：{name}","","17","medium","","",""
"progressionTab.buildSaveFailed","progressionTab","ui","Could not save: {reason}","無法儲存：{reason}","","32","high","","",""
"progressionTab.buildRenamePrompt","progressionTab","ui","New build name","新的方案名稱","","19","medium","","",""
"progressionTab.buildRenamed","progressionTab","ui","Renamed","已重新命名","","12","medium","","",""
"progressionTab.buildRenameFailed","progressionTab","ui","Could not rename: {reason}","無法重新命名：{reason}","","","high","","",""
"progressionTab.buildDeleteConfirm","progressionTab","ui","Delete the build ""{name}""? (Only this browser's saved copy)","要刪除方案「{name}」嗎？（僅限此瀏覽器中儲存的資料）","","","high","","",""
"progressionTab.buildDeleted","progressionTab","ui","Deleted","已刪除","","12","high","","",""
"progressionTab.buildDeleteFailed","progressionTab","ui","Could not delete: {reason}","無法刪除：{reason}","","","high","","",""
"progressionTab.buildSaveHeading","progressionTab","ui","Save build","儲存方案","","13","medium","","",""
"progressionTab.buildStorageUnavailable","progressionTab","ui","Builds cannot be saved because localStorage is unavailable here (you can still use the screen).","此環境無法使用 localStorage，因此無法儲存方案（仍可使用此畫面）。","","","medium","","",""
"progressionTab.buildNameLabel","progressionTab","ui","Build name","方案名稱","","13","medium","","",""
"progressionTab.buildSaveButton","progressionTab","ui","Save","儲存","","12","medium","","",""
"progressionTab.buildLegacyRules","progressionTab","ui","Old rules","舊規則","","12","medium","","",""
"progressionTab.buildListMeta","progressionTab","ui","Est. OVR {ovr} / {date}","預估 OVR {ovr} / {date}","","30","medium","","",""
"progressionTab.buildLoad","progressionTab","ui","Load","載入","","12","medium","","",""
"progressionTab.buildRename","progressionTab","ui","Rename","重新命名","","12","medium","","",""
"progressionTab.buildDelete","progressionTab","ui","Delete","刪除","","12","high","","",""
"progressionTab.buildNone","progressionTab","ui","No saved builds.","沒有已儲存的方案。","","21","medium","","",""
"progressionTab.migrationTitle","progressionTab","ui","This build was made with old rules ({version})","此方案是以舊規則（{version}）建立的","","60","medium","","",""
"progressionTab.migrationBody1","progressionTab","ui","The current rules ({version}) use a different allocation unit (groups) and staged costs.","目前的規則（{version}）使用不同的分配單位（群組）與階段消耗。","","","medium","","",""
"progressionTab.migrationBody2","progressionTab","ui","Recalculating below converts it to the current rules while keeping the original allocation (it is not saved automatically).","在下方重新計算，會在保留原本分配的情況下轉換為目前的規則（不會自動儲存）。","","","medium","","",""
"progressionTab.migrationRecalculate","progressionTab","ui","Recalculate with current rules","以目前的規則重新計算","","","medium","","",""
"progressionTab.migrationKeep","progressionTab","ui","Show as is","維持原狀顯示","","13","medium","","",""
"progressionTab.sliderCap","progressionTab","ui","Max","上限","","12","medium","","",""
"progressionTab.sliderNextCost","progressionTab","ui","Next +1: {cost}pt","下一個 +1：{cost}pt","","23","medium","","",""
"progressionTab.sliderValueTextMax","progressionTab","ui","{group} level {level} (maximum reached), {used} pt used","{group} 等級 {level}（已達上限），已使用 {used} pt","","","medium","","",""
"progressionTab.sliderValueText","progressionTab","ui","{group} level {level}, next +1 costs {next} pt, {used} pt used","{group} 等級 {level}，下一個 +1 需要 {next} pt，已使用 {used} pt","","","medium","","",""
"progressionTab.confirmedTag","progressionTab","ui","Confirmed","已確認","","12","high","","",""
"progressionTab.targetsUnverifiedTag","progressionTab","ui","Targets unverified","對象未驗證","","24","medium","","",""
"progressionTab.targetsLabel","progressionTab","ui","Targets: {stats}","對象：{stats}","","21","medium","","",""
"progressionTab.sliderDecrease","progressionTab","ui","Lower {group} level","降低 {group} 等級","","25","medium","","",""
"progressionTab.sliderAria","progressionTab","accessibility","{group} progression level","{group} 培養等級","","33","high","","",""
"progressionTab.sliderIncrease","progressionTab","ui","Raise {group} level","提升 {group} 等級","","25","medium","","",""
"progressionTab.consumedLabel","progressionTab","ui","Used: {used}pt","已使用：{used}pt","","19","medium","","",""
"progressionTab.capReached","progressionTab","ui","Max reached","已達上限","","15","medium","","",""
"progressionTab.capLevel","progressionTab","ui","Max Lv{level}","最高 Lv{level}","","17","medium","","",""
"progressionTab.anCellRegistered","progressionTab","ui","Reg.","登錄","","12","medium","","",""
"progressionTab.anCellSuitable","progressionTab","ui","Suited","適合","","12","medium","","",""
"progressionTab.anCellPartial","progressionTab","ui","Partial","部分","","12","medium","","",""
"progressionTab.anRegisteredLabel","progressionTab","ui","Registered: ","登錄：","","16","medium","","",""
"progressionTab.anSuitableLabel","progressionTab","ui"," / Suitable: ","／適合：","","17","medium","","",""
"progressionTab.anOvrByPosLabel","progressionTab","ui","Overall (OVR by position): ","綜合（各位置 OVR）：","","36","medium","","",""
"progressionTab.anOvrByPosPending","progressionTab","ui"," (calculation rules under review)","（計算規則確認中）","","","medium","","",""
"progressionTab.anOvrSummary","progressionTab","ui","About OVR by position and suitability","關於各位置 OVR 與適性","","","medium","","",""
"progressionTab.anSourcePrefix","progressionTab","ui","Source — ","來源——","","12","medium","","",""
"progressionTab.anColPosition","progressionTab","ui","Position","位置","","12","medium","","",""
"progressionTab.anColCategory","progressionTab","ui","Type","類型","","12","medium","","",""
"progressionTab.anColFamiliarity","progressionTab","ui","Familiarity (raw)","熟悉度（原始值）","","23","medium","","",""
"progressionTab.anRegistered","progressionTab","ui","Registered","登錄位置","","13","medium","","",""
"progressionTab.anSubPosition","progressionTab","ui","Secondary position","副位置","","24","medium","","",""
"progressionTab.anNotInSource","progressionTab","ui","Not in source","來源中沒有","","17","medium","","",""
"progressionTab.anSizeRank","progressionTab","ui","Size rank","大小排名","","12","medium","","",""
"progressionTab.anSamePosition","progressionTab","ui","Same position","同位置","","17","medium","","",""
"progressionTab.anPercentile","progressionTab","ui","Percentile","百分位","","13","medium","","",""
"progressionTab.anPercentileHint","progressionTab","ui"," (closer to 100 = larger)","（越接近 100 越大）","","","medium","","",""
"progressionTab.anPercentileAria","progressionTab","accessibility","Percentile {value}","百分位 {value}","","24","high","","",""
"progressionTab.anRelativePending","progressionTab","ui","Relative rating in preparation","相對評價準備中","","","medium","","",""
"progressionTab.anNotRecorded","progressionTab","ui","Not recorded","未記錄","","16","medium","","",""
"progressionTab.anShowPrimary","progressionTab","ui","Show main items only","僅顯示主要項目","","26","medium","","",""
"progressionTab.anShowAll","progressionTab","ui","Show all ({n} items)","顯示全部（{n} 項）","","26","medium","","",""
"progressionTab.anModelCaveat","progressionTab","ui","Internal player model values, not confirmed as real cm. 0 is a real value (distinct from not recorded).","這是內部的球員模型數值，未確認為實際的 cm。0 是實際的數值（與未記錄不同）。","","","medium","","",""
"progressionTab.anInternalTraitsHeading","progressionTab","ui","Internal trait values (meaning of levels still being verified)","內部特性數值（各等級的意義仍在驗證中）","","81","medium","","",""
"progressionTab.anInternalValue","progressionTab","ui","Internal value ","內部數值 ","","20","medium","","",""
"progressionTab.anAriaLabel","progressionTab","accessibility","Player analysis","球員分析","","20","high","","",""
"progressionTab.anHeading","progressionTab","ui","Player analysis (player-specific)","球員分析（球員個別資料）","","43","medium","","",""
"progressionTab.anSecPositions","progressionTab","ui","Position suitability","位置適性","","26","medium","","",""
"progressionTab.anSecPhysical","progressionTab","ui","Physical data","身體資料","","17","medium","","",""
"progressionTab.anSecModel","progressionTab","ui","Player model","球員模型","","16","medium","","",""
"progressionTab.anSecTraits","progressionTab","ui","Other traits","其他特性","","16","medium","","",""
"progressionTab.anSuitOnly","progressionTab","ui","Suitability only confirmed","僅確認適性","","","medium","","",""
"progressionTab.anSuitUnconfirmed","progressionTab","ui","Suitability unconfirmed","適性未確認","","30","high","","",""
"progressionTab.anRankTotal","progressionTab","ui","Out of {n} cards at ranking time","排名時共 {n} 張球員卡","","","medium","","",""
"progressionTab.anModelCount","progressionTab","ui","{n} / 11 items","{n} / 11 項","","19","medium","","",""
"progressionTab.anFooter","progressionTab","ui","Position, physical, model and trait values are display-only data. They do not affect progression, booster or manager calculations.","位置、身體、模型與特性數值僅供顯示，不會影響培養、加成或總教練的計算。","","","medium","","",""
"progressionTab.anSrcWithEfhub","progressionTab","ui","Registered position: eFootball World / Secondary position suitability: eFHUB player page","登錄位置：eFootball World／副位置適性：eFHUB 球員頁面","","","medium","","",""
"progressionTab.anSrcWorldOnly","progressionTab","ui","Registered position: eFootball World (secondary position suitability is not in this card's source)","登錄位置：eFootball World（此球員卡的來源中沒有副位置適性）","","","medium","","",""
"progressionTab.anOvrNote","progressionTab","ui","OVR by position is not shown because the calculation rules have not been confirmed. KONAMI does not publish the formula or weights, and only one sample of displayed values across cards is available (we do not guess a formula).","由於計算規則尚未確認，因此不顯示各位置 OVR。KONAMI 並未公開公式或權重，且跨球員卡的顯示數值樣本只有一筆（我們不會猜測公式）。","","","medium","","",""
"progressionTab.anSuitNoteEfhub","progressionTab","ui","Secondary position suitability from the eFHUB player page. The meaning of raw familiarity values 1 / 2 (partial / high suitability) is a provisional interpretation.","副位置適性來自 eFHUB 球員頁面。熟悉度原始值 1 / 2（部分適合／高度適合）的意義為暫定解讀。","","","medium","","",""
"progressionTab.anSuitNoteNone","progressionTab","ui","Secondary position suitability is not in this card's source (only the registered position is confirmed).","此球員卡的來源中沒有副位置適性（僅確認登錄位置）。","","","medium","","",""
"progressionTab.anPhysNoteRanks","progressionTab","ui","Ranks order all cards' real data on eFootball World at ranking time by value, largest first (rank 1 = largest). The total is the count at ranking time and may differ from the current number of cards. A percentile closer to 100 means a larger value. These are internal values whose exact in-game effect is still being verified.","排名是將排名時 eFootball World 上所有球員卡的實際資料，依數值由大到小排序（第 1 名 = 最大）。總數是排名時的數量，可能與目前的球員卡數量不同。百分位越接近 100 代表數值越大。這些是內部數值，在遊戲中的確切效果仍在驗證中。","","","medium","","",""
"progressionTab.anPhysNoteNoRanks","progressionTab","ui","Internal model values. Relative rating (rank / percentile) is in preparation.","內部模型數值。相對評價（排名／百分位）準備中。","","","medium","","",""
"progressionTab.anModelNoteNone","progressionTab","ui","Player model values are not in this card's source.","此球員卡的來源中沒有球員模型數值。","","","medium","","",""
"progressionTab.anTraitsNote","progressionTab","ui","Weak foot usage, accuracy, form and injury resistance are raw values. The meaning of levels (low / normal / high etc.) is not confirmed against KONAMI's official wording, so they are shown as numbers.","非慣用腳使用頻率、非慣用腳精準度、狀態穩定性與抗傷能力為原始值。各等級（低／一般／高等）的意義尚未與 KONAMI 的官方用語核對，因此以數字顯示。","","","medium","","",""
"progressionTab.anSkillsNote","progressionTab","ui","Highlight Skill / Skill FX information is not in the current data, so all are shown as ""Player skills"" (we do not guess the classification).","目前的資料中沒有 Highlight Skill／Skill FX 的資訊，因此全部以「球員技能」顯示（我們不會猜測分類）。","","","medium","","",""
"progressionTab.anMetricLegCoverageRadius","progressionTab","ui","Leg coverage radius","腿部覆蓋半徑","","25","medium","","",""
"progressionTab.anMetricArmCoverageRadius","progressionTab","ui","Arm coverage radius","手臂覆蓋半徑","","25","medium","","",""
"progressionTab.anMetricJumpingHeight","progressionTab","ui","Jumping height","彈跳高度","","19","medium","","",""
"progressionTab.anMetricTorsoCollision","progressionTab","ui","Torso collision","軀幹碰撞","","20","medium","","",""
"progressionTab.anMetricDribbleHeight","progressionTab","ui","Height based on leg length","依腿長計算的高度","","","medium","","",""
"progressionTab.anModelArmLength","progressionTab","ui","Arm length","手臂長度","","13","medium","","",""
"progressionTab.anModelShoulderWidth","progressionTab","ui","Shoulder width","肩寬","","19","medium","","",""
"progressionTab.anModelNeckLength","progressionTab","ui","Neck length","脖子長度","","15","medium","","",""
"progressionTab.anModelChestMeasurement","progressionTab","ui","Chest","胸圍","","12","medium","","",""
"progressionTab.anModelNeckSize","progressionTab","ui","Neck size","脖子粗細","","12","medium","","",""
"progressionTab.anModelShoulderHeight","progressionTab","ui","Shoulder height","肩高","","20","medium","","",""
"progressionTab.anModelLegLength","progressionTab","ui","Leg length","腿長","","13","medium","","",""
"progressionTab.anModelThighSize","progressionTab","ui","Thigh size","大腿粗細","","13","medium","","",""
"progressionTab.anModelWaistSize","progressionTab","ui","Waist size","腰圍","","13","medium","","",""
"progressionTab.anModelArmSize","progressionTab","ui","Arm size","手臂粗細","","12","medium","","",""
"progressionTab.anModelCalfSize","progressionTab","ui","Calf size","小腿粗細","","12","medium","","",""
"progressionTab.anTraitPreferredFoot","progressionTab","ui","Preferred foot","慣用腳","","19","medium","","",""
"progressionTab.anTraitHeight","progressionTab","ui","Height","身高","","12","medium","","",""
"progressionTab.anTraitWeight","progressionTab","ui","Weight","體重","","12","medium","","",""
"progressionTab.anTraitAge","progressionTab","ui","Age","年齡","","12","medium","","",""
"progressionTab.anTraitWeakFootUsage","progressionTab","ui","Weak foot usage","非慣用腳使用頻率","","20","medium","","",""
"progressionTab.anTraitWeakFootAccuracy","progressionTab","ui","Weak foot accuracy","非慣用腳精準度","","24","medium","","",""
"progressionTab.anTraitForm","progressionTab","ui","Form","狀態","","12","medium","","",""
"progressionTab.anTraitConditionValue","progressionTab","ui","Condition stability","狀態穩定性","","25","medium","","",""
"progressionTab.anTraitInjuryResistance","progressionTab","ui","Injury resistance","抗傷能力","","23","medium","","",""
"progressionTab.anSkillsTitle","progressionTab","ui","Skills / AI (COM) playing styles","技能／AI（COM）打法風格","","42","medium","","",""
"progressionTab.anPlayerSkillsCount","progressionTab","ui","Player skills ({n})","球員技能（{n}）","","25","medium","","",""
"progressionTab.anNoSkills","progressionTab","ui","No skill information.","沒有技能資訊。","","28","medium","","",""
"progressionTab.anAiStylesCount","progressionTab","ui","AI (COM) playing styles ({n})","AI（COM）打法風格（{n}）","","","medium","","",""
"progressionTab.anNoAiStyles","progressionTab","ui","No AI (COM) playing styles.","沒有 AI（COM）打法風格。","","","medium","","",""
"progressionTab.anStrictFinal","progressionTab","ui","Strict final","嚴格最終值","","16","medium","","",""
"progressionTab.anStandardFinal","progressionTab","ui","Standard final","標準最終值","","19","medium","","",""
"progressionTab.anColAbility","progressionTab","ui","Ability","能力值","","12","medium","","",""
"progressionTab.anColBase","progressionTab","ui","Base","基礎","","12","medium","","",""
"progressionTab.anColProgression","progressionTab","ui","Prog.","培養","","12","medium","","",""
"progressionTab.anColPlayerB","progressionTab","ui","Player B","球員加成","","12","medium","","",""
"progressionTab.anColConditional","progressionTab","ui","Conditional","條件式","","15","medium","","",""
"progressionTab.anColManager","progressionTab","ui","Manager","總教練","","12","medium","","",""
"progressionTab.anColAfterConditional","progressionTab","ui","With conditions","含條件","","20","medium","","",""
"progressionTab.anColTrialB","progressionTab","ui","Trial B","試算加成","","12","medium","","",""
"progressionTab.anColTrialFinal","progressionTab","ui","Trial final","試算最終值","","15","medium","","",""
"progressionTab.anMeasuredPlus","progressionTab","ui","Measured +{n}","實測 +{n}","","17","medium","","",""
"progressionTab.anExternalPlus","progressionTab","ui","Cross-checked +{n}","交叉比對 +{n}","","24","medium","","",""
"progressionTab.anConfirmedB2Plus","progressionTab","ui","Confirmed B2 +{n}","已確認 B2 +{n}","","23","high","","",""
"progressionTab.anCap","progressionTab","ui","Cap","上限","","12","medium","","",""
"progressionTab.anColumnsLabel","progressionTab","ui","Columns: ","欄位：","","12","medium","","",""
"progressionTab.anPeriod","progressionTab","ui",".","。","","12","medium","","",""
"progressionTab.anStrictFormulaA","progressionTab","ui"," = base + progression + "," = 基礎值 + 培養 + ","","32","medium","","",""
"progressionTab.anStrictBold","progressionTab","ui","card boosters measured from the user's saved screenshots","從使用者儲存的截圖實測的球員卡加成","","","medium","","",""
"progressionTab.anStrictFormulaB","progressionTab","ui"," (currently 2) + manager bonus.","（目前 2 個）+ 總教練加成。","","","medium","","",""
"progressionTab.anStandardFormula","progressionTab","ui"," = base + progression + card boosters (2 measured from screenshots + 27 consistent across 2 external sources, eFootball World and EFScout) + confirmed B2 (confirmed boosters selected manually by the user) + manager bonus."," = 基礎值 + 培養 + 球員卡加成（截圖實測 2 個 + eFootball World 與 EFScout 兩個外部來源一致的 27 個）+ 已確認 B2（使用者手動選擇的已確認加成）+ 總教練加成。","","","medium","","",""
"progressionTab.anStandardNotOfficial","progressionTab","ui"," Not confirmed as KONAMI's official calculation result.","並未確認為 KONAMI 的官方計算結果。","","","medium","","",""
"progressionTab.anCondFormula","progressionTab","ui"," = standard final + user-specified level of gold / variable boosters (only to the abilities targeted by that effect). "," = 標準最終值 + 使用者指定等級的金色／變動加成（僅限該效果的對象能力值）。","","","medium","","",""
"progressionTab.anCondUserSpecified","progressionTab","ui"," This value was specified by the user after checking their own Game Plan. The app has not automatically verified the squad counts.","此數值是使用者確認自己的比賽計畫後指定的。本應用程式並未自動驗證陣容的人數。","","","medium","","",""
"progressionTab.anCondSeparate","progressionTab","ui"," This is separate from the standard final value.","這與標準最終值分開計算。","","","medium","","",""
"progressionTab.anTrialFormula","progressionTab","ui"," = standard final + card boosters under verification + manual conditions + unconfirmed manual trial (B2). Confirmed B2 is already in the standard final, so it is not added twice. "," = 標準最終值 + 驗證中的球員卡加成 + 手動條件 + 未確認的手動試算（B2）。已確認的 B2 已包含在標準最終值中，因此不會重複加算。","","","medium","","",""
"progressionTab.anTrialNotOfficial","progressionTab","ui","Not an official in-game value.","並非遊戲內的官方數值。","","","medium","","",""
"progressionTab.anExcludedNote","progressionTab","ui","Boosters whose effect is under verification, gold variable boosters (when not specified), unresolved card boosters and unconfirmed manual trials (B2) are not included (shown separately in experimental mode). No fictional increases are generated.","效果驗證中的加成、金色變動加成（未指定時）、未解析的球員卡加成，以及未確認的手動試算（B2）均不包含在內（在實驗模式中另行顯示）。不會產生虛構的提升值。","","","medium","","",""
"progressionTab.anManagerNote","progressionTab","ui","""Manager"" = the selected manager's booster effects (only those confirmed by multiple sources).","「總教練」= 所選總教練的加成效果（僅限經多個來源確認者）。","","","medium","","",""
"progressionTab.boostNameWithEn","progressionTab","ui","{ja} ({en})","{ja}（{en}）","","15","medium","","",""
"progressionTab.boostFallbackName","progressionTab","ui","Booster","加成","","12","medium","","",""
"progressionTab.boostFixedType","progressionTab","ui","Fixed","固定","","12","medium","","",""
"progressionTab.boostFixedProvisional","progressionTab","ui","Fixed (assumed)","固定（推定）","","20","medium","","",""
"progressionTab.boostUnresolvedNotApplied","progressionTab","ui","Unresolved, not applied","未解析，未套用","","30","medium","","",""
"progressionTab.boostEvidenceMeasured","progressionTab","ui","Measured on reference screens","已在參考畫面上實測","","","medium","","",""
"progressionTab.boostEvidenceExternal","progressionTab","ui","Cross-checked externally (not confirmed by KONAMI)","已與外部來源交叉比對（未經 KONAMI 確認）","","","medium","","",""
"progressionTab.boostEvidencePending","progressionTab","ui","Effect under verification","效果驗證中","","","medium","","",""
"progressionTab.boostActEvOfficial","progressionTab","ui","Stated officially by KONAMI","KONAMI 官方說明","","","medium","","",""
"progressionTab.boostActEvScreenshot","progressionTab","ui","Confirmed on user-provided screens","已在使用者提供的畫面上確認","","","medium","","",""
"progressionTab.boostActEvExternal","progressionTab","ui","Consistent across 2 external sources","2 個外部來源一致","","","medium","","",""
"progressionTab.boostActEvConflicted","progressionTab","ui","Conflicting evidence","證據互相矛盾","","26","medium","","",""
"progressionTab.boostActEvUnresolved","progressionTab","ui","Unconfirmed","未確認","","15","medium","","",""
"progressionTab.boostActEvInferred","progressionTab","ui","Inferred (circumstantial evidence only)","推測（僅有間接證據）","","","medium","","",""
"progressionTab.boostEvidencePom","progressionTab","ui","Gold, variable (depends on Game Plan, not applied)","金色，變動（取決於比賽計畫，未套用）","","","medium","","",""
"progressionTab.boostEvidenceConditional","progressionTab","ui","Depends on squad conditions, not applied","取決於陣容條件，未套用","","","medium","","",""
"progressionTab.boostEvidenceUnresolved","progressionTab","ui","Unresolved","未解析","","13","medium","","",""
"progressionTab.boostStagePom","progressionTab","ui","★ Gold, Power of Many type (the effect changes with the number of same-league players in the Game Plan). It cannot be detected automatically, so you set the tier manually. The chosen tier is reflected only in the ""conditional final value"" of the target abilities of that effect","★ 金色，Power of Many 類型（效果會隨比賽計畫中同聯賽球員的人數而變化）。無法自動偵測，因此需手動設定階段。所選階段只會反映在該效果對象能力值的「條件式最終值」","","","medium","","",""
"progressionTab.boostStageUnresolved","progressionTab","ui","① Numeric ID only (not in the mapping table)","① 僅有數字 ID（不在對照表中）","","","medium","","",""
"progressionTab.boostStageProvisional","progressionTab","ui","③ Name and level confirmed / effect from a single public source only (trial calculation in experimental mode)","③ 名稱與等級已確認／效果僅來自單一公開來源（在實驗模式中試算）","","","medium","","",""
"progressionTab.boostStageConditional","progressionTab","ui","③ Name, level and candidate effect confirmed / the activation condition (number of same-league players in the squad) is known but cannot be evaluated from a static screen (maximum effect trial-calculated in experimental mode)","③ 名稱、等級與候選效果已確認／發動條件（陣容中同聯賽球員的人數）已知，但無法從靜態畫面評估（在實驗模式中試算最大效果）","","","medium","","",""
"progressionTab.boostStageExternal","progressionTab","ui","④ Name and level confirmed / effect consistent across 2 external sources (applied to normal values in standard mode; not measured officially by KONAMI)","④ 名稱與等級已確認／效果在 2 個外部來源一致（在標準模式中套用到一般數值；未經 KONAMI 官方實測）","","","medium","","",""
"progressionTab.boostStageExternalProvisional","progressionTab","ui"," / activation type assumed to be fixed (no concrete evidence of Power of Many; applied provisionally)","／發動類型推定為固定（沒有 Power of Many 的具體證據；暫時套用）","","","medium","","",""
"progressionTab.boostStageScreenshot","progressionTab","ui","⑤ Target abilities and increase confirmed on saved screenshots (applied to normal values even in strict mode). Not confirmed on the KONAMI game client screen","⑤ 對象能力值與提升值已在儲存的截圖上確認（即使在嚴格模式也會套用到一般數值）。未在 KONAMI 遊戲用戶端畫面上確認","","","medium","","",""
"progressionTab.boostStageScreenshotProvisional","progressionTab","ui"," / activation type assumed to be fixed","／發動類型推定為固定","","","medium","","",""
"progressionTab.boostStageGameClient","progressionTab","ui","⑥ Change confirmed directly on the KONAMI game client screen (applied to normal values even in strict mode)","⑥ 已直接在 KONAMI 遊戲用戶端畫面上確認變化（即使在嚴格模式也會套用到一般數值）","","","medium","","",""
"progressionTab.boostAttachedHeading","progressionTab","ui","Card booster (included with the card, automatic)","球員卡加成（球員卡附帶，自動）","","63","medium","","",""
"progressionTab.boostSlot","progressionTab","ui","Slot {slot}","欄位 {slot}","","15","medium","","",""
"progressionTab.boostCardFixed","progressionTab","ui","Card-specific, cannot be changed","球員卡專屬，無法變更","","","medium","","",""
"progressionTab.boostAppliedInMode","progressionTab","ui","Applied in current mode","已在目前模式中套用","","30","medium","","",""
"progressionTab.boostNotAppliedNormal","progressionTab","ui","Not applied to normal values","未套用到一般數值","","","medium","","",""
"progressionTab.boostTargetsPrefix","progressionTab","ui","Targets: ","對象：","","12","medium","","",""
"progressionTab.boostEachLevel","progressionTab","ui"," (each +{level})","（各 +{level}）","","21","medium","","",""
"progressionTab.boostEachCandidateLevel","progressionTab","ui"," (each, candidate +{level})","（各，候選 +{level}）","","","medium","","",""
"progressionTab.boostDetailsSummary","progressionTab","ui","Show details (resolution stage, activation type, sources)","顯示詳情（解析階段、發動類型、來源）","","","medium","","",""
"progressionTab.boostStageLine","progressionTab","ui","Resolution stage: {stage}","解析階段：{stage}","","","medium","","",""
"progressionTab.boostActivationLine","progressionTab","ui","Activation type: {value}","發動類型：{value}","","32","medium","","",""
"progressionTab.boostActivationPom","progressionTab","ui","Power of Many (gold, depends on Game Plan) / evidence: {evidence}","Power of Many（金色，取決於比賽計畫）／證據：{evidence}","","","medium","","",""
"progressionTab.boostActivationFixedAssumed","progressionTab","ui","Assumed fixed (no confirmed evidence of blue vs gold; ScoreBar differences alone cannot tell them apart)","推定為固定（沒有藍色或金色的確認證據；僅憑 ScoreBar 的差異無法區分）","","","medium","","",""
"progressionTab.boostActivationFixed","progressionTab","ui","Fixed (blue) / evidence: {evidence}","固定（藍色）／證據：{evidence}","","","medium","","",""
"progressionTab.boostSourceWorld","progressionTab","ui","Source: individual player page on eFootball World (external community DB)","來源：eFootball World 的個別球員頁面（外部社群資料庫）","","","medium","","",""
"progressionTab.boostSourceEfscout","progressionTab","ui"," + definition from EFScout (external DB) (consistent across 2 external sources)"," + EFScout（外部資料庫）的定義（2 個外部來源一致）","","","medium","","",""
"progressionTab.boostSourceScreenshot","progressionTab","ui"," + saved screenshots"," + 儲存的截圖","","26","medium","","",""
"progressionTab.boostScreenshotNote","progressionTab","ui","Note: target abilities and increase confirmed on saved screenshots. Not confirmed on the KONAMI game client screen.","註：對象能力值與提升值已在儲存的截圖上確認。未在 KONAMI 遊戲用戶端畫面上確認。","","","medium","","",""
"progressionTab.boostConditionLine","progressionTab","ui","Activation condition: {text}","發動條件：{text}","","","medium","","",""
"progressionTab.boostConditionalHeading","progressionTab","ui","Conditional booster (Power of Many)","條件式加成（Power of Many）","","46","medium","","",""
"progressionTab.boostPomExplain","progressionTab","ui","{name} is a variable booster shown in gold on eFHUB. Under KONAMI's official ""The Power of Many"", its effect changes with the number of same-league players registered in the Game Plan. This app cannot check that number automatically, so it is not applied to the standard final value; choose the tier (+0/+1/+2/+3) below. Your choice is reflected only in the target abilities of {nameEn}.","{name} 是在 eFHUB 上以金色顯示的變動加成。依據 KONAMI 官方的「The Power of Many」，其效果會隨比賽計畫中登錄的同聯賽球員人數而變化。本應用程式無法自動確認該人數，因此不會套用到標準最終值；請在下方選擇階段（+0/+1/+2/+3）。你的選擇只會反映在 {nameEn} 的對象能力值。","","","medium","","",""
"progressionTab.boostOverriddenNote","progressionTab","ui","* Overridden by an additional booster (B2) (this card booster is not included in the calculation)","※ 已被額外加成（B2）覆蓋（此球員卡加成不列入計算）","","","medium","","",""
"progressionTab.boostUnresolvedNotAppliedNote","progressionTab","ui","The card booster is unresolved, so it is not applied to abilities. ","球員卡加成尚未解析，因此不會套用到能力值。","","","medium","","",""
"progressionTab.boostNoAttachedPlayer","progressionTab","ui","This card has no player booster.","這張球員卡沒有球員加成。","","","medium","","",""
"progressionTab.boostFixedDialogTitle","progressionTab","ui","{name} (fixed) effect","{name}（固定）的效果","","28","medium","","",""
"progressionTab.boostFixedIntro","progressionTab","ui","This is the card's own booster.","這是球員卡本身的加成。","","","medium","","",""
"progressionTab.boostFixedNoTierProvisional","progressionTab","ui"," Because it is assumed to be fixed, it is treated as having no tier changes from player-count conditions (unconfirmed).","由於推定為固定，因此視為不會因人數條件而改變階段（未確認）。","","","medium","","",""
"progressionTab.boostFixedNoTier","progressionTab","ui"," It has no tier changes from player-count conditions.","不會因人數條件而改變階段。","","","medium","","",""
"progressionTab.boostFixedAppliedStandard","progressionTab","ui"," Applied to the standard final value.","已套用到標準最終值。","","","medium","","",""
"progressionTab.boostFixedNotAppliedMode","progressionTab","ui"," Not applied to normal values in the current mode.","在目前模式中未套用到一般數值。","","","medium","","",""
"progressionTab.boostFixedProvisionalPre","progressionTab","ui","The activation type is ","發動類型","","30","medium","","",""
"progressionTab.boostFixedProvisionalBold","progressionTab","ui","assumed","推定","","12","medium","","",""
"progressionTab.boostFixedProvisionalPost","progressionTab","ui"," to be fixed (activation type unconfirmed). The effect (target abilities and increase) has been cross-checked externally, but the evidence for whether this booster is blue (fixed) or gold (Power of Many) (source data for the eFHUB hexagon colour, the raw eFootball World payload, in-game measurement) has not been confirmed. ScoreBar differences alone cannot tell ""fixed +N"" apart from ""Power of Many maximum +N"". As there is no concrete evidence that it is Power of Many (conditional), it is provisionally applied as fixed in standard mode.","為固定（發動類型未確認）。效果（對象能力值與提升值）已與外部來源交叉比對，但此加成是藍色（固定）還是金色（Power of Many）的證據（eFHUB 六角形顏色的來源資料、eFootball World 的原始資料、遊戲內實測）尚未確認。僅憑 ScoreBar 的差異無法區分「固定 +N」與「Power of Many 最大 +N」。由於沒有它屬於 Power of Many（條件式）的具體證據，在標準模式中暫時以固定套用。","","","medium","","",""
"progressionTab.boostIncreasePerAbility","progressionTab","ui","Increase per target ability","每項對象能力值的提升值","","","medium","","",""
"progressionTab.boostFixedSourceNote","progressionTab","ui","Name, level and effect are resolved from the individual player page on eFootball World (external community DB, not the official KONAMI site) and the definition in EFScout (external DB).","名稱、等級與效果是依據 eFootball World 的個別球員頁面（外部社群資料庫，非 KONAMI 官方網站）與 EFScout（外部資料庫）的定義解析而得。","","","medium","","",""
"progressionTab.boostUnsetNotApplied","progressionTab","ui","Not set (not applied to abilities)","未設定（未套用到能力值）","","","medium","","",""
"progressionTab.boostUserSet","progressionTab","ui","User-set +{level}","使用者設定 +{level}","","23","medium","","",""
"progressionTab.boostGoldVariable","progressionTab","accessibility","Gold, variable (depends on Game Plan)","金色，變動（取決於比賽計畫）","","","high","","",""
"progressionTab.boostWorldId","progressionTab","ui","World booster ID {id}","World 加成 ID {id}","","28","medium","","",""
"progressionTab.boostMaxSummary","progressionTab","ui","Max shown +{max} / {count} target abilities ({names}{more}). ","最大顯示 +{max} / 對象能力值 {count} 項（{names}{more}）。","","","medium","","",""
"progressionTab.boostMoreStats","progressionTab","ui",", +{n} more","，另有 +{n} 項","","15","medium","","",""
"progressionTab.boostCurrentValue","progressionTab","ui","Current: ","目前：","","12","medium","","",""
"progressionTab.boostSetTier","progressionTab","ui","Set tier ▾","設定階段 ▾","","13","medium","","",""
"progressionTab.boostClearSelection","progressionTab","ui","Clear selection","清除選擇","","20","medium","","",""
"progressionTab.boostPomDialogTitle","progressionTab","ui","Set the tier for {name} (gold, variable)","設定 {name}（金色，變動）的階段","","52","medium","","",""
"progressionTab.boostPomLegend","progressionTab","ui","Under KONAMI's official ""The Power of Many"", the effect changes with the number of players from the target league registered in the Game Plan (gold booster). Check your own Game Plan and choose the matching tier. It is reflected only in the {count} target abilities of {name}.","依據 KONAMI 官方的「The Power of Many」，效果會隨比賽計畫中登錄的對象聯賽球員人數而變化（金色加成）。請確認你自己的比賽計畫並選擇對應的階段。只會反映在 {name} 的 {count} 項對象能力值。","","","medium","","",""
"progressionTab.boostTierNone","progressionTab","ui","Not applied (+0)","不套用（+0）","","21","medium","","",""
"progressionTab.boostTierTargets","progressionTab","ui","{count} target abilities +{level}","對象能力值 {count} 項 +{level}","","","medium","","",""
"progressionTab.boostTierUserNote","progressionTab","ui"," (user-set, not detected automatically by the app)","（使用者設定，非本應用程式自動偵測）","","","medium","","",""
"progressionTab.boostPomFootnote","progressionTab","ui","Setting this does not change the ""standard final value"" (this gold booster is not applied to standard automatically). It is reflected only in the ""conditional final value"" and is not included in comparison rankings or normal team totals. Target abilities: {names}.","此設定不會改變「標準最終值」（此金色加成不會自動套用到標準）。只會反映在「條件式最終值」，且不列入比較排名或一般球隊合計。對象能力值：{names}。","","","medium","","",""
"progressionTab.boostIconFixed","progressionTab","ui","Fixed booster","固定加成","","17","medium","","",""
"progressionTab.boostIconPom","progressionTab","ui","Power of Many (gold, variable) booster","Power of Many（金色，變動）加成","","","medium","","",""
"progressionTab.boostIconLiveUpdate","progressionTab","ui","Live Update-linked booster","連動 Live Update 的加成","","","medium","","",""
"progressionTab.boostIconUnresolved","progressionTab","ui","Unresolved booster","未解析的加成","","24","medium","","",""
"progressionTab.boostIconProvisional","progressionTab","ui","Booster under verification","驗證中的加成","","","medium","","",""
"progressionTab.boostNoAttached","progressionTab","ui","This card has no booster.","這張球員卡沒有加成。","","","medium","","",""
"progressionTab.boostFixedProvisionalApplied","progressionTab","ui","Fixed (assumed), applied","固定（推定），已套用","","32","medium","","",""
"progressionTab.boostFixedApplied","progressionTab","ui","Fixed, applied","固定，已套用","","19","medium","","",""
"progressionTab.boostFixedVerifying","progressionTab","ui","Fixed, under verification","固定，驗證中","","","medium","","",""
"progressionTab.boostViewEffect","progressionTab","ui","View effect ▸","查看效果 ▸","","17","medium","","",""
"progressionTab.cmpOpenEditor","progressionTab","ui","Train from abilities","從能力值培養","","26","medium","","",""
"progressionTab.cmpOpenEditorAria","progressionTab","accessibility","Train {name} from abilities","從能力值培養 {name}","","36","high","","",""
"progressionTab.cmpSheetTitle","progressionTab","ui","Training {name}","培養 {name}","","20","medium","","",""
"progressionTab.cmpSheetSubtitle","progressionTab","ui","Player {index} in this comparison. Changes apply to this player only","此比較中的球員 {index}。變更只會套用到這名球員","","","medium","","",""
"progressionTab.cmpClose","progressionTab","ui","Back to comparison","返回比較","","24","medium","","",""
"progressionTab.cmpSwitchPlayer","progressionTab","ui","Player to edit","要編輯的球員","","19","medium","","",""
"progressionTab.cmpOthersHeading","progressionTab","ui","{ability} for the other players","其他球員的{ability}","","41","medium","","",""
"progressionTab.cmpOthersHint","progressionTab","ui","Tap an ability to see the same ability for the other players","點選能力值，即可查看其他球員的同一項能力值","","","medium","","",""
"progressionTab.ruB2LegacyPom","progressionTab","ui","{name} (Power of Many; no longer offered as a B2 option)","{name}（Power of Many；已不再提供為 B2 選項）","","","medium","","",""
"progressionTab.ruB2LegacyUnconfirmed","progressionTab","ui","{name} (unconfirmed; trial only; previous selection)","{name}（未確認；僅試算；先前的選擇）","","","high","","",""
"progressionTab.ruB2KeepAttached","progressionTab","ui","— None (attached: {booster}) —","— 無（附帶：{booster}）—","","","medium","","",""
"progressionTab.ruB2KeepUnresolved","progressionTab","ui","— None (attached booster unresolved) —","— 無（附帶加成未解析）—","","","medium","","",""
"progressionTab.ruB2KeepNone","progressionTab","ui","— None (no attached booster) —","— 無（沒有附帶加成）—","","","medium","","",""
"progressionTab.ruB2SlotLabel","progressionTab","ui","Slot {slot}","欄位 {slot}","","15","medium","","",""
"progressionTab.ruB2SlotSelectAria","progressionTab","accessibility","Choose the additional booster (B2) for slot {slot}","選擇欄位 {slot} 的額外加成（B2）","","65","high","","",""
"progressionTab.ruB2LevelAria","progressionTab","accessibility","Level of the additional booster (B2) in slot {slot}","欄位 {slot} 的額外加成（B2）等級","","67","high","","",""
"progressionTab.ruB2ConfirmedGroup","progressionTab","ui","Confirmed (applied normally)","已確認（正常套用）","","","high","","",""
"progressionTab.ruB2Clear","progressionTab","ui","Remove B2","移除 B2","","12","medium","","",""
"progressionTab.ruB2Active","progressionTab","ui","Currently applied","目前套用中","","23","medium","","",""
"progressionTab.ruB2LegacyNote","progressionTab","ui","Unconfirmed, so it is not reflected in the normal final value (trial final value only). Choose ""None"" or switch to a confirmed option.","由於未確認，不會反映在一般最終值（僅試算最終值）。請選擇「無」或切換為已確認的選項。","","","medium","","",""
"progressionTab.ruB2AppliedConfirmed","progressionTab","ui","Confirmed; applied","已確認；已套用","","24","high","","",""
"progressionTab.ruB2AppliedTrial","progressionTab","ui","Trial only (unconfirmed)","僅試算（未確認）","","32","medium","","",""
"progressionTab.ruB2AppliedEffect","progressionTab","ui","+{level} each to {stats}","{stats} 各 +{level}","","32","medium","","",""
"progressionTab.ruB2ClearAll","progressionTab","ui","Remove all additional boosters (B2)","移除所有額外加成（B2）","","","medium","","",""
"progressionTab.ruB2Footer","progressionTab","ui","Choosing a confirmed B2 immediately updates the affected stats, normal final values, comparison rankings and team totals.","選擇已確認的 B2 後，會立即更新受影響的能力值、一般最終值、比較排名與球隊合計。","","","medium","","",""
"progressionTab.ruModeConfirmed","progressionTab","ui","Confirmed (base values only)","已確認（僅基礎值）","","","high","","",""
"progressionTab.ruModeProvisional","progressionTab","ui","Under verification (using provisional rules)","驗證中（使用暫定規則）","","","medium","","",""
"progressionTab.ruModeUnsupported","progressionTab","ui","Unsupported","不支援","","15","medium","","",""
"progressionTab.ruRulesVersion","progressionTab","ui","Rules: {version}","規則：{version}","","21","medium","","",""
"progressionTab.ruLegacyMigrated","progressionTab","ui","Showing an allocation migrated from the old rules","正在顯示從舊規則轉換的分配","","","medium","","",""
"progressionTab.ruCapsHeading","progressionTab","ui","Stat caps:","能力值上限：","","13","medium","","",""
"progressionTab.ruCapBase","progressionTab","ui","Base {value} (","基礎 {value}（","","19","medium","","",""
"progressionTab.ruCapProgression","progressionTab","ui","After progression {value} (","培養後 {value}（","","","medium","","",""
"progressionTab.ruCapBooster","progressionTab","ui","After boosters {value} (","加成後 {value}（","","32","medium","","",""
"progressionTab.ruCapFinal","progressionTab","ui","Final {value} (","最終 {value}（","","20","medium","","",""
"progressionTab.ruCapClose","progressionTab","ui",")","）","","12","medium","","",""
"progressionTab.ruCapConfirmed","progressionTab","ui","confirmed","已確認","","12","high","","",""
"progressionTab.ruCapUnconfirmed","progressionTab","ui","unconfirmed","未確認","","15","high","","",""
"progressionTab.ruCapUnconfirmedClamp","progressionTab","ui","unconfirmed; provisional clamp","未確認；暫定限制","","","high","","",""
"progressionTab.ruShowRuleStatus","progressionTab","ui","Show rule confirmation status","顯示規則確認狀態","","","medium","","",""
"progressionTab.ruListConfirmed","progressionTab","ui","Confirmed","已確認","","12","high","","",""
"progressionTab.ruListProvisional","progressionTab","ui","Likely but not confirmed (under verification)","可能正確但未確認（驗證中）","","","medium","","",""
"progressionTab.ruListUnresolved","progressionTab","ui","Unconfirmed / under further investigation","未確認／持續調查中","","","medium","","",""
"progressionTab.ruPbHeading","progressionTab","ui","Player boosters","球員加成","","20","medium","","",""
"progressionTab.ruPbModeHeading","progressionTab","ui","Booster application mode","加成套用模式","","32","medium","","",""
"progressionTab.ruPbModeStrictLabel","progressionTab","ui","Strict mode","嚴格模式","","15","medium","","",""
"progressionTab.ruPbModeStrictDesc","progressionTab","ui","Applies only boosters whose changes were confirmed directly from saved screenshots. This does not mean they were confirmed on KONAMI's official game screens. The criterion for applying is evidence of the effect (affected stats and increase); evidence of the activation type (fixed / Power of Many) is not required.","僅套用已從儲存的截圖直接確認變化的加成。這不代表已在 KONAMI 官方遊戲畫面上確認。套用的標準是效果的證據（受影響的能力值與提升值）；不需要發動類型（固定／Power of Many）的證據。","","","medium","","",""
"progressionTab.ruPbModeStandardLabel","progressionTab","ui","Standard mode (default)","標準模式（預設）","","30","medium","","",""
"progressionTab.ruPbModeStandardDesc","progressionTab","ui","In addition to the above, applies boosters whose effects match across two external sources (eFootball World and EFScout) with no counterexamples across multiple cards. These are not values confirmed as KONAMI's official calculation results. The criterion for applying is cross-checking the effect, regardless of activation type. Boosters lacking evidence of their activation type are provisionally applied as fixed, since there is no concrete evidence that they are Power of Many (conditional) (""externally cross-checked; includes fixed-type estimates"").","除上述之外，也套用效果在兩個外部來源（eFootball World 與 EFScout）一致、且在多張球員卡中沒有反例的加成。這些並非確認為 KONAMI 官方計算結果的數值。套用的標準是效果的交叉比對，與發動類型無關。缺少發動類型證據的加成，由於沒有它屬於 Power of Many（條件式）的具體證據，暫時以固定套用（「已外部交叉比對；含固定類型推定」）。","","","medium","","",""
"progressionTab.ruPbModeExperimentalLabel","progressionTab","ui","Experimental mode","實驗模式","","23","medium","","",""
"progressionTab.ruPbModeExperimentalDesc","progressionTab","ui","In addition to standard mode, shows attached boosters under verification and manual trials separately as the ""trial final value"" (the normal final value does not change). You must accept a warning before enabling it.","在標準模式之外，將驗證中的附帶加成與手動試算另行顯示為「試算最終值」（一般最終值不會改變）。啟用前必須同意警告。","","","medium","","",""
"progressionTab.ruPbStandardNote","progressionTab","ui","Standard mode: includes high-confidence values whose effects were cross-checked between external databases (""externally cross-checked; includes fixed-type estimates""). These are not values confirmed as KONAMI's official calculation results. The criterion for applying is cross-checking the effect, regardless of activation type. Boosters lacking evidence of their activation type are provisionally applied as fixed, since there is no concrete evidence that they are Power of Many (conditional).","標準模式：包含效果已在外部資料庫之間交叉比對的高可信度數值（「已外部交叉比對；含固定類型推定」）。這些並非確認為 KONAMI 官方計算結果的數值。套用的標準是效果的交叉比對，與發動類型無關。缺少發動類型證據的加成，由於沒有它屬於 Power of Many（條件式）的具體證據，暫時以固定套用。","","","medium","","",""
"progressionTab.ruPbDetailsHeading","progressionTab","ui","Effect details and verification","效果詳情與驗證","","41","medium","","",""
"progressionTab.ruPbDetailsBody","progressionTab","ui","Select or remove B1 (card-attached booster) and B2 (additional booster) as usual directly below the progression points display (this card's summary). Unconfirmed or past trial values and Power of Many (conditional booster) compatibility details are also shown there.","請在培養點數顯示（此球員卡的摘要）正下方，照常選擇或移除 B1（球員卡附帶加成）與 B2（額外加成）。未確認或過去的試算值，以及 Power of Many（條件式加成）的相容性詳情也會顯示在那裡。","","","medium","","",""
"progressionTab.ruPbSourceNote","progressionTab","ui","Attached booster names, levels and effects come from individual player pages on eFootball World (an external community DB, not KONAMI's official site) and definitions from EFScout (an external DB). Only ball-carrying / attack starter had their affected stats and increases confirmed directly from user-saved screenshots. No fictional increases are generated from unconfirmed values.","附帶加成的名稱、等級與效果來自 eFootball World 的個別球員頁面（外部社群資料庫，非 KONAMI 官方網站）與 EFScout（外部資料庫）的定義。只有持球推進／進攻發起的受影響能力值與提升值，是從使用者儲存的截圖直接確認的。不會從未確認的數值產生虛構的提升值。","","","medium","","",""
"progressionTab.ruExWarning","progressionTab","ui","Includes booster effects under verification in the trial. The stats shown are not official in-game values. They are kept separate from the confirmed values of the normal mode.","試算中包含效果驗證中的加成。顯示的能力值並非遊戲內的官方數值，並與一般模式的已確認數值分開保存。","","","high","","",""
"progressionTab.ruExActive","progressionTab","ui","Verification mode (experimental booster trial) is on.","驗證模式（實驗性加成試算）已開啟。","","","medium","","",""
"progressionTab.ruExDisable","progressionTab","ui","Turn off verification mode","關閉驗證模式","","","medium","","",""
"progressionTab.ruExOpen","progressionTab","ui","Open experimental booster trial (verification mode)","開啟實驗性加成試算（驗證模式）","","","medium","","",""
"progressionTab.ruExModalTitle","progressionTab","ui","Enable verification mode?","要啟用驗證模式嗎？","","33","medium","","",""
"progressionTab.ruExBullet1","progressionTab","ui","The normal-mode final values (confirmed values) do not change. Trial values are shown in a separate column (trial final).","一般模式的最終值（已確認數值）不會改變。試算值會顯示在另一個欄位（試算最終值）。","","","medium","","",""
"progressionTab.ruExBullet2","progressionTab","ui","Attached boosters under verification and manually chosen trial boosters are added to the trial.","驗證中的附帶加成與手動選擇的試算加成會加入試算。","","","medium","","",""
"progressionTab.ruExBullet3","progressionTab","ui","Reloading the page turns verification mode back OFF.","重新載入頁面後，驗證模式會恢復為 OFF。","","","medium","","",""
"progressionTab.ruExBullet4","progressionTab","ui","It is not automatically applied to share URLs or the whole squad.","不會自動套用到分享網址或整個陣容。","","","medium","","",""
"progressionTab.ruExCancel","progressionTab","ui","Cancel","取消","","12","medium","","",""
"progressionTab.ruExAgree","progressionTab","ui","Agree and enable","同意並啟用","","21","medium","","",""
"progressionTab.ruGrMax","progressionTab","ui","Max","上限","","12","medium","","",""
"progressionTab.ruGrNextCost","progressionTab","ui","Next +1: {cost}pt","下一個 +1：{cost}pt","","23","medium","","",""
"progressionTab.ruGrConfirmed","progressionTab","ui","confirmed","已確認","","12","high","","",""
"progressionTab.ruGrStatsProvisional","progressionTab","ui","affected stats under verification","受影響的能力值驗證中","","","medium","","",""
"progressionTab.ruGrTargets","progressionTab","ui","Affects: {stats}","影響：{stats}","","21","medium","","",""
"progressionTab.ruGrDecAria","progressionTab","accessibility","Lower {name} level","降低 {name} 等級","","24","high","","",""
"progressionTab.ruGrIncAria","progressionTab","accessibility","Raise {name} level","提升 {name} 等級","","24","high","","",""
"progressionTab.ruGrConsumed","progressionTab","ui","Used: {points}pt","已使用：{points}pt","","21","medium","","",""
"progressionTab.ruGrMaxReached","progressionTab","ui","Max reached","已達上限","","15","medium","","",""
"progressionTab.ruGrMaxLevel","progressionTab","ui","Max Lv{level}","最高 Lv{level}","","17","medium","","",""
"managerDetail.unavailableTitle","managerDetail","ui","Manager data is unavailable","無法取得總教練資料","","36","medium","","",""
"managerDetail.backToList","managerDetail","ui","Back to managers","返回總教練列表","","21","medium","","",""
"managerDetail.releaseBadgeTemplate","managerDetail","ui","Released {date}","{date} 推出","","20","medium","","",""
"managerDetail.unknown","managerDetail","ui","Unknown","不明","","12","medium","","",""
"managerDetail.sourceBadgeTemplate","managerDetail","ui","Source {id}","來源 {id}","","15","medium","","",""
"managerDetail.bestTactic","managerDetail","ui","Best tactic","最擅長戰術","","15","medium","","",""
"managerDetail.proficiencyTitle","managerDetail","ui","Tactical proficiency","戰術熟練度","","26","medium","","",""
"managerDetail.proficiencyHint","managerDetail","ui","Values, bars and rank, not color alone","以數值、長條與排名表示，不只靠顏色","","","medium","","",""
"managerDetail.boosterTitle","managerDetail","ui","Manager boosters","總教練加成","","21","medium","","",""
"managerDetail.boosterConfirmed","managerDetail","ui","Confirmed by multiple sources","已由多個來源確認","","","high","","",""
"managerDetail.boosterUnconfirmed","managerDetail","ui","Effect unconfirmed","效果未確認","","24","high","","",""
"managerDetail.boosterUnconditional","managerDetail","ui","Unconditional","無條件","","17","medium","","",""
"managerDetail.boosterKeyUnmapped","managerDetail","ui"," · key not mapped"," · key 未對應","","23","medium","","",""
"managerDetail.boosterNone","managerDetail","ui","This manager has no ability boosters.","此總教練沒有能力值加成。","","","medium","","",""
"managerDetail.boosterNote","managerDetail","ui","Only confirmed boosters are applied to ability values in progression, comparison and squads. Whether they apply before or after progression is unconfirmed.","只有已確認的加成會套用到培養、比較與陣容中的能力值。加成是在培養前或培養後套用，目前尚未確認。","","","medium","","",""
"managerDetail.linkUpHint","managerDetail","ui","Activation conditions are being verified; not applied to ability values","發動條件驗證中；不會套用到能力值","","","medium","","",""
"managerDetail.centerPieceLabel","managerDetail","ui","Center Piece condition","Center Piece 條件","","29","medium","","",""
"managerDetail.keyManLabel","managerDetail","ui","Key Man condition","Key Man 條件","","23","medium","","",""
"managerDetail.linkUpNone","managerDetail","ui","This manager has no Link-Up Play.","此總教練沒有 Link-Up Play。","","","medium","","",""
"managerDetail.notInSourceTitle","managerDetail","ui","Not in the source (under investigation)","來源中沒有此資料（調查中）","","51","medium","","",""
"managerDetail.notInSourceValue","managerDetail","ui","Under investigation","調查中","","25","medium","","",""
"managerDetail.labelAge","managerDetail","ui","Age","年齡","","12","medium","","",""
"managerDetail.labelNationality","managerDetail","ui","Nationality","國籍","","15","medium","","",""
"managerDetail.labelTeam","managerDetail","ui","Team","球隊","","12","medium","","",""
"managerDetail.labelRating","managerDetail","ui","Manager rating","總教練評分","","19","medium","","",""
"managerDetail.labelFormation","managerDetail","ui","Formation","陣型","","12","medium","","",""
"managerDetail.dataSourceTemplate","managerDetail","ui","Data: {source} / Fetched: {fetchedAt}","資料：{source}／取得時間：{fetchedAt}","","","medium","","",""
"managerDetail.openSource","managerDetail","ui","Open source","開啟來源","","15","medium","","",""
"squadCompareBoard.pageTitle","squadCompareBoard","metadata","Squad comparison","陣容比較","","21","medium","","",""
"squadCompareBoard.pageDescription","squadCompareBoard","metadata","Choose 2 saved squads and compare their formation, placement, starters/bench, manager, captain, set pieces, saved builds, boosters, average abilities, shared skills and warnings side by side. This is read-only and does not change your squads. The pair is restored from the URL (?a=&b=).","選擇 2 個已儲存的陣容，並排比較陣型、配置、先發／板凳、總教練、隊長、定位球、儲存的方案、加成、平均能力值、共同技能與警告。此功能為唯讀，不會變更你的陣容。比較組合會從 URL（?a=&b=）還原。","","","medium","","",""
"squadCompareBoard.pageBackLabel","squadCompareBoard","ui","Squad list","陣容清單","","13","medium","","",""
"squadCompareBoard.pageLoading","squadCompareBoard","ui","Loading…","載入中…","","12","medium","","",""
"squadCompareBoard.startersBenchValueTemplate","squadCompareBoard","ui","{starters}/11 · {bench}","{starters}/11 · {bench}","","30","medium","","",""
"squadCompareBoard.tabOverview","squadCompareBoard","ui","Overview","總覽","","12","medium","","",""
"squadCompareBoard.tabShape","squadCompareBoard","ui","Placement","配置","","12","medium","","",""
"squadCompareBoard.tabPlayers","squadCompareBoard","ui","Players","球員","","12","medium","","",""
"squadCompareBoard.tabMetrics","squadCompareBoard","ui","Abilities","能力值","","12","medium","","",""
"squadCompareBoard.tabRoles","squadCompareBoard","ui","Roles","角色","","12","medium","","",""
"squadCompareBoard.tabBoosters","squadCompareBoard","ui","Boosters","加成","","12","medium","","",""
"squadCompareBoard.tabSkills","squadCompareBoard","ui","Skills / suitability","技能／適性","","26","medium","","",""
"squadCompareBoard.tabWarnings","squadCompareBoard","ui","Warnings","警告","","12","high","","",""
"squadCompareBoard.cardFallbackTemplate","squadCompareBoard","ui","Card {id}","球員卡 {id}","","12","medium","","",""
"squadCompareBoard.selectorAriaTemplate","squadCompareBoard","accessibility","Squad for {label}","{label} 的陣容","","23","high","","",""
"squadCompareBoard.selectPlaceholder","squadCompareBoard","ui","Select a squad…","選擇陣容…","","20","medium","","",""
"squadCompareBoard.optionTemplate","squadCompareBoard","ui","{name} ({formation} / {starters} starters / {bench} bench / {manager}{custom})","{name}（{formation} / 先發 {starters} 人 / 板凳 {bench} 人 / {manager}{custom}）","","","medium","","",""
"squadCompareBoard.managerYes","squadCompareBoard","ui","with manager","有總教練","","16","medium","","",""
"squadCompareBoard.managerNo","squadCompareBoard","ui","no manager","無總教練","","13","medium","","",""
"squadCompareBoard.customSuffix","squadCompareBoard","ui"," / custom placement"," / 自訂配置","","25","medium","","",""
"squadCompareBoard.updatedTemplate","squadCompareBoard","ui","Updated {date}","更新於 {date}","","19","medium","","",""
"squadCompareBoard.open","squadCompareBoard","ui","Open","開啟","","12","medium","","",""
"squadCompareBoard.clearSelection","squadCompareBoard","ui","Clear selection","解除選擇","","20","medium","","",""
"squadCompareBoard.backToList","squadCompareBoard","ui","← Back to squads","← 返回陣容","","21","medium","","",""
"squadCompareBoard.storageUnavailable","squadCompareBoard","ui","Squads cannot be saved or compared in this environment (localStorage unavailable, private mode, etc.).","此環境無法儲存或比較陣容（無法使用 localStorage、私密模式等）。","","","medium","","",""
"squadCompareBoard.sideA","squadCompareBoard","ui","Squad A","陣容 A","","12","medium","","",""
"squadCompareBoard.sideB","squadCompareBoard","ui","Squad B","陣容 B","","12","medium","","",""
"squadCompareBoard.swapAria","squadCompareBoard","accessibility","Swap squads A and B","交換陣容 A 與 B","","25","high","","",""
"squadCompareBoard.swap","squadCompareBoard","ui","⇄ Swap","⇄ 交換","","12","medium","","",""
"squadCompareBoard.clearComparison","squadCompareBoard","ui","Clear comparison","清除比較","","21","medium","","",""
"squadCompareBoard.urlNote","squadCompareBoard","ui","The comparison URL refers to squads saved in this browser. Other devices may not show the same squads.","比較用的 URL 指向儲存在此瀏覽器中的陣容。其他裝置可能不會顯示相同的陣容。","","","medium","","",""
"squadCompareBoard.dupParams","squadCompareBoard","ui","The URL repeats a parameter. Only the first value is used.","URL 中有重複的參數。只會使用第一個值。","","","medium","","",""
"squadCompareBoard.needTwo","squadCompareBoard","ui","You need at least 2 saved squads to compare.","至少需要 2 個已儲存的陣容才能比較。","","","medium","","",""
"squadCompareBoard.createNew","squadCompareBoard","ui","Create a new squad","建立新陣容","","24","medium","","",""
"squadCompareBoard.createFromTemplate","squadCompareBoard","ui","Create from a template","從範本建立","","29","medium","","",""
"squadCompareBoard.toList","squadCompareBoard","ui","Squad list","陣容清單","","13","medium","","",""
"squadCompareBoard.sameSquad","squadCompareBoard","ui","A squad cannot be compared with itself.","陣容無法與自己比較。","","","medium","","",""
"squadCompareBoard.notFound","squadCompareBoard","ui","The selected squad was not found (deleted or an unknown ID).","找不到所選的陣容（已刪除或 ID 不明）。","","","medium","","",""
"squadCompareBoard.andSeparator","squadCompareBoard","ui"," and "," 與 ","","12","medium","","",""
"squadCompareBoard.reselectTemplate","squadCompareBoard","ui","Please select {sides} again.","請重新選擇 {sides}。","","","medium","","",""
"squadCompareBoard.selectTwo","squadCompareBoard","ui","Select 2 squads to compare.","請選擇 2 個要比較的陣容。","","","medium","","",""
"squadCompareBoard.selectOther","squadCompareBoard","ui","Select one more squad.","請再選擇一個陣容。","","29","medium","","",""
"squadCompareBoard.loadingAll","squadCompareBoard","ui","Loading squads and player data…","正在載入陣容與球員資料…","","","medium","","",""
"squadCompareBoard.externalUpdate","squadCompareBoard","ui","A squad was updated in another tab. The comparison may be out of date.","陣容已在其他分頁中更新。比較結果可能不是最新的。","","","medium","","",""
"squadCompareBoard.reload","squadCompareBoard","ui","Reload","重新載入","","12","medium","","",""
"squadCompareBoard.loadingCards","squadCompareBoard","ui","Loading player data…","正在載入球員資料…","","26","medium","","",""
"squadCompareBoard.diffOnly","squadCompareBoard","ui","Show differences only","只顯示差異","","28","medium","","",""
"squadCompareBoard.retryLater","squadCompareBoard","ui","Please reload later.","請稍後重新載入。","","26","medium","","",""
"squadCompareBoard.commonCards","squadCompareBoard","ui","Common cards","共同球員卡","","16","medium","","",""
"squadCompareBoard.onlyATemplate","squadCompareBoard","ui","Only A {n}","僅 A {n}","","13","medium","","",""
"squadCompareBoard.onlyBTemplate","squadCompareBoard","ui","Only B {n}","僅 B {n}","","13","medium","","",""
"squadCompareBoard.noAutoVerdict","squadCompareBoard","ui","Squads are not ranked automatically. Values are listed as A / B / difference.","不會自動為陣容排名。數值以 A / B / 差異列出。","","","medium","","",""
"squadCompareBoard.formation","squadCompareBoard","ui","Formation","陣型","","12","medium","","",""
"squadCompareBoard.customParen","squadCompareBoard","ui"," (custom placement)","（自訂配置）","","25","medium","","",""
"squadCompareBoard.startersBench","squadCompareBoard","ui","Starters / bench","先發／板凳","","21","medium","","",""
"squadCompareBoard.manager","squadCompareBoard","ui","Manager","總教練","","12","medium","","",""
"squadCompareBoard.loadingParen","squadCompareBoard","ui","(loading)","（載入中）","","12","medium","","",""
"squadCompareBoard.none","squadCompareBoard","ui","None","無","","12","medium","","",""
"squadCompareBoard.captain","squadCompareBoard","ui","Captain","隊長","","12","medium","","",""
"squadCompareBoard.notSet","squadCompareBoard","ui","Not set","未設定","","12","medium","","",""
"squadCompareBoard.parenTemplate","squadCompareBoard","ui"," ({v})","（{v}）","","12","medium","","",""
"squadCompareBoard.updated","squadCompareBoard","ui","Updated","更新","","12","medium","","",""
"squadCompareBoard.warningCount","squadCompareBoard","ui","Warnings","警告","","12","high","","",""
"squadCompareBoard.zonesTemplate","squadCompareBoard","ui","Left {left} / Center {center} / Right {right}","左 {left} / 中 {center} / 右 {right}","","","medium","","",""
"squadCompareBoard.customYes","squadCompareBoard","ui","Custom placement","自訂配置","","21","medium","","",""
"squadCompareBoard.presetPlacement","squadCompareBoard","ui","Preset placement","預設配置","","21","medium","","",""
"squadCompareBoard.sameFormation","squadCompareBoard","ui","Same formation ID.","陣型 ID 相同。","","24","medium","","",""
"squadCompareBoard.differentFormation","squadCompareBoard","ui","Different formation IDs.","陣型 ID 不同。","","32","medium","","",""
"squadCompareBoard.roleBreakdownSame","squadCompareBoard","ui"," The FW/MF/DF/GK counts are the same (see the mini pitches for coordinates)."," FW/MF/DF/GK 的人數相同（座標請參考迷你球場）。","","","medium","","",""
"squadCompareBoard.zonesFact","squadCompareBoard","ui"," Left/right balance and central counts are listed as facts (not evaluated)."," 左右平衡與中路人數僅列為事實（不予評價）。","","","medium","","",""
"squadCompareBoard.keyMetrics","squadCompareBoard","ui","Key metrics","主要指標","","15","medium","","",""
"squadCompareBoard.noMetricDiff","squadCompareBoard","ui","No metrics differ.","沒有不同的指標。","","24","medium","","",""
"squadCompareBoard.metric","squadCompareBoard","ui","Metric","指標","","12","medium","","",""
"squadCompareBoard.diffHeader","squadCompareBoard","ui","Diff (A−B)","差異（A−B）","","13","medium","","",""
"squadCompareBoard.lowerIsCalmer","squadCompareBoard","ui","(lower is safer)","（越低越安全）","","21","medium","","",""
"squadCompareBoard.notesSummary","squadCompareBoard","ui","Notes on averages and comparison","平均值與比較的注意事項","","","medium","","",""
"squadCompareBoard.placementDiffTitle","squadCompareBoard","ui","Placement differences of common cards (starters)","共同球員卡的配置差異（先發）","","63","medium","","",""
"squadCompareBoard.noPlacementDiff","squadCompareBoard","ui","No placement differences among common starters.","共同先發球員之間沒有配置差異。","","","medium","","",""
"squadCompareBoard.roleChangeTemplate","squadCompareBoard","ui","Changed: {a} → {b} · ","變更：{a} → {b} · ","","28","medium","","",""
"squadCompareBoard.coordDiffTemplate","squadCompareBoard","ui","x diff {dx} / y diff {dy} (normalized coordinates)","x 差異 {dx} / y 差異 {dy}（正規化座標）","","","medium","","",""
"squadCompareBoard.noAreaChange","squadCompareBoard","ui","No starter/bench swaps.","沒有先發／板凳的互換。","","30","medium","","",""
"squadCompareBoard.areaChangeTitle","squadCompareBoard","ui","Starter / bench changes (common cards)","先發／板凳變更（共同球員卡）","","50","medium","","",""
"squadCompareBoard.fetchFailed","squadCompareBoard","ui","Failed to load","載入失敗","","19","high","","",""
"squadCompareBoard.registeredTemplate","squadCompareBoard","ui","Registered {pos}","登錄 {pos}","","21","medium","","",""
"squadCompareBoard.placementSuffixTemplate","squadCompareBoard","ui"," / placement {role}"," / 配置 {role}","","25","medium","","",""
"squadCompareBoard.benchSuffix","squadCompareBoard","ui"," / bench"," / 板凳","","12","medium","","",""
"squadCompareBoard.ovrTemplate","squadCompareBoard","ui","Displayed OVR {shown} / base OVR {base}","顯示 OVR {shown} / 基礎 OVR {base}","","","medium","","",""
"squadCompareBoard.buildSuffixTemplate","squadCompareBoard","ui"," / build “{name}”"," / 方案「{name}」","","23","medium","","",""
"squadCompareBoard.pomConditional","squadCompareBoard","ui","PoM/condition set","已設定 PoM／條件","","23","medium","","",""
"squadCompareBoard.playerDetail","squadCompareBoard","ui","Player details","球員詳細資料","","19","medium","","",""
"squadCompareBoard.progression","squadCompareBoard","ui","Progression","培養","","15","medium","","",""
"squadCompareBoard.startersBothTemplate","squadCompareBoard","ui","Starters — in both ({n})","先發 — 兩邊都有（{n}）","","32","medium","","",""
"squadCompareBoard.noStarterSettingDiff","squadCompareBoard","ui","No common starters with different settings.","沒有設定不同的共同先發球員。","","","medium","","",""
"squadCompareBoard.noCommonStarters","squadCompareBoard","ui","No common starters.","沒有共同先發球員。","","25","medium","","",""
"squadCompareBoard.notePlacementTemplate","squadCompareBoard","ui","Placement {a}→{b}","配置 {a}→{b}","","23","medium","","",""
"squadCompareBoard.noteArea","squadCompareBoard","ui","Starter↔bench","先發↔板凳","","17","medium","","",""
"squadCompareBoard.noteBuildMode","squadCompareBoard","ui","Different build mode","方案模式不同","","26","medium","","",""
"squadCompareBoard.noteSavedBuild","squadCompareBoard","ui","Different saved build","儲存的方案不同","","28","medium","","",""
"squadCompareBoard.noteCaptain","squadCompareBoard","ui","Different captain","隊長不同","","23","medium","","",""
"squadCompareBoard.noteSetPiece","squadCompareBoard","ui","Different set pieces","定位球不同","","26","medium","","",""
"squadCompareBoard.notePom","squadCompareBoard","ui","Different Power of Many selection","Power of Many 選擇不同","","","medium","","",""
"squadCompareBoard.startersOnlyATemplate","squadCompareBoard","ui","Starters — only A ({n})","先發 — 僅 A（{n}）","","30","medium","","",""
"squadCompareBoard.startersOnlyBTemplate","squadCompareBoard","ui","Starters — only B ({n})","先發 — 僅 B（{n}）","","30","medium","","",""
"squadCompareBoard.sameNameTitle","squadCompareBoard","ui","Same name, different card","同名但不同球員卡","","33","medium","","",""
"squadCompareBoard.sameNameNote","squadCompareBoard","ui","Different worldCardIds are not treated as common cards (there is no confirmed player identifier, so they are listed as same name, different card).","worldCardId 不同的球員卡不會視為共同球員卡（由於沒有已確認的球員識別碼，因此列為同名但不同球員卡）。","","","medium","","",""
"squadCompareBoard.cardOfA","squadCompareBoard","ui","Card in A","A 的球員卡","","12","medium","","",""
"squadCompareBoard.cardOfB","squadCompareBoard","ui","Card in B","B 的球員卡","","12","medium","","",""
"squadCompareBoard.benchTitleTemplate","squadCompareBoard","ui","Bench (A {a} / B {b})","板凳（A {a} / B {b}）","","28","medium","","",""
"squadCompareBoard.benchOrderNote","squadCompareBoard","ui","The bench order differs (order is not a ranking).","板凳順序不同（順序並非排名）。","","","medium","","",""
"squadCompareBoard.commonWithB","squadCompareBoard","ui","Shared with B","與 B 共同","","17","medium","","",""
"squadCompareBoard.onlyABench","squadCompareBoard","ui","Only on A's bench","僅在 A 的板凳","","23","medium","","",""
"squadCompareBoard.onlyBBench","squadCompareBoard","ui","Only on B's bench","僅在 B 的板凳","","23","medium","","",""
"squadCompareBoard.starterBenchChange","squadCompareBoard","ui","Starter↔bench changes","先發↔板凳變更","","28","medium","","",""
"squadCompareBoard.partialFetchFail","squadCompareBoard","ui","Some player data could not be retrieved (listed in the Warnings tab). Saved worldCardIds are kept.","部分球員資料無法取得（列於「警告」分頁）。儲存的 worldCardId 會保留。","","","medium","","",""
"squadCompareBoard.avgMetrics","squadCompareBoard","ui","Averages and metrics","平均值與指標","","26","medium","","",""
"squadCompareBoard.categoryAvgTitle","squadCompareBoard","ui","Category averages (simple averages)","類別平均（簡單平均）","","46","medium","","",""
"squadCompareBoard.noCategoryDiff","squadCompareBoard","ui","No categories differ.","沒有不同的類別。","","28","medium","","",""
"squadCompareBoard.diff","squadCompareBoard","ui","Diff","差異","","12","medium","","",""
"squadCompareBoard.suitability","squadCompareBoard","ui","Suitability","適性","","15","medium","","",""
"squadCompareBoard.exactTemplate","squadCompareBoard","ui","Matches registered position {n}","符合登錄位置 {n}","","","medium","","",""
"squadCompareBoard.unresolvedTemplate","squadCompareBoard","ui","Suitability unconfirmed {n}","適性未確認 {n}","","","medium","","",""
"squadCompareBoard.mismatchTemplate","squadCompareBoard","ui","Possibly unsuited {n}","可能不適合 {n}","","28","medium","","",""
"squadCompareBoard.suitabilityNote","squadCompareBoard","ui","Secondary-position suitability data is not included. More suitability is not judged better automatically. Position-specific OVR is not estimated.","不包含副位置的適性資料。適性較多並不會自動判定為較佳。不會估算各位置的 OVR。","","","medium","","",""
"squadCompareBoard.stateSame","squadCompareBoard","ui","Same","相同","","12","medium","","",""
"squadCompareBoard.stateDifferent","squadCompareBoard","ui","Different","不同","","12","medium","","",""
"squadCompareBoard.stateOnlyA","squadCompareBoard","ui","Only A","僅 A","","12","medium","","",""
"squadCompareBoard.stateOnlyB","squadCompareBoard","ui","Only B","僅 B","","12","medium","","",""
"squadCompareBoard.stateNeither","squadCompareBoard","ui","Neither","兩邊都沒有","","12","medium","","",""
"squadCompareBoard.managerTitleTemplate","squadCompareBoard","ui","Manager ({state})","總教練（{state}）","","23","medium","","",""
"squadCompareBoard.boosterDeltaTemplate","squadCompareBoard","ui","managerBoosterDelta total {n}","managerBoosterDelta 合計 {n}","","","medium","","",""
"squadCompareBoard.confirmedTemplate","squadCompareBoard","ui","Confirmed: {list}","已確認：{list}","","23","high","","",""
"squadCompareBoard.noConfirmedManagerBoosters","squadCompareBoard","ui","No confirmed manager boosters","沒有已確認的總教練加成","","","high","","",""
"squadCompareBoard.noManagerImage","squadCompareBoard","ui","Manager images are not shown.","不顯示總教練圖片。","","","medium","","",""
"squadCompareBoard.captainTitleTemplate","squadCompareBoard","ui","Captain ({state})","隊長（{state}）","","23","medium","","",""
"squadCompareBoard.nameRoleTemplate","squadCompareBoard","ui","{name} ({role})","{name}（{role}）","","20","medium","","",""
"squadCompareBoard.captainNote","squadCompareBoard","ui","The captain is compared as role information (no ability effect is added).","隊長僅作為角色資訊比較（不會加上能力值效果）。","","","medium","","",""
"squadCompareBoard.setPieceTitle","squadCompareBoard","ui","Set-piece takers","定位球主罰者","","21","medium","","",""
"squadCompareBoard.kind","squadCompareBoard","ui","Type","類型","","12","medium","","",""
"squadCompareBoard.verdict","squadCompareBoard","ui","Status","狀態","","12","medium","","",""
"squadCompareBoard.setPieceNote","squadCompareBoard","ui","Only the existing keys (CK / FK / PK) are compared. Left/right FK and short FK are not handled.","只比較現有的鍵（CK / FK / PK）。不處理左右 FK 與短距離 FK。","","","medium","","",""
"squadCompareBoard.linkUpTitleTemplate","squadCompareBoard","ui","Link-Up ({state})","Link-Up（{state}）","","23","medium","","",""
"squadCompareBoard.linkUpSet","squadCompareBoard","ui","Link-Up set","已設定 Link-Up","","15","medium","","",""
"squadCompareBoard.notConfigured","squadCompareBoard","ui","Not set","未設定","","12","medium","","",""
"squadCompareBoard.statusTemplate","squadCompareBoard","ui","{name}: {status} ({conf})","{name}：{status}（{conf}）","","","medium","","",""
"squadCompareBoard.kindFixed","squadCompareBoard","ui","Fixed","固定","","12","medium","","",""
"squadCompareBoard.kindFixedProvisional","squadCompareBoard","ui","Fixed (estimated)","固定（推定）","","23","medium","","",""
"squadCompareBoard.kindConditional","squadCompareBoard","ui","Conditional (Total Package)","條件型（Total Package）","","","medium","","",""
"squadCompareBoard.kindUnresolved","squadCompareBoard","ui","Unresolved","未確定","","13","medium","","",""
"squadCompareBoard.kindOther","squadCompareBoard","ui","Other","其他","","12","medium","","",""
"squadCompareBoard.boostersTitle","squadCompareBoard","ui","Fixed boosters / Power of Many (common cards)","固定加成／Power of Many（共同球員卡）","","59","medium","","",""
"squadCompareBoard.boostersNote","squadCompareBoard","ui","Attached booster effects are the same for the same card. This mainly compares the user-selected levels of Power of Many (gold) and Total Package. User-selected values are not treated as standard values.","同一張球員卡附帶的加成效果相同。這裡主要比較使用者為 Power of Many（金色）與 Total Package 所選的等級。使用者選擇的值不會視為標準值。","","","medium","","",""
"squadCompareBoard.noBoosterDiff","squadCompareBoard","ui","No boosters with different selections.","沒有選擇不同的加成。","","","medium","","",""
"squadCompareBoard.noTargetCommonCards","squadCompareBoard","ui","No common cards to compare.","沒有可比較的共同球員卡。","","","medium","","",""
"squadCompareBoard.selectionTemplate","squadCompareBoard","ui"," · selected {v}"," · 已選擇 {v}","","20","medium","","",""
"squadCompareBoard.notSelected","squadCompareBoard","ui","not selected","未選擇","","16","medium","","",""
"squadCompareBoard.standardApplied","squadCompareBoard","ui"," · applied as standard"," · 以標準套用","","29","medium","","",""
"squadCompareBoard.provisionalNote","squadCompareBoard","ui","“Fixed (estimated)” = the effect is verified against external sources, but there is no specific evidence that it is Power of Many, so it is estimated as fixed and provisionally applied to standard values (not a confirmed fixed booster).","「固定（推定）」＝效果已與外部來源核對，但沒有具體證據顯示其為 Power of Many，因此推定為固定型，並暫時套用到標準值（並非已確認的固定加成）。","","","medium","","",""
"squadCompareBoard.savedBuildsTitle","squadCompareBoard","ui","Saved builds (common cards)","儲存的方案（共同球員卡）","","36","medium","","",""
"squadCompareBoard.noBuildDiff","squadCompareBoard","ui","No common cards with different builds.","沒有方案不同的共同球員卡。","","","medium","","",""
"squadCompareBoard.policyTemplate","squadCompareBoard","ui","Mode {v}","模式 {v}","","12","medium","","",""
"squadCompareBoard.buildNameTemplate","squadCompareBoard","ui","Build “{name}”","方案「{name}」","","19","medium","","",""
"squadCompareBoard.noSavedBuild","squadCompareBoard","ui","No saved build","沒有儲存的方案","","19","medium","","",""
"squadCompareBoard.rulesTemplate","squadCompareBoard","ui","Rules {v}","規則 {v}","","12","medium","","",""
"squadCompareBoard.deletedRef","squadCompareBoard","ui","The referenced build was deleted (calculated from the mode only).","參照的方案已被刪除（僅依模式計算）。","","","high","","",""
"squadCompareBoard.staleBuild","squadCompareBoard","ui","Old-rules build (recalculated with current rules)","舊規則的方案（以目前規則重新計算）","","","medium","","",""
"squadCompareBoard.conditionalTrial","squadCompareBoard","ui","Condition level selected (trial)","已選擇條件等級（試用）","","","medium","","",""
"squadCompareBoard.standardOvrTemplate","squadCompareBoard","ui","Standard displayed OVR {v}","標準顯示 OVR {v}","","","medium","","",""
"squadCompareBoard.sharedSkillsTitle","squadCompareBoard","ui","Skills held by every starter","所有先發球員都擁有的技能","","37","medium","","",""
"squadCompareBoard.skillKindsTemplate","squadCompareBoard","ui","{name}: {n} skills","{name}：{n} 種技能","","24","medium","","",""
"squadCompareBoard.bothListTemplate","squadCompareBoard","ui","Both: {list}","兩邊：{list}","","16","medium","","",""
"squadCompareBoard.onlyAAllTemplate","squadCompareBoard","ui","Only A (all starters): {list}","僅 A（所有先發）：{list}","","","medium","","",""
"squadCompareBoard.onlyBAllTemplate","squadCompareBoard","ui","Only B (all starters): {list}","僅 B（所有先發）：{list}","","","medium","","",""
"squadCompareBoard.skillHoldersTitle","squadCompareBoard","ui","Skill holders (starters)","技能持有者（先發）","","32","medium","","",""
"squadCompareBoard.skill","squadCompareBoard","ui","Skill","技能","","12","medium","","",""
"squadCompareBoard.allStarters","squadCompareBoard","ui","All starters","所有先發","","16","medium","","",""
"squadCompareBoard.skillsNote","squadCompareBoard","ui","A card's own skills are treated as identical for the same worldCardId. Squads are not ranked by skill effects.","相同 worldCardId 的球員卡本身技能視為相同。不會依技能效果為陣容排名。","","","medium","","",""
"squadCompareBoard.commonSuitabilityTitle","squadCompareBoard","ui","Suitability of common cards","共同球員卡的適性","","36","medium","","",""
"squadCompareBoard.warningsTitleTemplate","squadCompareBoard","ui","Warnings (A {a} / B {b})","警告（A {a} / B {b}）","","32","high","","",""
"squadCompareBoard.noWinByWarnings","squadCompareBoard","ui","Fewer warnings is not automatically treated as winning.","警告較少並不會自動視為較優。","","","high","","",""
"squadCompareBoard.both","squadCompareBoard","ui","Both","兩邊","","12","medium","","",""
"squadCompareBoard.onlyAShort","squadCompareBoard","ui","Only A","僅 A","","12","medium","","",""
"squadCompareBoard.onlyBShort","squadCompareBoard","ui","Only B","僅 B","","12","medium","","",""
"squadCompareBoard.fetchFailedTitle","squadCompareBoard","ui","Cards whose player data could not be retrieved","無法取得球員資料的球員卡","","60","high","","",""
"squadCompareBoard.starterTemplate","squadCompareBoard","ui","Starter {v}","先發 {v}","","15","medium","","",""
"squadCompareBoard.benchNumberTemplate","squadCompareBoard","ui","Bench #{n}","板凳 #{n}","","13","medium","","",""
"squadCompareBoard.failedNote","squadCompareBoard","ui","Excluded from averages and skill counts. Reload later to retry. Saved worldCardIds are not deleted.","不計入平均值與技能數量。請稍後重新載入以重試。儲存的 worldCardId 不會被刪除。","","","high","","",""
"squadCompareBoard.miniTitleTemplate","squadCompareBoard","ui","Squad {side}: {name}","陣容 {side}：{name}","","26","medium","","",""
"squadCompareBoard.miniStartersTemplate","squadCompareBoard","ui","Starters {n}/11","先發 {n}/11","","20","medium","","",""
"squadCompareBoard.miniAriaTemplate","squadCompareBoard","accessibility","Placement of squad {side} ({name}). {n} starters. {list}","陣容 {side}（{name}）的配置。先發 {n} 人。{list}","","","high","","",""
"squadCompareBoard.miniCaptainSuffix","squadCompareBoard","ui"," · captain"," · 隊長","","13","medium","","",""
"squadCompareBoard.miniCommonSuffix","squadCompareBoard","ui"," · common card"," · 共同球員卡","","19","medium","","",""
"squadCompareBoard.miniOnlyThisSuffix","squadCompareBoard","ui"," · only this side"," · 僅此方","","23","medium","","",""
"squadCompareBoard.miniLegendCommon","squadCompareBoard","ui","common card","共同球員卡","","15","medium","","",""
"squadCompareBoard.miniLegendOnlyThis","squadCompareBoard","ui","only this side","僅此方","","19","medium","","",""
"squadCompareBoard.miniLegendNote","squadCompareBoard","ui","“C” = captain. Coordinates are normalized (0–100 of the pitch width).","「C」＝隊長。座標已正規化（球場寬度的 0–100）。","","","medium","","",""
"generated.libText.fixed","generated:libText","generated","(source: 基礎)","基礎","","","high","","",""
"generated.libText.fixed","generated:libText","generated","(source: 育成後)","培養後","","","high","","",""
"generated.libText.fixed","generated:libText","generated","(source: 標準)","標準","","","high","","",""
"generated.libText.fixed","generated:libText","generated","(source: 条件反映後)","套用條件後","","","high","","",""
"generated.libText.fixed","generated:libText","generated","(source: 実験)","實驗","","","high","","",""
"generated.libText.fixed","generated:libText","generated","(source: 一部カテゴリの能力値を取得できませんでした（該当軸は代替表で「—」・グラフは 0 として描画）。)","部分類別的能力值無法取得（替代表格中顯示為「—」，圖表中以 0 繪製）。","","","high","","",""
"generated.libText.fixed","generated:libText","generated","(source: ゲーム公式の総合値、ポジション別 OVR、AI 評価ではありません。)","這不是遊戲官方的綜合能力值、各位置 OVR 或 AI 評分。","","","high","","",""
"generated.libText.fixed","generated:libText","generated","(source: 正確な各能力値は下の 26 能力値表で確認できます。)","確切數值請參考下方的 26 項能力值表。","","","high","","",""
"generated.libText.fixed","generated:libText","generated","(source: カテゴリ合計・平均・総合は単純計算です（eFootball の公式カテゴリ重み・総合評価とは異なります）。)","類別合計、平均與綜合值皆為簡單計算（與 eFootball 官方的類別權重及綜合評分不同）。","","","high","","",""
"generated.libText.fixed","generated:libText","generated","(source: カードタイプ)","卡片類型","","","high","","",""
"generated.libText.fixed","generated:libText","generated","(source: 登録ポジション)","登錄位置","","","high","","",""
"generated.libText.fixed","generated:libText","generated","(source: 基礎OVR)","基礎 OVR","","","high","","",""
"generated.libText.fixed","generated:libText","generated","(source: 最大OVR)","最高 OVR","","","high","","",""
"generated.libText.fixed","generated:libText","generated","(source: 最大レベル)","最高等級","","","high","","",""
"generated.libText.fixed","generated:libText","generated","(source: 攻撃プレースタイル)","進攻球員風格","","","high","","",""
"generated.libText.fixed","generated:libText","generated","(source: 守備プレースタイル)","防守球員風格","","","high","","",""
"generated.libText.fixed","generated:libText","generated","(source: 国籍)","國籍","","","high","","",""
"generated.libText.fixed","generated:libText","generated","(source: 地域)","地區","","","high","","",""
"generated.libText.fixed","generated:libText","generated","(source: リーグ)","聯賽","","","high","","",""
"generated.libText.fixed","generated:libText","generated","(source: チーム)","球隊","","","high","","",""
"generated.libText.fixed","generated:libText","generated","(source: 年齢)","年齡","","","high","","",""
"generated.libText.fixed","generated:libText","generated","(source: 身長)","身高","","","high","","",""
"generated.libText.fixed","generated:libText","generated","(source: 体重)","體重","","","high","","",""
"generated.libText.fixed","generated:libText","generated","(source: 利き足)","慣用腳","","","high","","",""
"generated.libText.fixed","generated:libText","generated","(source: このカードの数値IDは付属ブースター対応表（eFootball World の個別選手ページ由来）に含まれていません。名称を解決できないため能力値へは適用していません。)","此卡片的數字 ID 不在附帶加成對照表中（來自 eFootball World 的球員頁面）。由於無法解析名稱，因此未套用到能力值。","","","high","","",""
"generated.libText.fixed","generated:libText","generated","(source: 発動条件付き（内容未確認）)","有條件（條件未確認）","","","high","","",""
"generated.libText.fixed","generated:libText","generated","(source: B2 ブースターは指定されていません。)","未選擇 B2 加成。","","","high","","",""
"generated.libText.fixed","generated:libText","generated","(source: 選択した B2 ブースターは、対象能力の通常の最終値・比較の順位・チーム集計に反映します。)","選擇的 B2 加成會反映在目標能力的一般最終值、比較排名與球隊合計中。","","","high","","",""
"generated.libText.fixed","generated:libText","generated","(source: 手動試算ブースターは「試算最終値」にのみ反映します（通常の最終値・比較の順位・チーム集計には含めません）。)","手動試算加成只會影響試算最終值（不影響一般最終值、比較排名或球隊合計）。","","","high","","",""
"generated.libText.fixed","generated:libText","generated","(source: 選択した B2 ブースターのうち確認済みの分は通常の最終値へ反映し、未確認の分は「試算最終値」にのみ反映します（通常の最終値・比較の順位・チーム集計には含めません）。)","選擇的 B2 加成中，已確認的部分會反映在一般最終值；未確認的部分只會影響試算最終值（不影響一般最終值、比較排名或球隊合計）。","","","high","","",""
"generated.libText.fixed","generated:libText","generated","(source: このカードに付属する選手ブースターはありません。)","此卡片沒有附帶的球員加成。","","","high","","",""
"generated.libText.fixed","generated:libText","generated","(source: スクリーンショットで実測済みの付属ブースターを通常の最終値へ適用しています（厳密モード）。適用の基準は効果内容の証拠で、発動方式（固定型 / Power of Many）は問いません。)","已將透過截圖實測的附帶加成套用到一般最終值（嚴格模式）。套用依據為效果內容的證據，不論發動方式（固定型 / Power of Many）。","","","high","","",""
"generated.libText.fixed","generated:libText","generated","(source: 効果内容を外部2ソースで照合した付属ブースターを通常の最終値へ適用しています（標準モード）。KONAMI 公式の確定値ではありません。発動方式の証拠が不足するものは、Power of Many（条件型）である具体的証拠がないため固定型と推定して暫定適用しています。)","已將效果在兩個外部來源中一致的附帶加成套用到一般最終值（標準模式）。這些並非 KONAMI 官方數值。發動方式缺乏證據者，因沒有屬於 Power of Many（條件型）的具體證據，故推定為固定型並暫時套用。","","","high","","",""
"generated.libText.fixed","generated:libText","generated","(source: 編成条件付き付属ブースターの段階をユーザーが手動指定しています。標準最終値は変えず「条件反映後値」にのみ反映します。アプリが編成人数を自動検証した値ではありません。)","你已手動設定陣容條件型附帶加成的階段。這只會影響套用條件後的最終值，不會改變標準最終值。本應用程式並未驗證你的陣容人數。","","","high","","",""
"generated.libText.fixed","generated:libText","generated","(source: 付属ブースターの名称は確認できましたが、現在のモードでは通常の最終値へ適用していません（実験モードで試算できます）。)","已確認附帶加成的名稱，但在目前模式下未套用到一般最終值（可在實驗模式中試算）。","","","high","","",""
"generated.libText.fixed","generated:libText","generated","(source: 付属ブースターの数値IDを対応表で解決できませんでした。能力値へは適用していません。)","無法從對照表解析附帶加成的數字 ID，因此未套用到能力值。","","","high","","",""
"generated.libText.fixed","generated:libText","generated","(source: 未指定)","未設定","","","high","","",""
"generated.libText.fixed","generated:libText","generated","(source: 適用なし（+0）)","未套用（+0）","","","high","","",""
"generated.libText.fixed","generated:libText","generated","(source: 対象リーグ 1〜13 人)","該聯賽球員 1–13 名","","","high","","",""
"generated.libText.fixed","generated:libText","generated","(source: 対象リーグ 1〜13 人相当、対象能力 +1)","該聯賽球員 1–13 名，目標能力 +1","","","high","","",""
"generated.libText.fixed","generated:libText","generated","(source: 対象リーグ 14〜19 人)","該聯賽球員 14–19 名","","","high","","",""
"generated.libText.fixed","generated:libText","generated","(source: 対象リーグ 14〜19 人相当、対象能力 +2)","該聯賽球員 14–19 名，目標能力 +2","","","high","","",""
"generated.libText.fixed","generated:libText","generated","(source: 対象リーグ 20 人以上)","該聯賽球員 20 名以上","","","high","","",""
"generated.libText.fixed","generated:libText","generated","(source: 対象リーグ 20 人以上相当、対象能力 +3)","該聯賽球員 20 名以上，目標能力 +3","","","high","","",""
"generated.libText.fixed","generated:libText","generated","(source: この値はユーザーが自身の Game Plan を確認して指定したものです。アプリが編成人数を自動検証した値ではありません。)","此數值是你確認自己的 Game Plan 後設定的。本應用程式並未驗證你的陣容人數。","","","high","","",""
"generated.libText.fixed","generated:libText","generated","(source: Game Plan 依存の可変ブースター（金色）です。現在のアプリでは対象リーグ人数を自動判定できないため、能力値へ未適用です。)","這是取決於你的 Game Plan 的可變加成（金色）。本應用程式目前還無法偵測該聯賽的球員人數，因此未套用到能力值。","","","high","","",""
"generated.libText.fixed","generated:libText","generated","(source: 監督は未選択。)","未選擇總教練。","","","high","","",""
"generated.libText.fixed","generated:libText","generated","(source: このビルドは旧規則で作成されています。現行規則で再計算すると配分の解釈が変わります。)","此方案是以舊規則建立的。以目前規則重新計算會改變分配的解讀方式。","","","high","","",""
"generated.libText.fixed","generated:libText","generated","(source: Total Package の条件段階はユーザーが手動指定した試算値です（アプリが Game Plan の対象リーグ人数を自動検証した値ではありません）。標準最終値・比較の順位・チーム集計には含めていません。)","Total Package 的階段是你手動設定的試算值（本應用程式並未驗證你 Game Plan 中的聯賽球員人數）。不計入標準最終值、比較排名或球隊合計。","","","high","","",""
"generated.libText.fixed","generated:libText","generated","(source: 一部の能力値が99上限に達しています（超過分は無効）。ただし育成・ブースター・監督補正込みの最終上限が99である確証はまだありません（暫定処理）。)","部分能力值已達到 99 上限（超出的部分不計）。目前尚未確認 99 是否為包含培養、加成與總教練修正後的最終上限（暫定處理）。","","","high","","",""
"generated.libText.fixed","generated:libText","generated","(source: 厳密モード: ユーザー保存済みスクリーンショットで実測できた付属ブースターだけを通常の最終値へ適用しています。適用の基準は効果内容の証拠で、発動方式（固定型 / Power of Many）は問いません。)","嚴格模式：只將使用者儲存的截圖中實測到的附帶加成套用到一般最終值。套用依據為效果內容的證據，不論發動方式（固定型 / Power of Many）。","","","high","","",""
"generated.libText.fixed","generated:libText","generated","(source: 標準モード: 効果内容を外部データベース間で照合した高信頼値を含みます。KONAMI 公式の計算結果として確認された値ではありません。発動方式の証拠が不足するブースターは、Power of Many（条件型）である具体的証拠がないため固定型と推定して暫定適用しています（「外部照合済み・固定型推定を含む」）。)","標準模式：包含在外部資料庫之間交叉比對過的高可信度數值。這些並非經 KONAMI 確認的計算結果。缺乏發動方式證據的加成，因沒有屬於 Power of Many（條件型）的具體證據，故推定為固定型並暫時套用（「已外部比對，含推定固定型」）。","","","high","","",""
"generated.libText.fixed","generated:libText","generated","(source: 通常の最終値には外部2ソース照合済み（KONAMI 公式未確認）のブースター効果が含まれています。発動方式が固定型と推定されたもの（Power of Many である具体的証拠がないため暫定適用）を含みます。)","一般最終值包含在兩個外部來源中交叉比對過的加成效果（未經 KONAMI 確認），其中包括推定為固定型者（因沒有屬於 Power of Many 的具體證據而暫時套用）。","","","high","","",""
"generated.libText.fixed","generated:libText","generated","(source: TRENDING カード（POTW 等）は育成できません。)","TRENDING 卡片（POTW 等）無法培養。","","","high","","",""
"generated.libText.fixed","generated:libText","generated","(source: 最大レベルが1のため育成ポイントがありません。)","此卡片的最高等級為 1，因此沒有培養點數。","","","high","","",""
"generated.libText.fixed","generated:libText","generated","(source: EFScout（外部コミュニティDB）boot.json referenceData.allBoosters の定義のみ)","僅有 EFScout（外部社群資料庫）boot.json referenceData.allBoosters 的定義","","","high","","",""
"generated.libText.fixed","generated:libText","generated","(source: 発動条件付き（KONAMI 公式「The Power of Many」）: このカードの対象リーグ（例: MEIJI YASUDA J1 LEAGUE / Trendyol Süper Lig / Brasileirão など、カードのリーグに対応）の選手を Game Plan に登録した人数で効果が変化する。1〜13 人で全対象能力 +1、14〜19 人で +2、20 人以上で +3。eFootball World の ScoreBar は条件を無視して最大（+3）を表示している。試合／Game Plan 構成に依存する効果のため、静的な育成画面や現状のスカッド機能では評価せず、通常の最終値へは加算しない。)","有條件（KONAMI 官方的「The Power of Many」）：效果取決於你在 Game Plan 中登錄了多少名此卡片所屬聯賽的球員（例如 MEIJI YASUDA J1 LEAGUE / Trendyol Süper Lig / Brasileirão，依卡片的聯賽而定）：1–13 名時所有目標能力 +1，14–19 名 +2，20 名以上 +3。eFootball World 的 ScoreBar 忽略此條件並顯示最大值（+3）。由於效果取決於比賽 / Game Plan 的設定，因此不會在靜態的培養畫面或目前的陣容功能中評估，也不會加到一般最終值。","","","high","","",""
"generated.libText.fixed","generated:libText","generated","(source: eFootball World（外部コミュニティDB）の個別選手ページ: ScoreBar(ブースターON) − RSC baseAbilities(OFF) の差分 と EFScout（外部DB）の定義が一致（別カード2枚以上・delta==level・デュアル加算一致・反例0）。外部2ソースで整合。KONAMI のゲームクライアント画面での確認ではない。)","eFootball World（外部社群資料庫）球員頁面：ScoreBar（加成開啟）− RSC baseAbilities（關閉）的差值與 EFScout（外部資料庫）的定義一致（2 張以上不同卡片、delta == level、雙重加成一致、0 個反例）。兩個外部來源結果一致。尚未在 KONAMI 遊戲用戶端上確認。","","","high","","",""
"generated.libText.fixed","generated:libText","generated","(source: screenshots/スクリーンショット 2026-08-28 020026.png（eFHUB ビルドツール・ユーザー保存）で「ボールキャリー +5」選択時に ドリブル/ボールキープ/スピード/ボディバランス へ緑の +5 を確認。KONAMI のゲームクライアント画面での確認ではない。+ eFootball World ScoreBar 差分 と EFScout 定義も一致。)","使用者儲存的截圖（eFHUB 方案工具，2026-08-28）顯示，選擇「Ball-carrying +5」時，盤帶 / 緊密控球 / 速度 / 平衡感出現綠色 +5。尚未在 KONAMI 遊戲用戶端上確認。eFootball World 的 ScoreBar 差值與 EFScout 的定義也一致。","","","high","","",""
"generated.libText.fixed","generated:libText","generated","(source: screenshots/image.png・image (1).png（eFHUB ビルドツール・ユーザー保存）で「攻撃の起点 +4」選択時に オフェンスセンス/ボールコントロール/グラウンダーパス/キック力 へ緑の +4 を確認。KONAMI のゲームクライアント画面での確認ではない。+ eFootball World ScoreBar 差分 と EFScout 定義も一致。)","使用者儲存的截圖（eFHUB 方案工具）顯示，選擇「Attacking Hub +4」時，進攻意識 / 控球 / 低平傳球 / 踢球力道出現綠色 +4。尚未在 KONAMI 遊戲用戶端上確認。eFootball World 的 ScoreBar 差值與 EFScout 的定義也一致。","","","high","","",""
"generated.libText.fixed","generated:libText","generated","(source:  ＋ デュアルカード1枚の ScoreBar 差分（検証例が不足）)"," + 一張雙重卡片的 ScoreBar 差值（已驗證的例子不足）","","","high","","",""
"generated.libText.fixed","generated:libText","generated","(source: 効果候補（全26能力へ +level）は eFootball World の ScoreBar 差分 と EFScout 定義で整合。発動条件の内容は KONAMI 公式「The Power of Many」で判明（Game Plan の同一リーグ登録人数で +1/+2/+3）。ただし条件を静的データ・現状のスカッドでは評価できないため通常の最終値へは未適用。)","候選效果（所有 26 項能力 +level）與 eFootball World 的 ScoreBar 差值及 EFScout 的定義一致。條件已由 KONAMI 官方的「The Power of Many」得知（依 Game Plan 中同聯賽球員人數 +1/+2/+3）。由於無法從靜態資料或目前的陣容評估條件，因此未套用到一般最終值。","","","high","","",""
"generated.libText.fixed","generated:libText","generated","(source: （カード付属として未観測）)","（未觀測到作為附帶加成）","","","high","","",""
"generated.libText.fixed","generated:libText","generated","(source: ボールキャリー)","Ball-carrying","","","high","","",""
"generated.libText.fixed","generated:libText","generated","(source: 攻撃の起点)","Attacking Hub","","","high","","",""
"generated.libText.fixed","generated:libText","generated","(source: ファンタジスタ)","Fantasista","","","high","","",""
"generated.libText.fixed","generated:libText","generated","(source: 公式のOVR計算式・ポジション別OVRの正確な重み)","官方 OVR 計算公式與各位置 OVR 的確切權重","","","high","","",""
"generated.libText.fixed","generated:libText","generated","(source: Max Level Stats（最大レベル時の各能力値）の内訳)","Max Level Stats 的明細（最高等級時的各能力值）","","","high","","",""
"generated.libText.fixed","generated:libText","generated","(source: グループ配分1段階あたりの能力別の正確な上昇量（重み付き/上限）)","每個分組分配等級對各能力的確切提升量（權重 / 上限）","","","high","","",""
"generated.libText.fixed","generated:libText","generated","(source: 段階コストの9段階/13段階以降の正確な値（外挿・confirmed ではない）)","第 9 級 / 第 13 級以後的確切階段成本（外推值，未確認）","","","high","","",""
"generated.libText.fixed","generated:libText","generated","(source: 育成・選手ブースター・監督補正を含む最終能力値の上限（暫定で99にクランプ）)","包含培養、球員加成與總教練加成的最終能力值上限（暫時限制在 99）","","","high","","",""
"generated.libText:5c479e96","generated:libText","generated","(template; tokens {N} etc. must stay)","能力值圖表顯示所選能力值模式（{fixed:1}）的類別簡單平均。","","","high","","",""
"generated.libText:831535fc","generated:libText","generated","(template; tokens {N} etc. must stay)","部分數列超過 99（刻度上限已延伸至 {1}；確切數值請參考替代表格與 26 項能力值表）。","","","high","","",""
"generated.libText:8fb3c1c5","generated:libText","generated","(template; tokens {N} etc. must stay)","已套用總教練「{1}」的加成（目標能力 +N，已在多個來源確認）。","","","high","","",""
"generated.libText:d050ea19","generated:libText","generated","(template; tokens {N} etc. must stay)","僅套用了總教練「{1}」的部分加成（未確認的效果不套用）。","","","high","","",""
"generated.libText:d7f52a30","generated:libText","generated","(template; tokens {N} etc. must stay)","總教練「{1}」的加成效果未確認，因此未套用。","","","high","","",""
"generated.libText:d9a1a66e","generated:libText","generated","(template; tokens {N} etc. must stay)","使用者指定的條件：{loc:1}","","","high","","",""
"generated.libText:25b136e4","generated:libText","generated","(template; tokens {N} etc. must stay)","分配已修正：{loc:1}","","","high","","",""
"generated.libText:516e1786","generated:libText","generated","(template; tokens {N} etc. must stay)","使用的培養點數過多：{1} / {2}","","","high","","",""
"generated.libText:da9ae789","generated:libText","generated","(template; tokens {N} etc. must stay)","{1}：未知的分組 ID","","","high","","",""
"generated.libText:a087cc98","generated:libText","generated","(template; tokens {N} etc. must stay)","{1}：不是數字（{2}）","","","high","","",""
"generated.libText:dba23d45","generated:libText","generated","(template; tokens {N} etc. must stay)","{1}：負數（{2}）","","","high","","",""
"generated.libText:ae357c36","generated:libText","generated","(template; tokens {N} etc. must stay)","{1}：不是整數（{2}）","","","high","","",""
"generated.libText:f81f6d9a","generated:libText","generated","(template; tokens {N} etc. must stay)","{1}：數值異常大（{2}）","","","high","","",""
"generated.libText:9bfe2ba4","generated:libText","generated","(template; tokens {N} etc. must stay)","{1}：已限制在上限（{2} → {3}）","","","high","","",""
"generated.buildsText.fixed","generated:buildsText","generated","(source: 現行規則)","目前規則","","","high","","",""
"generated.buildsText.fixed","generated:buildsText","generated","(source: 旧規則)","舊規則","","","high","","",""
"generated.buildsText.fixed","generated:buildsText","generated","(source: 規則不明)","規則不明","","","high","","",""
"generated.buildsText.fixed","generated:buildsText","generated","(source: 指定あり)","已設定","","","high","","",""
"generated.buildsText.fixed","generated:buildsText","generated","(source: 名前が不正です)","名稱無效","","","high","","",""
"generated.buildsText.fixed","generated:buildsText","generated","(source: 改行は使えません)","不可使用換行","","","high","","",""
"generated.buildsText.fixed","generated:buildsText","generated","(source: ビルド名を入力してください（1〜60文字）)","請輸入方案名稱（1–60 個字元）","","","high","","",""
"generated.buildsText.fixed","generated:buildsText","generated","(source: ビルド名は60文字までです)","方案名稱最多 60 個字元","","","high","","",""
"generated.buildsText.fixed","generated:buildsText","generated","(source: ベンチ)","板凳","","","high","","",""
"generated.buildsText.fixed","generated:buildsText","generated","(source: 先発)","先發","","","high","","",""
"generated.buildsText.fixed","generated:buildsText","generated","(source: このブラウザでは保存できません（localStorage 不可）)","此瀏覽器無法儲存（localStorage 無法使用）","","","high","","",""
"generated.buildsText.fixed","generated:buildsText","generated","(source: カード ID が不正です)","卡片 ID 無效","","","high","","",""
"generated.buildsText.fixed","generated:buildsText","generated","(source: ビルド ID が不正です)","方案 ID 無效","","","high","","",""
"generated.buildsText.fixed","generated:buildsText","generated","(source: このカードは My Team に登録されていません)","此卡片不在我的球隊中","","","high","","",""
"generated.buildsText.fixed","generated:buildsText","generated","(source: 別のタブでデータが変更されました。再読込してください。)","資料已在其他分頁中變更。請重新整理。","","","high","","",""
"generated.buildsText.fixed","generated:buildsText","generated","(source: 対象の保存ビルドが見つかりません（削除された可能性があります）)","找不到已儲存的方案（可能已被刪除）","","","high","","",""
"generated.buildsText.fixed","generated:buildsText","generated","(source: お気に入りビルドの状態が変更されています。再読込してください。)","收藏的方案已變更。請重新整理。","","","high","","",""
"generated.buildsText.fixed","generated:buildsText","generated","(source: 保存ビルドが別のタブで削除されました。再読込してください。)","已儲存的方案已在其他分頁中刪除。請重新整理。","","","high","","",""
"generated.buildsText.fixed","generated:buildsText","generated","(source: このカードは既に My Team へ登録されています。再読込してください。)","此卡片已在我的球隊中。請重新整理。","","","high","","",""
"generated.buildsText.fixed","generated:buildsText","generated","(source: 所有状態が不正です)","持有狀態無效","","","high","","",""
"generated.buildsText.fixed","generated:buildsText","generated","(source: 使用状態が不正です)","使用狀態無效","","","high","","",""
"generated.buildsText.fixed","generated:buildsText","generated","(source: 既に解除されています。再読込してください。)","已經解除。請重新整理。","","","high","","",""
"generated.buildsText.fixed","generated:buildsText","generated","(source: 設定が別のタブで変更されています。再読込してください。)","設定已在其他分頁中變更。請重新整理。","","","high","","",""
"generated.buildsText.fixed","generated:buildsText","generated","(source: 対象の枠が見つかりません（別のタブで変更された可能性があります）。再読込してください。)","找不到該欄位（可能已在其他分頁中變更）。請重新整理。","","","high","","",""
"generated.buildsText.fixed","generated:buildsText","generated","(source: 枠のカードが別のタブで変更されています。パネルを開き直してください。)","此欄位的卡片已在其他分頁中變更。請重新開啟面板。","","","high","","",""
"generated.buildsText.fixed","generated:buildsText","generated","(source: 対象の保存ビルドが見つかりません（削除された可能性があります）。再読込してください。)","找不到已儲存的方案（可能已被刪除）。請重新整理。","","","high","","",""
"generated.buildsText.fixed","generated:buildsText","generated","(source: 保存データの検証に失敗（スキーマ不一致）)","儲存的資料驗證失敗（結構描述不符）","","","high","","",""
"generated.buildsText.fixed","generated:buildsText","generated","(source: 規則バージョンが不明（rulesVersion が空）で同一性を安全に判定できません)","規則版本不明（rulesVersion 為空），無法安全判斷是否相同","","","high","","",""
"generated.buildsText.fixed","generated:buildsText","generated","(source: 配分が 1 カテゴリだけ異なる)","只有一個類別的分配不同","","","high","","",""
"generated.buildsText.fixed","generated:buildsText","generated","(source: 選手ブースター試算 / Power of Many 指定だけが異なる)","只有球員加成試算 / Power of Many 設定不同","","","high","","",""
"generated.buildsText.fixed","generated:buildsText","generated","(source: 育成配分)","培養分配","","","high","","",""
"generated.buildsText.fixed","generated:buildsText","generated","(source: 選手ブースター試算)","球員加成試算","","","high","","",""
"generated.buildsText.fixed","generated:buildsText","generated","(source: Power of Many 指定)","Power of Many 設定","","","high","","",""
"generated.buildsText.fixed","generated:buildsText","generated","(source: ビルド名)","方案名稱","","","high","","",""
"generated.buildsText.fixed","generated:buildsText","generated","(source: 作成日時)","建立時間","","","high","","",""
"generated.buildsText.fixed","generated:buildsText","generated","(source: 更新日時)","更新時間","","","high","","",""
"generated.buildsText.fixed","generated:buildsText","generated","(source: 保存時の推定OVR)","儲存時的預估 OVR","","","high","","",""
"generated.buildsText.fixed","generated:buildsText","generated","(source: 計算モード)","計算模式","","","high","","",""
"generated.buildsText.fixed","generated:buildsText","generated","(source: 未指定)","未設定","","","high","","",""
"generated.buildsText.fixed","generated:buildsText","generated","(source: 未配分)","未分配","","","high","","",""
"generated.buildsText.fixed","generated:buildsText","generated","(source: My Team の選択中ビルド)","我的球隊中選擇的方案","","","high","","",""
"generated.buildsText.fixed","generated:buildsText","generated","(source: My Team のお気に入りビルド)","我的球隊中收藏的方案","","","high","","",""
"generated.buildsText.fixed","generated:buildsText","generated","(source: スカッド（先発）)","陣容（先發）","","","high","","",""
"generated.buildsText.fixed","generated:buildsText","generated","(source: スカッド（ベンチ）)","陣容（板凳）","","","high","","",""
"generated.buildsText.fixed","generated:buildsText","generated","(source: ファイルが空です。)","檔案是空的。","","","high","","",""
"generated.buildsText.fixed","generated:buildsText","generated","(source: JSON として読み取れません。正式なエクスポートファイルを選んでください。)","無法以 JSON 讀取。請選擇正式的匯出檔案。","","","high","","",""
"generated.buildsText.fixed","generated:buildsText","generated","(source: エクスポートファイルの形式ではありません（トップレベルがオブジェクトではありません）。)","這不是匯出檔案（最上層不是物件）。","","","high","","",""
"generated.buildsText.fixed","generated:buildsText","generated","(source: 安全でないキーを含むため読み込めません。)","包含不安全的鍵，因此無法匯入。","","","high","","",""
"generated.buildsText.fixed","generated:buildsText","generated","(source: 未知の項目を含むため読み込めません。正式なエクスポートファイルを選んでください。)","包含未知的欄位，因此無法匯入。請選擇正式的匯出檔案。","","","high","","",""
"generated.buildsText.fixed","generated:buildsText","generated","(source: このアプリの保存ビルドエクスポートファイルではありません。)","這不是本應用程式的已儲存方案匯出檔案。","","","high","","",""
"generated.buildsText.fixed","generated:buildsText","generated","(source: formatVersion の形式が不正です。)","formatVersion 無效。","","","high","","",""
"generated.buildsText.fixed","generated:buildsText","generated","(source: exportedAt が妥当な ISO 8601 日時ではありません。)","exportedAt 不是有效的 ISO 8601 日期時間。","","","high","","",""
"generated.buildsText.fixed","generated:buildsText","generated","(source: itemCount が非負整数ではありません。)","itemCount 不是非負整數。","","","high","","",""
"generated.buildsText.fixed","generated:buildsText","generated","(source: builds が配列ではありません。)","builds 不是陣列。","","","high","","",""
"generated.buildsText.fixed","generated:buildsText","generated","(source: itemCount と builds の件数が一致しません。)","itemCount 與 builds 的數量不符。","","","high","","",""
"generated.buildsText.fixed","generated:buildsText","generated","(source: ファイルまたはビルド件数が大きすぎます。)","檔案或方案數量過大。","","","high","","",""
"generated.buildsText.fixed","generated:buildsText","generated","(source: JSON として読み取れません。)","無法以 JSON 讀取。","","","high","","",""
"generated.buildsText.fixed","generated:buildsText","generated","(source: エクスポートファイルの構造ではありません。)","不具備匯出檔案的結構。","","","high","","",""
"generated.buildsText.fixed","generated:buildsText","generated","(source: 未知または安全でない項目を含むため読み込めません。)","包含未知或不安全的欄位，因此無法匯入。","","","high","","",""
"generated.buildsText.fixed","generated:buildsText","generated","(source: 未対応の formatVersion です。アプリの更新が必要です。)","不支援的 formatVersion。需要更新應用程式。","","","high","","",""
"generated.buildsText.fixed","generated:buildsText","generated","(source: exportedAt の日時が不正です。)","exportedAt 的日期時間無效。","","","high","","",""
"generated.buildsText.fixed","generated:buildsText","generated","(source: itemCount が不正です。)","itemCount 無效。","","","high","","",""
"generated.buildsText.fixed","generated:buildsText","generated","(source: itemCount と実際の件数が一致しません。)","itemCount 與實際數量不符。","","","high","","",""
"generated.buildsText.fixed","generated:buildsText","generated","(source: ファイルを読み込めません。)","無法讀取檔案。","","","high","","",""
"generated.buildsText.fixed","generated:buildsText","generated","(source: worldCardId が不正です)","卡片 ID 無效","","","high","","",""
"generated.buildsText.fixed","generated:buildsText","generated","(source: ビルド名を入力してください)","請輸入方案名稱","","","high","","",""
"generated.buildsText.fixed","generated:buildsText","generated","(source: 対象のビルドが見つかりません)","找不到該方案","","","high","","",""
"generated.buildsText.fixed","generated:buildsText","generated","(source: 保存データの形式が不正です)","儲存的資料格式無效","","","high","","",""
"generated.buildsText.fixed","generated:buildsText","generated","(source: この環境ではビルドを保存できません（localStorage 不可）)","無法在此儲存方案（localStorage 無法使用）","","","high","","",""
"generated.buildsText.fixed","generated:buildsText","generated","(source: この環境ではビルドを更新できません（localStorage 不可）)","無法在此更新方案（localStorage 無法使用）","","","high","","",""
"generated.buildsText.fixed","generated:buildsText","generated","(source: この環境ではビルドを更新できません)","無法在此更新方案","","","high","","",""
"generated.buildsText.fixed","generated:buildsText","generated","(source: buildId が衝突しています)","方案 ID 與現有方案衝突","","","high","","",""
"generated.buildsText.fixed","generated:buildsText","generated","(source: インポートデータの形式が不正です)","匯入資料的格式無效","","","high","","",""
"generated.buildsText.fixed","generated:buildsText","generated","(source: この環境では保存できません（localStorage 不可）)","無法在此儲存（localStorage 無法使用）","","","high","","",""
"generated.buildsText.fixed","generated:buildsText","generated","(source: この環境では更新できません)","無法在此更新","","","high","","",""
"generated.buildsText.fixed","generated:buildsText","generated","(source: この環境では更新できません（localStorage 不可）)","無法在此更新（localStorage 無法使用）","","","high","","",""
"generated.buildsText.fixed","generated:buildsText","generated","(source: 保存できませんでした（保存容量が不足している可能性があります）)","無法儲存（儲存空間可能已滿）","","","high","","",""
"generated.buildsText.fixed","generated:buildsText","generated","(source: 既存の保存ビルドが変更されています。再読込してください。)","已儲存的方案已變更。請重新整理。","","","high","","",""
"generated.buildsText.fixed","generated:buildsText","generated","(source: 未対応のスキーマバージョンです)","不支援的結構描述版本","","","high","","",""
"generated.buildsText.fixed","generated:buildsText","generated","(source: 追加するビルドがありません)","沒有可新增的方案","","","high","","",""
"generated.buildsText:95296a77","generated:buildsText","generated","(template; tokens {N} etc. must stay)","{1} 的副本","","","high","","",""
"generated.buildsText:ec1cff8f","generated:buildsText","generated","(template; tokens {N} etc. must stay)","先發（{1}）","","","high","","",""
"generated.buildsText:b0467c8c","generated:buildsText","generated","(template; tokens {N} etc. must stay)","板凳 {1}","","","high","","",""
"generated.buildsText:acada59a","generated:buildsText","generated","(template; tokens {N} etc. must stay)","已設定（{1}）","","","high","","",""
"generated.buildsText:77c1969e","generated:buildsText","generated","(template; tokens {N} etc. must stay)","分配：{group:1}（{loc:2} → {loc:3}）","","","high","","",""
"generated.buildsText:aa11c4cf","generated:buildsText","generated","(template; tokens {N} etc. must stay)","球員加成試算：{loc:1} → {loc:2}","","","high","","",""
"generated.buildsText:d996c60a","generated:buildsText","generated","(template; tokens {N} etc. must stay)","{loc:1} 參照了不存在的已儲存方案（buildId {2}）。","","","high","","",""
"generated.buildsText:bb8e8cb0","generated:buildsText","generated","(template; tokens {N} etc. must stay)","{loc:1} 所參照之已儲存方案的 worldCardId（{2}）與參照來源卡片（{3}）不符。","","","high","","",""
"generated.buildsText:8c2e4dce","generated:buildsText","generated","(template; tokens {N} etc. must stay)","{loc:1} 所保存的已儲存方案 ID（{2}）格式錯誤。","","","high","","",""
"generated.buildsText:754b9672","generated:buildsText","generated","(template; tokens {N} etc. must stay)","無法安全分類 {loc:1} 的參照（參照來源 worldCardId {2}）。","","","high","","",""
"generated.buildsText:17ab7964","generated:buildsText","generated","(template; tokens {N} etc. must stay)","{1}：狀態無效，已重設為預設值（一般）","","","high","","",""
"generated.buildsText:49fe4166","generated:buildsText","generated","(template; tokens {N} etc. must stay)","{1}：未知的能力領域 ID，已忽略","","","high","","",""
"generated.buildsText:6fc1ca12","generated:buildsText","generated","(template; tokens {N} etc. must stay)","freeText：已截斷為 {1} 個字元","","","high","","",""
"generated.buildsText:ba848216","generated:buildsText","generated","(template; tokens {N} etc. must stay)","檔案過大（上限 {1} MB）。","","","high","","",""
"generated.buildsText:d8b0ec76","generated:buildsText","generated","(template; tokens {N} etc. must stay)","不支援的 formatVersion（{1}）。需要更新應用程式；未來的格式絕不會被當作目前格式讀取。","","","high","","",""
"generated.buildsText:04ca5da5","generated:buildsText","generated","(template; tokens {N} etc. must stay)","方案過多（上限 {1} 個）。","","","high","","",""
"generated.squadCompare.fixed","generated:squadCompare","generated","(source: 同名の別カード)","同名的不同卡片","","","high","","",""
"generated.squadCompare.fixed","generated:squadCompare","generated","(source: 登録ポジションと一致)","與登錄位置一致","","","high","","",""
"generated.squadCompare.fixed","generated:squadCompare","generated","(source: 不適性の可能性)","可能不適合","","","high","","",""
"generated.squadCompare.fixed","generated:squadCompare","generated","(source: 適性未確認（近いポジション）)","適性未確認（相近位置）","","","high","","",""
"generated.squadCompare.fixed","generated:squadCompare","generated","(source: 適性未確認)","適性未確認","","","high","","",""
"generated.squadCompare.fixed","generated:squadCompare","generated","(source: 未配置)","未配置","","","high","","",""
"generated.squadCompare.fixed","generated:squadCompare","generated","(source: 一部の選手情報を取得できませんでした。)","部分球員資料無法取得。","","","high","","",""
"generated.squadCompare.fixed","generated:squadCompare","generated","(source: なし)","無","","","high","","",""
"generated.squadCompare.fixed","generated:squadCompare","generated","(source: 監督ブースターの適用順序（育成前 / 育成後）は未確認です。)","總教練加成是在培養之前還是之後套用，目前尚未確認。","","","high","","",""
"generated.squadCompare.fixed","generated:squadCompare","generated","(source: 先発人数)","先發人數","","","high","","",""
"generated.squadCompare.fixed","generated:squadCompare","generated","(source: ベンチ人数)","板凳人數","","","high","","",""
"generated.squadCompare.fixed","generated:squadCompare","generated","(source: 平均基礎OVR)","平均基礎 OVR","","","high","","",""
"generated.squadCompare.fixed","generated:squadCompare","generated","(source: 平均表示OVR)","平均顯示 OVR","","","high","","",""
"generated.squadCompare.fixed","generated:squadCompare","generated","(source: 共通スキル数)","共通技能數","","","high","","",""
"generated.squadCompare.fixed","generated:squadCompare","generated","(source: 監督補正が乗る先発数)","受總教練加成的先發人數","","","high","","",""
"generated.squadCompare.fixed","generated:squadCompare","generated","(source: 適性未確認の先発数)","適性未確認的先發人數","","","high","","",""
"generated.squadCompare.fixed","generated:squadCompare","generated","(source: 不適性の可能性がある先発数)","可能不適合的先發人數","","","high","","",""
"generated.squadCompare.fixed","generated:squadCompare","generated","(source: 警告数)","警告數","","","high","","",""
"generated.squadCompare.fixed","generated:squadCompare","generated","(source: カテゴリ平均・平均OVR は単純平均です（加重平均ではありません）。)","類別平均與平均 OVR 皆為簡單平均（非加權）。","","","high","","",""
"generated.squadCompare.fixed","generated:squadCompare","generated","(source: eFootball の公式チームパワー・カテゴリ重みとは異なります。)","與 eFootball 官方的球隊實力及類別權重不同。","","","high","","",""
"generated.squadCompare.fixed","generated:squadCompare","generated","(source: ポジション別 OVR ではありません（配置ロールを変えても表示OVRは変わりません）。)","這不是各位置的 OVR（變更配置角色不會改變顯示的 OVR）。","","","high","","",""
"generated.squadCompare.fixed","generated:squadCompare","generated","(source: Power of Many（金色）のユーザー指定値は標準平均に含めていません（別枠表示のみ）。)","使用者選擇的 Power of Many（金色）數值不計入標準平均（僅另行顯示）。","","","high","","",""
"generated.squadCompare.fixed","generated:squadCompare","generated","(source: 外部照合済み・固定型推定のブースターは「固定型と推定して」標準値へ暫定適用しています（確認済み固定型ではありません）。)","經外部來源比對並推定為固定型的加成，會以固定型暫時套用到標準值（並非已確認的固定型加成）。","","","high","","",""
"generated.squadCompare.fixed","generated:squadCompare","generated","(source: 未解決ブースター（対応表に無い ID）は能力値へ加算していません。)","未解析的加成（ID 不在對照表中）不會加到能力值。","","","high","","",""
"generated.squadCompare.fixed","generated:squadCompare","generated","(source: 選手情報を取得できなかったカードは平均・スキル集計から除外されます。)","無法取得球員資料的卡片不計入平均與技能統計。","","","high","","",""
"generated.squadCompare:8f9ea33b","generated:squadCompare","generated","(template; tokens {N} etc. must stay)","卡片 {1}","","","high","","",""
"generated.squadCompare:8efe3819","generated:squadCompare","generated","(template; tokens {N} etc. must stay)","先發 {1}","","","high","","",""
"generated.squadCompare:1d0af8ee","generated:squadCompare","generated","(template; tokens {N} etc. must stay)","板凳 {1} 號","","","high","","",""
"generated.squadText.fixed","generated:squadText","generated","(source: このスカッドは旧い規則バージョンで保存されています。現行規則で再計算して表示しています。)","此陣容是以舊的規則版本儲存的。已依目前規則重新計算並顯示。","","","high","","",""
"generated.squadText.fixed","generated:squadText","generated","(source: カテゴリ平均・チーム評価は単純計算です（eFootball の公式チームパワー・カテゴリ重みとは異なります）。)","類別平均與球隊評分皆為簡單計算（與 eFootball 官方的球隊實力及類別權重不同）。","","","high","","",""
"generated.squadText.fixed","generated:squadText","generated","(source: 監督ブースターの適用順序（育成前 / 育成後）は未確認です。)","總教練加成是在培養之前還是之後套用，目前尚未確認。","","","high","","",""
"generated.squadText.fixed","generated:squadText","generated","(source: 監督は未選択（managerBoosterDelta = 0）。)","未選擇總教練（managerBoosterDelta = 0）。","","","high","","",""
"generated.squadText.fixed","generated:squadText","generated","(source: 適性未確認)","適性未確認","","","high","","",""
"generated.squadText.fixed","generated:squadText","generated","(source: 登録ポジションのデータがありません。)","沒有登錄位置的資料。","","","high","","",""
"generated.squadText.fixed","generated:squadText","generated","(source: 登録ポジションと一致)","與登錄位置一致","","","high","","",""
"generated.squadText.fixed","generated:squadText","generated","(source: 不適性の可能性)","可能不適合","","","high","","",""
"generated.squadText.fixed","generated:squadText","generated","(source: GK とフィールドプレーヤーの組み合わせです。)","守門員與場上球員的位置不相符。","","","high","","",""
"generated.squadText.fixed","generated:squadText","generated","(source: 適性未確認（近いポジション）)","適性未確認（相近位置）","","","high","","",""
"generated.squadText.fixed","generated:squadText","generated","(source: 同じ系統のポジションですが、副ポジション適性は未確認です。)","同一位置類別，但次要位置的適性未確認。","","","high","","",""
"generated.squadText.fixed","generated:squadText","generated","(source: 副ポジション適性のデータがありません。能力値は下げていません。)","沒有次要位置適性的資料。能力值不會降低。","","","high","","",""
"generated.squadText.fixed","generated:squadText","generated","(source: 未配置)","未配置","","","high","","",""
"generated.squadText.fixed","generated:squadText","generated","(source: 発動条件の照合のみ対応。ゲーム内効果は追加検証中です。)","僅檢查發動條件。遊戲內的效果仍在驗證中。","","","high","","",""
"generated.squadText.fixed","generated:squadText","generated","(source: キャプテン)","隊長","","","high","","",""
"generated.squadText.fixed","generated:squadText","generated","(source: 左右CK担当)","角球主罰者","","","high","","",""
"generated.squadText.fixed","generated:squadText","generated","(source: FK担当)","自由球主罰者","","","high","","",""
"generated.squadText.fixed","generated:squadText","generated","(source: PK担当)","點球主罰者","","","high","","",""
"generated.squadText.fixed","generated:squadText","generated","(source: Link-Up 中心選手)","Link-Up 核心球員","","","high","","",""
"generated.squadText.fixed","generated:squadText","generated","(source: Link-Up キーマン)","Link-Up 關鍵球員","","","high","","",""
"generated.squadText.fixed","generated:squadText","generated","(source: 先発を入れ替えました)","已交換先發球員","","","high","","",""
"generated.squadText.fixed","generated:squadText","generated","(source: 選手を移動しました)","已移動球員","","","high","","",""
"generated.squadText.fixed","generated:squadText","generated","(source: 先発をベンチへ移動しました)","已將先發球員移至板凳","","","high","","",""
"generated.squadText.fixed","generated:squadText","generated","(source: 先発とベンチを交代しました)","已將先發球員與板凳球員交換","","","high","","",""
"generated.squadText.fixed","generated:squadText","generated","(source: ベンチと先発を交代しました)","已將板凳球員與先發球員交換","","","high","","",""
"generated.squadText.fixed","generated:squadText","generated","(source: ベンチ選手を先発へ移動しました)","已將板凳球員移入先發陣容","","","high","","",""
"generated.squadText.fixed","generated:squadText","generated","(source: ベンチの順番を変更しました)","已調整板凳順序","","","high","","",""
"generated.squadText.fixed","generated:squadText","generated","(source: 配置を左右反転しました)","已左右翻轉配置","","","high","","",""
"generated.squadText.fixed","generated:squadText","generated","(source: 先発から外しました)","已從先發陣容移除","","","high","","",""
"generated.squadText.fixed","generated:squadText","generated","(source: ベンチから外しました)","已從板凳移除","","","high","","",""
"generated.squadText.fixed","generated:squadText","generated","(source: 新しいスカッド)","新陣容","","","high","","",""
"generated.squadText.fixed","generated:squadText","generated","(source: スカッド名を入力してください（1〜50文字）)","請輸入陣容名稱（1–50 個字元）。","","","high","","",""
"generated.squadText.fixed","generated:squadText","generated","(source: スカッドIDが不正です)","陣容 ID 無效。","","","high","","",""
"generated.squadText.fixed","generated:squadText","generated","(source: スカッドの形式が不正です)","陣容格式無效。","","","high","","",""
"generated.squadText.fixed","generated:squadText","generated","(source: この環境ではスカッドを保存できません（localStorage 不可）)","無法在此環境中儲存陣容（localStorage 無法使用）。","","","high","","",""
"generated.squadText.fixed","generated:squadText","generated","(source: 対象のスカッドが見つかりません)","找不到該陣容。","","","high","","",""
"generated.squadText.fixed","generated:squadText","generated","(source: この環境ではスカッドを更新できません（localStorage 不可）)","無法在此環境中更新陣容（localStorage 無法使用）。","","","high","","",""
"generated.squadText.fixed","generated:squadText","generated","(source: この環境ではスカッドを更新できません)","無法在此環境中更新陣容。","","","high","","",""
"generated.squadText.fixed","generated:squadText","generated","(source: テンプレートの保存データが壊れていたため空にしました。)","範本的儲存資料已損毀，因此已清空。","","","high","","",""
"generated.squadText.fixed","generated:squadText","generated","(source: テンプレート名を入力してください)","請輸入範本名稱。","","","high","","",""
"generated.squadText.fixed","generated:squadText","generated","(source: この環境ではテンプレートを保存できません)","無法在此環境中儲存範本。","","","high","","",""
"generated.squadText.fixed","generated:squadText","generated","(source: テンプレートが見つかりません)","找不到該範本。","","","high","","",""
"generated.squadText.fixed","generated:squadText","generated","(source: この環境ではテンプレートを更新できません)","無法在此環境中更新範本。","","","high","","",""
"generated.squadText:cac96335","generated:squadText","generated","(template; tokens {N} etc. must stay)","{1}：已儲存的方案使用舊規則（已依目前規則重新計算，分配的解讀方式可能不同）。","","","high","","",""
"generated.squadText:3a41a3d6","generated:squadText","generated","(template; tokens {N} etc. must stay)","{1}：{2} 可能不適合（能力值不會降低）。","","","high","","",""
"generated.squadText:b91c465e","generated:squadText","generated","(template; tokens {N} etc. must stay)","先發 {1}/11 名。","","","high","","",""
"generated.squadText:0070c291","generated:squadText","generated","(template; tokens {N} etc. must stay)","總教練「{1}」已確認的加成套用於所有球員。","","","high","","",""
"generated.squadText:50f95a08","generated:squadText","generated","(template; tokens {N} etc. must stay)","總教練「{1}」的加成效果未確認，因此未套用（僅顯示）。","","","high","","",""
"generated.squadText:7af134e0","generated:squadText","generated","(template; tokens {N} etc. must stay)","該球員已離開先發陣容，因此已解除{roles:1}。","","","high","","",""
"generated.squadText:662dc1f7","generated:squadText","generated","(template; tokens {N} etc. must stay)","已解除{roles:1}。","","","high","","",""
"generated.squadText:f6f91957","generated:squadText","generated","(template; tokens {N} etc. must stay)","最多可儲存 {1} 個陣容。","","","high","","",""
"generated.squadText:141eb4d6","generated:squadText","generated","(template; tokens {N} etc. must stay)","{1} 的副本","","","high","","",""
"generated.squadText:4cc9279b","generated:squadText","generated","(template; tokens {N} etc. must stay)","因儲存版本不明（{1}），已清空。","","","high","","",""
"generated.squadText:b4104aeb","generated:squadText","generated","(template; tokens {N} etc. must stay)","最多可儲存 {1} 個範本。","","","high","","",""
"generated.squadDiagnosis.fixed","generated:squadDiagnosis","generated","(source: 攻撃)","進攻","","","high","","",""
"generated.squadDiagnosis.fixed","generated:squadDiagnosis","generated","(source: 守備)","防守","","","high","","",""
"generated.squadDiagnosis.fixed","generated:squadDiagnosis","generated","(source: 空中戦)","空中爭頂","","","high","","",""
"generated.squadDiagnosis.fixed","generated:squadDiagnosis","generated","(source: スピード)","速度","","","high","","",""
"generated.squadDiagnosis.fixed","generated:squadDiagnosis","generated","(source: パス・ビルドアップ)","傳球與組織","","","high","","",""
"generated.squadDiagnosis.fixed","generated:squadDiagnosis","generated","(source: ドリブル・ボール保持)","盤帶與控球","","","high","","",""
"generated.squadDiagnosis.fixed","generated:squadDiagnosis","generated","(source: プレス適性)","壓迫","","","high","","",""
"generated.squadDiagnosis.fixed","generated:squadDiagnosis","generated","(source: カウンター適性)","反擊","","","high","","",""
"generated.squadDiagnosis.fixed","generated:squadDiagnosis","generated","(source: 選手配置の充足状況)","陣容完整度","","","high","","",""
"generated.squadDiagnosis.fixed","generated:squadDiagnosis","generated","(source: この評価は、登録された選手能力・育成・配置にもとづくスカッド構成評価です。試合結果やプレイヤースキル、全国順位・勝率を保証するものではありません。)","此評分是根據登錄的球員能力、培養與配置所做的陣容組成評分，不保證比賽結果、玩家技術、排名或勝率。","","","high","","",""
"generated.squadDiagnosis.fixed","generated:squadDiagnosis","generated","(source: 既存の比較カテゴリ定義（COMPARE_CATEGORIES.attack）と同一の能力集合を採用)","採用與現有比較類別（COMPARE_CATEGORIES.attack）相同的能力組合","","","high","","",""
"generated.squadDiagnosis.fixed","generated:squadDiagnosis","generated","(source: 既存の比較カテゴリ定義（COMPARE_CATEGORIES.defense）と同一の能力集合を採用)","採用與現有比較類別（COMPARE_CATEGORIES.defense）相同的能力組合","","","high","","",""
"generated.squadDiagnosis.fixed","generated:squadDiagnosis","generated","(source: 既存の育成カテゴリ定義（stat-groups.ts の aerialStrength）と同一の能力集合を採用)","採用與現有培養類別（stat-groups.ts 的 aerialStrength）相同的能力組合","","","high","","",""
"generated.squadDiagnosis.fixed","generated:squadDiagnosis","generated","(source: 既存の比較カテゴリ定義（COMPARE_CATEGORIES.speed）と同一の能力集合を採用)","採用與現有比較類別（COMPARE_CATEGORIES.speed）相同的能力組合","","","high","","",""
"generated.squadDiagnosis.fixed","generated:squadDiagnosis","generated","(source: グラウンダーパス・フライパスに、パス精度を支えるボールコントロールを加えた集合)","低平傳球與高吊傳球，再加上支撐傳球精準度的控球","","","high","","",""
"generated.squadDiagnosis.fixed","generated:squadDiagnosis","generated","(source: 既存の比較カテゴリ定義（COMPARE_CATEGORIES.dribble）と同一の能力集合を採用)","採用與現有比較類別（COMPARE_CATEGORIES.dribble）相同的能力組合","","","high","","",""
"generated.squadDiagnosis.fixed","generated:squadDiagnosis","generated","(source: プレッシングに関与する運動量・寄せの速さに関する能力の集合)","與壓迫時的跑動量及逼近速度相關的能力","","","high","","",""
"generated.squadDiagnosis.fixed","generated:squadDiagnosis","generated","(source: 速攻の推進力（スピード）と飛び出しの判断（オフェンスセンス）に関する能力の集合)","與反擊推進力（速度）及前插時機（進攻意識）相關的能力","","","high","","",""
"generated.squadDiagnosis.fixed","generated:squadDiagnosis","generated","(source: 判定対象外（対象となるフィールドプレイヤーが先発にいません）)","不評分（先發陣容中沒有符合條件的場上球員）","","","high","","",""
"generated.squadDiagnosis.fixed","generated:squadDiagnosis","generated","(source: 対象能力)","目標能力","","","high","","",""
"generated.squadDiagnosis.fixed","generated:squadDiagnosis","generated","(source: 採用理由)","採用原因","","","high","","",""
"generated.squadDiagnosis.fixed","generated:squadDiagnosis","generated","(source: 対象選手数)","計入球員數","","","high","","",""
"generated.squadDiagnosis.fixed","generated:squadDiagnosis","generated","(source: 使用した能力)","使用的能力","","","high","","",""
"generated.squadDiagnosis.fixed","generated:squadDiagnosis","generated","(source: 平均値)","平均","","","high","","",""
"generated.squadDiagnosis.fixed","generated:squadDiagnosis","generated","(source: 最高)","最高","","","high","","",""
"generated.squadDiagnosis.fixed","generated:squadDiagnosis","generated","(source: 最低)","最低","","","high","","",""
"generated.squadDiagnosis.fixed","generated:squadDiagnosis","generated","(source: 先発の配置人数・適性・ベンチ人数から減点方式で算出（能力値は使用しない）)","依先發配置、適性與板凳人數以扣分方式計算（不使用能力值）","","","high","","",""
"generated.squadDiagnosis.fixed","generated:squadDiagnosis","generated","(source: 先発配置)","先發配置","","","high","","",""
"generated.squadDiagnosis.fixed","generated:squadDiagnosis","generated","(source: ベンチ人数)","板凳人數","","","high","","",""
"generated.squadDiagnosis.fixed","generated:squadDiagnosis","generated","(source: 適性未確認)","適性未確認","","","high","","",""
"generated.squadDiagnosis.fixed","generated:squadDiagnosis","generated","(source: 不適性の可能性)","可能不適合","","","high","","",""
"generated.squadDiagnosis.fixed","generated:squadDiagnosis","generated","(source: 減点重み)","扣分權重","","","high","","",""
"generated.squadDiagnosis.fixed","generated:squadDiagnosis","generated","(source: 不明)","不明","","","high","","",""
"generated.squadDiagnosis.fixed","generated:squadDiagnosis","generated","(source: 保存ビルド参照の見直し)","檢查已儲存方案的參照","","","high","","",""
"generated.squadDiagnosis.fixed","generated:squadDiagnosis","generated","(source: 保存ビルドの設定)","設定已儲存的方案","","","high","","",""
"generated.squadDiagnosis.fixed","generated:squadDiagnosis","generated","(source: 配置の見直し)","檢查配置","","","high","","",""
"generated.squadDiagnosis.fixed","generated:squadDiagnosis","generated","(source: 先発の空き枠)","先發空位","","","high","","",""
"generated.squadDiagnosis.fixed","generated:squadDiagnosis","generated","(source: ベンチ入れ替え候補)","板凳替換候選","","","high","","",""
"generated.squadDiagnosis.fixed","generated:squadDiagnosis","generated","(source: 判定対象外（有効な評価項目がありません。先発にフィールドプレイヤーを配置してください）)","不評分（沒有有效的評分項目；請在先發陣容中配置場上球員）","","","high","","",""
"generated.squadDiagnosis:3fdd331e","generated:squadDiagnosis","generated","(template; tokens {N} etc. must stay)","{1} 名先發場上球員（不含 GK）的目標能力平均（標準最終值）","","","high","","",""
"generated.squadDiagnosis:67568b8d","generated:squadDiagnosis","generated","(template; tokens {N} etc. must stay)","{1} 名","","","high","","",""
"generated.squadDiagnosis:3c8935ee","generated:squadDiagnosis","generated","(template; tokens {N} etc. must stay)","{1} / {2} 名","","","high","","",""
"generated.squadDiagnosis:ef47a0c7","generated:squadDiagnosis","generated","(template; tokens {N} etc. must stay)","{1} 名","","","high","","",""
"generated.squadDiagnosis:eec6521b","generated:squadDiagnosis","generated","(template; tokens {N} etc. must stay)","{1} 項","","","high","","",""
"generated.squadDiagnosis:fc30964a","generated:squadDiagnosis","generated","(template; tokens {N} etc. must stay)","空位 ×{1} / 適性未確認 ×{2} / 不適合 ×{3} / 板凳無人 ×{4}","","","high","","",""
"generated.squadDiagnosis:064944c7","generated:squadDiagnosis","generated","(template; tokens {N} etc. must stay)","{cat:1}的評分偏高（等級 {2}，{3} 分）。","","","high","","",""
"generated.squadDiagnosis:b3f49da1","generated:squadDiagnosis","generated","(template; tokens {N} etc. must stay)","{cat:1}的評分偏低（等級 {2}，{3} 分）。","","","high","","",""
"generated.squadDiagnosis:b3e379dc","generated:squadDiagnosis","generated","(template; tokens {N} etc. must stay)","{1} 的已儲存方案參照","","","high","","",""
"generated.squadDiagnosis:d16d688c","generated:squadDiagnosis","generated","(template; tokens {N} etc. must stay)","無法解析已儲存方案的參照（狀態：{1}）。這不是資料錯誤；參照可能因刪除或重新指定而過期。","","","high","","",""
"generated.squadDiagnosis:310a9e74","generated:squadDiagnosis","generated","(template; tokens {N} etc. must stay)","{1} 的配置適性","","","high","","",""
"generated.squadDiagnosis:32a083c3","generated:squadDiagnosis","generated","(template; tokens {N} etc. must stay)","登錄位置（{pos:1}）與配置（{2}）可能差異很大（能力值未變更）。","","","high","","",""
"generated.squadDiagnosis:22dd510e","generated:squadDiagnosis","generated","(template; tokens {N} etc. must stay)","先發配置與適性仍有改善空間（{1} 分）。詳情請參考依據。","","","high","","",""
"generated.squadDiagnosis:c11ba0c6","generated:squadDiagnosis","generated","(template; tokens {N} etc. must stay)","無法解析 {1} 的已儲存方案參照。請重新選擇已儲存的方案（不會自動修復）。","","","high","","",""
"generated.squadDiagnosis:d20fa24f","generated:squadDiagnosis","generated","(template; tokens {N} etc. must stay)","{1} 沒有已儲存的方案，因此未充分反映培養完成後的狀態。設定已反映培養與加成的已儲存方案，可得到更貼近實際的評分。","","","high","","",""
"generated.squadDiagnosis:0ad10858","generated:squadDiagnosis","generated","(template; tokens {N} etc. must stay)","請確認 {1} 的配置適性。","","","high","","",""
"generated.squadDiagnosis:84c4854e","generated:squadDiagnosis","generated","(template; tokens {N} etc. must stay)","先發 {1}/{2} 名。在空位配置球員可讓評分更準確。","","","high","","",""
"generated.squadDiagnosis:d13a5c47","generated:squadDiagnosis","generated","(template; tokens {N} etc. must stay)","在{cat:1}方面，板凳的 {2}（{3}）高於先發的 {4}（{5}）。可考慮互換（不會自動套用）。","","","high","","",""
"generated.squadDiagnosis:ad516d61","generated:squadDiagnosis","generated","(template; tokens {N} etc. must stay)","{1}/{2} 個可評分類別的簡單平均","","","high","","",""
"generated.perspectives.fixed","generated:perspectives","generated","(source: 控えの厚み)","替補深度","","","high","","",""
"generated.perspectives.fixed","generated:perspectives","generated","(source: 控えがいるライン数)","有替補的線數","","","high","","",""
"generated.perspectives.fixed","generated:perspectives","generated","(source: GK・DF・MF・FW のうち控えが 1 人以上いるライン数)","GK、DF、MF、FW 中至少有 1 名替補的線數","","","high","","",""
"generated.perspectives.fixed","generated:perspectives","generated","(source: 控えと先発の能力差の平均)","替補與先發的平均能力差","","","high","","",""
"generated.perspectives.fixed","generated:perspectives","generated","(source: ラインごとに（控えの全能力平均 − 先発の全能力平均）を出し、その平均。GK 能力も含むため値の意味は暫定)","各線分別計算（替補全能力平均 − 先發全能力平均）後再取平均。包含 GK 能力，因此數值的意義為暫定","","","high","","",""
"generated.perspectives.fixed","generated:perspectives","generated","(source: 控えがいない)","沒有替補","","","high","","",""
"generated.perspectives.fixed","generated:perspectives","generated","(source: カードを解決できない控えがいる（能力差の計算から除外）)","部分替補的卡片無法解析（不計入能力差）","","","high","","",""
"generated.perspectives.fixed","generated:perspectives","generated","(source: 左)","左","","","high","","",""
"generated.perspectives.fixed","generated:perspectives","generated","(source: 右)","右","","","high","","",""
"generated.perspectives.fixed","generated:perspectives","generated","(source: 左右バランス)","左右平衡","","","high","","",""
"generated.perspectives.fixed","generated:perspectives","generated","(source: 左右の人数の差)","左右人數差","","","high","","",""
"generated.perspectives.fixed","generated:perspectives","generated","(source: 人)","","","","high","","",""
"generated.perspectives.fixed","generated:perspectives","generated","(source: 左右の外側のレーンにいるフィールドプレーヤーの人数の差（評価しない）)","左右外側路線的場上球員人數差（不評分）","","","high","","",""
"generated.perspectives.fixed","generated:perspectives","generated","(source: 左右の攻守能力の差)","左右攻守能力差","","","high","","",""
"generated.perspectives.fixed","generated:perspectives","generated","(source: サイドごとの（攻撃平均と守備平均の平均）の差。重みは暫定。差が大きい＝弱いとは限らない)","各側（進攻平均與防守平均的平均）之差。權重為暫定。差距大不一定代表較弱","","","high","","",""
"generated.perspectives.fixed","generated:perspectives","generated","(source: 外側のレーンに選手がいない)","外側路線沒有球員","","","high","","",""
"generated.perspectives.fixed","generated:perspectives","generated","(source: 配置座標が無い選手がいる)","部分球員沒有配置座標","","","high","","",""
"generated.perspectives.fixed","generated:perspectives","generated","(source: 役割の重複（控えを含む）)","角色重複（含替補）","","","high","","",""
"generated.perspectives.fixed","generated:perspectives","generated","(source: 同じプレースタイルの選手は 2 人以上いない)","沒有 2 名以上球員共用同一球員風格","","","high","","",""
"generated.perspectives.fixed","generated:perspectives","generated","(source: 先発で重複するプレースタイル数)","先發中重複的球員風格","","","high","","",""
"generated.perspectives.fixed","generated:perspectives","generated","(source: 種類)"," 種","","","high","","",""
"generated.perspectives.fixed","generated:perspectives","generated","(source: 先発 11 人で 2 人以上いるプレースタイルの種類数（basic を除く）)","11 名先發中有 2 名以上球員持有的球員風格種類數（不含 basic）","","","high","","",""
"generated.perspectives.fixed","generated:perspectives","generated","(source: 控えを含めた重複数)","含替補的重複數","","","high","","",""
"generated.perspectives.fixed","generated:perspectives","generated","(source: 先発と控えを合わせた重複の種類数。重複が悪いとは言えない（控えは同じ役割の交代要員でもある）)","先發與替補合計的重複風格種類數。重複不一定是壞事（替補也可以擔任相同角色）","","","high","","",""
"generated.perspectives.fixed","generated:perspectives","generated","(source: プレースタイルが不明な選手がいる)","部分球員的球員風格不明","","","high","","",""
"generated.perspectives.fixed","generated:perspectives","generated","(source: 監督適合)","總教練契合度","","","high","","",""
"generated.perspectives.fixed","generated:perspectives","generated","(source: 監督が設定されていないか、戦術適性を読めない)","未設定總教練，或無法讀取戰術熟練度","","","high","","",""
"generated.perspectives.fixed","generated:perspectives","generated","(source: 得意戦術と一致するプレースタイルの人数)","風格符合最擅長戰術的球員數","","","high","","",""
"generated.perspectives.fixed","generated:perspectives","generated","(source: 監督の最も高い戦術適性に対応するプレースタイルの先発人数（対応表は暫定）)","球員風格符合總教練最擅長戰術的先發人數（對應表為暫定）","","","high","","",""
"generated.perspectives.fixed","generated:perspectives","generated","(source: 公式の補正量で補正)","依官方加成量調整","","","high","","",""
"generated.perspectives.fixed","generated:perspectives","generated","(source: 公式の補正量は未確認のため計算しない)","官方加成量未確認，因此不計算","","","high","","",""
"generated.perspectives.fixed","generated:perspectives","generated","(source: 監督の戦術適性)","總教練的戰術熟練度","","","high","","",""
"generated.perspectives.fixed","generated:perspectives","generated","(source: 戦術ごとの公式の補正量（未確認）)","各戰術的官方加成量（未確認）","","","high","","",""
"generated.perspectives.fixed","generated:perspectives","generated","(source: 暫定の対応表（PROVISIONAL_TACTIC_STYLES）による一致数。公式の根拠はない)","依暫定對應表（PROVISIONAL_TACTIC_STYLES）的符合數。沒有官方依據","","","high","","",""
"generated.perspectives.fixed","generated:perspectives","generated","(source: プレースタイルが不明な先発がいる)","部分先發的球員風格不明","","","high","","",""
"generated.perspectives.fixed","generated:perspectives","generated","(source: フォーメーション適合)","陣型契合度","","","high","","",""
"generated.perspectives.fixed","generated:perspectives","generated","(source: 本職の人数)","打本職位置的球員數","","","high","","",""
"generated.perspectives.fixed","generated:perspectives","generated","(source: 登録ポジションと配置ポジションが一致する先発の人数)","配置與登錄位置一致的先發人數","","","high","","",""
"generated.perspectives.fixed","generated:perspectives","generated","(source: 適性の段階の重み付き)","依適性等級加權","","","high","","",""
"generated.perspectives.fixed","generated:perspectives","generated","(source: 本職 1・近いポジション 0.5・適性外 0 の平均（重み 0.5 は暫定）)","本職 1、相近位置 0.5、非適性位置 0 的平均（0.5 的權重為暫定）","","","high","","",""
"generated.perspectives.fixed","generated:perspectives","generated","(source: 配置ポジションへの適性が確認できない)","無法確認對配置位置的適性","","","high","","",""
"generated.perspectives.fixed","generated:perspectives","generated","(source: 副ポジションの適性の段階（一部しか無い）)","次要位置的適性等級（僅有部分資料）","","","high","","",""
"generated.perspectives.fixed","generated:perspectives","generated","(source: 先発 GK がいない)","沒有先發 GK","","","high","","",""
"generated.perspectives.fixed","generated:perspectives","generated","(source: GK 能力の平均)","GK 能力平均","","","high","","",""
"generated.perspectives.fixed","generated:perspectives","generated","(source: GK 専用 5 能力の平均（フィールドの能力は含めない）)","5 項 GK 專屬能力的平均（不含場上球員能力）","","","high","","",""
"generated.perspectives.fixed","generated:perspectives","generated","(source: GK 能力の最小値)","GK 最低能力","","","high","","",""
"generated.perspectives.fixed","generated:perspectives","generated","(source: 最も低い GK 能力（弱点の大きさとして使えるかは比較で判断）)","最低的 GK 能力（是否代表弱點需透過比較判斷）","","","high","","",""
"generated.perspectives.fixed","generated:perspectives","generated","(source: F-071 の GK 能力分布での位置（未接続）)","在 F-071 GK 能力分布中的位置（未連接）","","","high","","",""
"generated.perspectives.fixed","generated:perspectives","generated","(source: GK のカードを解決できない)","無法解析 GK 的卡片","","","high","","",""
"generated.perspectives.fixed","generated:perspectives","generated","(source: 空中戦（身長の補正）)","空中爭頂（身高修正）","","","high","","",""
"generated.perspectives.fixed","generated:perspectives","generated","(source: 補正なし（現状）)","無修正（目前）","","","high","","",""
"generated.perspectives.fixed","generated:perspectives","generated","(source: ヘディング・ジャンプ・フィジカルコンタクトの平均（既存の空中戦と同じ能力集合）)","頭槌、彈跳力與身體對抗的平均（與現有空中爭頂相同的能力組合）","","","high","","",""
"generated.perspectives.fixed","generated:perspectives","generated","(source: 身長の段階で加点)","依身高加分","","","high","","",""
"generated.perspectives.fixed","generated:perspectives","generated","(source: 190cm 以上 +3・185 以上 +2・180 以上 +1・175 未満 −1（公式の根拠なし）)","190 cm 以上 +3、185 以上 +2、180 以上 +1、未滿 175 −1（無官方依據）","","","high","","",""
"generated.perspectives.fixed","generated:perspectives","generated","(source: 身長が空中戦に与える公式の影響（根拠なし）)","身高對空中爭頂能力的官方影響（無依據）","","","high","","",""
"generated.perspectives.fixed","generated:perspectives","generated","(source: 身長が分からない選手がいる（B は計算しない）)","部分球員身高不明（不計算 B）","","","high","","",""
"generated.perspectives.fixed","generated:perspectives","generated","(source: 空中戦（ポジション・利き足の補正）)","空中爭頂（位置與慣用腳修正）","","","high","","",""
"generated.perspectives.fixed","generated:perspectives","generated","(source: 先発フィールドプレーヤーの空中戦の能力の単純平均（空中戦（身長の補正）の A と同じ値）)","先發場上球員空中爭頂能力的簡單平均（與空中爭頂（身高修正）的 A 相同）","","","high","","",""
"generated.perspectives.fixed","generated:perspectives","generated","(source: ポジションの重み付き)","依位置加權","","","high","","",""
"generated.perspectives.fixed","generated:perspectives","generated","(source: CB・CF の重み 1、その他 0.5 の加重平均（重みは暫定）)","CB 與 CF 權重為 1、其他為 0.5 的加權平均（權重為暫定）","","","high","","",""
"generated.perspectives.fixed","generated:perspectives","generated","(source: 利き足の補正)","慣用腳修正","","","high","","",""
"generated.perspectives.fixed","generated:perspectives","generated","(source: 利き足と空中戦の関係に公式の根拠が無いため計算しない)","慣用腳與空中爭頂能力的關係沒有官方依據，因此不計算","","","high","","",""
"generated.perspectives.fixed","generated:perspectives","generated","(source: 空中戦の比重が大きい配置で空中戦の能力が 70 未満)","在重視空中爭頂的配置中，空中爭頂能力未滿 70","","","high","","",""
"generated.perspectives.fixed","generated:perspectives","generated","(source: 利き足と空中戦の公式の関係（根拠なし）)","慣用腳與空中爭頂能力的官方關係（無依據）","","","high","","",""
"generated.perspectives.fixed","generated:perspectives","generated","(source: 利き足が分からない選手がいる)","部分球員慣用腳不明","","","high","","",""
"generated.perspectives.fixed","generated:perspectives","generated","(source: なし)","無","","","high","","",""
"generated.perspectives:c9e8ae9e","generated:perspectives","generated","(template; tokens {N} etc. must stay)","板凳 {1} 名","","","high","","",""
"generated.perspectives:5dd4237d","generated:perspectives","generated","(template; tokens {N} etc. must stay)","{1}：先發 {2} 名、替補 {3} 名","","","high","","",""
"generated.perspectives:53812a09","generated:perspectives","generated","(template; tokens {N} etc. must stay)","增加 1 名 {1} 替補後，A 變為 {2}","","","high","","",""
"generated.perspectives:ca025a5d","generated:perspectives","generated","(template; tokens {N} etc. must stay)","左側 {1} 名、右側 {2} 名（中路 {3} 名）","","","high","","",""
"generated.perspectives:4d3aa439","generated:perspectives","generated","(template; tokens {N} etc. must stay)","{side:1}側","","","high","","",""
"generated.perspectives:ab775b86","generated:perspectives","generated","(template; tokens {N} etc. must stay)","{side:1}側的球員","","","high","","",""
"generated.perspectives:7216a5d0","generated:perspectives","generated","(template; tokens {N} etc. must stay)","將 1 名球員移到{side:1}側後，A 變為 {2}（若為戰術上的選擇則不需更改）","","","high","","",""
"generated.perspectives:9cfc1aac","generated:perspectives","generated","(template; tokens {N} etc. must stay)","{1}：{2} 名（先發 {3} 名）","","","high","","",""
"generated.perspectives:448df7d1","generated:perspectives","generated","(template; tokens {N} etc. must stay)","球員風格 {1} 重複","","","high","","",""
"generated.perspectives:3e6f5751","generated:perspectives","generated","(template; tokens {N} etc. must stay)","總教練最擅長的戰術：{1}（{2}）","","","high","","",""
"generated.perspectives:03fcab53","generated:perspectives","generated","(template; tokens {N} etc. must stay)","視為符合的球員風格（暫定）：{fixed:1}","","","high","","",""
"generated.perspectives:58058d21","generated:perspectives","generated","(template; tokens {N} etc. must stay)","{1} 符合 {2}（暫定）","","","high","","",""
"generated.perspectives:db62ef98","generated:perspectives","generated","(template; tokens {N} etc. must stay)","本職 {1} 名、相近位置 {2} 名、非適性位置 {3} 名（已配置 {4}/{5}）","","","high","","",""
"generated.perspectives:7d9933e0","generated:perspectives","generated","(template; tokens {N} etc. must stay)","將 {1} 名非適性位置的球員換成本職球員後，A 變為 {2}","","","high","","",""
"generated.perspectives:e3f2e451","generated:perspectives","generated","(template; tokens {N} etc. must stay)","先發 GK：{1}","","","high","","",""
"generated.perspectives:c2186bb5","generated:perspectives","generated","(template; tokens {N} etc. must stay)","GK 最低能力：{stat:1}","","","high","","",""
"generated.perspectives:f1fe8ff6","generated:perspectives","generated","(template; tokens {N} etc. must stay)","身高已知的先發：{1}/{2} 名","","","high","","",""
"generated.perspectives:ddd4c9e0","generated:perspectives","generated","(template; tokens {N} etc. must stay)","{1}，身高 {2} cm","","","high","","",""
"generated.perspectives:40adf83a","generated:perspectives","generated","(template; tokens {N} etc. must stay)","重視空中爭頂的配置（CB、CF）：{1} 名","","","high","","",""
"generated.perspectives:8d6fa3cd","generated:perspectives","generated","(template; tokens {N} etc. must stay)","慣用腳已知的先發：{1}/{2} 名","","","high","","",""
