"key","feature","surface","source_en","draft","suggested_alternative","max_length","severity","decision","reviewer_comment","reviewed_date"
"common.loading","common","core","Loading","Memuat","","12","high","","",""
"common.errorTitle","common","core","Something went wrong","Terjadi masalah","","26","high","","",""
"common.errorDescription","common","core","Please try again in a moment. If the problem persists, reload the page.","Coba lagi sebentar lagi. Jika masalah berlanjut, muat ulang halaman.","","","high","","",""
"common.retry","common","core","Retry","Coba lagi","","12","high","","",""
"common.back","common","core","Back","Kembali","","12","high","","",""
"common.home","common","core","Go home","Ke beranda","","12","high","","",""
"common.save","common","core","Save","Simpan","","12","high","","",""
"common.cancel","common","core","Cancel","Batal","","12","high","","",""
"common.close","common","core","Close","Tutup","","12","high","","",""
"common.confirm","common","core","Confirm","Konfirmasi","","12","high","","",""
"common.unknownPlayer","common","core","Unknown Player","Pemain tidak dikenal","","19","high","","",""
"common.legalEnglishOnlyNotice","common","core","This document is provided in Japanese and English.","Dokumen ini tersedia dalam bahasa Jepang dan Inggris.","","","high","","",""
"pageError.title","pageError","core","An error occurred while displaying this page","Terjadi kesalahan saat menampilkan halaman ini","","","high","","",""
"pageError.description","pageError","core","Failed to load data. If retrying doesn't fix it, reload the page.","Data gagal dimuat. Jika mencoba lagi tidak berhasil, muat ulang halaman.","","","high","","",""
"pageError.codeLabelPrefix","pageError","core","Code: ","Kode: ","","12","high","","",""
"pageError.iconAriaLabel","pageError","core","Error","Kesalahan","","12","high","","",""
"notFoundPage.title","notFoundPage","core","Page not found","Halaman tidak ditemukan","","19","high","","",""
"notFoundPage.description","notFoundPage","core","The page or player you're looking for doesn't exist or may have moved.","Halaman atau pemain yang Anda cari tidak ada atau mungkin telah dipindahkan.","","","high","","",""
"notFoundPage.playersLink","notFoundPage","core","Go to players list","Ke daftar pemain","","24","high","","",""
"homePage.alphaNoticeBanner","homePage","ui","TeamAIXI v1.0 is a free, unofficial squad analysis tool for eFootball™ that works without signing in. It is not an official KONAMI or eFootball™ service. Account features are planned for a future update.","TeamAIXI v1.0 adalah alat analisis skuad tidak resmi dan gratis untuk eFootball™ yang bisa digunakan tanpa login. Ini bukan layanan resmi KONAMI atau eFootball™. Fitur akun direncanakan untuk pembaruan mendatang.","","","medium","","",""
"homePage.alphaNoticeDetailsLinkLabel","homePage","ui","About TeamAIXI","Tentang TeamAIXI","","19","medium","","",""
"homePage.heroBadge","homePage","ui","Unofficial squad analysis tool for eFootball™","Alat analisis skuad tidak resmi untuk eFootball™","","59","medium","","",""
"homePage.quickStartHeading","homePage","ui","What you can do with TeamAIXI","Yang bisa Anda lakukan dengan TeamAIXI","","38","medium","","",""
"homePage.quickStep1Title","homePage","ui","Find players","Temukan pemain","","16","medium","","",""
"homePage.quickStep1Body","homePage","ui","Search by name, World ID or position.","Cari berdasarkan nama, World ID, atau posisi.","","","medium","","",""
"homePage.quickStep2Title","homePage","ui","Train a player","Kembangkan pemain","","19","medium","","",""
"homePage.quickStep2Body","homePage","ui","On a player page, tap abilities or use the sliders to see final values.","Di halaman pemain, ketuk atribut atau gunakan penggeser untuk melihat nilai akhir.","","","medium","","",""
"homePage.quickStep3Title","homePage","ui","Compare players","Bandingkan pemain","","20","medium","","",""
"homePage.quickStep3Body","homePage","ui","Put up to four players side by side.","Sandingkan hingga empat pemain.","","","medium","","",""
"homePage.quickStep4Title","homePage","ui","Build My Team","Buat Tim Saya","","17","medium","","",""
"homePage.quickStep4Body","homePage","ui","Save the cards you own in this browser (no sign-in).","Simpan kartu yang Anda miliki di browser ini (tanpa login).","","","medium","","",""
"homePage.quickStep5Title","homePage","ui","Diagnose a squad","Diagnosis skuad","","21","medium","","",""
"homePage.quickStep5Body","homePage","ui","Pick a formation and players to see strengths and weaknesses.","Pilih formasi dan pemain untuk melihat kekuatan dan kelemahan.","","","medium","","",""
"homePage.quickStep6Title","homePage","ui","Share results","Bagikan hasil","","17","medium","","",""
"homePage.quickStep6Body","homePage","ui","Save or share a diagnosis as a link or an image.","Simpan atau bagikan diagnosis sebagai tautan atau gambar.","","","medium","","",""
"homePage.heroTitlePrefix","homePage","ui","Research players, compare them, and build a ","Pelajari pemain, bandingkan, dan susun ","","","medium","","",""
"homePage.heroTitleAccent","homePage","ui","squad","skuad","","12","medium","","",""
"homePage.heroTitleSuffix","homePage","ui","."," Anda.","","12","medium","","",""
"homePage.heroDescriptionTemplate","homePage","ui","All {count} eFootball World cards. 26 abilities, skills, progression calculations, manager boosters, and Link-Up Play conditions — all in one screen. Items whose calculation rules aren't confirmed are clearly marked ""under verification.""","Seluruh {count} kartu World eFootball. 26 atribut, skill, perhitungan progresi, booster manajer, dan syarat Link-Up Play dalam satu layar. Item yang aturan perhitungannya belum dikonfirmasi ditandai dengan jelas sebagai ""sedang diverifikasi"".","","","medium","","",""
"homePage.searchPlaceholder","homePage","ui","Search by player name or World ID…","Cari nama pemain atau World ID…","","45","medium","","",""
"homePage.searchAriaLabel","homePage","accessibility","Search players","Cari pemain","","19","high","","",""
"homePage.searchButton","homePage","ui","Search","Cari","","12","medium","","",""
"homePage.compareButton","homePage","ui","Compare Players","Bandingkan pemain","","20","medium","","",""
"homePage.createSquadButton","homePage","ui","Build a Squad","Susun skuad","","17","medium","","",""
"homePage.dataStatusHeading","homePage","ui","Data Status","Status data","","15","medium","","",""
"homePage.worldCardsLabel","homePage","ui","World Cards","Kartu World","","15","medium","","",""
"homePage.efhubIndexLabel","homePage","ui","eFHUB Index","Indeks eFHUB","","15","medium","","",""
"homePage.managersLabel","homePage","ui","Managers","Manajer","","12","medium","","",""
"homePage.syncedAtLabel","homePage","ui","World data imported","Data World diimpor","","25","medium","","",""
"homePage.worldUnavailableTitle","homePage","ui","World data isn't set up yet","Data World belum diatur","","36","medium","","",""
"homePage.temporaryErrorNotice","homePage","ui","Some data couldn't be loaded right now. Please wait a moment and reload.","Sebagian data tidak dapat dimuat saat ini. Tunggu sebentar lalu muat ulang.","","","high","","",""
"homePage.temporaryErrorReload","homePage","ui","Reload","Muat ulang","","12","high","","",""
"homePage.worldUnavailableCommandPrefix","homePage","ui","Run ","Jalankan ","","12","medium","","",""
"homePage.worldUnavailableCommandSuffix","homePage","ui"," in the terminal."," di terminal.","","23","medium","","",""
"homePage.topOvrHeading","homePage","ui","Highest Max OVR Cards","Kartu dengan OVR maksimum tertinggi","","28","medium","","",""
"homePage.recentHeading","homePage","ui","Recently Updated Cards","Kartu yang baru diperbarui","","29","medium","","",""
"homePage.viewAllLink","homePage","ui","View all","Lihat semua","","12","medium","","",""
"homePage.quickLinksHeading","homePage","ui","What You Can Do","Yang bisa Anda lakukan","","20","medium","","",""
"homePage.findPlayersLabel","homePage","ui","Find Players","Temukan pemain","","16","medium","","",""
"homePage.findPlayersDescTemplate","homePage","ui","Search and filter {count} World cards","Cari dan filter {count} kartu World","","","medium","","",""
"homePage.comparePlayersLabel","homePage","ui","Compare Players","Bandingkan pemain","","20","medium","","",""
"homePage.comparePlayersDesc","homePage","ui","Line up abilities, skills, progression, and manager boosters for 2–4 players","Bandingkan atribut, skill, progresi, dan booster manajer untuk 2–4 pemain","","","medium","","",""
"homePage.buildSquadLabel","homePage","ui","Build a Squad","Susun skuad","","17","medium","","",""
"homePage.buildSquadDesc","homePage","ui","Check formation, progression, manager, and Link-Up conditions","Periksa formasi, progresi, manajer, dan syarat Link-Up","","","medium","","",""
"homePage.exploreManagersLabel","homePage","ui","Explore Managers","Jelajahi manajer","","21","medium","","",""
"homePage.exploreManagersDescTemplate","homePage","ui","{count} managers' tactical proficiencies, boosters, and Link-Up Play","Kemahiran taktik, booster, dan Link-Up Play dari {count} manajer","","","medium","","",""
"homePage.inDevelopmentHeading","homePage","ui","In Development","Dalam pengembangan","","19","medium","","",""
"homePage.inDevelopmentHint","homePage","ui","Coming soon","Segera hadir","","15","medium","","",""
"homePage.featureTierList","homePage","ui","Tier List","Tier list","","12","medium","","",""
"homePage.featurePackDiagnosis","homePage","ui","Pack (Gacha) Diagnosis","Diagnosis paket","","29","medium","","",""
"homePage.featureAiCoach","homePage","ui","AI Coach Analysis","Analisis pelatih AI","","23","medium","","",""
"homePage.featureCommunity","homePage","ui","Community","Komunitas","","12","medium","","",""
"homePage.designDocNote","homePage","ui","See docs/efootball-team-ai-design.md for design details. Only ingested real data is shown — no fictional user counts or ratings.","Lihat docs/efootball-team-ai-design.md untuk detail desain. Hanya data nyata yang diimpor yang ditampilkan — tanpa jumlah pengguna atau rating fiktif.","","","medium","","",""
"managersPage.metaTemplate","managersPage","ui","{count} managers","{count} manajer","","21","medium","","",""
"managersPage.descriptionTemplate","managersPage","ui","Data provided by {source}. Age, nationality, team, Coaching Affinity, and formation are not included in the source.","Data disediakan oleh {source}. Usia, kebangsaan, tim, Coaching Affinity, dan formasi tidak termasuk dalam sumber.","","","medium","","",""
"managersPage.importedAtPrefix","managersPage","ui","Imported: ","Diimpor: ","","13","medium","","",""
"managersPage.dataUnavailableTitle","managersPage","ui","Manager data isn't set up yet","Data manajer belum disiapkan","","38","medium","","",""
"managersPage.dataUnavailableDescription","managersPage","ui","Run `node scripts/sync-managers.mjs` in the terminal to load it into SQLite.","Jalankan `node scripts/sync-managers.mjs` di terminal untuk memuatnya ke SQLite.","","","medium","","",""
"managersPage.failedTitle","managersPage","ui","Could not load manager data","Tidak dapat memuat data manajer","","36","high","","",""
"managersPage.failedDescription","managersPage","ui","Please reload in a moment.","Silakan muat ulang sebentar lagi.","","","high","","",""
"managersPage.noResultsTitle","managersPage","ui","No managers match your criteria","Tidak ada manajer yang cocok dengan kriteria Anda","","41","medium","","",""
"managersPage.noResultsDescription","managersPage","ui","Try changing your search terms or filters.","Coba ubah kata kunci atau filter pencarian.","","","medium","","",""
"managersPage.clearFiltersLink","managersPage","ui","Clear filters","Hapus filter","","17","medium","","",""
"managersPage.showingCountTemplate","managersPage","ui","Showing {from}–{to} of {total}","Menampilkan {from}–{to} dari {total}","","","medium","","",""
"managersPage.prevPageLink","managersPage","ui","Previous","Sebelumnya","","12","medium","","",""
"managersPage.nextPageLink","managersPage","ui","Next","Berikutnya","","12","medium","","",""
"managersPage.pageOfTemplate","managersPage","ui","{page} / {totalPages}","{page} / {totalPages}","","28","medium","","",""
"managersPage.paginationAriaLabel","managersPage","accessibility","Pagination","Navigasi halaman","","13","high","","",""
"nav.groupMain","nav","core","Main","Utama","","12","high","","",""
"nav.groupMyData","nav","core","My Data","Data saya","","12","high","","",""
"nav.groupAnalysis","nav","core","Analysis","Analisis","","12","high","","",""
"nav.groupCommunity","nav","core","Community","Komunitas","","12","high","","",""
"nav.home","nav","core","Home","Beranda","","12","high","","",""
"nav.players","nav","core","Players","Pemain","","12","high","","",""
"nav.managers","nav","core","Managers","Manajer","","12","high","","",""
"nav.compare","nav","core","Compare","Bandingkan","","12","high","","",""
"nav.squads","nav","core","Squads","Skuad","","12","high","","",""
"nav.favorites","nav","core","Favorites","Favorit","","12","high","","",""
"nav.myTeam","nav","core","My Team","Tim Saya","","12","high","","",""
"nav.myBuilds","nav","core","My Builds","Build Saya","","12","high","","",""
"nav.buildInventory","nav","core","Build Analysis","Analisis Build","","19","high","","",""
"nav.diagnosisHistory","nav","core","Diagnosis history","Riwayat Diagnosis","","23","high","","",""
"nav.bestXi","nav","core","AI Best XI","AI Best XI","","13","high","","",""
"nav.tierLists","nav","core","Tier List","Tier list","","12","high","","",""
"nav.packs","nav","core","Packs","Paket","","12","high","","",""
"nav.community","nav","core","Community","Komunitas","","12","high","","",""
"nav.comingSoon","nav","core","Coming soon","Segera hadir","","15","high","","",""
"nav.ariaSidebar","nav","core","Side menu","Menu samping","","12","high","","",""
"nav.ariaCollapse","nav","core","Collapse sidebar","Ciutkan bilah samping","","21","high","","",""
"nav.ariaExpand","nav","core","Expand sidebar","Bentangkan bilah samping","","19","high","","",""
"nav.collapseLabel","nav","core","Collapse","Ciutkan","","12","high","","",""
"nav.ariaMobileMenuOpen","nav","core","Open menu","Buka menu","","12","high","","",""
"nav.ariaMobileMenuClose","nav","core","Close menu","Tutup menu","","13","high","","",""
"nav.ariaMobileMenu","nav","core","Menu","Menu","","12","high","","",""
"nav.ariaHome","nav","core","Home","Beranda","","12","high","","",""
"nav.brand","nav","core","TeamAIXI","TeamAIXI","","12","high","","",""
"header.searchPlaceholder","header","core","Search players…","Cari pemain…","","20","high","","",""
"header.searchAriaLabel","header","core","Search players","Cari pemain","","19","high","","",""
"header.ariaHomeLink","header","core","TeamAIXI home","Beranda TeamAIXI","","17","high","","",""
"header.accountNavSignIn","header","core","Sign in","Masuk","","12","high","","",""
"header.accountNavAccount","header","core","Account","Akun","","12","high","","",""
"language.japanese","language","core","日本語","日本語","","12","high","","",""
"language.english","language","core","English","English","","12","high","","",""
"language.ariaLabel","language","core","Select display language","Pilih bahasa tampilan","","30","high","","",""
"language.moreLanguages","language","core","More languages (preview)","Bahasa lain (pratinjau)","","32","high","","",""
"language.previewListLabel","language","core","Languages in preview","Bahasa dalam pratinjau","","26","high","","",""
"language.previewBadge","language","core","Preview","Pratinjau","","12","high","","",""
"language.loadingLanguage","language","core","Loading language…","Memuat bahasa…","","23","high","","",""
"diagnosisHistory.pageTitle","diagnosisHistory","metadata","Diagnosis history","Riwayat Diagnosis","","23","medium","","",""
"diagnosisHistory.pageDescription","diagnosisHistory","metadata","Squad diagnoses you saved. They are kept only in this browser and are never sent to a server or other devices.","Diagnosis skuad yang Anda simpan. Hanya disimpan di browser ini dan tidak pernah dikirim ke server atau perangkat lain.","","","medium","","",""
"diagnosisHistory.limitNote","diagnosisHistory","ui","Up to 50 entries are kept; the oldest are removed first.","Maksimal 50 entri disimpan; yang terlama dihapus lebih dulu.","","","medium","","",""
"diagnosisHistory.saveButton","diagnosisHistory","ui","Save to history","Simpan ke riwayat","","20","medium","","",""
"diagnosisHistory.saved","diagnosisHistory","ui","Saved to history.","Disimpan ke riwayat.","","23","medium","","",""
"diagnosisHistory.savedTrimmed","diagnosisHistory","ui","Saved to history ({count} oldest entries were removed to stay within the limit).","Disimpan ke riwayat ({count} entri terlama dihapus agar tidak melebihi batas).","","","medium","","",""
"diagnosisHistory.duplicate","diagnosisHistory","ui","Same result as the last saved one, so nothing was added.","Hasilnya sama dengan yang terakhir disimpan, jadi tidak ada yang ditambahkan.","","","medium","","",""
"diagnosisHistory.saveFailed","diagnosisHistory","ui","Could not save to history. This browser may not allow local storage.","Gagal menyimpan ke riwayat. Browser ini mungkin tidak mengizinkan penyimpanan lokal.","","","high","","",""
"diagnosisHistory.scopePending","diagnosisHistory","ui","Checking your sign-in state. Please try again in a moment.","Memeriksa status masuk Anda. Silakan coba lagi sebentar lagi.","","","medium","","",""
"diagnosisHistory.openHistory","diagnosisHistory","ui","View diagnosis history","Lihat riwayat diagnosis","","29","medium","","",""
"diagnosisHistory.loading","diagnosisHistory","ui","Loading…","Memuat…","","12","medium","","",""
"diagnosisHistory.empty","diagnosisHistory","ui","No saved diagnoses yet. You can save one from the diagnosis on a squad's edit page.","Belum ada diagnosis tersimpan. Anda dapat menyimpannya dari diagnosis di halaman edit skuad.","","","medium","","",""
"diagnosisHistory.unavailable","diagnosisHistory","ui","History is not available in this browser (for example private browsing or storage restrictions).","Riwayat tidak tersedia di browser ini (misalnya mode penjelajahan pribadi atau pembatasan penyimpanan).","","","medium","","",""
"diagnosisHistory.corruptedNotice","diagnosisHistory","ui","{count} unreadable entries were skipped.","{count} entri yang tidak terbaca dilewati.","","","medium","","",""
"diagnosisHistory.savedAt","diagnosisHistory","ui","Saved","Disimpan","","12","medium","","",""
"diagnosisHistory.overall","diagnosisHistory","ui","Overall","Keseluruhan","","12","medium","","",""
"diagnosisHistory.notRated","diagnosisHistory","ui","Not rated","Tidak dinilai","","12","medium","","",""
"diagnosisHistory.openShare","diagnosisHistory","ui","Open as share link","Buka sebagai tautan berbagi","","24","medium","","",""
"diagnosisHistory.deleteButton","diagnosisHistory","ui","Delete","Hapus","","12","high","","",""
"diagnosisHistory.deleteConfirm","diagnosisHistory","ui","Delete this entry?","Hapus entri ini?","","24","high","","",""
"diagnosisHistory.confirmDelete","diagnosisHistory","ui","Delete","Hapus","","12","high","","",""
"diagnosisHistory.cancel","diagnosisHistory","ui","Cancel","Batal","","12","medium","","",""
"diagnosisHistory.deleted","diagnosisHistory","ui","Deleted.","Dihapus.","","12","high","","",""
"diagnosisHistory.deleteFailed","diagnosisHistory","ui","Could not delete.","Gagal menghapus.","","23","high","","",""
"diagnosisHistory.deleteAll","diagnosisHistory","ui","Delete all","Hapus semua","","13","high","","",""
"diagnosisHistory.deleteAllConfirm","diagnosisHistory","ui","This deletes all diagnosis history and cannot be undone.","Ini menghapus seluruh riwayat diagnosis dan tidak dapat dibatalkan.","","","high","","",""
"diagnosisHistory.deleteAllDone","diagnosisHistory","ui","All diagnosis history was deleted.","Seluruh riwayat diagnosis telah dihapus.","","","high","","",""
"diagnosisHistory.exportButton","diagnosisHistory","ui","Save as JSON","Simpan sebagai JSON","","16","medium","","",""
"diagnosisHistory.exportNote","diagnosisHistory","ui","The exported file contains no internal IDs such as squad IDs (squad names are included).","File ekspor tidak berisi ID internal seperti ID skuad (nama skuad disertakan).","","","medium","","",""
"diagnosisHistory.exportFailed","diagnosisHistory","ui","Could not save the file.","Gagal menyimpan file.","","32","high","","",""
"diagnosisHistory.dataManagementHeading","diagnosisHistory","ui","Diagnosis history","Riwayat Diagnosis","","23","medium","","",""
"diagnosisHistory.dataManagementBody","diagnosisHistory","ui","Squad diagnosis history is kept only in this browser. You can delete entries one by one or all at once on the diagnosis history page.","Riwayat diagnosis skuad hanya disimpan di browser ini. Anda dapat menghapus entri satu per satu atau sekaligus di halaman riwayat diagnosis.","","","medium","","",""
"diagnosisHistory.dataManagementLink","diagnosisHistory","ui","Open diagnosis history","Buka riwayat diagnosis","","29","medium","","",""
"diagnosisPerspectives.title","diagnosisPerspectives","ui","Additional perspectives","Perspektif tambahan","","30","medium","","",""
"diagnosisPerspectives.badge","diagnosisPerspectives","ui","Provisional / for comparison","Sementara / untuk perbandingan","","","medium","","",""
"diagnosisPerspectives.note","diagnosisPerspectives","ui","Provisional values for comparing candidate formulas. They are not used in the overall rating, rankings or share images, and the perspectives are never added together.","Nilai sementara untuk membandingkan kandidat rumus. Nilai ini tidak digunakan dalam penilaian keseluruhan, peringkat, atau gambar berbagi, dan perspektifnya tidak pernah dijumlahkan.","","","medium","","",""
"diagnosisPerspectives.jaOnlyNote","diagnosisPerspectives","ui","The perspective details are currently shown in Japanese only.","Detail perspektif saat ini hanya ditampilkan dalam bahasa Jepang.","","","medium","","",""
"diagnosisPerspectives.formulas","diagnosisPerspectives","ui","Candidate formulas","Kandidat rumus","","24","medium","","",""
"diagnosisPerspectives.kindFact","diagnosisPerspectives","ui","Fact","Fakta","","12","medium","","",""
"diagnosisPerspectives.kindProvisional","diagnosisPerspectives","ui","Provisional","Sementara","","15","medium","","",""
"diagnosisPerspectives.causes","diagnosisPerspectives","ui","Players or positions involved","Pemain atau posisi yang terlibat","","","medium","","",""
"diagnosisPerspectives.missingData","diagnosisPerspectives","ui","Missing data","Data yang kurang","","16","medium","","",""
"diagnosisPerspectives.improvements","diagnosisPerspectives","ui","If improved","Jika diperbaiki","","15","medium","","",""
"diagnosisPerspectives.confidence","diagnosisPerspectives","ui","Confidence","Tingkat keyakinan","","13","medium","","",""
"diagnosisPerspectives.confidenceHigh","diagnosisPerspectives","ui","High","Tinggi","","12","medium","","",""
"diagnosisPerspectives.confidenceMedium","diagnosisPerspectives","ui","Medium","Sedang","","12","medium","","",""
"diagnosisPerspectives.confidenceLow","diagnosisPerspectives","ui","Low","Rendah","","12","medium","","",""
"diagnosisPerspectives.confidenceInsufficient","diagnosisPerspectives","ui","Insufficient","Tidak cukup","","16","medium","","",""
"diagnosisPerspectives.notComputed","diagnosisPerspectives","ui","Not computed","Tidak dihitung","","16","medium","","",""
"diagnosisPerspectives.rulesVersion","diagnosisPerspectives","ui","Rules version","Versi aturan","","17","medium","","",""
"diagnosisCompare.selectLabel","diagnosisCompare","ui","Select to compare","Pilih untuk dibandingkan","","23","medium","","",""
"diagnosisCompare.selectHint","diagnosisCompare","ui","Select two entries to compare (the older one becomes ""before"").","Pilih dua entri untuk dibandingkan (yang lebih lama menjadi ""sebelum"").","","","medium","","",""
"diagnosisCompare.compareButton","diagnosisCompare","ui","Compare before and after","Bandingkan sebelum dan sesudah","","32","medium","","",""
"diagnosisCompare.clearSelection","diagnosisCompare","ui","Clear selection","Hapus pilihan","","20","medium","","",""
"diagnosisCompare.title","diagnosisCompare","ui","Before and after","Sebelum dan sesudah","","21","medium","","",""
"diagnosisCompare.before","diagnosisCompare","ui","Before","Sebelum","","12","medium","","",""
"diagnosisCompare.after","diagnosisCompare","ui","After","Sesudah","","12","medium","","",""
"diagnosisCompare.overall","diagnosisCompare","ui","Overall","Keseluruhan","","12","medium","","",""
"diagnosisCompare.notRated","diagnosisCompare","ui","Not rated","Belum dinilai","","12","medium","","",""
"diagnosisCompare.trendImproved","diagnosisCompare","ui","Improved","Membaik","","12","medium","","",""
"diagnosisCompare.trendWorsened","diagnosisCompare","ui","Worse","Memburuk","","12","medium","","",""
"diagnosisCompare.trendUnchanged","diagnosisCompare","ui","No change","Tidak berubah","","12","medium","","",""
"diagnosisCompare.trendNotComparable","diagnosisCompare","ui","Not comparable","Tidak dapat dibandingkan","","19","medium","","",""
"diagnosisCompare.summaryTemplate","diagnosisCompare","ui","Improved {improved} · Worse {worsened} · No change {unchanged} · Not comparable {notComparable}","Membaik {improved} · Memburuk {worsened} · Tidak berubah {unchanged} · Tidak dapat dibandingkan {notComparable}","","","medium","","",""
"diagnosisCompare.strengthHeading","diagnosisCompare","ui","Top strength","Kekuatan utama","","16","medium","","",""
"diagnosisCompare.weaknessHeading","diagnosisCompare","ui","Top weakness","Kelemahan utama","","16","medium","","",""
"diagnosisCompare.changed","diagnosisCompare","ui","Changed","Berubah","","12","medium","","",""
"diagnosisCompare.notChanged","diagnosisCompare","ui","Unchanged","Tidak berubah","","12","medium","","",""
"diagnosisCompare.disclaimer","diagnosisCompare","ui","This only shows the difference between two results calculated with the same rules. It does not determine the cause of any change (such as player changes or training).","Ini hanya menampilkan selisih antara dua hasil yang dihitung dengan aturan yang sama. Ini tidak menentukan penyebab perubahan apa pun (seperti pergantian pemain atau latihan).","","","medium","","",""
"diagnosisCompare.rulesMismatch","diagnosisCompare","ui","These cannot be compared because the diagnosis rules versions differ.","Entri ini tidak dapat dibandingkan karena versi aturan diagnosisnya berbeda.","","","medium","","",""
"diagnosisCompare.sameEntry","diagnosisCompare","ui","An entry cannot be compared with itself. Select a different one.","Entri tidak dapat dibandingkan dengan dirinya sendiri. Pilih entri lain.","","","medium","","",""
"diagnosisCompare.invalid","diagnosisCompare","ui","These entries cannot be compared.","Entri ini tidak dapat dibandingkan.","","","medium","","",""
"diagnosisCompare.saveImage","diagnosisCompare","ui","Save image","Simpan gambar","","13","medium","","",""
"diagnosisCompare.imageSaved","diagnosisCompare","ui","Image saved.","Gambar disimpan.","","16","medium","","",""
"diagnosisCompare.imageFailed","diagnosisCompare","ui","Could not save the image.","Tidak dapat menyimpan gambar.","","","high","","",""
"diagnosisCompare.shareLabel","diagnosisCompare","ui","Comparison share link","Tautan berbagi perbandingan","","28","medium","","",""
"diagnosisCompare.shareNote","diagnosisCompare","ui","The link contains only the two diagnosis summaries (scores, ranks, dates, strength/weakness types) — no squad names, player names or IDs. Nothing is stored on the server. Anyone with the link can see it.","Tautan hanya berisi ringkasan dua diagnosis (skor, peringkat, tanggal, jenis kekuatan/kelemahan) — tanpa nama skuad, nama pemain, atau ID. Tidak ada yang disimpan di server. Siapa pun yang memiliki tautan dapat melihatnya.","","","medium","","",""
"diagnosisCompare.copy","diagnosisCompare","ui","Copy","Salin","","12","medium","","",""
"diagnosisCompare.copied","diagnosisCompare","ui","Copied.","Disalin.","","12","medium","","",""
"diagnosisCompare.copyFailed","diagnosisCompare","ui","Could not copy. Select the link and copy it manually.","Tidak dapat menyalin. Pilih tautan lalu salin secara manual.","","","high","","",""
"diagnosisCompare.pageTitle","diagnosisCompare","metadata","Shared before-and-after comparison","Perbandingan sebelum dan sesudah yang dibagikan","","45","medium","","",""
"diagnosisCompare.viewerNote","diagnosisCompare","ui","This was calculated on the sharer's device. This page only checks the format and consistency; it cannot guarantee the content.","Ini dihitung di perangkat orang yang membagikan. Halaman ini hanya memeriksa format dan konsistensinya; isinya tidak dapat dijamin.","","","medium","","",""
"diagnosisCompare.invalidTitle","diagnosisCompare","ui","This share link cannot be opened","Tautan berbagi ini tidak dapat dibuka","","42","medium","","",""
"diagnosisCompare.invalidBody","diagnosisCompare","ui","The link is incomplete or its contents are invalid.","Tautan tidak lengkap atau isinya tidak valid.","","","medium","","",""
"diagnosisCompare.unsupportedBody","diagnosisCompare","ui","This site does not support this share link format.","Situs ini tidak mendukung format tautan berbagi ini.","","","medium","","",""
"diagnosisCompare.emptyBody","diagnosisCompare","ui","The link contains no shared data.","Tautan tidak berisi data yang dibagikan.","","","medium","","",""
"diagnosisCompare.openSite","diagnosisCompare","ui","Open TeamAIXI","Buka TeamAIXI","","17","medium","","",""
"diagnosisCompare.loading","diagnosisCompare","ui","Loading…","Memuat…","","12","medium","","",""
"diagnosisShare.createButton","diagnosisShare","share","Create share link","Buat tautan berbagi","","23","high","","",""
"diagnosisShare.previewTitle","diagnosisShare","share","Share link preview","Pratinjau tautan berbagi","","24","high","","",""
"diagnosisShare.previewIncludes","diagnosisShare","share","What this link contains","Isi tautan ini","","30","high","","",""
"diagnosisShare.includeDate","diagnosisShare","share","Diagnosis date (no time of day)","Tanggal diagnosis (tanpa jam)","","","high","","",""
"diagnosisShare.includeOverall","diagnosisShare","share","Overall score and rank","Skor dan peringkat keseluruhan","","29","high","","",""
"diagnosisShare.includeCategories","diagnosisShare","share","Scores and ranks of the 8 categories","Skor dan peringkat 8 kategori","","","high","","",""
"diagnosisShare.includeFindings","diagnosisShare","share","Type of the top strength and weakness (no player names)","Jenis kekuatan dan kelemahan utama (tanpa nama pemain)","","","high","","",""
"diagnosisShare.includeRules","diagnosisShare","share","Diagnosis rules version","Versi aturan diagnosis","","30","high","","",""
"diagnosisShare.includeFormation","diagnosisShare","share","Formation","Formasi","","12","high","","",""
"diagnosisShare.notIncluded","diagnosisShare","share","Squad names, player names, card IDs, saved builds, squad IDs, account details and email addresses are never included.","Nama skuad, nama pemain, ID kartu, build tersimpan, ID skuad, detail akun, dan alamat email tidak pernah disertakan.","","","high","","",""
"diagnosisShare.visibilityNote","diagnosisShare","share","Anyone with the link can see its contents. Nothing is stored on the server.","Siapa pun yang memiliki tautan dapat melihat isinya. Tidak ada yang disimpan di server.","","","high","","",""
"diagnosisShare.notSecretNote","diagnosisShare","share","It is hidden from search engines, but it is not meant for sharing secrets.","Tautan disembunyikan dari mesin pencari, tetapi tidak dimaksudkan untuk berbagi rahasia.","","","high","","",""
"diagnosisShare.urlLabel","diagnosisShare","share","Share link","Tautan berbagi","","13","high","","",""
"diagnosisShare.copyButton","diagnosisShare","share","Copy","Salin","","12","high","","",""
"diagnosisShare.copied","diagnosisShare","share","Copied.","Tersalin.","","12","high","","",""
"diagnosisShare.copyFailed","diagnosisShare","share","Could not copy. Select the link and copy it manually.","Gagal menyalin. Pilih tautan dan salin secara manual.","","","high","","",""
"diagnosisShare.shareButton","diagnosisShare","share","Share…","Bagikan…","","12","high","","",""
"diagnosisShare.shareFailed","diagnosisShare","share","Sharing did not complete.","Berbagi tidak selesai.","","","high","","",""
"diagnosisShare.closeButton","diagnosisShare","share","Close","Tutup","","12","high","","",""
"diagnosisShare.createFailed","diagnosisShare","share","Could not create the share link.","Gagal membuat tautan berbagi.","","","high","","",""
"diagnosisShare.pageTitle","diagnosisShare","share","Shared squad diagnosis","Diagnosis skuad yang dibagikan","","29","high","","",""
"diagnosisShare.readOnlyBadge","diagnosisShare","share","Read-only","Hanya baca","","12","high","","",""
"diagnosisShare.sharedNote","diagnosisShare","share","This result was calculated on the sharer's device. This page only checks the format and consistency; it cannot guarantee the content.","Hasil ini dihitung di perangkat pembagi. Halaman ini hanya memeriksa format dan konsistensi; isinya tidak dapat dijamin.","","","high","","",""
"diagnosisShare.diagnosedOn","diagnosisShare","share","Diagnosed on","Tanggal diagnosis","","16","high","","",""
"diagnosisShare.formation","diagnosisShare","share","Formation","Formasi","","12","high","","",""
"diagnosisShare.overall","diagnosisShare","share","Overall","Keseluruhan","","12","high","","",""
"diagnosisShare.notRated","diagnosisShare","share","Not rated","Tidak dinilai","","12","high","","",""
"diagnosisShare.categoriesHeading","diagnosisShare","share","By category","Per kategori","","15","high","","",""
"diagnosisShare.strength","diagnosisShare","share","Strength","Kekuatan","","12","high","","",""
"diagnosisShare.weakness","diagnosisShare","share","Weakness","Kelemahan","","12","high","","",""
"diagnosisShare.none","diagnosisShare","share","None","Tidak ada","","12","high","","",""
"diagnosisShare.findingAbilityHigh","diagnosisShare","share","{category} is rated high","{category} dinilai tinggi","","32","high","","",""
"diagnosisShare.findingAbilityLow","diagnosisShare","share","{category} is rated low","{category} dinilai rendah","","30","high","","",""
"diagnosisShare.findingCompatibility","diagnosisShare","share","Some players may be out of position","Beberapa pemain mungkin tidak di posisi idealnya","","","high","","",""
"diagnosisShare.findingReferenceError","diagnosisShare","share","Some saved-build references need checking","Beberapa referensi build tersimpan perlu diperiksa","","","high","","",""
"diagnosisShare.findingConfig","diagnosisShare","share","Squad placement can be improved","Penempatan skuad dapat diperbaiki","","","high","","",""
"diagnosisShare.olderRules","diagnosisShare","share","This diagnosis was made with different rules ({version}); scores may not be comparable.","Diagnosis ini dibuat dengan aturan berbeda ({version}); skor mungkin tidak dapat dibandingkan.","","","high","","",""
"diagnosisShare.disclaimer","diagnosisShare","share","A composition rating based on registered data. It does not guarantee match results, rankings or win rates.","Penilaian komposisi berdasarkan data yang terdaftar. Tidak menjamin hasil pertandingan, peringkat, atau tingkat kemenangan.","","","high","","",""
"diagnosisShare.invalidTitle","diagnosisShare","share","This share link cannot be opened","Tautan berbagi ini tidak dapat dibuka","","42","high","","",""
"diagnosisShare.invalidBody","diagnosisShare","share","The link is incomplete or its contents are invalid. Ask the sender for the link again.","Tautan tidak lengkap atau isinya tidak valid. Minta tautan itu lagi kepada pengirimnya.","","","high","","",""
"diagnosisShare.unsupportedBody","diagnosisShare","share","This site does not support this share link format.","Situs ini tidak mendukung format tautan berbagi ini.","","","high","","",""
"diagnosisShare.emptyBody","diagnosisShare","share","The link contains no shared data.","Tautan tidak berisi data yang dibagikan.","","","high","","",""
"diagnosisShare.openSite","diagnosisShare","share","Open TeamAIXI","Buka TeamAIXI","","17","high","","",""
"diagnosisShare.loading","diagnosisShare","share","Loading…","Memuat…","","12","high","","",""
"diagnosis.heading","diagnosis","ui","Squad Diagnosis (Squad Build Evaluation)","Diagnosis Skuad (Evaluasi Susunan Skuad)","","","medium","","",""
"diagnosis.unavailableTitle","diagnosis","ui","Squad Diagnosis","Diagnosis Skuad","","20","medium","","",""
"diagnosis.unavailableMessage","diagnosis","ui","Squad data could not be loaded, so no diagnosis is available.","Data skuad tidak dapat dimuat, sehingga diagnosis tidak tersedia.","","","medium","","",""
"diagnosis.mainDisclaimer","diagnosis","ui","This evaluation is a squad build assessment based on registered player abilities, progression, and placement. It does not guarantee match results, player skill, national rankings, or win rates.","Evaluasi ini adalah penilaian susunan skuad berdasarkan atribut, progresi, dan penempatan pemain yang terdaftar. Tidak menjamin hasil pertandingan, kemampuan bermain, peringkat nasional, atau tingkat kemenangan.","","","medium","","",""
"diagnosis.overallScore","diagnosis","ui","Overall Rating","Rating Keseluruhan","","19","medium","","",""
"diagnosis.tierBadgePrefix","diagnosis","ui","Grade","Grade","","12","medium","","",""
"diagnosis.notRated","diagnosis","ui","Not rated","Tidak dinilai","","12","medium","","",""
"diagnosis.ratedItems","diagnosis","ui","Rated Items","Item Dinilai","","15","medium","","",""
"diagnosis.placementCoverage","diagnosis","ui","Placement Coverage","Cakupan Penempatan","","24","medium","","",""
"diagnosis.savedBuildMissingStat","diagnosis","ui","Saved Build Missing","Build Tersimpan Tidak Ada","","25","medium","","",""
"diagnosis.savedBuildMissingUnitSuffix","diagnosis","ui"," starters"," pemain inti","","12","medium","","",""
"diagnosis.coverageMetricsNote","diagnosis","ui","""Rated Items"" and ""Placement Coverage"" only reflect player placement and card resolution — they are separate from saved build status. These values do not change even if some players have no saved build reflecting their progression and boosters.","""Item Dinilai"" dan ""Cakupan Penempatan"" hanya mencerminkan penempatan pemain dan resolusi kartu — terpisah dari status build tersimpan. Nilai ini tidak berubah meskipun beberapa pemain tidak memiliki build tersimpan yang mencerminkan progresi dan booster mereka.","","","medium","","",""
"diagnosis.commentModeNormal","diagnosis","ui","Normal","Normal","","12","medium","","",""
"diagnosis.commentModeHarsh","diagnosis","ui","Harsh","Blak-blakan","","12","medium","","",""
"diagnosis.commentModeDisplayingSuffix","diagnosis","ui"," (shown)"," (ditampilkan)","","12","medium","","",""
"diagnosis.commentModeHarshBadge","diagnosis","ui","Harsh mode","Mode blak-blakan","","13","medium","","",""
"diagnosis.improvementPrioritiesHeading","diagnosis","ui","Improvement Priorities (up to 3, suggestions only — not applied automatically)","Prioritas Perbaikan (maks. 3, hanya saran — tidak diterapkan otomatis)","","102","medium","","",""
"diagnosis.keepStrengthPrefix","diagnosis","ui","Strength to keep","Kekuatan yang perlu dipertahankan","","21","medium","","",""
"diagnosis.commentSectionHeading","diagnosis","ui","Comment","Komentar","","12","medium","","",""
"diagnosis.categoriesHeadingSuffix","diagnosis","ui"," items"," item","","12","medium","","",""
"diagnosis.detailsToggle","diagnosis","ui","View detailed evidence by category","Lihat bukti rinci per kategori","","","medium","","",""
"diagnosis.evidenceToggle","diagnosis","ui","View evidence","Lihat bukti","","17","medium","","",""
"diagnosis.strengthsHeading","diagnosis","ui","Top Strengths (up to 3)","Kekuatan Utama (maks. 3)","","30","medium","","",""
"diagnosis.strengthsEmpty","diagnosis","ui","No clear strengths were detected.","Tidak ada kekuatan yang jelas terdeteksi.","","","medium","","",""
"diagnosis.weaknessesHeading","diagnosis","ui","Top Weaknesses (up to 3)","Kelemahan Utama (maks. 3)","","32","medium","","",""
"diagnosis.weaknessesEmpty","diagnosis","ui","No clear weaknesses were detected.","Tidak ada kelemahan yang jelas terdeteksi.","","","medium","","",""
"diagnosis.suggestionsHeading","diagnosis","ui","Improvement Suggestions (up to 3, suggestions only — not applied automatically)","Saran Perbaikan (maks. 3, hanya saran — tidak diterapkan otomatis)","","103","medium","","",""
"diagnosis.criticalWarningsHeading","diagnosis","ui","Items that need attention","Hal yang perlu diperhatikan","","33","high","","",""
"diagnosis.findingBadgeReferenceError","diagnosis","ui","Reference error","Error referensi","","20","high","","",""
"diagnosis.findingBadgeCompatibility","diagnosis","ui","Placement fit","Kecocokan penempatan","","17","medium","","",""
"diagnosis.findingBadgeConfig","diagnosis","ui","Insufficient data / setup","Data / pengaturan kurang","","","medium","","",""
"diagnosis.pngSaveButton","diagnosis","ui","Save diagnosis as image","Simpan diagnosis sebagai gambar","","30","medium","","",""
"diagnosis.pngSaveButtonAriaLabel","diagnosis","accessibility","Save squad diagnosis result as a PNG image","Simpan hasil diagnosis skuad sebagai gambar PNG","","55","high","","",""
"diagnosis.pngSaveGenerating","diagnosis","ui","Generating image…","Membuat gambar…","","23","medium","","",""
"diagnosis.pngSaveSuccess","diagnosis","ui","Image saved.","Gambar disimpan.","","16","medium","","",""
"diagnosis.pngSaveError","diagnosis","ui","Failed to save the image. Please try again in a moment.","Gagal menyimpan gambar. Silakan coba lagi sebentar lagi.","","","high","","",""
"diagnosis.dataQualityStarters","diagnosis","ui","Starters placed","Pemain inti ditempatkan","","20","medium","","",""
"diagnosis.dataQualityBench","diagnosis","ui","Bench count","Jumlah cadangan","","15","medium","","",""
"diagnosis.dataQualityMissingBuild","diagnosis","ui","Saved build missing","Build tersimpan tidak ada","","25","medium","","",""
"diagnosis.dataQualityBrokenRef","diagnosis","ui","Saved build reference errors","Error referensi build tersimpan","","","medium","","",""
"diagnosis.dataQualityUnresolvedCard","diagnosis","ui","Unresolved cards","Kartu tak teridentifikasi","","21","medium","","",""
"diagnosis.dataQualityManagerUnresolved","diagnosis","ui","Manager unresolved","Manajer tak teridentifikasi","","24","medium","","",""
"diagnosis.dataQualityYes","diagnosis","ui","Yes","Ya","","12","medium","","",""
"diagnosis.dataQualityNo","diagnosis","ui","No","Tidak","","12","medium","","",""
"diagnosis.unratedCategoriesPrefix","diagnosis","ui","Categories that could not be rated","Kategori yang tidak dapat dinilai","","","medium","","",""
"diagnosis.footerNote","diagnosis","ui","This diagnosis is read-only. It does not change your squad, saved builds, My Team, or card favorites. It is recomputed from the current saved data every time it is displayed (nothing is saved automatically).","Diagnosis ini hanya-baca. Tidak mengubah skuad, build tersimpan, Tim Saya, atau favorit kartu Anda. Dihitung ulang dari data tersimpan saat ini setiap kali ditampilkan (tidak ada yang disimpan otomatis).","","","medium","","",""
"category.attack","category","core","Attack","Serangan","","12","high","","",""
"category.defense","category","core","Defense","Pertahanan","","12","high","","",""
"category.aerial","category","core","Aerial","Duel udara","","12","high","","",""
"category.speed","category","core","Speed","Kecepatan","","12","high","","",""
"category.passBuildUp","category","core","Pass & Build-up","Umpan & build-up","","20","high","","",""
"category.dribblePossession","category","core","Dribbling & Possession","Dribel & penguasaan bola","","29","high","","",""
"category.pressResistance","category","core","Press Resistance","Ketahanan terhadap pressing","","21","high","","",""
"category.counterAttack","category","core","Counter-attack","Serangan balik","","19","high","","",""
"category.squadCompleteness","category","core","Squad Placement Completeness","Kelengkapan susunan skuad","","","high","","",""
"tactical.sectionHeading","tactical","ui","Placement Structure & Tactical Review","Struktur Penempatan & Tinjauan Taktik","","49","medium","","",""
"tactical.scopeDescription","tactical","ui","This is a structural analysis based on the current placement positions, formation coordinates, and already-confirmed diagnosis categories. It does not assess whether playing styles actually activate, player-specific AI, or actual in-match behavior.","Ini adalah analisis struktural berdasarkan posisi penempatan saat ini, koordinat formasi, dan kategori diagnosis yang sudah dikonfirmasi. Analisis ini tidak menilai apakah gaya bermain benar-benar aktif, AI khusus pemain, atau perilaku sebenarnya dalam pertandingan.","","","medium","","",""
"tactical.placementCountLabel","tactical","ui","Placed","Ditempatkan","","12","medium","","",""
"tactical.severityHigh","tactical","ui","Severity: High","Tingkat keparahan: Tinggi","","19","medium","","",""
"tactical.severityMedium","tactical","ui","Severity: Medium","Tingkat keparahan: Sedang","","21","medium","","",""
"tactical.severityLow","tactical","ui","Severity: Low","Tingkat keparahan: Rendah","","17","medium","","",""
"tactical.severityInfo","tactical","ui","Reference info","Info referensi","","19","medium","","",""
"tactical.confidenceHigh","tactical","ui","Confidence: High","Keyakinan: Tinggi","","21","medium","","",""
"tactical.confidenceMedium","tactical","ui","Confidence: Medium","Keyakinan: Sedang","","24","medium","","",""
"tactical.confidenceLow","tactical","ui","Confidence: Low","Keyakinan: Rendah","","20","medium","","",""
"tactical.confidenceInsufficient","tactical","ui","Confidence: Insufficient data","Keyakinan: Data tidak cukup","","","medium","","",""
"tactical.coverageInsufficient","tactical","ui","Placement insufficient","Penempatan kurang","","29","medium","","",""
"tactical.coverageLimited","tactical","ui","Placement partial","Penempatan sebagian","","23","medium","","",""
"tactical.coveragePartial","tactical","ui","Placement mostly complete","Penempatan hampir lengkap","","","medium","","",""
"tactical.coverageFull","tactical","ui","Placement complete","Penempatan lengkap","","24","medium","","",""
"tactical.potentialRiskPrefix","tactical","ui","Potential risk","Potensi risiko","","19","medium","","",""
"tactical.limitationsPrefix","tactical","ui","Analysis limitations","Batasan analisis","","26","medium","","",""
"managerPicker.sortName","managerPicker","ui","By name","Menurut nama","","12","medium","","",""
"managerPicker.sortReleasedDesc","managerPicker","ui","Newest release first","Rilis terbaru dulu","","26","medium","","",""
"managerPicker.sortReleasedAsc","managerPicker","ui","Oldest release first","Rilis terlama dulu","","26","medium","","",""
"managerPicker.sortPossessionDesc","managerPicker","ui","Possession Game proficiency (high to low)","Kemahiran Penguasaan bola (tinggi ke rendah)","","","medium","","",""
"managerPicker.sortQuickCounterDesc","managerPicker","ui","Quick Counter proficiency (high to low)","Kemahiran Serangan balik cepat (tinggi ke rendah)","","","medium","","",""
"managerPicker.sortLongBallCounterDesc","managerPicker","ui","Long Ball Counter proficiency (high to low)","Kemahiran Counter bola panjang (tinggi ke rendah)","","","medium","","",""
"managerPicker.sortOutWideDesc","managerPicker","ui","Out Wide proficiency (high to low)","Kemahiran Lewat sayap (tinggi ke rendah)","","","medium","","",""
"managerPicker.sortLongBallDesc","managerPicker","ui","Long Ball proficiency (high to low)","Kemahiran Bola panjang (tinggi ke rendah)","","","medium","","",""
"managerPicker.sortOverloadDesc","managerPicker","ui","Overload proficiency (high to low)","Kemahiran Kelebihan pemain (tinggi ke rendah)","","","medium","","",""
"managerPicker.defaultTitle","managerPicker","ui","Select Manager","Pilih Manajer","","19","medium","","",""
"managerPicker.currentPrefix","managerPicker","ui","Current: ","Saat ini: ","","12","medium","","",""
"managerPicker.currentIdPrefix","managerPicker","ui","ID ","ID ","","12","medium","","",""
"managerPicker.currentNone","managerPicker","ui","No manager","Tanpa manajer","","13","medium","","",""
"managerPicker.setNoManager","managerPicker","ui","Set no manager","Atur tanpa manajer","","19","medium","","",""
"managerPicker.searchLabel","managerPicker","ui","Search (filter the list)","Cari (filter daftar)","","32","medium","","",""
"managerPicker.searchPlaceholder","managerPicker","ui","Manager name / team","Nama manajer / tim","","25","medium","","",""
"managerPicker.tacticFilterAria","managerPicker","accessibility","Filter by best tactic","Filter menurut taktik terbaik","","28","high","","",""
"managerPicker.tacticFilterAll","managerPicker","ui","Best tactic: All","Taktik terbaik: Semua","","21","medium","","",""
"managerPicker.boosterFilterAria","managerPicker","accessibility","Filter by booster","Filter menurut booster","","23","high","","",""
"managerPicker.boosterFilterAll","managerPicker","ui","Booster: All","Booster: Semua","","16","medium","","",""
"managerPicker.boosterFilterHas","managerPicker","ui","Has booster","Ada booster","","15","medium","","",""
"managerPicker.boosterFilterNone","managerPicker","ui","No booster","Tanpa booster","","13","medium","","",""
"managerPicker.linkUpFilterAria","managerPicker","accessibility","Filter by Link-Up Play","Filter menurut Link-Up Play","","29","high","","",""
"managerPicker.linkUpFilterAll","managerPicker","ui","Link-Up: All","Link-Up: Semua","","16","medium","","",""
"managerPicker.linkUpFilterHas","managerPicker","ui","Has Link-Up","Ada Link-Up","","15","medium","","",""
"managerPicker.linkUpFilterNone","managerPicker","ui","No Link-Up","Tanpa Link-Up","","13","medium","","",""
"managerPicker.yearFilterAria","managerPicker","accessibility","Filter by release year","Filter menurut tahun rilis","","29","high","","",""
"managerPicker.yearFilterAll","managerPicker","ui","Release year: All","Tahun rilis: Semua","","23","medium","","",""
"managerPicker.sortAria","managerPicker","accessibility","Sort","Urutkan","","12","high","","",""
"managerPicker.loadError","managerPicker","ui","Could not load the manager list.","Tidak dapat memuat daftar manajer.","","","high","","",""
"managerPicker.detailError","managerPicker","ui","Could not load manager details.","Tidak dapat memuat detail manajer.","","","high","","",""
"managerPicker.chooseError","managerPicker","ui","Could not select this manager.","Tidak dapat memilih manajer ini.","","","high","","",""
"managerPicker.noResultsTitle","managerPicker","ui","No managers match your criteria","Tidak ada manajer yang cocok dengan kriteria Anda","","41","medium","","",""
"managerPicker.noResultsDescription","managerPicker","ui","Try changing your search term or filters.","Coba ubah kata kunci pencarian atau filter.","","","medium","","",""
"managerPicker.selectedBadge","managerPicker","ui","Selected","Terpilih","","12","medium","","",""
"managerPicker.releasedPrefix","managerPicker","ui","Released ","Rilis ","","12","medium","","",""
"managerPicker.unknownReleased","managerPicker","ui","Unknown","Tidak diketahui","","12","medium","","",""
"managerPicker.noBoosterBadge","managerPicker","ui","No booster","Tanpa booster","","13","medium","","",""
"managerPicker.viewDetail","managerPicker","ui","View details","Lihat detail","","16","medium","","",""
"managerPicker.chooseThis","managerPicker","ui","Select this manager","Pilih manajer ini","","25","medium","","",""
"managerPicker.backToList","managerPicker","ui","Back to list","Kembali ke daftar","","16","medium","","",""
"managerPicker.idPrefix","managerPicker","ui","ID ","ID ","","12","medium","","",""
"managerPicker.bestTacticPrefix","managerPicker","ui","Best tactic: ","Taktik terbaik: ","","17","medium","","",""
"managerPicker.proficienciesHeading","managerPicker","ui","Tactical Proficiencies","Kemahiran Taktik","","29","medium","","",""
"managerPicker.boostersHeading","managerPicker","ui","Manager Boosters","Booster Manajer","","21","medium","","",""
"managerPicker.noBoosterMessage","managerPicker","ui","This manager has no ability boosters.","Manajer ini tidak memiliki booster atribut.","","","medium","","",""
"managerPicker.boosterApplicationNote","managerPicker","ui","Only confirmed boosters are applied to abilities. The application order (before/after progression) is unconfirmed.","Hanya booster yang sudah dikonfirmasi yang diterapkan ke atribut. Urutan penerapan (sebelum/sesudah progresi) belum dikonfirmasi.","","","medium","","",""
"managerPicker.linkUpHeading","managerPicker","ui","Link-Up Play","Link-Up Play","","16","medium","","",""
"managerPicker.centerPiecePrefix","managerPicker","ui","Center Piece: ","Center Piece: ","","19","medium","","",""
"managerPicker.keyManPrefix","managerPicker","ui","Key Man: ","Key Man: ","","12","medium","","",""
"managerPicker.linkUpNote","managerPicker","ui","Activation condition matching only. In-game effects are still being verified.","Hanya pencocokan syarat aktivasi. Efek dalam game masih diverifikasi.","","","medium","","",""
"managerPicker.chooseThisSelected","managerPicker","ui","Currently selected (close without changes)","Sedang dipilih (tutup tanpa perubahan)","","","medium","","",""
"managerCard.bestTacticLabel","managerCard","ui","Best tactic","Taktik terbaik","","15","medium","","",""
"managerControls.sortNameLabel","managerControls","ui","By name","Menurut nama","","12","medium","","",""
"managerControls.sortReleasedDesc","managerControls","ui","Newest release first","Rilis terbaru dulu","","26","medium","","",""
"managerControls.sortReleasedAsc","managerControls","ui","Oldest release first","Rilis terlama dulu","","26","medium","","",""
"managerControls.sortPossessionDesc","managerControls","ui","Highest possession proficiency first","Kemahiran penguasaan bola tertinggi dulu","","","medium","","",""
"managerControls.sortQuickCounterDesc","managerControls","ui","Highest quick counter proficiency first","Kemahiran serangan balik cepat tertinggi dulu","","","medium","","",""
"managerControls.searchPlaceholder","managerControls","ui","Search by manager name or team","Cari menurut nama manajer atau tim","","39","medium","","",""
"managerControls.searchAriaLabel","managerControls","accessibility","Search managers","Cari manajer","","20","high","","",""
"managerControls.sortAriaLabel","managerControls","accessibility","Sort","Urutkan","","12","high","","",""
"managerControls.boosterFilterAriaLabel","managerControls","accessibility","Booster","Booster","","12","high","","",""
"managerControls.boosterFilterAllOption","managerControls","ui","Booster: all","Booster: semua","","16","medium","","",""
"managerControls.boosterFilterHasOption","managerControls","ui","Has booster","Ada booster","","15","medium","","",""
"managerControls.boosterFilterNoneOption","managerControls","ui","No booster","Tanpa booster","","13","medium","","",""
"managerControls.linkUpFilterAriaLabel","managerControls","accessibility","Link-Up Play","Link-Up Play","","16","high","","",""
"managerControls.linkUpFilterAllOption","managerControls","ui","Link-Up Play: all","Link-Up Play: semua","","23","medium","","",""
"managerControls.linkUpFilterHasOption","managerControls","ui","Has Link-Up Play","Ada Link-Up Play","","21","medium","","",""
"managerControls.linkUpFilterNoneOption","managerControls","ui","No Link-Up Play","Tanpa Link-Up Play","","20","medium","","",""
"manager.squadWideHeading","manager","ui","Manager (Whole Squad)","Manajer (Seluruh Skuad)","","28","medium","","",""
"manager.confirmedBoostersAppliedPrefix","manager","ui","Confirmed booster applied to ","Booster terkonfirmasi diterapkan ke ","","","high","","",""
"manager.confirmedBoostersAppliedSuffix","manager","ui"," player(s)"," pemain","","13","high","","",""
"manager.selectManagerTitle","manager","ui","Select Squad Manager","Pilih Manajer Skuad","","26","medium","","",""
"manager.none","manager","ui","No manager selected (managerBoosterDelta = 0)","Belum ada manajer dipilih (managerBoosterDelta = 0)","","","medium","","",""
"manager.noneDescription","manager","ui","Selecting a manager applies confirmed boosters to the affected abilities.","Memilih manajer akan menerapkan booster terkonfirmasi ke atribut yang terpengaruh.","","","medium","","",""
"manager.selectFromList","manager","ui","Choose from manager list","Pilih dari daftar manajer","","32","medium","","",""
"manager.change","manager","ui","Change","Ganti","","12","medium","","",""
"manager.clear","manager","ui","Clear","Hapus","","12","medium","","",""
"manager.confirmedBoosterActive","manager","ui","Confirmed booster is applied","Booster terkonfirmasi diterapkan","","","high","","",""
"manager.unconfirmedBoosterNotice","manager","ui","This manager's booster effect is unconfirmed and is not applied (display only).","Efek booster manajer ini belum dikonfirmasi dan tidak diterapkan (hanya tampilan).","","","high","","",""
"manager.linkUpPlayAvailable","manager","ui","Link-Up Play available (matching only — effect still being verified)","Link-Up Play tersedia (hanya pencocokan — efek masih diverifikasi)","","","medium","","",""
"manager.applicationOrderUnconfirmed","manager","ui","The application order (before/after progression) is unconfirmed.","Urutan penerapan (sebelum/sesudah progresi) belum dikonfirmasi.","","","high","","",""
"manager.viewManagerDetail","manager","ui","View manager details","Lihat detail manajer","","26","medium","","",""
"manager.bestAt","manager","ui","Best at","Terbaik di","","12","medium","","",""
"compareCategory.attack","compareCategory","ui","Attack","Serangan","","12","medium","","",""
"compareCategory.dribble","compareCategory","ui","Dribbling","Dribel","","12","medium","","",""
"compareCategory.pass","compareCategory","ui","Passing","Umpan","","12","medium","","",""
"compareCategory.defense","compareCategory","ui","Defense","Pertahanan","","12","medium","","",""
"compareCategory.physical","compareCategory","ui","Physical","Fisik","","12","medium","","",""
"compareCategory.speed","compareCategory","ui","Speed","Kecepatan","","12","medium","","",""
"compareCategory.gk","compareCategory","ui","GK","GK","","12","medium","","",""
"teamSummary.heading","teamSummary","ui","Team Summary","Ringkasan Tim","","16","medium","","",""
"teamSummary.calcNote","teamSummary","ui","Averages and totals are simple calculations. They differ from eFootball's official Team Power / category weighting (provisional, unofficial).","Rata-rata dan total adalah perhitungan sederhana. Berbeda dari Team Power / pembobotan kategori resmi eFootball (sementara, tidak resmi).","","","medium","","",""
"teamSummary.boosterModeNote","teamSummary","ui","Booster mode: Standard. Only boosters cross-checked against two external sources for the card's built-in effect, plus manager corrections, are reflected in these totals (not confirmed by KONAMI). Includes effects assumed to be fixed-type and Power of Many (applied provisionally since there is no concrete evidence either way). Excludes gold variable boosters (whose effect scales with same-league player count in a Game Plan and cannot be auto-evaluated for the current squad), user-specified values, effects still under verification, and unresolved bundled boosters or manual estimates.","Mode booster: Standar. Hanya booster yang telah dicocokkan dengan dua sumber eksternal untuk efek bawaan kartu, ditambah koreksi manajer, yang tercermin dalam total ini (tidak dikonfirmasi oleh KONAMI). Termasuk efek yang diasumsikan bertipe tetap dan Power of Many (diterapkan sementara karena tidak ada bukti konkret ke arah mana pun). Tidak termasuk booster variabel emas (efeknya bergantung pada jumlah pemain dari liga yang sama dalam Game Plan dan tidak dapat dievaluasi otomatis untuk skuad saat ini), nilai yang diisi pengguna, efek yang masih diverifikasi, serta booster gabungan yang belum teridentifikasi atau estimasi manual.","","","medium","","",""
"teamSummary.startingBenchLabel","teamSummary","ui","Starters / Bench","Inti / Cadangan","","21","medium","","",""
"teamSummary.avgBaseOvrLabel","teamSummary","ui","Avg. Base OVR","Rata-rata OVR dasar","","17","medium","","",""
"teamSummary.avgDisplayedOvrLabel","teamSummary","ui","Avg. Displayed OVR (unverified)","Rata-rata OVR tampil (belum diverifikasi)","","41","medium","","",""
"teamSummary.sharedSkillCountLabel","teamSummary","ui","Shared skill count","Jumlah skill bersama","","24","medium","","",""
"teamSummary.managerBoostedLabel","teamSummary","ui","Manager booster applied","Booster manajer diterapkan","","30","medium","","",""
"teamSummary.unresolvedCompatibilityLabel","teamSummary","ui","Fit unconfirmed","Kecocokan belum pasti","","20","medium","","",""
"teamSummary.possibleMismatchLabel","teamSummary","ui","Possible mismatch","Mungkin tidak cocok","","23","medium","","",""
"teamSummary.warningsLabel","teamSummary","ui","Warnings","Peringatan","","12","high","","",""
"teamSummary.positionBreakdownHeading","teamSummary","ui","Position Breakdown","Rincian Posisi","","24","medium","","",""
"teamSummary.categoryAveragesHeading","teamSummary","ui","Category Averages (simple average, unofficial)","Rata-rata Kategori (rata-rata sederhana, tidak resmi)","","60","medium","","",""
"teamSummary.sharedSkillsHeading","teamSummary","ui","Skills shared by all starters","Skill yang dimiliki semua pemain inti","","38","medium","","",""
"teamSummary.conditionalToggleLabel","teamSummary","ui","Conditional estimate summary (manually specified estimate)","Ringkasan estimasi bersyarat (estimasi yang ditentukan manual)","","76","medium","","",""
"teamSummary.conditionalNote","teamSummary","ui","Some players have a manually specified application stage for gold/variable boosters. This estimate is based on stages the user specified after checking their own Game Plan — it is not a value the app auto-verified against squad composition. It is not included in the regular team summary above.","Beberapa pemain memiliki tahap penerapan booster emas/variabel yang ditentukan manual. Estimasi ini didasarkan pada tahap yang ditentukan pengguna setelah memeriksa Game Plan mereka sendiri — bukan nilai yang diverifikasi otomatis oleh aplikasi terhadap komposisi skuad. Estimasi ini tidak termasuk dalam ringkasan tim reguler di atas.","","","medium","","",""
"teamSummary.conditionalAvgDisplayedOvrLabel","teamSummary","ui","Avg. Displayed OVR (after condition, estimate)","Rata-rata OVR tampil (setelah kondisi, estimasi)","","60","medium","","",""
"teamSummary.conditionalCategoryLabelSuffix","teamSummary","ui"," (after condition)"," (setelah kondisi)","","24","medium","","",""
"teamSummary.conditionalValueTemplate","teamSummary","ui","{value} (standard {std})","{value} (standar {std})","","32","medium","","",""
"buildUsage.heading","buildUsage","ui","Build Usage Status","Status Penggunaan Build","","24","medium","","",""
"buildUsage.viewDetail","buildUsage","ui","View details","Lihat detail","","16","medium","","",""
"buildUsage.setCountLabel","buildUsage","ui","Set","Diatur","","12","medium","","",""
"buildUsage.unsetCountLabel","buildUsage","ui","Not set","Belum diatur","","12","medium","","",""
"buildUsage.missingCountLabel","buildUsage","ui","Deleted reference","Rujukan terhapus","","23","medium","","",""
"buildUsage.footerTemplate","buildUsage","ui","Starters {starter} / Bench {bench}. Squad builds are separate from the selected/favorite build in My Team.","Inti {starter} / Cadangan {bench}. Build skuad terpisah dari build terpilih/favorit di Tim Saya.","","","medium","","",""
"buildUsage.modalTitle","buildUsage","ui","Build Usage Status (this squad)","Status Penggunaan Build (skuad ini)","","41","medium","","",""
"buildUsage.modalIntro","buildUsage","ui","Shows the squad-build (savedBuildId) status for each slot in the current squad. This only lets you check status and jump to each slot's ""Choose saved build"" panel. It does not bulk-apply, bulk-clear, or auto-complete anything. Just viewing this does not save the squad.","Menampilkan status build skuad (savedBuildId) untuk setiap slot di skuad saat ini. Di sini Anda hanya dapat memeriksa status dan melompat ke panel ""Pilih build tersimpan"" pada setiap slot. Tidak ada penerapan massal, penghapusan massal, atau pengisian otomatis. Hanya melihat ini tidak menyimpan skuad.","","","medium","","",""
"buildUsage.statTotal","buildUsage","ui","Total registered","Total terdaftar","","21","medium","","",""
"buildUsage.statStarter","buildUsage","ui","Starters","Inti","","12","medium","","",""
"buildUsage.statBench","buildUsage","ui","Bench","Cadangan","","12","medium","","",""
"buildUsage.statSet","buildUsage","ui","Build set","Build diatur","","12","medium","","",""
"buildUsage.statUnset","buildUsage","ui","Not set","Belum diatur","","12","medium","","",""
"buildUsage.statMissing","buildUsage","ui","Deleted reference","Rujukan terhapus","","23","medium","","",""
"buildUsage.statCurrentRules","buildUsage","ui","Current-rule builds","Build aturan saat ini","","25","medium","","",""
"buildUsage.statLegacyRules","buildUsage","ui","Outdated-rule builds","Build aturan lama","","26","medium","","",""
"buildUsage.statUnknownRules","buildUsage","ui","Unknown-rule builds","Build aturan tidak diketahui","","25","medium","","",""
"buildUsage.statPom","buildUsage","ui","Has Power of Many selection","Ada pilihan Power of Many","","","medium","","",""
"buildUsage.statExperimental","buildUsage","ui","Has experimental estimate","Ada estimasi eksperimental","","","medium","","",""
"buildUsage.filterAll","buildUsage","ui","All","Semua","","12","medium","","",""
"buildUsage.filterSet","buildUsage","ui","Set","Diatur","","12","medium","","",""
"buildUsage.filterUnset","buildUsage","ui","Not set","Belum diatur","","12","medium","","",""
"buildUsage.filterMissing","buildUsage","ui","Deleted reference","Rujukan terhapus","","23","medium","","",""
"buildUsage.filterStarter","buildUsage","ui","Starters","Inti","","12","medium","","",""
"buildUsage.filterBench","buildUsage","ui","Bench","Cadangan","","12","medium","","",""
"buildUsage.searchPlaceholder","buildUsage","ui","Search by player or build name","Cari nama pemain atau build","","39","medium","","",""
"buildUsage.searchAriaLabel","buildUsage","accessibility","Search build usage","Cari penggunaan build","","24","high","","",""
"buildUsage.emptyList","buildUsage","ui","No slots match your criteria.","Tidak ada slot yang cocok dengan kriteria Anda.","","","medium","","",""
"buildUsage.areaStarter","buildUsage","ui","Starter","Inti","","12","medium","","",""
"buildUsage.areaBench","buildUsage","ui","Bench","Cadangan","","12","medium","","",""
"buildUsage.buildUnset","buildUsage","ui","Squad build: Not set","Build skuad: Belum diatur","","26","medium","","",""
"buildUsage.buildMissingTemplate","buildUsage","ui","Squad build: Not found (deleted · buildId {id})","Build skuad: Tidak ditemukan (dihapus · buildId {id})","","","medium","","",""
"buildUsage.buildSetPrefix","buildUsage","ui","Squad build: ","Build skuad: ","","17","medium","","",""
"buildUsage.pomSuffix","buildUsage","ui"," · Has Power of Many selection"," · Ada pilihan Power of Many","","","medium","","",""
"buildUsage.experimentalSuffix","buildUsage","ui"," · Has experimental estimate"," · Ada estimasi eksperimental","","","medium","","",""
"buildUsage.chooseBuildButton","buildUsage","ui","Choose saved build","Pilih build tersimpan","","24","medium","","",""
"buildUsage.manageInMyBuilds","buildUsage","ui","Manage in My Builds","Kelola di Build Saya","","25","medium","","",""
"buildUsage.closeButton","buildUsage","ui","Close","Tutup","","12","medium","","",""
"buildUsage.ruleCurrentLabel","buildUsage","ui","Current rules","Aturan saat ini","","17","medium","","",""
"buildUsage.ruleLegacyLabel","buildUsage","ui","Outdated rules","Aturan lama","","19","medium","","",""
"buildUsage.ruleUnknownLabel","buildUsage","ui","Unknown rules","Aturan tidak diketahui","","17","medium","","",""
"linkUp.notice","linkUp","ui","Only activation-condition matching is supported. In-game effects are still being verified.","Hanya pencocokan syarat aktivasi yang didukung. Efek dalam game masih diverifikasi.","","","medium","","",""
"linkUp.noManagerNote","linkUp","ui","Select a manager to check Link-Up Play conditions.","Pilih manajer untuk memeriksa syarat Link-Up Play.","","","medium","","",""
"linkUp.noDataNote","linkUp","ui","This manager has no Link-Up Play data.","Manajer ini tidak memiliki data Link-Up Play.","","","medium","","",""
"linkUp.statusMet","linkUp","ui","Condition met","Syarat terpenuhi","","17","medium","","",""
"linkUp.statusPartial","linkUp","ui","Partially met","Terpenuhi sebagian","","17","medium","","",""
"linkUp.statusUnmet","linkUp","ui","Not met","Tidak terpenuhi","","12","medium","","",""
"linkUp.statusIndeterminate","linkUp","ui","Indeterminate","Tidak dapat ditentukan","","17","medium","","",""
"linkUp.noStyleSpecified","linkUp","ui","(No playing style specified)","(Gaya bermain tidak ditentukan)","","","medium","","",""
"linkUp.noConditionData","linkUp","ui","No condition data","Tidak ada data syarat","","23","medium","","",""
"linkUp.matchingStartersLabel","linkUp","ui","Matching starters: ","Pemain inti yang cocok: ","","25","medium","","",""
"linkUp.noneLabel","linkUp","ui","None","Tidak ada","","12","medium","","",""
"linkUp.selectAriaTemplate","linkUp","accessibility","Select {role} for {name}","Pilih {role} untuk {name}","","32","high","","",""
"linkUp.noManualSelection","linkUp","ui","(No manual selection)","(Tidak ada pilihan manual)","","28","medium","","",""
"linkUp.selectedPrefix","linkUp","ui","Selected: ","Dipilih: ","","13","medium","","",""
"linkUp.satisfiesYes","linkUp","ui","Meets the condition","Memenuhi syarat","","25","medium","","",""
"linkUp.satisfiesNo","linkUp","ui","Does not meet the condition","Tidak memenuhi syarat","","","medium","","",""
"squadBuildPanel.modalTitle","squadBuildPanel","ui","Choose Saved Build (Squad)","Pilih Build Tersimpan (Skuad)","","34","medium","","",""
"squadBuildPanel.intro","squadBuildPanel","ui","Check and change the saved build (squad build) used for this squad slot. This is a separate setting from the selected/favorite build in My Team. Only this slot's setting is changed — other slots, placement, coordinates, captain, set pieces, manager, and other squads are not affected.","Periksa dan ubah build tersimpan (build skuad) yang dipakai untuk slot skuad ini. Ini pengaturan terpisah dari build terpilih/favorit di Tim Saya. Hanya pengaturan slot ini yang diubah — slot lain, penempatan, koordinat, kapten, bola mati, manajer, dan skuad lain tidak terpengaruh.","","","medium","","",""
"squadBuildPanel.scopeLoadingNotice","squadBuildPanel","ui","Checking your account… (the saved build list is hidden until this finishes)","Memeriksa akun Anda… (daftar build tersimpan disembunyikan hingga selesai)","","","medium","","",""
"squadBuildPanel.targetHeading","squadBuildPanel","ui","Target","Target","","12","medium","","",""
"squadBuildPanel.targetSquadLabel","squadBuildPanel","ui","Squad: ","Skuad: ","","12","medium","","",""
"squadBuildPanel.targetSlotLabel","squadBuildPanel","ui","Slot: ","Slot: ","","12","medium","","",""
"squadBuildPanel.cardDetailAriaTemplate","squadBuildPanel","accessibility","Player detail for {name}","Detail pemain {name}","","32","high","","",""
"squadBuildPanel.cardImageAltTemplate","squadBuildPanel","ui","Card image for {name}","Gambar kartu {name}","","28","medium","","",""
"squadBuildPanel.cardImageAltGeneric","squadBuildPanel","ui","Card image","Gambar kartu","","13","medium","","",""
"squadBuildPanel.cardTypeUnknown","squadBuildPanel","ui","Unknown card type","Jenis kartu tidak diketahui","","23","medium","","",""
"squadBuildPanel.registeredPositionUnknown","squadBuildPanel","ui","Unknown registered position","Posisi terdaftar tidak diketahui","","","medium","","",""
"squadBuildPanel.currentBuildLabel","squadBuildPanel","ui","Current squad build: ","Build skuad saat ini: ","","28","medium","","",""
"squadBuildPanel.noneLabel","squadBuildPanel","ui","None","Tidak ada","","12","medium","","",""
"squadBuildPanel.missingBuildTemplate","squadBuildPanel","ui","Not found (deleted · buildId {id})","Tidak ditemukan (dihapus · buildId {id})","","","medium","","",""
"squadBuildPanel.buildIdSuffixTemplate","squadBuildPanel","ui"," (buildId {id})"," (buildId {id})","","20","medium","","",""
"squadBuildPanel.clearSelectionButton","squadBuildPanel","ui","Clear squad selection","Hapus pilihan skuad","","28","medium","","",""
"squadBuildPanel.savedBuildCountTemplate","squadBuildPanel","ui","{count} saved build(s)","{count} build tersimpan","","29","medium","","",""
"squadBuildPanel.storageUnavailable","squadBuildPanel","ui","Cannot save in this browser (localStorage unavailable). Setting/clearing is disabled.","Tidak dapat menyimpan di browser ini (localStorage tidak tersedia). Mengatur/menghapus dinonaktifkan.","","","medium","","",""
"squadBuildPanel.staleNotice","squadBuildPanel","ui","The squad or saved builds were updated in another tab.","Skuad atau build tersimpan telah diperbarui di tab lain.","","","medium","","",""
"squadBuildPanel.reloadButton","squadBuildPanel","ui","Reload","Muat ulang","","12","medium","","",""
"squadBuildPanel.confirmDialogAria","squadBuildPanel","accessibility","Confirm change","Konfirmasi perubahan","","19","high","","",""
"squadBuildPanel.confirmClearTextTemplate","squadBuildPanel","ui","This clears the squad build selection for {area} ""{slot}"" ({name} · World ID {worldCardId}) (resets savedBuildId to unset).","Ini menghapus pilihan build skuad untuk {area} ""{slot}"" ({name} · World ID {worldCardId}) (savedBuildId dikembalikan ke belum diatur).","","","high","","",""
"squadBuildPanel.clearChangedItemsLabel","squadBuildPanel","ui","Changed: only this slot's savedBuildId and the squad's updated timestamp","Diubah: hanya savedBuildId slot ini dan waktu pembaruan skuad","","94","medium","","",""
"squadBuildPanel.clearUnchangedItemsLabel","squadBuildPanel","ui","Not changed: other slots, player cards, placement, coordinates, captain, set pieces, manager, squad name, templates, other squads, My Team's selected/favorite build, or the card's own favorite/compare status","Tidak diubah: slot lain, kartu pemain, penempatan, koordinat, kapten, bola mati, manajer, nama skuad, template, skuad lain, build terpilih/favorit di Tim Saya, maupun status favorit/perbandingan kartu itu sendiri","","270","medium","","",""
"squadBuildPanel.confirmSetIntro","squadBuildPanel","ui","This changes the saved build used for this squad slot.","Ini mengubah build tersimpan yang dipakai untuk slot skuad ini.","","","high","","",""
"squadBuildPanel.currentPrefixLabel","squadBuildPanel","ui","Current: ","Saat ini: ","","12","medium","","",""
"squadBuildPanel.deletedTemplate","squadBuildPanel","ui","Deleted (buildId {id})","Dihapus (buildId {id})","","29","high","","",""
"squadBuildPanel.afterChangeLabel","squadBuildPanel","ui","After change: ","Setelah diubah: ","","19","medium","","",""
"squadBuildPanel.ruleVersionTemplate","squadBuildPanel","ui","rulesVersion {version} ({label})","rulesVersion {version} ({label})","","","medium","","",""
"squadBuildPanel.allocationLabel","squadBuildPanel","ui"," · Allocation: "," · Alokasi: ","","20","medium","","",""
"squadBuildPanel.noAllocation","squadBuildPanel","ui","No allocation","Tanpa alokasi","","17","medium","","",""
"squadBuildPanel.pomLabel","squadBuildPanel","ui"," · Power of Many: "," · Power of Many: ","","24","medium","","",""
"squadBuildPanel.pomUnspecified","squadBuildPanel","ui","Not specified","Tidak ditentukan","","17","medium","","",""
"squadBuildPanel.setChangedItemsLabel","squadBuildPanel","ui","Changed: only this slot's savedBuildId and the squad's updated timestamp","Diubah: hanya savedBuildId slot ini dan waktu pembaruan skuad","","94","medium","","",""
"squadBuildPanel.setUnchangedItemsLabel","squadBuildPanel","ui","Not changed: other slots, player cards, placement, coordinates, captain, set pieces, manager, other squads, My Team's selected/favorite build, the saved build itself, or the card's own favorite","Tidak diubah: slot lain, kartu pemain, penempatan, koordinat, kapten, bola mati, manajer, skuad lain, build terpilih/favorit di Tim Saya, build tersimpan itu sendiri, maupun favorit kartu itu sendiri","","251","medium","","",""
"squadBuildPanel.setFooterNote","squadBuildPanel","ui","My Team's selected build and favorite build are not changed.","Build terpilih dan build favorit di Tim Saya tidak diubah.","","","medium","","",""
"squadBuildPanel.confirmSetButton","squadBuildPanel","ui","Change","Ubah","","12","high","","",""
"squadBuildPanel.confirmClearButton","squadBuildPanel","ui","Clear","Hapus","","12","high","","",""
"squadBuildPanel.cancelButton","squadBuildPanel","ui","Cancel","Batal","","12","medium","","",""
"squadBuildPanel.emptyBuildsHeading","squadBuildPanel","ui","No saved builds","Belum ada build tersimpan","","20","medium","","",""
"squadBuildPanel.emptyBuildsBody","squadBuildPanel","ui","Adjust progression for this card in player detail or player compare, then add one via ""Save this build"".","Atur progresi kartu ini di detail pemain atau perbandingan pemain, lalu tambahkan lewat ""Simpan build ini"".","","","medium","","",""
"squadBuildPanel.playerDetailLink","squadBuildPanel","ui","Player detail","Detail pemain","","17","medium","","",""
"squadBuildPanel.progressionTabLink","squadBuildPanel","ui","Progression tab","Tab Progresi","","20","medium","","",""
"squadBuildPanel.myBuildsLink","squadBuildPanel","ui","My Builds","Build Saya","","12","medium","","",""
"squadBuildPanel.searchLabel","squadBuildPanel","ui","Search saved builds (build name / buildId)","Cari build tersimpan (nama build / buildId)","","55","medium","","",""
"squadBuildPanel.searchPlaceholder","squadBuildPanel","ui","Finisher / b_xxxx","Finisher / b_xxxx","","23","medium","","",""
"squadBuildPanel.searchAriaLabel","squadBuildPanel","accessibility","Search saved builds","Cari build tersimpan","","25","high","","",""
"squadBuildPanel.noSearchResults","squadBuildPanel","ui","No saved builds match your criteria.","Tidak ada build tersimpan yang cocok dengan kriteria Anda.","","","medium","","",""
"squadBuildPanel.manageInMyBuilds","squadBuildPanel","ui","Manage in My Builds","Kelola di Build Saya","","25","medium","","",""
"squadBuildPanel.createBuildInProgression","squadBuildPanel","ui","Create a build in Progression","Buat build di Progresi","","","medium","","",""
"squadBuildPanel.closeButton","squadBuildPanel","ui","Close","Tutup","","12","medium","","",""
"squadBuildPanel.footerNote","squadBuildPanel","ui","This only sets or clears the squad build for this slot. The existing ""Apply saved build..."" select still works. Renaming, duplicating, deleting, or creating builds is done in My Builds / player detail.","Ini hanya mengatur atau menghapus build skuad untuk slot ini. Pilihan ""Terapkan build tersimpan..."" yang ada tetap berfungsi. Mengganti nama, menduplikat, menghapus, atau membuat build dilakukan di Build Saya / detail pemain.","","","medium","","",""
"squadBuildPanel.alreadyUsingNotice","squadBuildPanel","ui","This slot is already using this saved build.","Slot ini sudah memakai build tersimpan ini.","","","medium","","",""
"squadBuildPanel.setSuccessTemplate","squadBuildPanel","ui","Set the saved build used by the squad for {area} ""{slot}"" to ""{buildName}"". My Team's selected build and favorite build were not changed.","Build tersimpan yang dipakai skuad untuk {area} ""{slot}"" diatur ke ""{buildName}"". Build terpilih dan build favorit di Tim Saya tidak diubah.","","","medium","","",""
"squadBuildPanel.alreadyUnsetNotice","squadBuildPanel","ui","This slot has no squad build set.","Slot ini belum memiliki build skuad.","","","medium","","",""
"squadBuildPanel.clearSuccessTemplate","squadBuildPanel","ui","Cleared the squad build selection for {area} ""{slot}"". Player card, placement, coordinates, My Team, and the card's own favorite were not changed.","Pilihan build skuad untuk {area} ""{slot}"" dihapus. Kartu pemain, penempatan, koordinat, Tim Saya, dan favorit kartu itu sendiri tidak diubah.","","","medium","","",""
"squadBuildPanel.errorStorage","squadBuildPanel","ui","Cannot save in this browser (localStorage unavailable)","Tidak dapat menyimpan di browser ini (localStorage tidak tersedia)","","","high","","",""
"squadBuildPanel.errorCardId","squadBuildPanel","ui","Invalid card ID","ID kartu tidak valid","","20","high","","",""
"squadBuildPanel.errorSlotMissing","squadBuildPanel","ui","The target slot could not be found (it may have changed in another tab). Please reload.","Slot tujuan tidak ditemukan (mungkin berubah di tab lain). Silakan muat ulang.","","","high","","",""
"squadBuildPanel.errorCardMismatch","squadBuildPanel","ui","The card in this slot changed in another tab. Please reopen the panel.","Kartu di slot ini berubah di tab lain. Silakan buka kembali panelnya.","","","high","","",""
"squadBuildPanel.errorBuildId","squadBuildPanel","ui","Invalid build ID","ID build tidak valid","","21","high","","",""
"squadBuildPanel.errorBuildMissing","squadBuildPanel","ui","The target saved build could not be found (it may have been deleted). Please reload.","Build tersimpan yang dituju tidak ditemukan (mungkin sudah dihapus). Silakan muat ulang.","","","high","","",""
"squadBuildPanel.inUseBadge","squadBuildPanel","ui","In use for this slot","Dipakai di slot ini","","26","medium","","",""
"squadBuildPanel.allocationRowLabel","squadBuildPanel","ui","Progression allocation: ","Alokasi progresi: ","","32","medium","","",""
"squadBuildPanel.noAllocationBase","squadBuildPanel","ui","No allocation (base abilities)","Tanpa alokasi (atribut dasar)","","","medium","","",""
"squadBuildPanel.allAllocationSummary","squadBuildPanel","ui","All allocations (10 categories)","Semua alokasi (10 kategori)","","","medium","","",""
"squadBuildPanel.pointsUsedNoTotalTemplate","squadBuildPanel","ui","Used {used} pt / Total —","Terpakai {used} pt / Total —","","32","medium","","",""
"squadBuildPanel.pointsUsedTotalTemplate","squadBuildPanel","ui","Used {used} / Total {total} pt","Terpakai {used} / Total {total} pt","","","medium","","",""
"squadBuildPanel.remainingUnknown","squadBuildPanel","ui","Remaining —","Tersisa —","","15","medium","","",""
"squadBuildPanel.remainingTemplate","squadBuildPanel","ui","Remaining {remaining} pt","Tersisa {remaining} pt","","32","medium","","",""
"squadBuildPanel.overAllocated","squadBuildPanel","ui","Over-allocated","Melebihi alokasi","","19","medium","","",""
"squadBuildPanel.pomRowLabel","squadBuildPanel","ui","Power of Many (user-specified): ","Power of Many (diisi pengguna): ","","42","medium","","",""
"squadBuildPanel.experimentalLabel","squadBuildPanel","ui"," / Experimental estimate: "," / Estimasi eksperimental: ","","34","medium","","",""
"squadBuildPanel.yes","squadBuildPanel","ui","Yes","Ya","","12","medium","","",""
"squadBuildPanel.no","squadBuildPanel","ui","No","Tidak","","12","medium","","",""
"squadBuildPanel.estimatedOvrLabel","squadBuildPanel","ui","Estimated OVR at save time: ","Estimasi OVR saat disimpan: ","","37","medium","","",""
"squadBuildPanel.calcModeConfirmed","squadBuildPanel","ui","Base value only","Hanya nilai dasar","","20","high","","",""
"squadBuildPanel.calcModeUnsupported","squadBuildPanel","ui","Cannot calculate","Tidak dapat dihitung","","21","medium","","",""
"squadBuildPanel.calcModeProvisional","squadBuildPanel","ui","Provisional rule","Aturan sementara","","21","medium","","",""
"squadBuildPanel.totalOvrPlaceholder","squadBuildPanel","ui","Overall (position-specific OVR): — (calculation rule under review)","Keseluruhan (OVR per posisi): — (aturan perhitungan sedang ditinjau)","","86","medium","","",""
"squadBuildPanel.createdUpdatedTemplate","squadBuildPanel","ui","Created {created} / Updated {updated}","Dibuat {created} / Diperbarui {updated}","","","medium","","",""
"squadBuildPanel.useThisBuild","squadBuildPanel","ui","Use this build for the squad","Pakai build ini untuk skuad","","","medium","","",""
"squadBuildPanel.cardFallbackNameTemplate","squadBuildPanel","ui","Card {id}","Kartu {id}","","12","medium","","",""
"squadEditor.assignErrorInvalidCard","squadEditor","ui","Invalid card ID.","ID kartu tidak valid.","","21","high","","",""
"squadEditor.assignErrorInvalidSlot","squadEditor","ui","Invalid target slot.","Slot tujuan tidak valid.","","26","high","","",""
"squadEditor.assignErrorSlotNotFound","squadEditor","ui","Target slot not found.","Slot tujuan tidak ditemukan.","","29","high","","",""
"squadEditor.assignErrorDuplicate","squadEditor","ui","This exact card is already in this squad (a different card of the same player can be added).","Kartu ini sudah ada di skuad ini (kartu lain dari pemain yang sama tetap bisa ditambahkan).","","","high","","",""
"squadEditor.assignErrorSlotOccupied","squadEditor","ui","This slot already has a player. Remove them first.","Slot ini sudah berisi pemain. Keluarkan pemain itu terlebih dahulu.","","","high","","",""
"squadEditor.assignErrorBenchFullTemplate","squadEditor","ui","The bench holds a maximum of {max} players.","Bangku cadangan maksimal berisi {max} pemain.","","","high","","",""
"squadEditor.moveErrorInvalidSquad","squadEditor","ui","The squad state is invalid.","Status skuad tidak valid.","","","high","","",""
"squadEditor.moveErrorInvalidSource","squadEditor","ui","Invalid move source.","Asal pemindahan tidak valid.","","26","high","","",""
"squadEditor.moveErrorInvalidTarget","squadEditor","ui","Invalid move target.","Tujuan pemindahan tidak valid.","","26","high","","",""
"squadEditor.moveErrorSourceEmpty","squadEditor","ui","There is no player at the move source.","Tidak ada pemain di asal pemindahan.","","","high","","",""
"squadEditor.moveErrorTargetNotFound","squadEditor","ui","Move target not found.","Tujuan pemindahan tidak ditemukan.","","29","high","","",""
"squadEditor.managerFetchFailed","squadEditor","ui","Failed to fetch the manager.","Gagal mengambil data manajer.","","","high","","",""
"squadEditor.storageUnavailableShort","squadEditor","ui","Cannot save the squad in this environment (localStorage unavailable).","Skuad tidak dapat disimpan di lingkungan ini (localStorage tidak tersedia).","","","medium","","",""
"squadEditor.slotNotFoundReopen","squadEditor","ui","The target slot could not be found. Please reopen the panel.","Slot tujuan tidak ditemukan. Silakan buka kembali panelnya.","","","medium","","",""
"squadEditor.slotCardChangedReopen","squadEditor","ui","The card in this slot has changed. Please reopen the panel.","Kartu di slot ini telah berubah. Silakan buka kembali panelnya.","","","medium","","",""
"squadEditor.buildNotFoundDeleted","squadEditor","ui","The target saved build could not be found (it may have been deleted).","Build tersimpan yang dituju tidak ditemukan (mungkin sudah dihapus).","","","high","","",""
"squadEditor.reloadedFromStorage","squadEditor","ui","Updated the squad to the latest saved content.","Skuad diperbarui ke isi tersimpan terbaru.","","","medium","","",""
"squadEditor.undoLabelMovedSnap","squadEditor","ui","Changed player position (snapped)","Posisi pemain diubah (snap)","","","medium","","",""
"squadEditor.undoLabelMoved","squadEditor","ui","Changed player position","Posisi pemain diubah","","30","medium","","",""
"squadEditor.snapTypeHorizontal","squadEditor","ui","Same line","Garis yang sama","","12","medium","","",""
"squadEditor.snapTypeCenter","squadEditor","ui","Center","Tengah","","12","medium","","",""
"squadEditor.snapTypeSymmetry","squadEditor","ui","Left-right symmetry","Simetri kiri-kanan","","25","medium","","",""
"squadEditor.placementRoleToastPrefix","squadEditor","ui","Placement role: ","Peran penempatan: ","","21","medium","","",""
"squadEditor.placementRoleManualSuffix","squadEditor","ui"," (manually set)"," (diatur manual)","","20","medium","","",""
"squadEditor.roleManualOverrideTemplate","squadEditor","ui","Manually set placement role to {role}","Peran penempatan diatur manual ke {role}","","","medium","","",""
"squadEditor.roleAutoRestored","squadEditor","ui","Reverted placement role to automatic","Peran penempatan dikembalikan ke otomatis","","","medium","","",""
"squadEditor.undoLabelResetToFormation","squadEditor","ui","Reset to formation starting positions","Reset ke posisi awal formasi","","","medium","","",""
"squadEditor.freePositionReset","squadEditor","ui","Reset free player placement to the starting positions.","Penempatan bebas pemain direset ke posisi awal.","","","medium","","",""
"squadEditor.mirrorApplied","squadEditor","ui","Mirrored the starting lineup left-right.","Susunan pemain inti dicerminkan kiri-kanan.","","","medium","","",""
"squadEditor.undoDoneTemplate","squadEditor","ui","Reverted ({label})","Dibatalkan ({label})","","24","medium","","",""
"squadEditor.movedToBenchTemplate","squadEditor","ui","Moved {count} player(s) to the bench.","{count} pemain dipindahkan ke bangku cadangan.","","","medium","","",""
"squadEditor.droppedBenchFullTemplate","squadEditor","ui","Removed {count} player(s) because the bench was full.","{count} pemain dikeluarkan karena bangku cadangan penuh.","","","medium","","",""
"squadEditor.pendingPlacedNotice","squadEditor","ui","Placed the pending player into this slot.","Pemain yang tertunda telah ditempatkan di slot ini.","","","medium","","",""
"squadEditor.templateSavedNotice","squadEditor","ui","Saved as a template.","Disimpan sebagai template.","","26","medium","","",""
"squadEditor.noStorageTitle","squadEditor","ui","This environment cannot save squads","Lingkungan ini tidak dapat menyimpan skuad","","46","medium","","",""
"squadEditor.noStorageDescription","squadEditor","ui","Squad features are unavailable because this browser's localStorage cannot be used (e.g. private browsing mode).","Fitur skuad tidak tersedia karena localStorage browser ini tidak dapat digunakan (misalnya mode penjelajahan pribadi).","","","medium","","",""
"squadEditor.notFoundTitle","squadEditor","ui","Squad not found","Skuad tidak ditemukan","","20","medium","","",""
"squadEditor.notFoundDescription","squadEditor","ui","The specified squad does not exist or has been deleted.","Skuad yang ditentukan tidak ada atau sudah dihapus.","","","medium","","",""
"squadEditor.backToSquadList","squadEditor","ui","Back to squad list","Kembali ke daftar skuad","","24","medium","","",""
"squadEditor.squadNameAriaLabel","squadEditor","accessibility","Squad name","Nama skuad","","13","high","","",""
"squadEditor.savedButtonLabel","squadEditor","ui","Saved","Tersimpan","","12","medium","","",""
"squadEditor.saveButtonLabel","squadEditor","ui","Save","Simpan","","12","medium","","",""
"squadEditor.saveStateSaving","squadEditor","ui","Saving…","Menyimpan…","","12","medium","","",""
"squadEditor.saveStateSaved","squadEditor","ui","Saved","Tersimpan","","12","medium","","",""
"squadEditor.saveStateError","squadEditor","ui","Save failed","Gagal menyimpan","","15","high","","",""
"squadEditor.saveStateIdle","squadEditor","ui","Changes are saved automatically","Perubahan disimpan otomatis","","","medium","","",""
"squadEditor.retrySaveButton","squadEditor","ui","Retry save","Coba simpan lagi","","13","medium","","",""
"squadEditor.duplicateButton","squadEditor","ui","Duplicate","Duplikat","","12","medium","","",""
"squadEditor.templateNamePromptLabel","squadEditor","ui","Template name","Nama template","","17","medium","","",""
"squadEditor.templateNamePromptSuffix","squadEditor","ui"," Template"," Template","","12","medium","","",""
"squadEditor.saveAsTemplateButton","squadEditor","ui","Save as template","Simpan sebagai template","","21","medium","","",""
"squadEditor.templateListLink","squadEditor","ui","Template list","Daftar template","","17","medium","","",""
"squadEditor.compareWithAnotherLink","squadEditor","ui","Compare with another squad","Bandingkan dengan skuad lain","","","medium","","",""
"squadEditor.compareWithAnotherTitle","squadEditor","ui","Compare this squad (as A) with another squad (does not change your edits)","Bandingkan skuad ini (sebagai A) dengan skuad lain (tidak mengubah suntingan Anda)","","95","medium","","",""
"squadEditor.renamePromptLabel","squadEditor","ui","New squad name","Nama skuad baru","","19","medium","","",""
"squadEditor.renameButton","squadEditor","ui","Rename","Ganti nama","","12","medium","","",""
"squadEditor.resetButton","squadEditor","ui","Reset","Reset","","12","medium","","",""
"squadEditor.rulesOutdatedNotice","squadEditor","ui","This squad was saved under an older rules version. It is shown recalculated under the current rules (saving will overwrite it with the current rules).","Skuad ini disimpan dengan versi aturan lama. Skuad ditampilkan setelah dihitung ulang dengan aturan saat ini (menyimpan akan menimpanya dengan aturan saat ini).","","","medium","","",""
"squadEditor.loadingPlacedCardsTemplate","squadEditor","ui","Loading data for placed players… ({count})","Memuat data pemain yang ditempatkan… ({count})","","","medium","","",""
"squadEditor.failedPlacedCardsTemplate","squadEditor","ui","Could not fetch information for placed players ({count}). The slot and player ID are kept.","Gagal mengambil informasi pemain yang ditempatkan ({count}). Slot dan ID pemain tetap disimpan.","","","high","","",""
"squadEditor.retryWithIdTemplate","squadEditor","ui","Retry (ID {id})","Coba lagi (ID {id})","","20","medium","","",""
"squadEditor.confirmResetTemplate","squadEditor","ui","This resets all starters, bench, and manager for squad ""{name}"". Are you sure?","Ini akan mereset semua pemain inti, cadangan, dan manajer pada skuad ""{name}"". Anda yakin?","","","high","","",""
"squadEditor.confirmResetButton","squadEditor","ui","Reset","Reset","","12","high","","",""
"squadEditor.cancelActionButton","squadEditor","ui","Cancel","Batal","","12","medium","","",""
"squadEditor.mobileTabPitch","squadEditor","ui","Pitch","Lapangan","","12","medium","","",""
"squadEditor.mobileTabBench","squadEditor","ui","Bench","Cadangan","","12","medium","","",""
"squadEditor.mobileTabManager","squadEditor","ui","Manager","Manajer","","12","medium","","",""
"squadEditor.mobileTabSummary","squadEditor","ui","Summary","Ringkasan","","12","medium","","",""
"squadEditor.mobileTabLinkUp","squadEditor","ui","Link-Up","Link-Up","","12","medium","","",""
"squadEditor.moveBannerTemplate","squadEditor","ui","Moving {name}. Select an empty slot to move, an occupied slot to swap, or the bench to move to the bench (Esc to cancel).","Memindahkan {name}. Pilih slot kosong untuk memindahkan, slot terisi untuk menukar, atau bangku cadangan untuk memindahkan ke cadangan (Esc untuk batal).","","","medium","","",""
"squadEditor.moveBannerFallbackName","squadEditor","ui","Player","Pemain","","12","medium","","",""
"squadEditor.moveBannerCancel","squadEditor","ui","Cancel","Batal","","12","medium","","",""
"squadEditor.undoBannerTemplate","squadEditor","ui","Last action: {label}","Tindakan terakhir: {label}","","26","medium","","",""
"squadEditor.undoButton","squadEditor","ui","Undo","Urungkan","","12","medium","","",""
"squadEditor.pendingAlreadyPlacedTemplate","squadEditor","ui","{name} is already in this squad.","{name} sudah ada di skuad ini.","","","medium","","",""
"squadEditor.pendingOkButton","squadEditor","ui","OK","OK","","12","medium","","",""
"squadEditor.pendingChooseTargetTemplate","squadEditor","ui","Choose where to add {name} (tap an open pitch slot, or add to the bench).","Pilih tempat untuk menambahkan {name} (ketuk slot kosong di lapangan, atau tambahkan ke cadangan).","","","medium","","",""
"squadEditor.pendingBuildNameTemplate","squadEditor","ui","Build to use: {buildName}","Build yang dipakai: {buildName}","","","medium","","",""
"squadEditor.pendingAddToBenchButton","squadEditor","ui","Add to bench","Tambah ke cadangan","","16","medium","","",""
"squadEditor.pendingCancelButton","squadEditor","ui","Cancel","Batal","","12","medium","","",""
"squadEditor.pendingBuildNotFoundText","squadEditor","ui","The selected saved build could not be found.","Build tersimpan yang dipilih tidak ditemukan.","","","medium","","",""
"squadEditor.pendingGoToMyTeamLink","squadEditor","ui","Back to My Team","Kembali ke Tim Saya","","20","medium","","",""
"squadEditor.placementAidLabel","squadEditor","ui","Placement aids:","Bantuan penempatan:","","20","medium","","",""
"squadEditor.snapToggleTemplate","squadEditor","ui","Snap {state}","Snap {state}","","16","medium","","",""
"squadEditor.guidesToggleTemplate","squadEditor","ui","Guides {state}","Panduan {state}","","19","medium","","",""
"squadEditor.gridToggleTemplate","squadEditor","ui","Grid {state}","Grid {state}","","16","medium","","",""
"squadEditor.mirrorPlacementButton","squadEditor","ui","Mirror placement","Cerminkan penempatan","","21","medium","","",""
"squadEditor.toastWarningsParenTemplate","squadEditor","ui"," ({warnings})"," ({warnings})","","17","high","","",""
"squadEditor.copyPlacementButton","squadEditor","ui","Copy placement","Salin penempatan","","19","medium","","",""
"squadEditor.pastePlacementButton","squadEditor","ui","Paste placement","Tempel penempatan","","20","medium","","",""
"squadEditor.placementCopiedTemplate","squadEditor","ui","Placement copied (paste it into any squad with the same formation, {formationId}).","Penempatan disalin (tempelkan ke skuad mana pun dengan formasi yang sama, {formationId}).","","","medium","","",""
"squadEditor.placementPasted","squadEditor","ui","Pasted the placement (players, builds, captain and other settings are unchanged).","Penempatan ditempel (pemain, build, kapten, dan pengaturan lain tidak berubah).","","","medium","","",""
"squadEditor.placementPasteMismatchTemplate","squadEditor","ui","The copied placement is for {formationId}. It can only be pasted into a squad with the same formation.","Penempatan yang disalin untuk {formationId}. Hanya dapat ditempel ke skuad dengan formasi yang sama.","","","medium","","",""
"squadEditor.placementCopyFailed","squadEditor","ui","Placement cannot be copied in this environment (browser storage is unavailable).","Penempatan tidak dapat disalin di lingkungan ini (penyimpanan browser tidak tersedia).","","","high","","",""
"squadEditor.multiSelectToggleTemplate","squadEditor","ui","Multi-select {state}","Pilih banyak {state}","","26","medium","","",""
"squadEditor.multiSelectHint","squadEditor","ui","Tap players on the pitch to select them (tap again to deselect). You can align, space evenly or mirror only the selected players.","Ketuk pemain di lapangan untuk memilihnya (ketuk lagi untuk membatalkan). Anda dapat meratakan, memberi jarak sama, atau mencerminkan hanya pemain yang dipilih.","","","medium","","",""
"squadEditor.multiSelectCountTemplate","squadEditor","ui","Selected: {count}","Dipilih: {count}","","23","medium","","",""
"squadEditor.alignRowButton","squadEditor","ui","Align in a row","Ratakan sebaris","","19","medium","","",""
"squadEditor.alignColumnButton","squadEditor","ui","Align in a column","Ratakan sekolom","","23","medium","","",""
"squadEditor.distributeXButton","squadEditor","ui","Space evenly left-right","Jarak sama kiri-kanan","","30","medium","","",""
"squadEditor.distributeYButton","squadEditor","ui","Space evenly top-bottom","Jarak sama atas-bawah","","30","medium","","",""
"squadEditor.mirrorSelectedButton","squadEditor","ui","Mirror selection","Cerminkan pilihan","","21","medium","","",""
"squadEditor.clearSelectionButton","squadEditor","ui","Clear selection","Hapus pilihan","","20","medium","","",""
"squadEditor.placementAssistAppliedTemplate","squadEditor","ui","{action} ({count} players)","{action} ({count} pemain)","","","medium","","",""
"squadEditor.placementAssistNoChange","squadEditor","ui","Already in that arrangement.","Sudah dalam susunan tersebut.","","","medium","","",""
"squadEditor.placementAssistMinTemplate","squadEditor","ui","Select at least {min} players for “{action}”.","Pilih minimal {min} pemain untuk “{action}”.","","","medium","","",""
"squadEditor.resetToFormationButton","squadEditor","ui","Reset to formation positions","Reset ke posisi formasi","","37","medium","","",""
"squadEditor.pitchCaptionMain","squadEditor","ui","Tap a slot to add or change a player. Player cards can be dragged to any position on the pitch, and the placement role is inferred automatically from the position. When Snap is ON, positions weakly snap to nearby lines, the center, or symmetric positions (hold Alt while dragging to disable temporarily).","Ketuk slot untuk menambah atau mengganti pemain. Kartu pemain dapat diseret ke posisi mana pun di lapangan, dan peran penempatan disimpulkan otomatis dari posisinya. Saat Snap ON, posisi sedikit menempel ke garis terdekat, tengah, atau posisi simetris (tahan Alt saat menyeret untuk menonaktifkannya sementara).","","","medium","","",""
"squadEditor.pitchLegendMatch","squadEditor","ui","Match / ","Cocok / ","","12","medium","","",""
"squadEditor.pitchLegendUnresolved","squadEditor","ui","Fit unconfirmed / ","Kecocokan belum pasti / ","","24","medium","","",""
"squadEditor.pitchLegendMismatch","squadEditor","ui","Possible mismatch","Mungkin tidak cocok","","23","medium","","",""
"squadEditor.confirmMirrorText","squadEditor","ui","This mirrors the starting lineup's placement left-right (x → 100−x). Players, progression builds, booster settings, captain, set-piece roles, and bench are kept.","Ini mencerminkan penempatan susunan pemain inti kiri-kanan (x → 100−x). Pemain, build progresi, pengaturan booster, kapten, peran bola mati, dan cadangan tetap dipertahankan.","","","high","","",""
"squadEditor.confirmMirrorButton","squadEditor","ui","Mirror","Cerminkan","","12","high","","",""
"squadEditor.confirmResetPosTemplate","squadEditor","ui","This resets free player placement to the current formation's ({formationId}) starting positions. Players, bench, progression builds, booster settings, captain, and set-piece roles are not removed.","Ini mereset penempatan bebas pemain ke posisi awal formasi saat ini ({formationId}). Pemain, cadangan, build progresi, pengaturan booster, kapten, dan peran bola mati tidak dihapus.","","","high","","",""
"squadEditor.confirmResetPosButton","squadEditor","ui","Reset to starting positions","Reset ke posisi awal","","36","high","","",""
"squadEditor.posAdjustBanner","squadEditor","ui","Position adjust mode: tap the pitch, or use arrow keys (hold Shift for larger steps) to move. Press Enter or the button again to confirm, Esc to exit.","Mode penyesuaian posisi: ketuk lapangan, atau gunakan tombol panah (tahan Shift untuk langkah lebih besar) untuk memindahkan. Tekan Enter atau tombol ini lagi untuk konfirmasi, Esc untuk keluar.","","","medium","","",""
"squadEditor.posAdjustEndButton","squadEditor","ui","Exit","Keluar","","12","medium","","",""
"squadEditor.addPlayerToSlotTitleTemplate","squadEditor","ui","Add player to {position}","Tambah pemain ke {position}","","32","medium","","",""
"squadEditor.addPlayerToBenchTitle","squadEditor","ui","Add player to bench","Tambah pemain ke cadangan","","25","medium","","",""
"squadEditor.addToSlotLabelTemplate","squadEditor","ui","Add to {position}","Tambah ke {position}","","23","medium","","",""
"squadEditor.addToBenchLabel","squadEditor","ui","Add to bench","Tambah ke cadangan","","16","medium","","",""
"squadEditor.emptySlotHeadingSuffix","squadEditor","ui"," slot"," slot","","12","medium","","",""
"squadEditor.slotCardFetchFailedTemplate","squadEditor","ui","Could not fetch player information (card ID: {id}). The slot and player ID are kept.","Gagal mengambil informasi pemain (ID kartu: {id}). Slot dan ID pemain tetap disimpan.","","","high","","",""
"squadEditor.retryButton","squadEditor","ui","Retry","Coba lagi","","12","medium","","",""
"squadEditor.removeFromSlotButton","squadEditor","ui","Remove from slot","Keluarkan dari slot","","21","medium","","",""
"squadEditor.slotCardLoadingTemplate","squadEditor","ui","Loading player data… (card ID: {id})","Memuat data pemain… (ID kartu: {id})","","","medium","","",""
"squadEditor.selectSlotHint","squadEditor","ui","Select a slot to edit that player's progression build, fit, and manager corrections.","Pilih slot untuk menyunting build progresi, kecocokan, dan koreksi manajer pemain tersebut.","","","medium","","",""
"squadEditor.compareHeading","squadEditor","ui","Compare (up to 4 players)","Perbandingan (maks. 4 pemain)","","33","medium","","",""
"squadEditor.compareSelectedCountTemplate","squadEditor","ui","Selected: {count}","Dipilih: {count}","","23","medium","","",""
"squadEditor.compareSelectedHint","squadEditor","ui","(Select via ""Add to compare"" on each player panel)","(Pilih lewat ""Tambah ke perbandingan"" di panel tiap pemain)","","","medium","","",""
"squadEditor.compareGoLink","squadEditor","ui","Go to compare (carries over progression and manager)","Buka perbandingan (progresi dan manajer ikut dibawa)","","","medium","","",""
"squadEditor.compareClearButton","squadEditor","ui","Clear selection","Hapus pilihan","","20","medium","","",""
"squadEditor.roleSettingsHeading","squadEditor","ui","Role Settings","Pengaturan Peran","","17","medium","","",""
"squadEditor.captainLabel","squadEditor","ui","Captain","Kapten","","12","medium","","",""
"squadEditor.roleUnsetOption","squadEditor","ui","Not set","Belum diatur","","12","medium","","",""
"squadEditor.freeKickLabel","squadEditor","ui","Free kicks","Tendangan bebas","","13","medium","","",""
"squadEditor.cornerLabel","squadEditor","ui","Corners","Tendangan sudut","","12","medium","","",""
"squadEditor.penaltyLabel","squadEditor","ui","Penalties","Penalti","","12","medium","","",""
"squadEditor.roleAutoClearNote","squadEditor","ui","This is cleared automatically if the assigned player leaves the starting lineup (not transferred to another player).","Ini dihapus otomatis jika pemain yang ditugaskan keluar dari susunan inti (tidak dialihkan ke pemain lain).","","","medium","","",""
"squadEditor.warningsHeadingTemplate","squadEditor","ui","Warnings / Notes ({count})","Peringatan / Catatan ({count})","","","high","","",""
"squadEditor.skeletonLoading","squadEditor","ui","Loading squad…","Memuat skuad…","","19","medium","","",""
"squadEditor.starterFallbackLabel","squadEditor","ui","Starter","Pemain inti","","12","medium","","",""
"squadEditor.starterSlotFallbackLabel","squadEditor","ui","Starter slot","Slot pemain inti","","16","medium","","",""
"squadEditor.benchAreaFallbackLabel","squadEditor","ui","Bench","Cadangan","","12","medium","","",""
"squadList.pageTitle","squadList","metadata","Squads","Skuad","","12","medium","","",""
"squadList.pageDescriptionTemplate","squadList","ui","Build a squad with 11 starters and a bench, and check formation, progression builds, manager boosters, and Link-Up Play conditions. Supported formations: {formations}.","Susun skuad dengan 11 pemain inti dan cadangan, lalu periksa formasi, build progresi, booster manajer, dan syarat Link-Up Play. Formasi yang didukung: {formations}.","","","medium","","",""
"squadList.goToCompareLink","squadList","ui","Go to player compare","Ke perbandingan pemain","","26","medium","","",""
"squadList.pendingCardBannerBoldTemplate","squadList","ui","My Team's card ""{name}""","Kartu Tim Saya ""{name}""","","30","medium","","",""
"squadList.pendingCardBannerNameLoading","squadList","ui","Loading…","Memuat…","","12","medium","","",""
"squadList.pendingCardBannerSuffix","squadList","ui"," — choose a squad to add it to (use ""Add this card"" on each squad). After opening a squad, tap an empty slot to add it there."," — pilih skuad untuk menambahkannya (gunakan ""Tambahkan kartu ini"" pada setiap skuad). Setelah membuka skuad, ketuk slot kosong untuk menambahkannya di sana.","","","medium","","",""
"squadList.pendingCardDetailLink","squadList","ui","This player's detail","Detail pemain ini","","26","medium","","",""
"squadList.scopeLoadingMessage","squadList","ui","Checking your account…","Memeriksa akun Anda…","","29","medium","","",""
"squadList.noStorageTitle","squadList","ui","This environment cannot save squads","Lingkungan ini tidak dapat menyimpan skuad","","46","medium","","",""
"squadList.noStorageDescription","squadList","ui","This browser's localStorage cannot be used (e.g. private browsing mode). Squads are saved only in this device's browser.","localStorage browser ini tidak dapat digunakan (mis. mode penjelajahan pribadi). Skuad hanya disimpan di browser perangkat ini.","","","medium","","",""
"squadList.templateNamePrompt","squadList","ui","Template name","Nama templat","","17","medium","","",""
"squadList.templateNamePromptSuffix","squadList","ui"," Template"," Templat","","12","medium","","",""
"squadList.defaultNewSquadName","squadList","ui","New Squad","Skuad Baru","","12","medium","","",""
"squadList.createFormHeading","squadList","ui","Create a New Squad","Buat Skuad Baru","","24","medium","","",""
"squadList.squadNameLabel","squadList","ui","Squad name","Nama skuad","","13","medium","","",""
"squadList.squadNameAriaLabel","squadList","accessibility","New squad name","Nama skuad baru","","19","high","","",""
"squadList.squadNamePlaceholder","squadList","ui","e.g. Main Squad (1-50 characters)","mis. Skuad Utama (1-50 karakter)","","43","medium","","",""
"squadList.formationLabel","squadList","ui","Formation","Formasi","","12","medium","","",""
"squadList.createAndEditButton","squadList","ui","Create and edit","Buat dan edit","","20","medium","","",""
"squadList.heroHeading","squadList","ui","Build a squad with 11 starters + bench","Susun skuad dengan 11 pemain inti + cadangan","","50","medium","","",""
"squadList.heroDescription","squadList","ui","Choose a formation and place players from all World cards. Check progression builds, manager corrections, and Link-Up Play conditions on one screen. Calculations reuse the existing progression and manager engines (rules are still being verified). Squads are saved only in this device's browser (localStorage).","Pilih formasi dan tempatkan pemain dari semua kartu World. Periksa build progresi, koreksi manajer, dan syarat Link-Up Play dalam satu layar. Perhitungan memakai ulang mesin progresi dan manajer yang ada (aturannya masih diverifikasi). Skuad hanya disimpan di browser perangkat ini (localStorage).","","","medium","","",""
"squadList.createFirstSquadButton","squadList","ui","Create your first squad","Buat skuad pertama Anda","","30","medium","","",""
"squadList.createNewSquadButton","squadList","ui","Create a new squad","Buat skuad baru","","24","medium","","",""
"squadList.goToCompareButton","squadList","ui","Go to player compare","Ke perbandingan pemain","","26","medium","","",""
"squadList.savedSquadsHeadingTemplate","squadList","ui","Saved Squads{counts}","Skuad Tersimpan{counts}","","26","medium","","",""
"squadList.compareSquadsLink","squadList","ui","Compare squads","Bandingkan skuad","","19","medium","","",""
"squadList.templateListLink","squadList","ui","Template list","Daftar templat","","17","medium","","",""
"squadList.searchByNamePlaceholder","squadList","ui","Search by squad name","Cari nama skuad","","26","medium","","",""
"squadList.searchByNameAriaLabel","squadList","accessibility","Search by squad name","Cari menurut nama skuad","","26","high","","",""
"squadList.searchByPlayerPlaceholder","squadList","ui","Player World ID","World ID pemain","","20","medium","","",""
"squadList.searchByPlayerAriaLabel","squadList","accessibility","Filter by player World ID","Filter menurut World ID pemain","","33","high","","",""
"squadList.formationFilterAriaLabel","squadList","accessibility","Filter by formation","Filter menurut formasi","","25","high","","",""
"squadList.formationFilterAll","squadList","ui","All formations","Semua formasi","","19","medium","","",""
"squadList.customFilterAriaLabel","squadList","accessibility","Filter by custom placement","Filter menurut penempatan kustom","","34","high","","",""
"squadList.customFilterAll","squadList","ui","Placement: All","Penempatan: Semua","","19","medium","","",""
"squadList.customFilterYes","squadList","ui","Has custom placement","Ada penempatan kustom","","26","medium","","",""
"squadList.customFilterNo","squadList","ui","Preset placement","Penempatan preset","","21","medium","","",""
"squadList.sortAriaLabel","squadList","accessibility","Sort","Urutkan","","12","high","","",""
"squadList.sortUpdatedDesc","squadList","ui","Recently updated","Terakhir diperbarui","","21","medium","","",""
"squadList.sortCreatedDesc","squadList","ui","Recently created","Terakhir dibuat","","21","medium","","",""
"squadList.sortName","squadList","ui","By name","Menurut nama","","12","medium","","",""
"squadList.sortFormation","squadList","ui","By formation","Menurut formasi","","16","medium","","",""
"squadList.loading","squadList","ui","Loading…","Memuat…","","12","medium","","",""
"squadList.emptyTitle","squadList","ui","No saved squads","Belum ada skuad tersimpan","","20","medium","","",""
"squadList.emptyDescription","squadList","ui","Use the form above to create your first squad.","Gunakan formulir di atas untuk membuat skuad pertama Anda.","","","medium","","",""
"squadList.noResultsMatchFilter","squadList","ui","No squads match your criteria.","Tidak ada skuad yang cocok dengan kriteria Anda.","","","medium","","",""
"squadList.customPositioningBadge","squadList","ui","Custom placement","Penempatan kustom","","21","medium","","",""
"squadList.startingCountTemplate","squadList","ui","Starters {count}/11","Inti {count}/11","","25","medium","","",""
"squadList.benchCountTemplate","squadList","ui","Bench {count}","Cadangan {count}","","17","medium","","",""
"squadList.hasManagerLabel","squadList","ui","Has manager","Ada manajer","","15","medium","","",""
"squadList.noManagerLabel","squadList","ui","No manager","Tanpa manajer","","13","medium","","",""
"squadList.updatedAtTemplate","squadList","ui","Updated {date}","Diperbarui {date}","","19","medium","","",""
"squadList.outdatedRulesBadge","squadList","ui","Saved under outdated rules","Disimpan dengan aturan lama","","34","medium","","",""
"squadList.addThisCardLink","squadList","ui","Add this card","Tambahkan kartu ini","","17","medium","","",""
"squadList.openLink","squadList","ui","Open","Buka","","12","medium","","",""
"squadList.compareLink","squadList","ui","Compare","Bandingkan","","12","medium","","",""
"squadList.compareLinkTitle","squadList","ui","Go to the compare screen with this squad as A","Ke layar perbandingan dengan skuad ini sebagai A","","59","medium","","",""
"squadList.duplicateButton","squadList","ui","Duplicate","Duplikasi","","12","medium","","",""
"squadList.saveAsTemplateButton","squadList","ui","Save as template","Simpan sebagai templat","","21","medium","","",""
"squadList.renameButton","squadList","ui","Rename","Ganti nama","","12","medium","","",""
"squadList.deleteButton","squadList","ui","Delete","Hapus","","12","high","","",""
"squadList.renamePrompt","squadList","ui","New squad name","Nama skuad baru","","19","medium","","",""
"squadList.deleteConfirmTemplate","squadList","ui","This deletes squad ""{name}"". Are you sure? (Local browser data on this device only.)","Ini menghapus skuad ""{name}"". Yakin? (Hanya data browser lokal di perangkat ini.)","","","high","","",""
"squadList.deleteConfirmButton","squadList","ui","Delete","Hapus","","12","high","","",""
"squadList.deleteCancelButton","squadList","ui","Cancel","Batal","","12","high","","",""
"squadList.deleteFailedFallback","squadList","ui","Failed to delete.","Gagal menghapus.","","23","high","","",""
"myTeamBuildPanel.modalTitle","myTeamBuildPanel","ui","Choose Saved Build","Pilih Build Tersimpan","","24","medium","","",""
"myTeamBuildPanel.intro","myTeamBuildPanel","ui","Check and change the selected build and favorite build for this card. The selected build and favorite build are independent of each other. Only the My Team setting is changed — this is not automatically applied to saved squads or the card's own favorite.","Periksa dan ubah build terpilih dan build favorit untuk kartu ini. Build terpilih dan build favorit tidak saling bergantung. Hanya pengaturan Tim Saya yang diubah — tidak diterapkan otomatis ke skuad tersimpan maupun favorit kartu itu sendiri.","","","medium","","",""
"myTeamBuildPanel.cardDetailAriaTemplate","myTeamBuildPanel","accessibility","Player detail for {name}","Detail pemain {name}","","32","high","","",""
"myTeamBuildPanel.cardImageAltTemplate","myTeamBuildPanel","ui","Card image for {name}","Gambar kartu {name}","","28","medium","","",""
"myTeamBuildPanel.cardImageAltGeneric","myTeamBuildPanel","ui","Card image","Gambar kartu","","13","medium","","",""
"myTeamBuildPanel.cardTypeUnknown","myTeamBuildPanel","ui","Unknown card type","Jenis kartu tidak diketahui","","23","medium","","",""
"myTeamBuildPanel.registeredPositionUnknown","myTeamBuildPanel","ui","Unknown registered position","Posisi terdaftar tidak diketahui","","","medium","","",""
"myTeamBuildPanel.currentSettingsHeading","myTeamBuildPanel","ui","Current Settings","Pengaturan Saat Ini","","21","medium","","",""
"myTeamBuildPanel.selectedBuildLabel","myTeamBuildPanel","ui","Selected build: ","Build terpilih: ","","21","medium","","",""
"myTeamBuildPanel.favoriteBuildLabel","myTeamBuildPanel","ui","Favorite build: ","Build favorit: ","","21","medium","","",""
"myTeamBuildPanel.noneLabel","myTeamBuildPanel","ui","None","Tidak ada","","12","medium","","",""
"myTeamBuildPanel.selectedMissingTemplate","myTeamBuildPanel","ui","Selected build not found (deleted · buildId {id})","Build terpilih tidak ditemukan (dihapus · buildId {id})","","","medium","","",""
"myTeamBuildPanel.favoriteMissingTemplate","myTeamBuildPanel","ui","Favorite build not found (deleted · buildId {id})","Build favorit tidak ditemukan (dihapus · buildId {id})","","","medium","","",""
"myTeamBuildPanel.buildIdSuffixTemplate","myTeamBuildPanel","ui"," (buildId {id})"," (buildId {id})","","20","medium","","",""
"myTeamBuildPanel.clearSelectedButton","myTeamBuildPanel","ui","Clear selection","Hapus pilihan","","20","medium","","",""
"myTeamBuildPanel.clearFavoriteButton","myTeamBuildPanel","ui","Clear favorite","Hapus favorit","","19","medium","","",""
"myTeamBuildPanel.ownershipUsageTemplate","myTeamBuildPanel","ui","Ownership: {ownership} / Usage: {usage}","Kepemilikan: {ownership} / Penggunaan: {usage}","","","medium","","",""
"myTeamBuildPanel.unknownValuePlaceholder","myTeamBuildPanel","ui","—","—","","12","medium","","",""
"myTeamBuildPanel.savedBuildCountTemplate","myTeamBuildPanel","ui","{count} saved build(s)","{count} build tersimpan","","29","medium","","",""
"myTeamBuildPanel.storageUnavailable","myTeamBuildPanel","ui","Cannot save in this browser (localStorage unavailable). Setting/clearing is disabled.","Tidak dapat menyimpan di browser ini (localStorage tidak tersedia). Mengatur/menghapus dinonaktifkan.","","","medium","","",""
"myTeamBuildPanel.staleNotice","myTeamBuildPanel","ui","Data was changed in another tab.","Data telah diubah di tab lain.","","","medium","","",""
"myTeamBuildPanel.reloadButton","myTeamBuildPanel","ui","Reload","Muat ulang","","12","medium","","",""
"myTeamBuildPanel.confirmClearAria","myTeamBuildPanel","accessibility","Confirm clear","Konfirmasi penghapusan","","17","high","","",""
"myTeamBuildPanel.confirmClearTextTemplate","myTeamBuildPanel","ui","This clears the {field} ""{name}"" (resets {fieldKey} to unset).","Ini menghapus {field} ""{name}"" ({fieldKey} dikembalikan ke belum diatur).","","","high","","",""
"myTeamBuildPanel.confirmClearUnchangedTemplate","myTeamBuildPanel","ui","{otherField}, ownership status, usage status, tags, note, registration date, the saved build itself, squads, and the card's own favorite are not changed.","{otherField}, status kepemilikan, status penggunaan, tag, catatan, tanggal pendaftaran, build tersimpan itu sendiri, skuad, dan favorit kartu itu sendiri tidak diubah.","","","high","","",""
"myTeamBuildPanel.confirmClearButton","myTeamBuildPanel","ui","Clear","Hapus","","12","high","","",""
"myTeamBuildPanel.cancelButton","myTeamBuildPanel","ui","Cancel","Batal","","12","medium","","",""
"myTeamBuildPanel.emptyBuildsHeading","myTeamBuildPanel","ui","No saved builds","Belum ada build tersimpan","","20","medium","","",""
"myTeamBuildPanel.emptyBuildsBody","myTeamBuildPanel","ui","Adjust progression in player detail or player compare, then add one via ""Save this build"".","Atur progresi di detail pemain atau perbandingan pemain, lalu tambahkan lewat ""Simpan build ini"".","","","medium","","",""
"myTeamBuildPanel.playerDetailLink","myTeamBuildPanel","ui","This card's player detail","Detail pemain kartu ini","","","medium","","",""
"myTeamBuildPanel.progressionTabLink","myTeamBuildPanel","ui","Open Progression tab","Buka tab Progresi","","26","medium","","",""
"myTeamBuildPanel.compareLink","myTeamBuildPanel","ui","Open player compare","Buka perbandingan pemain","","25","medium","","",""
"myTeamBuildPanel.myBuildsLink","myTeamBuildPanel","ui","Open My Builds","Buka Build Saya","","19","medium","","",""
"myTeamBuildPanel.searchLabel","myTeamBuildPanel","ui","Search saved builds (build name / buildId)","Cari build tersimpan (nama build / buildId)","","55","medium","","",""
"myTeamBuildPanel.searchPlaceholder","myTeamBuildPanel","ui","Finisher / b_xxxx","Finisher / b_xxxx","","23","medium","","",""
"myTeamBuildPanel.searchAriaLabel","myTeamBuildPanel","accessibility","Search saved builds","Cari build tersimpan","","25","high","","",""
"myTeamBuildPanel.noSearchResults","myTeamBuildPanel","ui","No saved builds match your criteria.","Tidak ada build tersimpan yang cocok dengan kriteria Anda.","","","medium","","",""
"myTeamBuildPanel.manageInMyBuilds","myTeamBuildPanel","ui","Manage in My Builds","Kelola di Build Saya","","25","medium","","",""
"myTeamBuildPanel.createBuildInProgression","myTeamBuildPanel","ui","Create a build in Progression","Buat build di Progresi","","","medium","","",""
"myTeamBuildPanel.closeButton","myTeamBuildPanel","ui","Close","Tutup","","12","medium","","",""
"myTeamBuildPanel.footerNote","myTeamBuildPanel","ui","Renaming, duplicating, deleting, creating, and editing allocations is done in My Builds / player detail. This panel only sets or clears the selected build and favorite build.","Mengganti nama, menduplikat, menghapus, membuat, dan menyunting alokasi dilakukan di Build Saya / detail pemain. Panel ini hanya mengatur atau menghapus build terpilih dan build favorit.","","","medium","","",""
"myTeamBuildPanel.alreadySelectedNotice","myTeamBuildPanel","ui","This is already the selected build.","Ini sudah menjadi build terpilih.","","","medium","","",""
"myTeamBuildPanel.alreadyFavoriteNotice","myTeamBuildPanel","ui","This is already the favorite build.","Ini sudah menjadi build favorit.","","","medium","","",""
"myTeamBuildPanel.setFailedTemplate","myTeamBuildPanel","ui","Could not set: {error}","Gagal mengatur: {error}","","29","high","","",""
"myTeamBuildPanel.unknownError","myTeamBuildPanel","ui","Unknown error","Kesalahan tidak diketahui","","17","high","","",""
"myTeamBuildPanel.setSelectedSuccessTemplate","myTeamBuildPanel","ui","Set ""{name}"" as the selected build. The favorite build was not changed.","""{name}"" diatur sebagai build terpilih. Build favorit tidak diubah.","","","medium","","",""
"myTeamBuildPanel.setFavoriteSuccessTemplate","myTeamBuildPanel","ui","Set ""{name}"" as the favorite build. The selected build was not changed.","""{name}"" diatur sebagai build favorit. Build terpilih tidak diubah.","","","medium","","",""
"myTeamBuildPanel.clearFailedTemplate","myTeamBuildPanel","ui","Could not clear: {error}","Gagal menghapus: {error}","","32","high","","",""
"myTeamBuildPanel.clearSelectedSuccess","myTeamBuildPanel","ui","Cleared the selected build. Favorite build, ownership status, usage status, tags, and note were not changed.","Build terpilih dihapus. Build favorit, status kepemilikan, status penggunaan, tag, dan catatan tidak diubah.","","","medium","","",""
"myTeamBuildPanel.clearFavoriteSuccess","myTeamBuildPanel","ui","Cleared the favorite build. Selected build, ownership status, usage status, tags, and note were not changed.","Build favorit dihapus. Build terpilih, status kepemilikan, status penggunaan, tag, dan catatan tidak diubah.","","","medium","","",""
"myTeamBuildPanel.deletedBuildFallback","myTeamBuildPanel","ui","(deleted build)","(build dihapus)","","20","high","","",""
"myTeamBuildPanel.selectedBadge","myTeamBuildPanel","ui","Selected","Terpilih","","12","medium","","",""
"myTeamBuildPanel.favoriteBadge","myTeamBuildPanel","ui","Favorite","Favorit","","12","medium","","",""
"myTeamBuildPanel.selectedBuildNoun","myTeamBuildPanel","ui","selected build","build terpilih","","19","medium","","",""
"myTeamBuildPanel.favoriteBuildNoun","myTeamBuildPanel","ui","favorite build","build favorit","","19","medium","","",""
"myTeamBuildPanel.allocationRowLabel","myTeamBuildPanel","ui","Progression allocation: ","Alokasi progresi: ","","32","medium","","",""
"myTeamBuildPanel.noAllocationBase","myTeamBuildPanel","ui","No allocation (base abilities)","Tanpa alokasi (atribut dasar)","","","medium","","",""
"myTeamBuildPanel.allAllocationSummary","myTeamBuildPanel","ui","All allocations (10 categories)","Semua alokasi (10 kategori)","","","medium","","",""
"myTeamBuildPanel.pointsUsedNoTotalTemplate","myTeamBuildPanel","ui","Used {used} pt / Total —","Terpakai {used} pt / Total —","","32","medium","","",""
"myTeamBuildPanel.pointsUsedTotalTemplate","myTeamBuildPanel","ui","Used {used} / Total {total} pt","Terpakai {used} / Total {total} pt","","","medium","","",""
"myTeamBuildPanel.remainingUnknown","myTeamBuildPanel","ui","Remaining —","Tersisa —","","15","medium","","",""
"myTeamBuildPanel.remainingTemplate","myTeamBuildPanel","ui","Remaining {remaining} pt","Tersisa {remaining} pt","","32","medium","","",""
"myTeamBuildPanel.overAllocated","myTeamBuildPanel","ui","Over-allocated","Melebihi alokasi","","19","medium","","",""
"myTeamBuildPanel.pomRowLabel","myTeamBuildPanel","ui","Power of Many (user-specified): ","Power of Many (diisi pengguna): ","","42","medium","","",""
"myTeamBuildPanel.pomUnspecified","myTeamBuildPanel","ui","Not specified","Tidak ditentukan","","17","medium","","",""
"myTeamBuildPanel.experimentalLabel","myTeamBuildPanel","ui"," / Experimental estimate: "," / Estimasi eksperimental: ","","34","medium","","",""
"myTeamBuildPanel.yes","myTeamBuildPanel","ui","Yes","Ya","","12","medium","","",""
"myTeamBuildPanel.no","myTeamBuildPanel","ui","No","Tidak","","12","medium","","",""
"myTeamBuildPanel.estimatedOvrLabel","myTeamBuildPanel","ui","Estimated OVR at save time: ","Estimasi OVR saat disimpan: ","","37","medium","","",""
"myTeamBuildPanel.calcModeConfirmed","myTeamBuildPanel","ui","Base value only","Hanya nilai dasar","","20","high","","",""
"myTeamBuildPanel.calcModeUnsupported","myTeamBuildPanel","ui","Cannot calculate","Tidak dapat dihitung","","21","medium","","",""
"myTeamBuildPanel.calcModeProvisional","myTeamBuildPanel","ui","Provisional rule","Aturan sementara","","21","medium","","",""
"myTeamBuildPanel.totalOvrPlaceholder","myTeamBuildPanel","ui","Overall (position-specific OVR): — (calculation rule under review)","Keseluruhan (OVR per posisi): — (aturan perhitungan sedang ditinjau)","","86","medium","","",""
"myTeamBuildPanel.createdUpdatedTemplate","myTeamBuildPanel","ui","Created {created} / Updated {updated}","Dibuat {created} / Diperbarui {updated}","","","medium","","",""
"myTeamBuildPanel.setSelectedButton","myTeamBuildPanel","ui","Set as selected build","Atur sebagai build terpilih","","28","medium","","",""
"myTeamBuildPanel.setFavoriteButton","myTeamBuildPanel","ui","Set as favorite build","Atur sebagai build favorit","","28","medium","","",""
"radarAxis.attack","radarAxis","ui","Shooting","Tembakan","","12","medium","","",""
"radarAxis.pass","radarAxis","ui","Passing","Umpan","","12","medium","","",""
"radarAxis.dribble","radarAxis","ui","Dribbling","Dribel","","12","medium","","",""
"radarAxis.defense","radarAxis","ui","Defense","Pertahanan","","12","medium","","",""
"radarAxis.physical","radarAxis","ui","Physical","Fisik","","12","medium","","",""
"radarAxis.speed","radarAxis","ui","Speed","Kecepatan","","12","medium","","",""
"radarAxis.gk","radarAxis","ui","GK","GK","","12","medium","","",""
"radarMode.base","radarMode","ui","Base","Dasar","","12","medium","","",""
"radarMode.progressed","radarMode","ui","Progressed","Diprogresikan","","13","medium","","",""
"radarMode.standard","radarMode","ui","Standard","Standar","","12","medium","","",""
"radarMode.conditional","radarMode","ui","Post-condition","Pasca-syarat","","19","medium","","",""
"radarMode.experimental","radarMode","ui","Experimental","Eksperimental","","16","medium","","",""
"myBuildCard.selectPlayerDetailAriaTemplate","myBuildCard","accessibility","Player detail for {name}","Detail pemain {name}","","32","high","","",""
"myBuildCard.cardImageAltResolving","myBuildCard","ui","Card image (resolving)","Gambar kartu (sedang dimuat)","","29","medium","","",""
"myBuildCard.maxBaseOvrTemplate","myBuildCard","ui","Max {max} / Base {base}","Maks. {max} / Dasar {base}","","30","medium","","",""
"myBuildCard.fetchFailedNote","myBuildCard","ui","Could not fetch card information. Please reload in a moment (the build is kept).","Tidak dapat mengambil informasi kartu. Silakan muat ulang sebentar lagi (build tetap tersimpan).","","","high","","",""
"myBuildCard.allocationHeading","myBuildCard","ui","Progression Allocation","Alokasi Progresi","","29","medium","","",""
"myBuildCard.viewAllAllocationsSummary","myBuildCard","ui","View all allocations (10 categories)","Lihat semua alokasi (10 kategori)","","","medium","","",""
"myBuildCard.legacyBuildWarningTemplate","myBuildCard","ui","Outdated-rule build (rulesVersion: {version}). No automatic conversion to current rules has been performed.","Build aturan lama (rulesVersion: {version}). Tidak ada konversi otomatis ke aturan saat ini.","","","high","","",""
"myBuildCard.playerBoosterEstimateTemplate","myBuildCard","ui","Has a player booster estimate (ID {id} · not a confirmed in-game spec)","Ada estimasi booster pemain (ID {id} · bukan spesifikasi dalam game yang terkonfirmasi)","","","medium","","",""
"myBuildCard.estimatedOvrTemplate","myBuildCard","ui","Estimated OVR at save time: {ovr} ({mode})","Estimasi OVR saat disimpan: {ovr} ({mode})","","","medium","","",""
"myBuildCard.usageHeading","myBuildCard","ui","Usage","Penggunaan","","12","medium","","",""
"myBuildCard.squadUsingSuffixTemplate","myBuildCard","ui"," ({areas}) — in use"," ({areas}) — dipakai","","25","medium","","",""
"myBuildCard.squadUsingLinkTemplate","myBuildCard","ui","Squad ""{name}""","Skuad ""{name}""","","19","medium","","",""
"myBuildCard.noUsageLabel","myBuildCard","ui","Not referenced","Tidak dirujuk","","19","medium","","",""
"myBuildCard.playerDetailLink","myBuildCard","ui","Player detail","Detail pemain","","17","medium","","",""
"myBuildCard.openProgressionLink","myBuildCard","ui","Open in Progression","Buka di Progresi","","25","medium","","",""
"myBuildCard.addToCompareButton","myBuildCard","ui","Add to compare","Tambah ke perbandingan","","19","medium","","",""
"myBuildCard.useInSquadLink","myBuildCard","ui","Use in squad","Pakai di skuad","","16","medium","","",""
"myBuildCard.myTeamIntegrationHeading","myBuildCard","ui","My Team Integration","Integrasi Tim Saya","","25","medium","","",""
"myBuildCard.notInMyTeamLabel","myBuildCard","ui","Not in My Team (this card is not in My Team)","Tidak ada di Tim Saya (kartu ini tidak ada di Tim Saya)","","58","medium","","",""
"myBuildCard.registerToMyTeamButton","myBuildCard","ui","Register to My Team","Daftarkan ke Tim Saya","","25","medium","","",""
"myBuildCard.openMyTeamLink","myBuildCard","ui","Open My Team","Buka Tim Saya","","16","medium","","",""
"myBuildCard.registerHintNote","myBuildCard","ui","When registering, you can choose ownership status, usage status, and whether to make this the selected or favorite build. Existing squads and the card's own favorite are not changed.","Saat mendaftar, Anda dapat memilih status kepemilikan, status penggunaan, dan apakah build ini dijadikan build terpilih atau favorit. Skuad yang ada dan favorit kartu itu sendiri tidak diubah.","","","medium","","",""
"myBuildCard.selectedBuildLabel","myBuildCard","ui","Selected build:","Build terpilih:","","20","medium","","",""
"myBuildCard.selectedInMyTeamBadge","myBuildCard","ui","Selected in My Team","Terpilih di Tim Saya","","25","medium","","",""
"myBuildCard.clearSelectionButton","myBuildCard","ui","Clear selection","Hapus pilihan","","20","medium","","",""
"myBuildCard.useInMyTeamButton","myBuildCard","ui","Use in My Team","Pakai di Tim Saya","","19","medium","","",""
"myBuildCard.favoriteBuildLabel","myBuildCard","ui","Favorite build:","Build favorit:","","20","medium","","",""
"myBuildCard.favoriteInMyTeamBadge","myBuildCard","ui","Favorite build in My Team","Build favorit di Tim Saya","","33","medium","","",""
"myBuildCard.clearFavoriteButton","myBuildCard","ui","Clear favorite","Hapus favorit","","19","medium","","",""
"myBuildCard.setFavoriteButton","myBuildCard","ui","Set as favorite build","Jadikan build favorit","","28","medium","","",""
"myBuildCard.favoriteHintNote","myBuildCard","ui","This is the saved build's favorite setting. The card's own favorite status and existing squads are not changed.","Ini adalah pengaturan favorit build tersimpan. Status favorit kartu itu sendiri dan skuad yang ada tidak diubah.","","","medium","","",""
"myBuildCard.renameButton","myBuildCard","ui","Rename","Ganti nama","","12","medium","","",""
"myBuildCard.duplicateButton","myBuildCard","ui","Duplicate","Duplikasi","","12","medium","","",""
"myBuildCard.deleteButton","myBuildCard","ui","Delete","Hapus","","12","high","","",""
"buildExportModal.launcherHeading","buildExportModal","ui","Export Saved Builds (Local Backup)","Ekspor Build Tersimpan (Cadangan Data Lokal)","","45","medium","","",""
"buildExportModal.launcherDescription","buildExportModal","ui","Bundle your saved builds into a JSON file in this browser and save it to your device. You can export all builds or only the ones you select. Nothing is sent to a server or external service, and exporting does not change your saved builds. Supported browsers will show a save-location picker (we recommend choosing your ""Documents"" folder on Windows). Unsupported browsers will save to the usual download location.","Gabungkan build tersimpan Anda ke dalam satu file JSON di browser ini dan simpan ke perangkat Anda. Anda dapat mengekspor semua build atau hanya yang dipilih. Tidak ada yang dikirim ke server atau layanan eksternal, dan ekspor tidak mengubah build tersimpan Anda. Browser yang mendukung akan menampilkan pemilih lokasi penyimpanan (kami sarankan memilih folder ""Documents"" di Windows). Browser yang tidak mendukung akan menyimpan ke lokasi unduhan biasa.","","","medium","","",""
"buildExportModal.launcherButton","buildExportModal","ui","Export saved builds","Ekspor build tersimpan","","25","medium","","",""
"buildExportModal.noBuildsNote","buildExportModal","ui","You have no saved builds. Add one from ""Save this progression"" on the player detail or compare screen to export it.","Anda belum memiliki build tersimpan. Tambahkan dari ""Simpan progresi ini"" di layar detail pemain atau perbandingan untuk mengekspornya.","","","medium","","",""
"buildExportModal.unavailableNote","buildExportModal","ui","This browser doesn't support localStorage, so exporting isn't available.","Browser ini tidak mendukung localStorage, jadi ekspor tidak tersedia.","","","medium","","",""
"buildExportModal.safetyLine1","buildExportModal","ui","Processed entirely inside this browser — nothing is sent to a server or external service (no uploads).","Diproses sepenuhnya di dalam browser ini — tidak ada yang dikirim ke server atau layanan eksternal (tanpa unggahan).","","","medium","","",""
"buildExportModal.safetyLine2","buildExportModal","ui","Exporting does not change your saved builds, My Team, squads, or card favorites.","Ekspor tidak mengubah build tersimpan, Tim Saya, skuad, atau favorit kartu Anda.","","","medium","","",""
"buildExportModal.safetyLine3","buildExportModal","ui","Only the saved builds' progression data (allocation, rules version, estimated value at save time, etc.) is included.","Hanya data progresi build tersimpan (alokasi, versi aturan, nilai perkiraan saat disimpan, dll.) yang disertakan.","","","medium","","",""
"buildExportModal.safetyLine4","buildExportModal","ui","My Team notes, tags, ownership/usage status, selected/favorite builds, squads, credentials, and environment information are not included.","Catatan Tim Saya, tag, status kepemilikan/penggunaan, build terpilih/favorit, skuad, kredensial, dan informasi lingkungan tidak disertakan.","","","medium","","",""
"buildExportModal.staleNoticeText","buildExportModal","ui","Saved builds were updated in another tab. Please reload to check the current content.","Build tersimpan diperbarui di tab lain. Muat ulang untuk memeriksa isi saat ini.","","","medium","","",""
"buildExportModal.reloadButton","buildExportModal","ui","Reload","Muat ulang","","12","medium","","",""
"buildExportModal.droppedNoticeTemplate","buildExportModal","ui","{count} of your selected saved builds were deleted, so they were removed from the selection.","{count} build tersimpan yang Anda pilih telah dihapus, jadi dikeluarkan dari pilihan.","","","medium","","",""
"buildExportModal.errorSelectBuilds","buildExportModal","ui","Please select the saved builds to export.","Pilih build tersimpan yang akan diekspor.","","","high","","",""
"buildExportModal.errorSelectionChanged","buildExportModal","ui","The state of the selected saved builds has changed. Please reload.","Status build tersimpan yang dipilih telah berubah. Silakan muat ulang.","","","high","","",""
"buildExportModal.conflictListChangedTemplate","buildExportModal","ui","The list of saved builds has changed ({added} added / {removed} deleted). Please reload to check the current content.","Daftar build tersimpan telah berubah ({added} ditambah / {removed} dihapus). Muat ulang untuk memeriksa isi saat ini.","","","medium","","",""
"buildExportModal.conflictSelectionNotFound","buildExportModal","ui","The selected saved builds could not be found. Please reload.","Build tersimpan yang dipilih tidak ditemukan. Silakan muat ulang.","","","medium","","",""
"buildExportModal.conflictSelectionChangedTemplate","buildExportModal","ui","The selected saved builds were changed in another tab ({removed} deleted / {changed} changed). Please reload to check the current content.","Build tersimpan yang dipilih diubah di tab lain ({removed} dihapus / {changed} diubah). Muat ulang untuk memeriksa isi saat ini.","","","medium","","",""
"buildExportModal.saveFailedNote","buildExportModal","ui","The file could not be saved in this environment. Your saved builds have not been changed.","File tidak dapat disimpan di lingkungan ini. Build tersimpan Anda tidak diubah.","","","high","","",""
"buildExportModal.jsonFileTypeDescription","buildExportModal","ui","JSON file","File JSON","","12","medium","","",""
"buildExportModal.titleChoose","buildExportModal","ui","Export saved builds","Ekspor build tersimpan","","25","medium","","",""
"buildExportModal.titleConfirm","buildExportModal","ui","Confirm export content","Konfirmasi isi ekspor","","29","high","","",""
"buildExportModal.titleDone","buildExportModal","ui","Export complete","Ekspor selesai","","20","medium","","",""
"buildExportModal.doneMessagePickerTemplate","buildExportModal","ui","Saved {count} saved build(s) as ""{filename}"" to the chosen location. Your saved builds have not been changed.","{count} build tersimpan disimpan sebagai ""{filename}"" di lokasi yang dipilih. Build tersimpan Anda tidak diubah.","","","medium","","",""
"buildExportModal.doneMessageDownloadTemplate","buildExportModal","ui","Downloaded {count} saved build(s) as ""{filename}"". Your saved builds have not been changed.","{count} build tersimpan diunduh sebagai ""{filename}"". Build tersimpan Anda tidak diubah.","","","medium","","",""
"buildExportModal.downloadFallbackNote","buildExportModal","ui","This browser doesn't support choosing a save location, so the file was saved to the usual download location.","Browser ini tidak mendukung pemilihan lokasi penyimpanan, jadi file disimpan ke lokasi unduhan biasa.","","","medium","","",""
"buildExportModal.utcNotePrefix","buildExportModal","ui","The date and time in the filename and ","Tanggal dan waktu di nama file dan ","","","medium","","",""
"buildExportModal.utcNoteSuffix","buildExportModal","ui"," are both in UTC (Coordinated Universal Time)."," keduanya dalam UTC (Waktu Universal Terkoordinasi).","","","medium","","",""
"buildExportModal.backButton","buildExportModal","ui","Back","Kembali","","12","medium","","",""
"buildExportModal.closeButton","buildExportModal","ui","Close","Tutup","","12","medium","","",""
"buildExportModal.cancelButton","buildExportModal","ui","Cancel","Batal","","12","medium","","",""
"buildExportModal.nextButton","buildExportModal","ui","Next (confirm content)","Lanjut (konfirmasi isi)","","29","medium","","",""
"buildExportModal.choosePickerLocationButton","buildExportModal","ui","Choose save location","Pilih lokasi simpan","","26","medium","","",""
"buildExportModal.downloadJsonButton","buildExportModal","ui","Download JSON","Unduh JSON","","17","medium","","",""
"buildExportModal.exportMethodLegend","buildExportModal","ui","Export method","Metode ekspor","","17","medium","","",""
"buildExportModal.exportAllOptionTemplate","buildExportModal","ui","Export all saved builds ({count})","Ekspor semua build tersimpan ({count})","","","medium","","",""
"buildExportModal.exportSelectionOption","buildExportModal","ui","Export only selected saved builds","Ekspor hanya build tersimpan yang dipilih","","","medium","","",""
"buildExportModal.exportSelectionHint","buildExportModal","ui","This selection is local to this dialog (independent of the search/filters in the My Builds list).","Pilihan ini hanya berlaku di dialog ini (terpisah dari pencarian/filter di daftar Build Saya).","","","medium","","",""
"buildExportModal.searchTargetLabel","buildExportModal","ui","Search targets (build name, player name, World ID, buildId)","Target pencarian (nama build, nama pemain, World ID, buildId)","","77","medium","","",""
"buildExportModal.searchAriaLabel","buildExportModal","accessibility","Search saved builds to export","Cari build tersimpan untuk diekspor","","38","high","","",""
"buildExportModal.selectAllVisibleTemplate","buildExportModal","ui","Select all visible ({count})","Pilih semua yang terlihat ({count})","","","medium","","",""
"buildExportModal.clearVisibleSelectionButton","buildExportModal","ui","Clear visible selection","Hapus pilihan yang terlihat","","30","medium","","",""
"buildExportModal.selectedCountTemplate","buildExportModal","ui","{count} selected","{count} dipilih","","21","medium","","",""
"buildExportModal.noSavedBuildsLabel","buildExportModal","ui","You have no saved builds.","Anda belum memiliki build tersimpan.","","33","medium","","",""
"buildExportModal.noMatchingBuildsLabel","buildExportModal","ui","No saved builds match your search.","Tidak ada build tersimpan yang sesuai pencarian.","","45","medium","","",""
"buildExportModal.includeInExportAriaTemplate","buildExportModal","accessibility","Include {buildName} ({name}) in the export","Sertakan {buildName} ({name}) dalam ekspor","","","high","","",""
"buildExportModal.usedBadge","buildExportModal","ui","In use","Dipakai","","12","medium","","",""
"buildExportModal.unusedBadge","buildExportModal","ui","Unused","Tidak dipakai","","12","medium","","",""
"buildExportModal.updatedTemplate","buildExportModal","ui","Updated {date}","Diperbarui {date}","","19","medium","","",""
"buildExportModal.exportContentHeading","buildExportModal","ui","Content to export","Isi yang diekspor","","23","medium","","",""
"buildExportModal.allBuildsLabel","buildExportModal","ui","All saved builds","Semua build tersimpan","","21","medium","","",""
"buildExportModal.selectedBuildsLabel","buildExportModal","ui","Selected saved builds","Build tersimpan yang dipilih","","28","medium","","",""
"buildExportModal.targetPrefixTemplate","buildExportModal","ui","Target: {target} (","Target: {target} (","","24","medium","","",""
"buildExportModal.targetCountSuffix","buildExportModal","ui",")",")","","12","medium","","",""
"buildExportModal.formatLabelPrefix","buildExportModal","ui","Format: ","Format: ","","12","medium","","",""
"buildExportModal.formatVersionLabelPrefix","buildExportModal","ui"," / formatVersion "," / formatVersion ","","23","medium","","",""
"buildExportModal.formatVersionNote","buildExportModal","ui"," (this is the export file's format version — separate from the saved build's rulesVersion/schemaVersion)"," (ini versi format file ekspor — terpisah dari rulesVersion/schemaVersion build tersimpan)","","","medium","","",""
"buildExportModal.singleJsonFileNote","buildExportModal","ui","A single UTF-8 JSON file. No ZIP, CSV, encryption, or compression.","Satu file JSON UTF-8. Tanpa ZIP, CSV, enkripsi, atau kompresi.","","","medium","","",""
"buildExportModal.exportedAtNoteSuffix","buildExportModal","ui"," and the filename's timestamp are both fixed at save time in UTC (Coordinated Universal Time)."," dan stempel waktu di nama file sama-sama ditetapkan saat penyimpanan dalam UTC (Waktu Universal Terkoordinasi).","","","medium","","",""
"buildExportModal.itemCountNoteMiddle","buildExportModal","ui"," matches the number of items in "," sesuai dengan jumlah item di ","","","medium","","",""
"buildExportModal.itemCountNoteSuffix","buildExportModal","ui",". The order is deterministic (newest updated first, then by buildId).",". Urutannya deterministik (terbaru diperbarui lebih dulu, lalu menurut buildId).","","","medium","","",""
"buildExportModal.aboutSaveLocationHeading","buildExportModal","ui","About the save location","Tentang lokasi penyimpanan","","30","medium","","",""
"buildExportModal.pickerInstructionPrefix","buildExportModal","ui","Pressing ""Choose save location"" opens a save-location picker. ","Menekan ""Pilih lokasi simpan"" akan membuka pemilih lokasi penyimpanan. ","","","medium","","",""
"buildExportModal.pickerInstructionBold","buildExportModal","ui","Please choose your ""Documents"" folder on Windows.","Silakan pilih folder ""Documents"" di Windows.","","","medium","","",""
"buildExportModal.pickerNote1Prefix","buildExportModal","ui","The save location is ","Lokasi penyimpanan ","","28","medium","","",""
"buildExportModal.pickerNote1Bold","buildExportModal","ui","chosen by you","dipilih oleh Anda","","17","medium","","",""
"buildExportModal.pickerNote1Suffix","buildExportModal","ui",". The app never silently fixes a save destination.",". Aplikasi tidak pernah diam-diam menetapkan tujuan penyimpanan.","","","medium","","",""
"buildExportModal.pickerNote2","buildExportModal","ui","The file is not sent to any external service.","File tidak dikirim ke layanan eksternal mana pun.","","","medium","","",""
"buildExportModal.pickerNote3","buildExportModal","ui","The original saved-build data is not changed.","Data build tersimpan asli tidak diubah.","","","medium","","",""
"buildExportModal.pickerNote4Prefix","buildExportModal","ui","If you ","Jika Anda ","","12","medium","","",""
"buildExportModal.pickerNote4Bold","buildExportModal","ui","cancel the save-location picker, nothing is saved","membatalkan pemilih lokasi penyimpanan, tidak ada yang disimpan","","","medium","","",""
"buildExportModal.pickerNote4Suffix","buildExportModal","ui",".",".","","12","medium","","",""
"buildExportModal.pickerNote5","buildExportModal","ui","If your browser doesn't support the save-location picker, the file is saved to the usual download location.","Jika browser Anda tidak mendukung pemilih lokasi penyimpanan, file disimpan ke lokasi unduhan biasa.","","","medium","","",""
"buildExportModal.noPickerNote","buildExportModal","ui","This browser doesn't support the save-location picker, so the file will be saved to the usual download location (as configured in your browser). After downloading, move the file to your ""Documents"" folder if needed. Nothing is sent to an external service, and the original saved-build data is not changed.","Browser ini tidak mendukung pemilih lokasi penyimpanan, jadi file akan disimpan ke lokasi unduhan biasa (sesuai pengaturan browser Anda). Setelah diunduh, pindahkan file ke folder ""Documents"" jika perlu. Tidak ada yang dikirim ke layanan eksternal, dan data build tersimpan asli tidak diubah.","","","medium","","",""
"buildExportModal.pickerNextNoteTemplate","buildExportModal","ui","Pressing ""Choose save location"" fetches your saved builds once more and verifies the target, worldCardId, update time, and format before saving. If there are discrepancies or invalid data, nothing is saved and you'll be asked to reload.","Menekan ""Pilih lokasi simpan"" akan mengambil build tersimpan Anda sekali lagi dan memverifikasi target, worldCardId, waktu pembaruan, dan format sebelum menyimpan. Jika ada ketidaksesuaian atau data tidak valid, tidak ada yang disimpan dan Anda akan diminta memuat ulang.","","","medium","","",""
"buildExportModal.downloadNextNoteTemplate","buildExportModal","ui","Pressing ""Download JSON"" fetches your saved builds once more and verifies the target, worldCardId, update time, and format before saving. If there are discrepancies or invalid data, nothing is saved and you'll be asked to reload.","Menekan ""Unduh JSON"" akan mengambil build tersimpan Anda sekali lagi dan memverifikasi target, worldCardId, waktu pembaruan, dan format sebelum menyimpan. Jika ada ketidaksesuaian atau data tidak valid, tidak ada yang disimpan dan Anda akan diminta memuat ulang.","","","medium","","",""
"buildExportModal.cancelledNoticeTemplate","buildExportModal","ui","The save-location selection was cancelled. Your saved builds have not been changed. Press ""Choose save location"" again to retry.","Pemilihan lokasi penyimpanan dibatalkan. Build tersimpan Anda tidak diubah. Tekan ""Pilih lokasi simpan"" lagi untuk mencoba ulang.","","","medium","","",""
"buildExportModal.exportTargetLineTemplate","buildExportModal","ui","Export target: {target} — {count} build(s)","Target ekspor: {target} — {count} build","","","medium","","",""
"buildExportModal.exportFailureEmpty","buildExportModal","ui","There are no saved builds that can be exported.","Tidak ada build tersimpan yang dapat diekspor.","","","medium","","",""
"buildExportModal.exportFailureInvalidTemplate","buildExportModal","ui","{invalid} saved build(s) are invalid (only {valid} can be exported). The export was cancelled for safety. Please check the targets in My Builds.","{invalid} build tersimpan tidak valid (hanya {valid} yang dapat diekspor). Ekspor dibatalkan demi keamanan. Periksa target di Build Saya.","","","medium","","",""
"buildImportModal.safetyLine1","buildImportModal","ui","Only local JSON files created previously by this app's ""Export saved builds"" are supported.","Hanya mendukung file JSON lokal yang sebelumnya dibuat dengan ""Ekspor build tersimpan"" di aplikasi ini.","","","medium","","",""
"buildImportModal.safetyLine2","buildImportModal","ui","The file is processed entirely inside this browser — nothing is sent to a server or external service (no uploads).","File diproses sepenuhnya di dalam browser ini — tidak ada yang dikirim ke server atau layanan eksternal (tanpa unggahan).","","","medium","","",""
"buildImportModal.safetyLine3","buildImportModal","ui","Just selecting a file or opening the preview does not save anything. Saving happens only when you press the final confirmation.","Hanya memilih file atau membuka pratinjau tidak menyimpan apa pun. Penyimpanan baru terjadi saat Anda menekan konfirmasi akhir.","","","medium","","",""
"buildImportModal.safetyLine4","buildImportModal","ui","Existing saved builds are never overwritten or deleted. If a buildId collides with an existing one, it's added with a new buildId.","Build tersimpan yang sudah ada tidak pernah ditimpa atau dihapus. Jika buildId bentrok dengan yang sudah ada, build ditambahkan dengan buildId baru.","","","medium","","",""
"buildImportModal.safetyLine5","buildImportModal","ui","Imported builds are not automatically applied to My Team, squads, or card favorites (no references are created either).","Build yang diimpor tidak otomatis diterapkan ke Tim Saya, skuad, atau favorit kartu (referensi juga tidak dibuat).","","","medium","","",""
"buildImportModal.safetyLine6","buildImportModal","ui","Files with an unsupported formatVersion are rejected without conversion.","File dengan formatVersion yang tidak didukung ditolak tanpa konversi.","","","medium","","",""
"buildImportModal.safetyLine7","buildImportModal","ui","After importing, manage builds individually in My Builds (they are not automatically set as the selected or favorite build).","Setelah impor, kelola build satu per satu di Build Saya (build tidak otomatis dijadikan build terpilih atau favorit).","","","medium","","",""
"buildImportModal.launcherHeading","buildImportModal","ui","Import Saved Builds (Local JSON Import)","Impor Build Tersimpan (Impor JSON Lokal)","","51","medium","","",""
"buildImportModal.launcherDescriptionPrefix","buildImportModal","ui","Choose a local JSON file previously exported from this app, and its content will be validated and previewed, then ","Pilih file JSON lokal yang sebelumnya diekspor dari aplikasi ini; isinya akan divalidasi dan ditampilkan pratinjaunya, lalu ","","","medium","","",""
"buildImportModal.addBoldLabel","buildImportModal","ui","added","ditambahkan","","12","medium","","",""
"buildImportModal.launcherDescriptionSuffix","buildImportModal","ui"," as saved builds after final confirmation. This is a separate operation from exporting."," sebagai build tersimpan setelah konfirmasi akhir. Ini operasi yang terpisah dari ekspor.","","","medium","","",""
"buildImportModal.launcherButton","buildImportModal","ui","Import saved builds","Impor build tersimpan","","25","medium","","",""
"buildImportModal.unavailableNote","buildImportModal","ui","This browser doesn't support localStorage, so importing isn't available.","Browser ini tidak mendukung localStorage, jadi impor tidak tersedia.","","","medium","","",""
"buildImportModal.validateErrorTemplate","buildImportModal","ui","{invalid} saved build(s) in the file are invalid (valid: {valid}). For safety, this file cannot be imported.","{invalid} build tersimpan di file ini tidak valid (valid: {valid}). Demi keamanan, file ini tidak dapat diimpor.","","","high","","",""
"buildImportModal.duplicateErrorTemplate","buildImportModal","ui","The file has duplicate buildId values ({count}). This cannot happen in a proper export file, so this file cannot be imported.","File berisi nilai buildId duplikat ({count}). Hal ini tidak mungkin terjadi pada file ekspor yang benar, jadi file ini tidak dapat diimpor.","","","high","","",""
"buildImportModal.parseErrorEmpty","buildImportModal","ui","The file is empty.","File kosong.","","24","high","","",""
"buildImportModal.parseErrorTooLarge","buildImportModal","ui","The file or the number of builds is too large.","File atau jumlah build terlalu besar.","","","high","","",""
"buildImportModal.parseErrorNotJson","buildImportModal","ui","This could not be read as JSON.","File tidak dapat dibaca sebagai JSON.","","","high","","",""
"buildImportModal.parseErrorNotObject","buildImportModal","ui","This is not the structure of an export file.","Ini bukan struktur file ekspor.","","","high","","",""
"buildImportModal.parseErrorUnsafeKeys","buildImportModal","ui","This cannot be imported because it contains unknown or unsafe fields.","File ini tidak dapat diimpor karena berisi kolom yang tidak dikenal atau tidak aman.","","","high","","",""
"buildImportModal.parseErrorFormatMismatch","buildImportModal","ui","This is not a saved-build export file from this app.","Ini bukan file ekspor build tersimpan dari aplikasi ini.","","","high","","",""
"buildImportModal.parseErrorUnsupportedVersion","buildImportModal","ui","This formatVersion is not supported. An app update is required.","formatVersion ini tidak didukung. Aplikasi perlu diperbarui.","","","high","","",""
"buildImportModal.parseErrorExportedAt","buildImportModal","ui","The exportedAt timestamp is invalid.","Stempel waktu exportedAt tidak valid.","","","high","","",""
"buildImportModal.parseErrorItemCount","buildImportModal","ui","itemCount is invalid.","itemCount tidak valid.","","28","high","","",""
"buildImportModal.parseErrorItemCountMismatch","buildImportModal","ui","itemCount does not match the actual number of items.","itemCount tidak sesuai dengan jumlah item sebenarnya.","","","high","","",""
"buildImportModal.parseErrorGeneric","buildImportModal","ui","This file cannot be imported.","File ini tidak dapat diimpor.","","","high","","",""
"buildImportModal.tooLargeTemplate","buildImportModal","ui","The file is too large (limit: {max}MB).","File terlalu besar (batas: {max}MB).","","","medium","","",""
"buildImportModal.noFileApiError","buildImportModal","ui","This browser cannot read files.","Browser ini tidak dapat membaca file.","","","high","","",""
"buildImportModal.readFailedError","buildImportModal","ui","The file could not be read.","File tidak dapat dibaca.","","","high","","",""
"buildImportModal.importConflictTemplate","buildImportModal","ui","Saved builds were updated in another tab. Please reload the existing data and check the import content again. (existing added: {added} / deleted: {removed} / changed: {changed})","Build tersimpan diperbarui di tab lain. Muat ulang data yang ada dan periksa lagi isi impor. (data yang ada ditambah: {added} / dihapus: {removed} / diubah: {changed})","","","medium","","",""
"buildImportModal.saveConflictNote","buildImportModal","ui","Saved builds were updated in another tab. Please reload and check again.","Build tersimpan diperbarui di tab lain. Muat ulang lalu periksa lagi.","","","medium","","",""
"buildImportModal.quotaError","buildImportModal","ui","Could not save — storage capacity may be insufficient. Existing saved builds have not been changed.","Tidak dapat menyimpan — kapasitas penyimpanan mungkin tidak cukup. Build tersimpan yang sudah ada tidak diubah.","","","high","","",""
"buildImportModal.storageError","buildImportModal","ui","This browser could not save. Existing saved builds have not been changed.","Browser ini tidak dapat menyimpan. Build tersimpan yang sudah ada tidak diubah.","","","high","","",""
"buildImportModal.genericSaveError","buildImportModal","ui","Saving failed. Existing saved builds have not been changed.","Penyimpanan gagal. Build tersimpan yang sudah ada tidak diubah.","","","high","","",""
"buildImportModal.reverifyFailedNote","buildImportModal","ui","Re-verification of the save result failed. Please reload the My Builds list to check.","Verifikasi ulang hasil penyimpanan gagal. Muat ulang daftar Build Saya untuk memeriksa.","","","high","","",""
"buildImportModal.titleSelect","buildImportModal","ui","Import saved builds","Impor build tersimpan","","25","medium","","",""
"buildImportModal.titleError","buildImportModal","ui","Could not read the file","Tidak dapat membaca file","","30","high","","",""
"buildImportModal.titlePreview","buildImportModal","ui","Confirm import content","Konfirmasi isi impor","","29","medium","","",""
"buildImportModal.titleConfirm","buildImportModal","ui","Final import confirmation","Konfirmasi akhir impor","","","high","","",""
"buildImportModal.titleSaving","buildImportModal","ui","Importing","Mengimpor","","12","medium","","",""
"buildImportModal.titleDone","buildImportModal","ui","Import complete","Impor selesai","","20","medium","","",""
"buildImportModal.titleSaveFail","buildImportModal","ui","Import failed","Impor gagal","","17","medium","","",""
"buildImportModal.staleBlockedText","buildImportModal","ui","Saved builds were updated in another tab. Please reload the existing data and check the import content again.","Build tersimpan diperbarui di tab lain. Muat ulang data yang ada dan periksa lagi isi impor.","","","medium","","",""
"buildImportModal.reloadExistingButton","buildImportModal","ui","Reload existing data","Muat ulang data yang ada","","26","medium","","",""
"buildImportModal.savingText","buildImportModal","ui","Importing…","Mengimpor…","","13","medium","","",""
"buildImportModal.doneMessageTemplate","buildImportModal","ui","Imported {count} saved build(s). Existing builds have not been changed.","{count} build tersimpan berhasil diimpor. Build yang sudah ada tidak diubah.","","","medium","","",""
"buildImportModal.doneNewIdsTemplate","buildImportModal","ui","{count} of them were added with a new buildId to avoid colliding with an existing buildId.","{count} di antaranya ditambahkan dengan buildId baru agar tidak bentrok dengan buildId yang sudah ada.","","","medium","","",""
"buildImportModal.doneManageNote","buildImportModal","ui","Imported builds can be managed individually in My Builds. They have not been automatically set as the selected build, favorite build, or in any squad.","Build yang diimpor dapat dikelola satu per satu di Build Saya. Build tersebut tidak otomatis dijadikan build terpilih, build favorit, atau dimasukkan ke skuad mana pun.","","","medium","","",""
"buildImportModal.saveFailFallback","buildImportModal","ui","Import failed.","Impor gagal.","","19","medium","","",""
"buildImportModal.cancelButton","buildImportModal","ui","Cancel","Batal","","12","medium","","",""
"buildImportModal.pickAnotherFileButton","buildImportModal","ui","Choose another file","Pilih file lain","","25","medium","","",""
"buildImportModal.importButtonTemplate","buildImportModal","ui","Import ({count})","Impor ({count})","","21","medium","","",""
"buildImportModal.closeButton","buildImportModal","ui","Close","Tutup","","12","medium","","",""
"buildImportModal.supportedFilesHeading","buildImportModal","ui","Supported files","File yang didukung","","20","medium","","",""
"buildImportModal.supportedFile1Prefix","buildImportModal","ui","A JSON file previously created by this app's ""Export saved builds"" (","File JSON yang sebelumnya dibuat dengan ""Ekspor build tersimpan"" di aplikasi ini (","","","medium","","",""
"buildImportModal.supportedFile1Middle","buildImportModal","ui"," / formatVersion "," / formatVersion ","","23","medium","","",""
"buildImportModal.supportedFile1Suffix","buildImportModal","ui",")",")","","12","medium","","",""
"buildImportModal.supportedFile2","buildImportModal","ui","The file extension alone is not used to decide. The content is parsed as JSON, and the format, item count, and each build are validated.","Ekstensi file saja tidak dipakai untuk menentukan. Isinya diurai sebagai JSON, lalu format, jumlah item, dan setiap build divalidasi.","","","medium","","",""
"buildImportModal.supportedFile3Template","buildImportModal","ui","File size limit: {maxSize}MB / item count limit: {maxCount}.","Batas ukuran file: {maxSize}MB / batas jumlah item: {maxCount}.","","","medium","","",""
"buildImportModal.supportedFile4","buildImportModal","ui","Not supported: a standalone SavedBuild JSON / the entire localStorage / My Team / squads / card favorites / CSV / ZIP / TXT / JavaScript / HTML / an unsupported formatVersion.","Tidak didukung: JSON SavedBuild tunggal / seluruh localStorage / Tim Saya / skuad / favorit kartu / CSV / ZIP / TXT / JavaScript / HTML / formatVersion yang tidak didukung.","","","medium","","",""
"buildImportModal.selectFileLabel","buildImportModal","ui","Select a JSON file to import","Pilih file JSON untuk diimpor","","37","medium","","",""
"buildImportModal.selectFileHint","buildImportModal","ui","Just selecting a file does not save anything. Review the content and it will only be saved when you press the final confirmation.","Hanya memilih file tidak menyimpan apa pun. Tinjau isinya; data baru disimpan saat Anda menekan konfirmasi akhir.","","","medium","","",""
"buildImportModal.validatingText","buildImportModal","ui","Validating the file…","Memvalidasi file…","","26","medium","","",""
"buildImportModal.selectedFileTemplate","buildImportModal","ui","Selected: {name}","Dipilih: {name}","","21","medium","","",""
"buildImportModal.selectedFileSizeTemplate","buildImportModal","ui"," ({size})"," ({size})","","12","medium","","",""
"buildImportModal.validateInfoTemplate","buildImportModal","ui","Invalid: {invalid} / valid: {valid}. Partial imports are not performed.","Tidak valid: {invalid} / valid: {valid}. Impor sebagian tidak dilakukan.","","","medium","","",""
"buildImportModal.duplicateIdsTemplate","buildImportModal","ui","Duplicate buildId: {ids}","buildId duplikat: {ids}","","32","medium","","",""
"buildImportModal.fileHeading","buildImportModal","ui","File","File","","12","medium","","",""
"buildImportModal.fileNameLabel","buildImportModal","ui","File name","Nama file","","12","medium","","",""
"buildImportModal.fileSizeLabel","buildImportModal","ui","Size","Ukuran","","12","medium","","",""
"buildImportModal.validationHeading","buildImportModal","ui","Validation result","Hasil validasi","","23","medium","","",""
"buildImportModal.validCountLabel","buildImportModal","ui","Valid count","Jumlah valid","","15","medium","","",""
"buildImportModal.plannedSaveCountLabel","buildImportModal","ui","Planned save count","Jumlah yang akan disimpan","","24","medium","","",""
"buildImportModal.collisionCountLabel","buildImportModal","ui","buildId collisions (new IDs issued)","buildId bentrok (ID baru diterbitkan)","","46","medium","","",""
"buildImportModal.saveCountNoteTemplate","buildImportModal","ui","{count} will be added as new saved builds. Existing builds are not changed.","{count} akan ditambahkan sebagai build tersimpan baru. Build yang sudah ada tidak diubah.","","","medium","","",""
"buildImportModal.targetBuildsSummaryTemplate","buildImportModal","ui","Target builds ({count})","Build target ({count})","","30","medium","","",""
"buildImportModal.newBuildIdBadge","buildImportModal","ui","New buildId","buildId baru","","15","medium","","",""
"buildImportModal.pomBadge","buildImportModal","ui","Power of Many specified","Power of Many ditentukan","","30","medium","","",""
"buildImportModal.experimentalBadge","buildImportModal","ui","Experimental estimate","Perkiraan eksperimental","","28","medium","","",""
"buildImportModal.worldIdOriginalTemplate","buildImportModal","ui","World ID {worldId} / original buildId {originalId}","World ID {worldId} / buildId asli {originalId}","","","medium","","",""
"buildImportModal.finalBuildIdTemplate","buildImportModal","ui"," → buildId after import {finalId}"," → buildId setelah impor {finalId}","","","medium","","",""
"buildImportModal.noChangeLabel","buildImportModal","ui"," (unchanged)"," (tidak berubah)","","16","medium","","",""
"buildImportModal.rulesVersionTemplate","buildImportModal","ui","rulesVersion {version}","rulesVersion {version}","","29","medium","","",""
"buildImportModal.allocationLabelTemplate","buildImportModal","ui","Allocation: {allocation}","Alokasi: {allocation}","","32","medium","","",""
"buildImportModal.createdUpdatedNoteTemplate","buildImportModal","ui","Created {created} / Updated {updated} (timestamps are preserved)","Dibuat {created} / Diperbarui {updated} (stempel waktu dipertahankan)","","","medium","","",""
"buildImportModal.unaffectedHeading","buildImportModal","ui","What this import does not change","Yang tidak diubah oleh impor ini","","42","medium","","",""
"buildImportModal.unaffected1","buildImportModal","ui","Existing saved builds (never overwritten or deleted)","Build tersimpan yang sudah ada (tidak pernah ditimpa atau dihapus)","","","medium","","",""
"buildImportModal.unaffected2","buildImportModal","ui","My Team (selected build, favorite build, ownership/usage status, tags, notes)","Tim Saya (build terpilih, build favorit, status kepemilikan/penggunaan, tag, catatan)","","","medium","","",""
"buildImportModal.unaffected3","buildImportModal","ui","Saved squads (placement, savedBuildId references)","Skuad tersimpan (penempatan, referensi savedBuildId)","","","medium","","",""
"buildImportModal.unaffected4","buildImportModal","ui","The card's own favorite status","Status favorit kartu itu sendiri","","","medium","","",""
"buildImportModal.unaffected5","buildImportModal","ui","Nothing is sent to an external service","Tidak ada yang dikirim ke layanan eksternal","","","medium","","",""
"buildImportModal.unaffectedFootnote","buildImportModal","ui","Imported builds are not automatically set as selectedBuildId / favoriteBuildId / a squad's savedBuildId. They appear as ""Not referenced"" in the My Builds usage status.","Build yang diimpor tidak otomatis dijadikan selectedBuildId / favoriteBuildId / savedBuildId skuad. Build tersebut tampil sebagai ""Tidak direferensikan"" di status penggunaan Build Saya.","","","medium","","",""
"buildImportModal.confirmTitleTemplate","buildImportModal","ui","Add {count} saved build(s)","Tambahkan {count} build tersimpan","","","high","","",""
"buildImportModal.confirmNote1","buildImportModal","ui","Existing saved builds are never overwritten or deleted.","Build tersimpan yang sudah ada tidak pernah ditimpa atau dihapus.","","","high","","",""
"buildImportModal.confirmCollisionTemplate","buildImportModal","ui","{count} of them will be added with a new buildId to avoid colliding with an existing buildId.","{count} di antaranya akan ditambahkan dengan buildId baru agar tidak bentrok dengan buildId yang sudah ada.","","","high","","",""
"buildImportModal.confirmNoCollision","buildImportModal","ui","There are no buildId collisions.","Tidak ada buildId yang bentrok.","","","high","","",""
"buildImportModal.confirmNote2","buildImportModal","ui","My Team, squads, and card favorites are not changed.","Tim Saya, skuad, dan favorit kartu tidak diubah.","","","high","","",""
"buildImportModal.confirmNote3","buildImportModal","ui","Immediately before saving, the existing data is fetched once more to check for conflicts.","Tepat sebelum menyimpan, data yang ada diambil sekali lagi untuk memeriksa konflik.","","","high","","",""
"buildImportModal.confirmButton","buildImportModal","ui","Confirm and import","Konfirmasi dan impor","","24","high","","",""
"duplicateReviewTeaser.bodyPrefix","duplicateReviewTeaser","ui","You can safely review ","Anda dapat meninjau dengan aman ","","29","medium","","",""
"duplicateReviewTeaser.duplicateCandidatesLabel","duplicateReviewTeaser","ui","duplicate candidates","kandidat duplikat","","26","medium","","",""
"duplicateReviewTeaser.bodySuffix","duplicateReviewTeaser","ui"," for saved builds that may have accumulated from JSON imports or duplication, in Build Inventory. This screen does not delete, merge, or overwrite anything."," build tersimpan yang mungkin menumpuk akibat impor JSON atau duplikasi, di Analisis Build. Layar ini tidak menghapus, menggabungkan, atau menimpa apa pun.","","","medium","","",""
"duplicateReviewTeaser.openInventoryLink","duplicateReviewTeaser","ui","Review duplicate candidates in Build Inventory","Tinjau kandidat duplikat di Analisis Build","","","medium","","",""
"myBuildsView.pageTitle","myBuildsView","metadata","My Builds","Build Saya","","12","medium","","",""
"myBuildsView.pageDescription","myBuildsView","metadata","View, search, rename, duplicate, and delete progression builds saved from the player detail, player compare, My Team, and squad editor screens. The save format is unchanged (saved only in this browser).","Lihat, cari, ganti nama, duplikasi, dan hapus build progresi yang disimpan dari layar detail pemain, perbandingan pemain, Tim Saya, dan editor skuad. Format penyimpanan tidak berubah (hanya disimpan di browser ini).","","","medium","","",""
"myBuildsView.scopeLoadingMessage","myBuildsView","ui","Checking your account…","Memeriksa akun Anda…","","29","medium","","",""
"myBuildsView.sortUpdatedDesc","myBuildsView","ui","Recently updated","Terakhir diperbarui","","21","medium","","",""
"myBuildsView.sortUpdatedAsc","myBuildsView","ui","Oldest updated","Pembaruan terlama","","19","medium","","",""
"myBuildsView.sortCreatedDesc","myBuildsView","ui","Recently created","Terakhir dibuat","","21","medium","","",""
"myBuildsView.sortCreatedAsc","myBuildsView","ui","Oldest created","Dibuat paling lama","","19","medium","","",""
"myBuildsView.sortNameAsc","myBuildsView","ui","By build name","Menurut nama build","","17","medium","","",""
"myBuildsView.sortPlayerAsc","myBuildsView","ui","By player name","Menurut nama pemain","","19","medium","","",""
"myBuildsView.renameTargetMissing","myBuildsView","ui","The target build could not be found","Build yang dituju tidak ditemukan","","","medium","","",""
"myBuildsView.renamedNoticeTemplate","myBuildsView","ui","Renamed the build to ""{name}"".","Nama build diganti menjadi ""{name}"".","","","medium","","",""
"myBuildsView.duplicateNameSuffix","myBuildsView","ui"," copy"," salinan","","12","medium","","",""
"myBuildsView.duplicateFailedTemplate","myBuildsView","ui","Could not duplicate: {error}","Tidak dapat menduplikasi: {error}","","","high","","",""
"myBuildsView.duplicatedNoticeTemplate","myBuildsView","ui","Duplicated as ""{name}"".","Diduplikasi sebagai ""{name}"".","","30","medium","","",""
"myBuildsView.deleteFailedTemplate","myBuildsView","ui","Could not delete: {error}","Tidak dapat menghapus: {error}","","","high","","",""
"myBuildsView.deletedNotice","myBuildsView","ui","Deleted the saved build. My Team and squads were not changed.","Build tersimpan telah dihapus. Tim Saya dan skuad tidak diubah.","","","high","","",""
"myBuildsView.alreadyRegisteredNotice","myBuildsView","ui","This card is already registered in My Team. Please reload.","Kartu ini sudah terdaftar di Tim Saya. Silakan muat ulang.","","","medium","","",""
"myBuildsView.registerFailedTemplate","myBuildsView","ui","Could not register to My Team: {error}","Tidak dapat mendaftarkan ke Tim Saya: {error}","","","high","","",""
"myBuildsView.favoriteAlsoSetTemplate","myBuildsView","ui","Also set ""{name}"" as the favorite build.","""{name}"" juga ditetapkan sebagai build favorit.","","","medium","","",""
"myBuildsView.favoriteSetFailedNote","myBuildsView","ui","However, setting the favorite build failed. You can set it again from My Builds (the registration itself succeeded).","Namun, penetapan build favorit gagal. Anda dapat menetapkannya lagi dari Build Saya (pendaftarannya sendiri berhasil).","","","high","","",""
"myBuildsView.selectedAlsoSetTemplate","myBuildsView","ui","Set ""{name}"" as the selected build.","""{name}"" ditetapkan sebagai build terpilih.","","","medium","","",""
"myBuildsView.registeredNoticeTemplate","myBuildsView","ui","Registered {name} to My Team. {selNote}{favoriteNote}","{name} didaftarkan ke Tim Saya. {selNote}{favoriteNote}","","","medium","","",""
"myBuildsView.alreadySelectedNotice","myBuildsView","ui","This build is already the selected build in My Team.","Build ini sudah menjadi build terpilih di Tim Saya.","","","medium","","",""
"myBuildsView.assignFailedTemplate","myBuildsView","ui","Could not set in My Team: {error}","Tidak dapat menetapkan di Tim Saya: {error}","","","high","","",""
"myBuildsView.assignedNoticeTemplate","myBuildsView","ui","Set ""{name}"" as the selected build in My Team (nothing else was changed).","""{name}"" ditetapkan sebagai build terpilih di Tim Saya (tidak ada yang lain diubah).","","","medium","","",""
"myBuildsView.selectionChangedError","myBuildsView","ui","The selection has changed. Please reload.","Pilihan telah berubah. Silakan muat ulang.","","","high","","",""
"myBuildsView.clearSelectionFailedTemplate","myBuildsView","ui","Could not clear: {error}","Tidak dapat menghapus pilihan: {error}","","32","high","","",""
"myBuildsView.clearedSelectionNotice","myBuildsView","ui","Cleared the selected build in My Team (favorite build and other info were not changed).","Build terpilih di Tim Saya telah dikosongkan (build favorit dan info lainnya tidak diubah).","","","medium","","",""
"myBuildsView.alreadyFavoriteNotice","myBuildsView","ui","This build is already the favorite build in My Team.","Build ini sudah menjadi build favorit di Tim Saya.","","","medium","","",""
"myBuildsView.setFavoriteFailedTemplate","myBuildsView","ui","Could not set as favorite build: {error}","Tidak dapat menetapkan sebagai build favorit: {error}","","","high","","",""
"myBuildsView.setFavoriteNoticeTemplate","myBuildsView","ui","Set ""{name}"" as the favorite build in My Team. The selected build was not changed.","""{name}"" ditetapkan sebagai build favorit di Tim Saya. Build terpilih tidak diubah.","","","medium","","",""
"myBuildsView.clearFavoriteFailedTemplate","myBuildsView","ui","Could not clear favorite: {error}","Tidak dapat menghapus favorit: {error}","","","high","","",""
"myBuildsView.clearedFavoriteNoticeTemplate","myBuildsView","ui","Cleared ""{name}"" from the favorite build in My Team. The selected build was not changed.","""{name}"" dihapus dari build favorit di Tim Saya. Build terpilih tidak diubah.","","","medium","","",""
"myBuildsView.unknownError","myBuildsView","ui","Unknown error","Kesalahan tidak diketahui","","17","high","","",""
"myBuildsView.emptyTitle","myBuildsView","ui","No saved builds","Belum ada build tersimpan","","20","medium","","",""
"myBuildsView.emptyDescription","myBuildsView","ui","Adjust progression in player detail or player compare, then add one via ""Save this build"".","Atur progresi di detail pemain atau perbandingan pemain, lalu tambahkan melalui ""Simpan build ini"".","","","medium","","",""
"myBuildsView.findPlayersLink","myBuildsView","ui","Find players","Cari pemain","","16","medium","","",""
"myBuildsView.openComparelink","myBuildsView","ui","Open player compare","Buka perbandingan pemain","","25","medium","","",""
"myBuildsView.openMyTeamLink","myBuildsView","ui","Open My Team","Buka Tim Saya","","16","medium","","",""
"myBuildsView.openSquadsLink","myBuildsView","ui","Open squads","Buka skuad","","15","medium","","",""
"myBuildsView.storageUnavailableNotice","myBuildsView","ui","Saved builds cannot be shown or changed because this browser cannot use localStorage.","Build tersimpan tidak dapat ditampilkan atau diubah karena browser ini tidak dapat menggunakan localStorage.","","","medium","","",""
"myBuildsView.staleBuildsNotice","myBuildsView","ui","Saved builds were updated in another tab.","Build tersimpan diperbarui di tab lain.","","","medium","","",""
"myBuildsView.staleMyTeamNotice","myBuildsView","ui","My Team was updated in another tab.","Tim Saya diperbarui di tab lain.","","","medium","","",""
"myBuildsView.reloadButton","myBuildsView","ui","Reload","Muat ulang","","12","medium","","",""
"myBuildsView.statTotalLabel","myBuildsView","ui","Saved builds","Build tersimpan","","16","medium","","",""
"myBuildsView.statVisibleLabel","myBuildsView","ui","Showing","Ditampilkan","","12","medium","","",""
"myBuildsView.statUsedLabel","myBuildsView","ui","In use","Dipakai","","12","medium","","",""
"myBuildsView.statUnusedLabel","myBuildsView","ui","Unused","Tidak dipakai","","12","medium","","",""
"myBuildsView.usedExplanationNote","myBuildsView","ui","""In use"" counts builds referenced as My Team's selected/favorite build, or referenced by a squad's saved build.","""Dipakai"" menghitung build yang dirujuk sebagai build terpilih/favorit di Tim Saya, atau dirujuk oleh build tersimpan sebuah skuad.","","","medium","","",""
"myBuildsView.filterSectionHeading","myBuildsView","ui","Search, Filter & Sort","Cari, Filter & Urutkan","","28","medium","","",""
"myBuildsView.filterActiveBadge","myBuildsView","ui","Active","Aktif","","12","medium","","",""
"myBuildsView.searchLabel","myBuildsView","ui","Search (build name, player name, World ID, buildId)","Cari (nama build, nama pemain, World ID, buildId)","","67","medium","","",""
"myBuildsView.searchPlaceholder","myBuildsView","ui","Messi / RWF / 89138556575063 / Finisher","Messi / RWF / 89138556575063 / Finisher","","51","medium","","",""
"myBuildsView.searchAriaLabel","myBuildsView","accessibility","Search saved builds","Cari build tersimpan","","25","high","","",""
"myBuildsView.cardTypeLabel","myBuildsView","ui","Card type","Jenis kartu","","12","medium","","",""
"myBuildsView.cardTypeAriaLabel","myBuildsView","accessibility","Filter by card type","Filter menurut jenis kartu","","25","high","","",""
"myBuildsView.filterAllOption","myBuildsView","ui","All","Semua","","12","medium","","",""
"myBuildsView.positionLabel","myBuildsView","ui","Registered position","Posisi terdaftar","","25","medium","","",""
"myBuildsView.positionAriaLabel","myBuildsView","accessibility","Filter by registered position","Filter menurut posisi terdaftar","","38","high","","",""
"myBuildsView.rulesLabel","myBuildsView","ui","Rules","Aturan","","12","medium","","",""
"myBuildsView.rulesAriaLabel","myBuildsView","accessibility","Filter by rules version","Filter menurut versi aturan","","30","high","","",""
"myBuildsView.pomLabel","myBuildsView","ui","Power of Many","Power of Many","","17","medium","","",""
"myBuildsView.pomAriaLabel","myBuildsView","accessibility","Filter by Power of Many selection","Filter menurut pilihan Power of Many","","43","high","","",""
"myBuildsView.pomWithOption","myBuildsView","ui","Has selection","Ada pilihan","","17","medium","","",""
"myBuildsView.experimentalLabel","myBuildsView","ui","Experimental estimate","Estimasi eksperimental","","28","medium","","",""
"myBuildsView.experimentalAriaLabel","myBuildsView","accessibility","Filter by experimental estimate","Filter menurut estimasi eksperimental","","41","high","","",""
"myBuildsView.experimentalWithOption","myBuildsView","ui","Has estimate","Ada estimasi","","16","medium","","",""
"myBuildsView.usageLabel","myBuildsView","ui","Usage","Penggunaan","","12","medium","","",""
"myBuildsView.usageAriaLabel","myBuildsView","accessibility","Filter by usage","Filter menurut penggunaan","","20","high","","",""
"myBuildsView.usageUsedOption","myBuildsView","ui","In use","Dipakai","","12","medium","","",""
"myBuildsView.usageUnusedOption","myBuildsView","ui","Unused","Tidak dipakai","","12","medium","","",""
"myBuildsView.sortLabel","myBuildsView","ui","Sort","Urutkan","","12","medium","","",""
"myBuildsView.sortAriaLabel","myBuildsView","accessibility","Sort","Urutkan","","12","high","","",""
"myBuildsView.clearFiltersButton","myBuildsView","ui","Clear filters","Hapus filter","","17","medium","","",""
"myBuildsView.noResultsTitle","myBuildsView","ui","No saved builds match your criteria","Tidak ada build tersimpan yang cocok dengan kriteria Anda","","46","medium","","",""
"myBuildsView.deleteConfirmTitle","myBuildsView","ui","Delete this saved build?","Hapus build tersimpan ini?","","32","high","","",""
"myBuildsView.deleteConfirmButton","myBuildsView","ui","Delete","Hapus","","12","high","","",""
"myBuildsView.clearSelectionConfirmTitle","myBuildsView","ui","Clear the selected build in My Team?","Kosongkan build terpilih di Tim Saya?","","47","high","","",""
"myBuildsView.clearSelectionConfirmButton","myBuildsView","ui","Clear","Kosongkan","","12","high","","",""
"myBuildsView.clearSelectionBodyTemplate","myBuildsView","ui","This removes {name} from My Team's selected build (resets selectedBuildId to unselected).","Ini menghapus {name} dari build terpilih Tim Saya (selectedBuildId diatur ulang menjadi tidak dipilih).","","","medium","","",""
"myBuildsView.idLineTemplate","myBuildsView","ui","World ID {worldCardId} / buildId {buildId}","World ID {worldCardId} / buildId {buildId}","","","medium","","",""
"myBuildsView.clearSelectionUnchangedNote","myBuildsView","ui","The saved build itself, favorite build, ownership status, usage status, tags, note, squads, and favorite are not changed.","Build tersimpan itu sendiri, build favorit, status kepemilikan, status penggunaan, tag, catatan, skuad, dan favorit tidak diubah.","","","medium","","",""
"myBuildsView.clearFavoriteConfirmTitle","myBuildsView","ui","Clear the favorite build in My Team?","Kosongkan build favorit di Tim Saya?","","47","high","","",""
"myBuildsView.clearFavoriteConfirmButton","myBuildsView","ui","Clear favorite","Hapus favorit","","19","high","","",""
"myBuildsView.clearFavoriteBodyTemplate","myBuildsView","ui","This clears {name} from My Team's favorite build (resets favoriteBuildId to unset).","Ini menghapus {name} dari build favorit Tim Saya (favoriteBuildId diatur ulang menjadi tidak ditetapkan).","","","medium","","",""
"myBuildsView.clearFavoriteChangedItem","myBuildsView","ui","Changed: only favoriteBuildId and the updated timestamp","Diubah: hanya favoriteBuildId dan waktu pembaruan","","","medium","","",""
"myBuildsView.clearFavoriteUnchangedItemTemplate","myBuildsView","ui","Not changed: selected build (selectedBuildId), ownership status, usage status, tags, note, registration date, other cards' My Team records, the saved build itself, squads, the card's own favorite, and compare state","Tidak diubah: build terpilih (selectedBuildId), status kepemilikan, status penggunaan, tag, catatan, tanggal pendaftaran, data Tim Saya kartu lain, build tersimpan itu sendiri, skuad, favorit kartu itu sendiri, dan status perbandingan","","","medium","","",""
"myBuildsView.registerModalTitle","myBuildsView","ui","Register to My Team","Daftarkan ke Tim Saya","","25","medium","","",""
"myBuildsView.cardImageAltTemplate","myBuildsView","ui","Card image for {name}","Gambar kartu {name}","","28","medium","","",""
"myBuildsView.cardImageAltGeneric","myBuildsView","ui","Card image","Gambar kartu","","13","medium","","",""
"myBuildsView.cardTypeUnknown","myBuildsView","ui","Unknown card type","Jenis kartu tidak diketahui","","23","medium","","",""
"myBuildsView.registeredPositionUnknown","myBuildsView","ui","Unknown registered position","Posisi terdaftar tidak diketahui","","","medium","","",""
"myBuildsView.alreadyInMyTeamNotice","myBuildsView","ui","This card is already registered in My Team. Please reload.","Kartu ini sudah terdaftar di Tim Saya. Silakan muat ulang.","","","medium","","",""
"myBuildsView.buildToUseLabel","myBuildsView","ui","Build to use: ","Build yang digunakan: ","","19","medium","","",""
"myBuildsView.buildIdSuffixTemplate","myBuildsView","ui"," (buildId {id})"," (buildId {id})","","20","medium","","",""
"myBuildsView.allocationLabel","myBuildsView","ui","Progression allocation: ","Alokasi progresi: ","","32","medium","","",""
"myBuildsView.noAllocationBase","myBuildsView","ui","No allocation (base abilities)","Tanpa alokasi (atribut dasar)","","","medium","","",""
"myBuildsView.usedPointsLabel","myBuildsView","ui","Points used: {value}","Poin terpakai: {value}","","26","medium","","",""
"myBuildsView.totalUnknownSuffix","myBuildsView","ui"," pt (total unknown)"," pt (total tidak diketahui)","","25","medium","","",""
"myBuildsView.totalPointsSuffixTemplate","myBuildsView","ui"," / {value} pt"," / {value} pt","","17","medium","","",""
"myBuildsView.pomRowLabel","myBuildsView","ui","Power of Many (user-specified): ","Power of Many (ditentukan pengguna): ","","42","medium","","",""
"myBuildsView.pomUnspecified","myBuildsView","ui","Not specified","Tidak ditentukan","","17","medium","","",""
"myBuildsView.experimentalRowLabel","myBuildsView","ui","Experimental estimate: ","Estimasi eksperimental: ","","30","medium","","",""
"myBuildsView.yes","myBuildsView","ui","Yes","Ya","","12","medium","","",""
"myBuildsView.no","myBuildsView","ui","No","Tidak","","12","medium","","",""
"myBuildsView.estimatedOvrLabel","myBuildsView","ui","Estimated OVR at save time: ","Estimasi OVR saat disimpan: ","","37","medium","","",""
"myBuildsView.calcModeConfirmed","myBuildsView","ui","Base value only","Hanya nilai dasar","","20","high","","",""
"myBuildsView.calcModeUnsupported","myBuildsView","ui","Cannot calculate","Tidak dapat dihitung","","21","medium","","",""
"myBuildsView.calcModeProvisional","myBuildsView","ui","Provisional rule","Aturan sementara","","21","medium","","",""
"myBuildsView.totalOvrPlaceholder","myBuildsView","ui","Overall (position-specific OVR): — (calculation rule under review)","Keseluruhan (OVR per posisi): — (aturan perhitungan sedang ditinjau)","","86","medium","","",""
"myBuildsView.ownershipLabel","myBuildsView","ui","Ownership status","Status kepemilikan","","21","medium","","",""
"myBuildsView.ownershipHint","myBuildsView","ui","My Team manages cards you actually own. You can change this later from the My Team screen.","Tim Saya mengelola kartu yang benar-benar Anda miliki. Anda dapat mengubahnya nanti dari layar Tim Saya.","","","medium","","",""
"myBuildsView.usageStatusLabel","myBuildsView","ui","Usage status","Status penggunaan","","16","medium","","",""
"myBuildsView.usageStatusHint","myBuildsView","ui","Separate from actual squad placement. Choosing here does not automatically place it in a squad.","Terpisah dari penempatan sebenarnya di skuad. Memilih di sini tidak otomatis menempatkannya di skuad.","","","medium","","",""
"myBuildsView.associationLegend","myBuildsView","ui","Saved build associations (each is an independent setting)","Keterkaitan build tersimpan (masing-masing pengaturan terpisah)","","","medium","","",""
"myBuildsView.setSelectedOptionPrefix","myBuildsView","ui","Set this build as the ","Tetapkan build ini sebagai ","","29","medium","","",""
"myBuildsView.setSelectedOptionSuffix","myBuildsView","ui"," (selectedBuildId)"," (selectedBuildId)","","24","medium","","",""
"myBuildsView.setSelectedHint","myBuildsView","ui","This is the build shown first when you open this card in My Team.","Ini adalah build yang ditampilkan pertama saat Anda membuka kartu ini di Tim Saya.","","","medium","","",""
"myBuildsView.setFavoriteOptionPrefix","myBuildsView","ui","Set this build as the ","Tetapkan build ini sebagai ","","29","medium","","",""
"myBuildsView.setFavoriteOptionSuffix","myBuildsView","ui"," (favoriteBuildId)"," (favoriteBuildId)","","24","medium","","",""
"myBuildsView.setFavoriteHint","myBuildsView","ui","A separate slot from the selected build. Also separate from the card's own favorite status.","Slot terpisah dari build terpilih. Juga terpisah dari status favorit kartu itu sendiri.","","","medium","","",""
"myBuildsView.previewHeading","myBuildsView","ui","My Team Record That Will Be Created","Data Tim Saya yang Akan Dibuat","","46","medium","","",""
"myBuildsView.previewOwnershipTemplate","myBuildsView","ui","Ownership: {value}","Kepemilikan: {value}","","24","medium","","",""
"myBuildsView.previewUsageTemplate","myBuildsView","ui","Usage: {value}","Penggunaan: {value}","","19","medium","","",""
"myBuildsView.previewSelectedTemplate","myBuildsView","ui","Selected build: {value}","Build terpilih: {value}","","30","medium","","",""
"myBuildsView.previewFavoriteTemplate","myBuildsView","ui","Favorite build: {value}","Build favorit: {value}","","30","medium","","",""
"myBuildsView.previewTagsNone","myBuildsView","ui","Tags: None","Tag: Tidak ada","","13","medium","","",""
"myBuildsView.previewNotesNone","myBuildsView","ui","Note: None","Catatan: Tidak ada","","13","medium","","",""
"myBuildsView.previewSquadNoChange","myBuildsView","ui","Squads: No change (not auto-placed or auto-applied)","Skuad: Tidak berubah (tidak ditempatkan atau diterapkan otomatis)","","","medium","","",""
"myBuildsView.previewFavoriteFlagNoChange","myBuildsView","ui","Card's own favorite: No change","Favorit kartu itu sendiri: Tidak berubah","","","medium","","",""
"myBuildsView.previewNoneValue","myBuildsView","ui","None","Tidak ada","","12","medium","","",""
"myBuildsView.twoStageNote","myBuildsView","ui","The favorite build is saved with one more step after registration. Even if only that step fails, the registration itself remains valid (you can set it later from My Builds).","Build favorit disimpan dengan satu langkah tambahan setelah pendaftaran. Meskipun hanya langkah itu yang gagal, pendaftarannya tetap berlaku (Anda dapat menetapkannya nanti dari Build Saya).","","","medium","","",""
"myBuildsView.unchangedListItem1","myBuildsView","ui","Other cards' My Team records, the saved build itself, and saved squads are not changed.","Data Tim Saya kartu lain, build tersimpan itu sendiri, dan skuad tersimpan tidak diubah.","","","medium","","",""
"myBuildsView.unchangedListItem2","myBuildsView","ui","The card's own favorite status, compare state, and URL are not changed.","Status favorit kartu itu sendiri, status perbandingan, dan URL tidak diubah.","","","medium","","",""
"myBuildsView.confirmStatement","myBuildsView","ui","This registers this card to My Team.","Ini mendaftarkan kartu ini ke Tim Saya.","","","high","","",""
"myBuildsView.cancelButton","myBuildsView","ui","Cancel","Batal","","12","medium","","",""
"myBuildsView.registerButton","myBuildsView","ui","Register to My Team","Daftarkan ke Tim Saya","","25","medium","","",""
"myBuildsView.changeFavoriteModalTitle","myBuildsView","ui","Change My Team Favorite Build","Ubah Build Favorit Tim Saya","","38","medium","","",""
"myBuildsView.notInMyTeamNotice","myBuildsView","ui","This card is not registered in My Team. Please register it in My Team first.","Kartu ini belum terdaftar di Tim Saya. Daftarkan dulu di Tim Saya.","","","medium","","",""
"myBuildsView.settingBuildLabel","myBuildsView","ui","Build to set: ","Build yang ditetapkan: ","","19","medium","","",""
"myBuildsView.currentFavoriteLabel","myBuildsView","ui","Current favorite build: ","Build favorit saat ini: ","","32","medium","","",""
"myBuildsView.noneLabel","myBuildsView","ui","None","Tidak ada","","12","medium","","",""
"myBuildsView.currentFavoriteMissingTemplate","myBuildsView","ui","The current favorite build could not be found (buildId {id})","Build favorit saat ini tidak ditemukan (buildId {id})","","","medium","","",""
"myBuildsView.currentSelectedUnchangedLabel","myBuildsView","ui","Current selected build (not changed): ","Build terpilih saat ini (tidak diubah): ","","50","medium","","",""
"myBuildsView.missingBuildFallback","myBuildsView","ui"," (not found)"," (tidak ditemukan)","","16","medium","","",""
"myBuildsView.alreadyFavoriteNoChangeNote","myBuildsView","ui","This build is already the favorite. No change will be made.","Build ini sudah menjadi favorit. Tidak ada perubahan.","","","medium","","",""
"myBuildsView.confirmFavoriteChangeTemplate","myBuildsView","ui","This changes My Team's favorite build to ""{name}"".","Ini mengubah build favorit Tim Saya menjadi ""{name}"".","","","high","","",""
"myBuildsView.favoriteChangedItem","myBuildsView","ui","Changed: only the My Team record's favoriteBuildId and updated timestamp","Diubah: hanya favoriteBuildId dan waktu pembaruan pada data Tim Saya","","","medium","","",""
"myBuildsView.favoriteUnchangedItemTemplate","myBuildsView","ui","Not changed: selected build (selectedBuildId), ownership status, usage status, tags, note, registration date, other cards' My Team records, the saved build itself, squads, the card's own favorite, and compare state","Tidak diubah: build terpilih (selectedBuildId), status kepemilikan, status penggunaan, tag, catatan, tanggal pendaftaran, data Tim Saya kartu lain, build tersimpan itu sendiri, skuad, favorit kartu itu sendiri, dan status perbandingan","","","medium","","",""
"myBuildsView.favoriteNoAutoApplyNote","myBuildsView","ui","This is not automatically applied to the selected build or existing squads.","Ini tidak diterapkan otomatis ke build terpilih atau skuad yang ada.","","","medium","","",""
"myBuildsView.makeFavoriteButton","myBuildsView","ui","Set as favorite build","Jadikan build favorit","","28","medium","","",""
"myBuildsView.changeSelectedModalTitle","myBuildsView","ui","Change My Team Selected Build","Ubah Build Terpilih Tim Saya","","38","medium","","",""
"myBuildsView.currentSelectedLabel","myBuildsView","ui","Current selected build: ","Build terpilih saat ini: ","","32","medium","","",""
"myBuildsView.currentSelectedMissingTemplate","myBuildsView","ui","The current selected build could not be found (buildId {id})","Build terpilih saat ini tidak ditemukan (buildId {id})","","","medium","","",""
"myBuildsView.alreadySelectedNoChangeNote","myBuildsView","ui","This build is already selected. No change will be made.","Build ini sudah dipilih. Tidak ada perubahan.","","","medium","","",""
"myBuildsView.confirmSelectedChangeTemplate","myBuildsView","ui","This changes My Team's selected build to ""{name}"".","Ini mengubah build terpilih Tim Saya menjadi ""{name}"".","","","high","","",""
"myBuildsView.selectedChangedItem","myBuildsView","ui","Changed: only the My Team record's selected build (selectedBuildId) and updated timestamp","Diubah: hanya build terpilih (selectedBuildId) dan waktu pembaruan pada data Tim Saya","","","medium","","",""
"myBuildsView.selectedUnchangedItemTemplate","myBuildsView","ui","Not changed: favorite build, ownership status, usage status, tags, note, registration date, other cards' My Team records, the saved build itself, squads, favorite, and compare state","Tidak diubah: build favorit, status kepemilikan, status penggunaan, tag, catatan, tanggal pendaftaran, data Tim Saya kartu lain, build tersimpan itu sendiri, skuad, favorit, dan status perbandingan","","","medium","","",""
"myBuildsView.selectedNoAutoApplyNote","myBuildsView","ui","This is not automatically applied to existing squads (each squad's saved build is an independent setting).","Ini tidak diterapkan otomatis ke skuad yang ada (build tersimpan setiap skuad adalah pengaturan terpisah).","","","medium","","",""
"myBuildsView.makeSelectedButton","myBuildsView","ui","Set as My Team's selected build","Jadikan build terpilih Tim Saya","","41","medium","","",""
"myBuildsView.renameModalTitle","myBuildsView","ui","Rename Build","Ganti Nama Build","","16","medium","","",""
"myBuildsView.renameDescription","myBuildsView","ui","Only the build name and updated timestamp change. buildId, allocation, rules version, created date, and Power of Many selection are kept.","Hanya nama build dan waktu pembaruan yang berubah. buildId, alokasi, versi aturan, tanggal dibuat, dan pilihan Power of Many tetap dipertahankan.","","","medium","","",""
"myBuildsView.newNameLabel","myBuildsView","ui","New build name (1-60 characters)","Nama build baru (1-60 karakter)","","42","medium","","",""
"myBuildsView.newNameAriaLabel","myBuildsView","accessibility","New build name","Nama build baru","","19","high","","",""
"myBuildsView.changeButton","myBuildsView","ui","Change","Ubah","","12","medium","","",""
"myBuildsView.deleteBodyTemplate","myBuildsView","ui","This deletes {name}{playerSuffix}.","Ini menghapus {name}{playerSuffix}.","","","high","","",""
"myBuildsView.referencedFromLabel","myBuildsView","ui","This build is referenced from the following:","Build ini dirujuk dari tempat berikut:","","58","medium","","",""
"myBuildsView.myTeamSelectedItem","myBuildsView","ui","Selected in My Team","Terpilih di Tim Saya","","25","medium","","",""
"myBuildsView.myTeamFavoriteItem","myBuildsView","ui","Favorite build in My Team","Build favorit di Tim Saya","","","medium","","",""
"myBuildsView.squadReferenceTemplate","myBuildsView","ui","Squad ""{name}"" ({areas})","Skuad ""{name}"" ({areas})","","32","medium","","",""
"myBuildsView.deleteSafeNote","myBuildsView","ui","Deleting does not change My Team, the squad itself, card placement, or favorites. The reference will show as ""deleted"" and you will need to choose another build.","Menghapus tidak mengubah Tim Saya, skuad itu sendiri, penempatan kartu, atau favorit. Rujukannya akan ditampilkan sebagai ""dihapus"" dan Anda perlu memilih build lain.","","","high","","",""
"myBuildsView.noReferenceNote","myBuildsView","ui","This build is not referenced anywhere.","Build ini tidak dirujuk di mana pun.","","","medium","","",""
"myBuildsView.deleteIrreversibleNote","myBuildsView","ui","This action cannot be undone.","Tindakan ini tidak dapat dibatalkan.","","","high","","",""
"compareAddButton.fullMessageTemplate","compareAddButton","ui","Compare supports a maximum of {max} players","Perbandingan mendukung maksimal {max} pemain","","","medium","","",""
"compareAddButton.removeFromCompareAria","compareAddButton","accessibility","Remove from compare","Hapus dari perbandingan","","25","high","","",""
"compareAddButton.addToCompareAria","compareAddButton","accessibility","Add to compare","Tambah ke perbandingan","","19","high","","",""
"compareAddButton.inCompareLabel","compareAddButton","ui","In compare","Di perbandingan","","13","medium","","",""
"compareAddButton.compareFullLabel","compareAddButton","ui","Compare full","Perbandingan penuh","","16","medium","","",""
"compareAddButton.addToCompareLabel","compareAddButton","ui","Add to compare","Tambah ke perbandingan","","19","medium","","",""
"compareAddButton.inCompareCheckedLabel","compareAddButton","ui","In compare ✓","Di perbandingan ✓","","16","medium","","",""
"compareAddButton.viewCompareTemplate","compareAddButton","ui","View compare ({count})","Lihat perbandingan ({count})","","29","medium","","",""
"duplicateReviewSection.sortUpdatedDesc","duplicateReviewSection","ui","Newest updated first","Terbaru diperbarui dulu","","26","medium","","",""
"duplicateReviewSection.sortCreatedDesc","duplicateReviewSection","ui","Newest created first","Terbaru dibuat dulu","","26","medium","","",""
"duplicateReviewSection.sortSizeDesc","duplicateReviewSection","ui","Largest group first","Grup terbesar dulu","","25","medium","","",""
"duplicateReviewSection.sortRefsDesc","duplicateReviewSection","ui","Most total references first","Total rujukan terbanyak dulu","","","medium","","",""
"duplicateReviewSection.sortUnusedFirst","duplicateReviewSection","ui","Unused candidates first","Kandidat tidak dipakai dulu","","30","medium","","",""
"duplicateReviewSection.sortUsedFirst","duplicateReviewSection","ui","In-use candidates first","Kandidat dipakai dulu","","30","medium","","",""
"duplicateReviewSection.sortPlayerAsc","duplicateReviewSection","ui","By player name","Menurut nama pemain","","19","medium","","",""
"duplicateReviewSection.sortNameAsc","duplicateReviewSection","ui","By build name","Menurut nama build","","17","medium","","",""
"duplicateReviewSection.sortIdStable","duplicateReviewSection","ui","By buildId (stable)","Menurut buildId (stabil)","","25","medium","","",""
"duplicateReviewSection.headingTemplate","duplicateReviewSection","ui","Saved Build Duplicate Candidates ({count} group(s))","Kandidat Duplikat Build Tersimpan ({count} grup)","","","medium","","",""
"duplicateReviewSection.intro1","duplicateReviewSection","ui","A read-only list for safely reviewing duplicate candidates among saved builds that may have accumulated from JSON imports or duplication. This screen never deletes, merges, overwrites, bulk-processes, or reassigns saved builds. My Team and squad references are not changed either. Please review and organize individually in My Builds.","Daftar hanya-baca untuk meninjau dengan aman kandidat duplikat di antara build tersimpan yang mungkin menumpuk akibat impor JSON atau duplikasi. Layar ini tidak pernah menghapus, menggabungkan, menimpa, memproses massal, atau menetapkan ulang build tersimpan. Rujukan Tim Saya dan skuad juga tidak diubah. Silakan tinjau dan rapikan satu per satu di Build Saya.","","","medium","","",""
"duplicateReviewSection.intro2","duplicateReviewSection","ui","An exact-match candidate is a saved build where the World ID (worldCardId), rulesVersion, progression allocation, player booster estimate, and Power of Many specification all match (even if the build name, buildId, created time, or updated time differ, it's still treated as a match).","Kandidat sama persis adalah build tersimpan dengan World ID (worldCardId), rulesVersion, alokasi progresi, estimasi booster pemain, dan penetapan Power of Many yang semuanya sama (meskipun nama build, buildId, waktu dibuat, atau waktu diperbarui berbeda, tetap dianggap sama).","","","medium","","",""
"duplicateReviewSection.intro3","duplicateReviewSection","ui","Similar candidates are limited in scope to avoid false positives. Only cases where ""only one allocation category differs"" or ""only the player booster estimate/Power of Many specification differs"" are safely detected — other differences are not treated as candidates.","Cakupan kandidat mirip dibatasi untuk menghindari positif palsu. Hanya kasus ""hanya satu kategori alokasi yang berbeda"" atau ""hanya estimasi booster pemain/penetapan Power of Many yang berbeda"" yang dideteksi dengan aman — perbedaan lain tidak dianggap sebagai kandidat.","","","medium","","",""
"duplicateReviewSection.staleNoticeTemplate","duplicateReviewSection","ui","The data used for duplicate detection ({targets}) was updated in another tab.","Data yang digunakan untuk deteksi duplikat ({targets}) diperbarui di tab lain.","","","medium","","",""
"duplicateReviewSection.staleBuildLabel","duplicateReviewSection","ui","saved builds","build tersimpan","","16","medium","","",""
"duplicateReviewSection.staleMyTeamLabel","duplicateReviewSection","ui","My Team","Tim Saya","","12","medium","","",""
"duplicateReviewSection.staleSquadLabel","duplicateReviewSection","ui","squads","skuad","","12","medium","","",""
"duplicateReviewSection.totalBuildsLabel","duplicateReviewSection","ui","Total saved builds","Total build tersimpan","","24","medium","","",""
"duplicateReviewSection.exactGroupCountLabel","duplicateReviewSection","ui","Exact-match candidate groups","Grup kandidat sama persis","","37","medium","","",""
"duplicateReviewSection.exactBuildCountLabel","duplicateReviewSection","ui","Exact-match candidate builds","Build kandidat sama persis","","37","medium","","",""
"duplicateReviewSection.similarGroupCountLabel","duplicateReviewSection","ui","Similar candidate groups","Grup kandidat mirip","","32","medium","","",""
"duplicateReviewSection.similarBuildCountLabel","duplicateReviewSection","ui","Similar candidate builds","Build kandidat mirip","","32","medium","","",""
"duplicateReviewSection.noCandidateLabel","duplicateReviewSection","ui","No duplicate candidate","Tidak ada kandidat duplikat","","29","medium","","",""
"duplicateReviewSection.unresolvedLabel","duplicateReviewSection","ui","Undetermined","Belum ditentukan","","16","medium","","",""
"duplicateReviewSection.usedCandidateLabel","duplicateReviewSection","ui","In-use candidates","Kandidat dipakai","","23","medium","","",""
"duplicateReviewSection.unusedCandidateLabel","duplicateReviewSection","ui","Unused candidates","Kandidat tidak dipakai","","23","medium","","",""
"duplicateReviewSection.myTeamRefCandidateLabel","duplicateReviewSection","ui","Candidates referenced in My Team","Kandidat yang dirujuk di Tim Saya","","42","medium","","",""
"duplicateReviewSection.squadRefCandidateLabel","duplicateReviewSection","ui","Candidates referenced in squads","Kandidat yang dirujuk di skuad","","41","medium","","",""
"duplicateReviewSection.unitBuildSuffix","duplicateReviewSection","ui","build(s)","build","","12","medium","","",""
"duplicateReviewSection.unitGroupSuffix","duplicateReviewSection","ui","group(s)","grup","","12","medium","","",""
"duplicateReviewSection.footnote","duplicateReviewSection","ui","Units: ""build(s)"" = per saved build, ""group(s)"" = per duplicate-candidate grouping (a similar-candidate group is a pair of 2).","Satuan: ""build"" = per build tersimpan, ""grup"" = per pengelompokan kandidat duplikat (grup kandidat mirip adalah pasangan 2).","","","medium","","",""
"duplicateReviewSection.statusLabel","duplicateReviewSection","ui","Status: ","Status: ","","12","medium","","",""
"duplicateReviewSection.statusWarning","duplicateReviewSection","ui","Attention (duplicate candidates present)","Perhatian (ada kandidat duplikat)","","","high","","",""
"duplicateReviewSection.statusNormal","duplicateReviewSection","ui","Normal","Normal","","12","medium","","",""
"duplicateReviewSection.unresolvedSuffix","duplicateReviewSection","ui"," / Undetermined builds present"," / Ada build yang belum ditentukan","","","medium","","",""
"duplicateReviewSection.unresolvedSummaryTemplate","duplicateReviewSection","ui","Undetermined builds ({count} — not included in ""no duplicate candidate"")","Build belum ditentukan ({count} — tidak termasuk dalam ""tidak ada kandidat duplikat"")","","","medium","","",""
"duplicateReviewSection.worldIdTemplate","duplicateReviewSection","ui","World ID {id}","World ID {id}","","17","medium","","",""
"duplicateReviewSection.worldIdUnknown","duplicateReviewSection","ui","World ID unknown","World ID tidak diketahui","","21","medium","","",""
"duplicateReviewSection.buildIdTemplate","duplicateReviewSection","ui","buildId {id}","buildId {id}","","16","medium","","",""
"duplicateReviewSection.buildIdUnknown","duplicateReviewSection","ui","buildId unknown","buildId tidak diketahui","","20","medium","","",""
"duplicateReviewSection.unresolvedFootnote","duplicateReviewSection","ui","No auto-repair or auto-deletion is performed. Please check individually in My Builds or this page's list.","Tidak ada perbaikan atau penghapusan otomatis. Silakan periksa satu per satu di Build Saya atau daftar di halaman ini.","","","medium","","",""
"duplicateReviewSection.similarUnsupportedNote","duplicateReviewSection","ui","Automatic detection of similar candidates is currently not performed, to avoid false positives.","Deteksi otomatis kandidat mirip saat ini tidak dilakukan, untuk menghindari positif palsu.","","","medium","","",""
"duplicateReviewSection.noBuildsLabel","duplicateReviewSection","ui","You have no saved builds.","Anda belum memiliki build tersimpan.","","33","medium","","",""
"duplicateReviewSection.noExactMatchLabel","duplicateReviewSection","ui","There are no exact-match saved-build candidates.","Tidak ada kandidat build tersimpan yang sama persis.","","63","medium","","",""
"duplicateReviewSection.noMatchingCandidatesLabel","duplicateReviewSection","ui","No duplicate candidates match your criteria.","Tidak ada kandidat duplikat yang cocok dengan kriteria Anda.","","58","medium","","",""
"duplicateReviewSection.searchFilterSortHeading","duplicateReviewSection","ui","Search, Filter & Sort","Cari, Filter & Urutkan","","28","medium","","",""
"duplicateReviewSection.filterActiveLabel","duplicateReviewSection","ui","Active","Aktif","","12","medium","","",""
"duplicateReviewSection.searchLabel","duplicateReviewSection","ui","Search (player name, build name, World ID, buildId, rulesVersion, squad name)","Cari (nama pemain, nama build, World ID, buildId, rulesVersion, nama skuad)","","101","medium","","",""
"duplicateReviewSection.searchAriaLabel","duplicateReviewSection","accessibility","Search duplicate candidates","Cari kandidat duplikat","","36","high","","",""
"duplicateReviewSection.kindFilterLabel","duplicateReviewSection","ui","Kind","Jenis","","12","medium","","",""
"duplicateReviewSection.allOption","duplicateReviewSection","ui","All","Semua","","12","medium","","",""
"duplicateReviewSection.exactOption","duplicateReviewSection","ui","Exact-match candidates","Kandidat sama persis","","29","medium","","",""
"duplicateReviewSection.similarOption","duplicateReviewSection","ui","Similar candidates","Kandidat mirip","","24","medium","","",""
"duplicateReviewSection.usageFilterLabel","duplicateReviewSection","ui","Usage status","Status penggunaan","","16","medium","","",""
"duplicateReviewSection.usedOption","duplicateReviewSection","ui","In use","Dipakai","","12","medium","","",""
"duplicateReviewSection.unusedOption","duplicateReviewSection","ui","Unused","Tidak dipakai","","12","medium","","",""
"duplicateReviewSection.rulesFilterLabel","duplicateReviewSection","ui","Rules","Aturan","","12","medium","","",""
"duplicateReviewSection.currentRulesOption","duplicateReviewSection","ui","Current rules","Aturan saat ini","","17","medium","","",""
"duplicateReviewSection.legacyRulesOption","duplicateReviewSection","ui","Outdated rules","Aturan lama","","19","medium","","",""
"duplicateReviewSection.cardTypeFilterLabel","duplicateReviewSection","ui","Card type","Jenis kartu","","12","medium","","",""
"duplicateReviewSection.registeredPositionFilterLabel","duplicateReviewSection","ui","Registered position","Posisi terdaftar","","25","medium","","",""
"duplicateReviewSection.myTeamRefCheckLabel","duplicateReviewSection","ui","Has My Team reference","Ada rujukan Tim Saya","","28","medium","","",""
"duplicateReviewSection.squadRefCheckLabel","duplicateReviewSection","ui","Has squad reference","Ada rujukan skuad","","25","medium","","",""
"duplicateReviewSection.multiUseCheckLabel","duplicateReviewSection","ui","Used in multiple places","Dipakai di beberapa tempat","","30","medium","","",""
"duplicateReviewSection.pomCheckLabel","duplicateReviewSection","ui","Has Power of Many specified","Ada penetapan Power of Many","","36","medium","","",""
"duplicateReviewSection.experimentalCheckLabel","duplicateReviewSection","ui","Has experimental estimate","Ada estimasi eksperimental","","33","medium","","",""
"duplicateReviewSection.sortLabel","duplicateReviewSection","ui","Sort","Urutkan","","12","medium","","",""
"duplicateReviewSection.clearSearchButton","duplicateReviewSection","ui","Clear search criteria","Hapus kriteria pencarian","","28","medium","","",""
"duplicateReviewSection.exactBadge","duplicateReviewSection","ui","Exact-match candidate","Kandidat sama persis","","28","medium","","",""
"duplicateReviewSection.similarBadge","duplicateReviewSection","ui","Similar candidate","Kandidat mirip","","23","medium","","",""
"duplicateReviewSection.anyUsedBadge","duplicateReviewSection","ui","Includes in-use","Termasuk yang dipakai","","20","medium","","",""
"duplicateReviewSection.allUnusedBadge","duplicateReviewSection","ui","All unused","Semua tidak dipakai","","13","medium","","",""
"duplicateReviewSection.matchingFieldsHeading","duplicateReviewSection","ui","Matching fields","Kolom yang sama","","20","medium","","",""
"duplicateReviewSection.differingFieldsHeading","duplicateReviewSection","ui","Differing fields","Kolom yang berbeda","","21","medium","","",""
"duplicateReviewSection.similarReasonTemplate","duplicateReviewSection","ui","Reason for similarity: {reason}","Alasan kemiripan: {reason}","","","medium","","",""
"duplicateReviewSection.usedRefTemplate","duplicateReviewSection","ui","In use — {count} reference(s)","Dipakai — {count} rujukan","","","medium","","",""
"duplicateReviewSection.unusedBadge","duplicateReviewSection","ui","Unused","Tidak dipakai","","12","medium","","",""
"duplicateReviewSection.multiUseBadge","duplicateReviewSection","ui","Multiple places","Beberapa tempat","","20","medium","","",""
"duplicateReviewSection.pomBadge","duplicateReviewSection","ui","Power of Many specified","Power of Many ditetapkan","","30","medium","","",""
"duplicateReviewSection.experimentalBadge","duplicateReviewSection","ui","Experimental estimate","Estimasi eksperimental","","28","medium","","",""
"duplicateReviewSection.selectedBoosterLabel","duplicateReviewSection","ui","selectedPlayerBooster: ","selectedPlayerBooster: ","","30","medium","","",""
"duplicateReviewSection.pomFieldLabel","duplicateReviewSection","ui"," / Power of Many: "," / Power of Many: ","","24","medium","","",""
"duplicateReviewSection.estimatedOvrLabel","duplicateReviewSection","ui","Estimated OVR at save time: ","Estimasi OVR saat disimpan: ","","37","medium","","",""
"duplicateReviewSection.myTeamSelectedInline","duplicateReviewSection","ui","My Team selected / ","Terpilih di Tim Saya / ","","25","medium","","",""
"duplicateReviewSection.myTeamFavoriteInline","duplicateReviewSection","ui","My Team favorite / ","Favorit di Tim Saya / ","","25","medium","","",""
"duplicateReviewSection.noReferenceLabel","duplicateReviewSection","ui","Not referenced","Tidak dirujuk","","19","medium","","",""
"duplicateReviewSection.openMyTeamLink","duplicateReviewSection","ui","Open My Team","Buka Tim Saya","","16","medium","","",""
"duplicateReviewSection.openSquadTemplate","duplicateReviewSection","ui","Open ""{name}""","Buka ""{name}""","","17","medium","","",""
"buildInventoryView.pageTitle","buildInventoryView","metadata","Build Analysis","Analisis Build","","19","medium","","",""
"buildInventoryView.pageDescription","buildInventoryView","metadata","Review saved-build usage status, duplicate candidates, outdated rules, and reference issues. Training allocation, My Team, and squads are not changed. A training intent is added to the matching saved build only when you explicitly save it from Build Analysis.","Tinjau status penggunaan build tersimpan, kandidat duplikat, aturan usang, dan masalah referensi. Alokasi latihan, Tim Saya, dan skuad tidak diubah. Tujuan latihan hanya ditambahkan ke build tersimpan terkait saat Anda menyimpannya secara eksplisit dari Analisis Build.","","","medium","","",""
"buildInventoryView.scopeLoadingMessage","buildInventoryView","ui","Checking your account…","Memeriksa akun Anda…","","29","medium","","",""
"buildInventoryView.sortUpdatedDesc","buildInventoryView","ui","Newest updated first","Terbaru diperbarui dulu","","26","medium","","",""
"buildInventoryView.sortUpdatedAsc","buildInventoryView","ui","Oldest updated first","Terlama diperbarui dulu","","26","medium","","",""
"buildInventoryView.sortCreatedDesc","buildInventoryView","ui","Newest created first","Terbaru dibuat dulu","","26","medium","","",""
"buildInventoryView.sortPlayerAsc","buildInventoryView","ui","By player name","Menurut nama pemain","","19","medium","","",""
"buildInventoryView.sortNameAsc","buildInventoryView","ui","By build name","Menurut nama build","","17","medium","","",""
"buildInventoryView.sortRefsDesc","buildInventoryView","ui","Most references first","Referensi terbanyak dulu","","28","medium","","",""
"buildInventoryView.sortRefsAsc","buildInventoryView","ui","Fewest references first","Referensi tersedikit dulu","","30","medium","","",""
"buildInventoryView.sortProblemFirst","buildInventoryView","ui","Problem builds first","Build bermasalah dulu","","26","medium","","",""
"buildInventoryView.sortUnusedFirst","buildInventoryView","ui","Unused builds first","Build tak terpakai dulu","","25","medium","","",""
"buildInventoryView.issueMissing","buildInventoryView","ui","Deleted reference","Referensi terhapus","","23","medium","","",""
"buildInventoryView.issueMismatch","buildInventoryView","ui","worldCardId mismatch","worldCardId tidak cocok","","26","medium","","",""
"buildInventoryView.issueInvalidBuildId","buildInventoryView","ui","Invalid buildId","buildId tidak valid","","20","medium","","",""
"buildInventoryView.issueUnknown","buildInventoryView","ui","Unknown reference","Referensi tidak dikenal","","23","medium","","",""
"buildInventoryView.emptyTitle","buildInventoryView","ui","You have no saved builds","Anda belum punya build tersimpan","","32","medium","","",""
"buildInventoryView.emptyDescription","buildInventoryView","ui","Adjust progression on the player detail or compare screen, then add it with ""Save this progression.""","Atur progresi di layar detail pemain atau perbandingan, lalu tambahkan lewat ""Simpan progresi ini.""","","","medium","","",""
"buildInventoryView.openCompareLink","buildInventoryView","ui","Open player compare","Buka perbandingan pemain","","25","medium","","",""
"buildInventoryView.openMyBuildsLink","buildInventoryView","ui","Open My Builds","Buka Build Saya","","19","medium","","",""
"buildInventoryView.openMyTeamLink","buildInventoryView","ui","Open My Team","Buka Tim Saya","","16","medium","","",""
"buildInventoryView.openSquadsLink","buildInventoryView","ui","Open squads","Buka skuad","","15","medium","","",""
"buildInventoryView.storageWarningTemplate","buildInventoryView","ui","This browser cannot read {missing} saved data (localStorage unavailable). Analysis results are incomplete to that extent.","Browser ini tidak dapat membaca data tersimpan {missing} (localStorage tidak tersedia). Hasil analisis tidak lengkap sejauh itu.","","","high","","",""
"buildInventoryView.missingBuildsLabel","buildInventoryView","ui","saved builds","build tersimpan","","16","medium","","",""
"buildInventoryView.missingMyTeamLabel","buildInventoryView","ui","My Team","Tim Saya","","12","medium","","",""
"buildInventoryView.missingSquadLabel","buildInventoryView","ui","squad","skuad","","12","medium","","",""
"buildInventoryView.cardsErrorSuffix","buildInventoryView","ui"," (analysis targets are still shown — only card names/images are missing.)"," (target analisis tetap ditampilkan — hanya nama/gambar kartu yang tidak ada.)","","","high","","",""
"buildInventoryView.staleNoticeTemplate","buildInventoryView","ui","{targets} were updated in another tab.","{targets} diperbarui di tab lain.","","","medium","","",""
"buildInventoryView.staleBuildLabel","buildInventoryView","ui","Saved builds","Build tersimpan","","16","medium","","",""
"buildInventoryView.staleMyTeamLabel","buildInventoryView","ui","My Team","Tim Saya","","12","medium","","",""
"buildInventoryView.staleSquadLabel","buildInventoryView","ui","Squads","Skuad","","12","medium","","",""
"buildInventoryView.summaryHeading","buildInventoryView","ui","Overall Summary","Ringkasan Keseluruhan","","20","medium","","",""
"buildInventoryView.statusPrefix","buildInventoryView","ui","— Status: ","— Status: ","","13","medium","","",""
"buildInventoryView.statusWarning","buildInventoryView","ui","Attention (problem references present)","Perhatian (ada referensi bermasalah)","","","high","","",""
"buildInventoryView.statusNormal","buildInventoryView","ui","Normal","Normal","","12","medium","","",""
"buildInventoryView.totalBuildsLabel","buildInventoryView","ui","Total saved builds","Total build tersimpan","","24","medium","","",""
"buildInventoryView.usedLabel","buildInventoryView","ui","In use","Dipakai","","12","medium","","",""
"buildInventoryView.unusedLabel","buildInventoryView","ui","Unused","Tak terpakai","","12","medium","","",""
"buildInventoryView.multiUseLabel","buildInventoryView","ui","Used in multiple places","Dipakai di beberapa tempat","","30","medium","","",""
"buildInventoryView.myTeamSelectedLabel","buildInventoryView","ui","Selected in My Team","Terpilih di Tim Saya","","25","medium","","",""
"buildInventoryView.myTeamFavoriteLabel","buildInventoryView","ui","Favorite in My Team","Favorit di Tim Saya","","25","medium","","",""
"buildInventoryView.squadUsedLabel","buildInventoryView","ui","Used in squads","Dipakai di skuad","","19","medium","","",""
"buildInventoryView.currentRulesLabel","buildInventoryView","ui","Current rules","Aturan saat ini","","17","medium","","",""
"buildInventoryView.legacyRulesLabel","buildInventoryView","ui","Outdated rules","Aturan usang","","19","medium","","",""
"buildInventoryView.unknownRulesLabel","buildInventoryView","ui","Rules unknown","Aturan tidak diketahui","","17","medium","","",""
"buildInventoryView.pomBuildsLabel","buildInventoryView","ui","Has Power of Many specified","Power of Many ditentukan","","36","medium","","",""
"buildInventoryView.experimentalBuildsLabel","buildInventoryView","ui","Has experimental estimate","Ada estimasi eksperimental","","33","medium","","",""
"buildInventoryView.missingMyTeamRefsLabel","buildInventoryView","ui","Deleted My Team references","Referensi Tim Saya terhapus","","34","medium","","",""
"buildInventoryView.missingSquadRefsLabel","buildInventoryView","ui","Deleted squad references","Referensi skuad terhapus","","32","medium","","",""
"buildInventoryView.mismatchRefsLabel","buildInventoryView","ui","worldCardId mismatches","worldCardId tidak cocok","","29","medium","","",""
"buildInventoryView.invalidBuildIdRefsLabel","buildInventoryView","ui","Invalid buildIds","buildId tidak valid","","21","medium","","",""
"buildInventoryView.unknownRefsLabel","buildInventoryView","ui","Unknown references","Referensi tidak dikenal","","24","medium","","",""
"buildInventoryView.unitBuildSuffix","buildInventoryView","ui","build(s)","build","","12","medium","","",""
"buildInventoryView.unitSlotSuffix","buildInventoryView","ui","slot(s)","slot","","12","medium","","",""
"buildInventoryView.summaryFootnote","buildInventoryView","ui","Units: ""build(s)"" = per saved build, ""count"" = number of normal/problem references, ""slot(s)"" = squad slots. Deleted or worldCardId-mismatched references are not counted as ""in use.""","Satuan: ""build"" = per build tersimpan, ""jumlah"" = banyaknya referensi normal/bermasalah, ""slot"" = slot skuad. Referensi yang terhapus atau worldCardId-nya tidak cocok tidak dihitung sebagai ""dipakai.""","","","medium","","",""
"buildInventoryView.legacyGuideHeadingTemplate","buildInventoryView","ui","Outdated-Rule Build Review Guide ({count} build(s))","Panduan Peninjauan Build Aturan Usang ({count} build)","","","medium","","",""
"buildInventoryView.legacyGuideIntro","buildInventoryView","ui","A read-only guide for reviewing builds saved under outdated rules (an old rulesVersion) and, if needed, re-adjusting them to current rules yourself, individually. This screen never auto-converts, bulk-converts, overwrites, deletes, unlinks, or reassigns outdated-rule builds. Existing outdated-rule builds are kept as-is. This is not an ""automatic migration feature.""","Panduan hanya-baca untuk meninjau build yang disimpan dengan aturan usang (rulesVersion lama) dan, bila perlu, menyesuaikannya kembali sendiri ke aturan saat ini satu per satu. Layar ini tidak pernah mengonversi otomatis, mengonversi massal, menimpa, menghapus, memutus tautan, atau menetapkan ulang build aturan usang. Build aturan usang yang ada dibiarkan apa adanya. Ini bukan ""fitur migrasi otomatis.""","","","medium","","",""
"buildInventoryView.legacyGuideCaution","buildInventoryView","ui","Caution (this screen is read-only)","Perhatian (layar ini hanya-baca)","","","medium","","",""
"buildInventoryView.legacyGuideCautionNotes","buildInventoryView","ui","Outdated-rule builds have not been automatically converted to current rules. The allocation interpretation may differ from current rules.｜This screen never bulk-converts, overwrites, deletes, unlinks, or reassigns outdated-rule builds.｜Points are shown using the outdated rulesVersion's ruleset as saved (not recalculated under current rules).","Build aturan usang belum dikonversi otomatis ke aturan saat ini. Interpretasi alokasinya mungkin berbeda dari aturan saat ini.｜Layar ini tidak pernah mengonversi massal, menimpa, menghapus, memutus tautan, atau menetapkan ulang build aturan usang.｜Poin ditampilkan dengan ruleset rulesVersion usang sesuai saat disimpan (tidak dihitung ulang dengan aturan saat ini).","","","medium","","",""
"buildInventoryView.legacyStepsHeading","buildInventoryView","ui","Steps to re-verify under current rules (per build)","Langkah verifikasi ulang dengan aturan saat ini (per build)","","65","medium","","",""
"buildInventoryView.legacyStep1","buildInventoryView","ui","Check the outdated-rule build's allocation, rulesVersion, and usage status in the list below.","Periksa alokasi, rulesVersion, dan status penggunaan build aturan usang di daftar di bawah.","","","medium","","",""
"buildInventoryView.legacyStep2","buildInventoryView","ui","Open the target player's Progression tab via each build's ""Open in Progression"" (the outdated-rule build's allocation is not loaded automatically).","Buka tab Progresi pemain terkait lewat ""Buka di Progresi"" pada tiap build (alokasi build aturan usang tidak dimuat otomatis).","","","medium","","",""
"buildInventoryView.legacyStep3","buildInventoryView","ui","Review and adjust the allocation under current rules.","Tinjau dan sesuaikan alokasi dengan aturan saat ini.","","","medium","","",""
"buildInventoryView.legacyStep4","buildInventoryView","ui","Without overwriting the existing outdated-rule build, save it under a new build name (""Save this progression"").","Tanpa menimpa build aturan usang yang ada, simpan dengan nama build baru (""Simpan progresi ini"").","","","medium","","",""
"buildInventoryView.legacyStep5","buildInventoryView","ui","Re-select the newly saved build individually in My Team or a squad (the ""Choose a saved build"" panel in My Team / the squad editor).","Pilih ulang build yang baru disimpan satu per satu di Tim Saya atau skuad (panel ""Pilih build tersimpan"" di Tim Saya / editor skuad).","","","medium","","",""
"buildInventoryView.legacyStep6","buildInventoryView","ui","Decide individually in My Builds whether the outdated-rule build is still needed, after confirming references have been removed.","Putuskan satu per satu di Build Saya apakah build aturan usang masih diperlukan, setelah memastikan referensinya sudah dilepas.","","","medium","","",""
"buildInventoryView.legacyNote1","buildInventoryView","ui","Even after saving a new build, the existing outdated-rule build remains as-is.","Meski build baru sudah disimpan, build aturan usang yang ada tetap apa adanya.","","","medium","","",""
"buildInventoryView.legacyNote2","buildInventoryView","ui","References in My Team and squads do not switch automatically. Please re-select them manually.","Referensi di Tim Saya dan skuad tidak beralih otomatis. Silakan pilih ulang secara manual.","","","medium","","",""
"buildInventoryView.legacyNote3","buildInventoryView","ui","After reviewing, you can manage it individually (rename, duplicate, delete) from My Builds.","Setelah ditinjau, Anda dapat mengelolanya satu per satu (ganti nama, duplikat, hapus) dari Build Saya.","","","medium","","",""
"buildInventoryView.legacyUnitFootnote","buildInventoryView","ui","Units: ""build(s)"" = per saved build, ""count"" = reference count, ""slot(s)"" = squad slots.","Satuan: ""build"" = per build tersimpan, ""jumlah"" = jumlah referensi, ""slot"" = slot skuad.","","","medium","","",""
"buildInventoryView.showLegacyOnlyButton","buildInventoryView","ui","Show only outdated-rule builds","Tampilkan hanya build aturan usang","","39","medium","","",""
"buildInventoryView.clearFilterButton","buildInventoryView","ui","Clear filter","Hapus filter","","16","medium","","",""
"buildInventoryView.manageInMyBuildsLink","buildInventoryView","ui","Manage in My Builds","Kelola di Build Saya","","25","medium","","",""
"buildInventoryView.perRowGuideNote","buildInventoryView","ui","Each outdated-rule build row below has its own links: ""Player detail / Open in Progression / Manage in My Builds / My Team / squads in use.""","Setiap baris build aturan usang di bawah memiliki tautannya sendiri: ""Detail pemain / Buka di Progresi / Kelola di Build Saya / Tim Saya / skuad yang memakai.""","","","medium","","",""
"buildInventoryView.noLegacyTitle","buildInventoryView","ui","No outdated-rule builds","Tidak ada build aturan usang","","30","medium","","",""
"buildInventoryView.noLegacyDescription","buildInventoryView","ui","Your saved builds are all under current rules, unknown rules, or there are no saved builds. There are several possible reasons no outdated-rule builds exist, so this does not confirm an explicit migration took place.","Build tersimpan Anda semuanya memakai aturan saat ini, aturan tidak diketahui, atau belum ada build tersimpan. Ada beberapa kemungkinan alasan tidak adanya build aturan usang, jadi ini tidak memastikan bahwa migrasi eksplisit telah dilakukan.","","","medium","","",""
"buildInventoryView.issuesSummaryTemplate","buildInventoryView","ui","Deleted or invalid saved-build references ({count})","Referensi build tersimpan yang terhapus atau tidak valid ({count})","","","medium","","",""
"buildInventoryView.noIssuesLabel","buildInventoryView","ui","There are no deleted or invalid saved-build references.","Tidak ada referensi build tersimpan yang terhapus atau tidak valid.","","72","medium","","",""
"buildInventoryView.allFilterLabel","buildInventoryView","ui","All","Semua","","12","medium","","",""
"buildInventoryView.searchIssuesPlaceholder","buildInventoryView","ui","Squad name, buildId, World ID","Nama skuad, buildId, World ID","","38","medium","","",""
"buildInventoryView.searchIssuesAriaLabel","buildInventoryView","accessibility","Search problem references","Cari referensi bermasalah","","33","high","","",""
"buildInventoryView.noMatchingIssuesLabel","buildInventoryView","ui","No problem references match your criteria.","Tidak ada referensi bermasalah yang cocok dengan kriteria Anda.","","55","medium","","",""
"buildInventoryView.issuesFootnote","buildInventoryView","ui","This list is for review only. It does not unlink, reassign, or auto-repair references. Please check and fix them individually in My Team / the target squad / My Builds.","Daftar ini hanya untuk peninjauan. Tidak memutus tautan, menetapkan ulang, atau memperbaiki referensi secara otomatis. Silakan periksa dan perbaiki satu per satu di Tim Saya / skuad terkait / Build Saya.","","","medium","","",""
"buildInventoryView.searchFilterSortHeading","buildInventoryView","ui","Search, Filter & Sort","Cari, Filter & Urutkan","","28","medium","","",""
"buildInventoryView.filterActiveLabel","buildInventoryView","ui","Active","Aktif","","12","medium","","",""
"buildInventoryView.searchLabel","buildInventoryView","ui","Search (build name, player name, World ID, buildId, squad name)","Cari (nama build, nama pemain, World ID, buildId, nama skuad)","","82","medium","","",""
"buildInventoryView.searchPlaceholderExample","buildInventoryView","ui","Messi / Finisher / 89138556575063 / Main","Messi / Finisher / 89138556575063 / Utama","","","medium","","",""
"buildInventoryView.searchAriaLabel","buildInventoryView","accessibility","Search saved builds","Cari build tersimpan","","25","high","","",""
"buildInventoryView.usageFilterLabel","buildInventoryView","ui","Usage status","Status penggunaan","","16","medium","","",""
"buildInventoryView.allOption","buildInventoryView","ui","All","Semua","","12","medium","","",""
"buildInventoryView.usedOption","buildInventoryView","ui","In use","Dipakai","","12","medium","","",""
"buildInventoryView.unusedOption","buildInventoryView","ui","Unused","Tak terpakai","","12","medium","","",""
"buildInventoryView.rulesFilterLabel","buildInventoryView","ui","Rules","Aturan","","12","medium","","",""
"buildInventoryView.currentRulesOption","buildInventoryView","ui","Current rules","Aturan saat ini","","17","medium","","",""
"buildInventoryView.legacyRulesOption","buildInventoryView","ui","Outdated rules","Aturan usang","","19","medium","","",""
"buildInventoryView.unknownRulesOption","buildInventoryView","ui","Rules unknown","Aturan tidak diketahui","","17","medium","","",""
"buildInventoryView.cardTypeFilterLabel","buildInventoryView","ui","Card type","Jenis kartu","","12","medium","","",""
"buildInventoryView.registeredPositionFilterLabel","buildInventoryView","ui","Registered position","Posisi terdaftar","","25","medium","","",""
"buildInventoryView.myTeamSelectedCheckLabel","buildInventoryView","ui","Selected in My Team","Terpilih di Tim Saya","","25","medium","","",""
"buildInventoryView.myTeamFavoriteCheckLabel","buildInventoryView","ui","Favorite in My Team","Favorit di Tim Saya","","25","medium","","",""
"buildInventoryView.squadUsedCheckLabel","buildInventoryView","ui","Used in a squad","Dipakai di skuad","","20","medium","","",""
"buildInventoryView.multiUseCheckLabel","buildInventoryView","ui","Used in multiple places","Dipakai di beberapa tempat","","30","medium","","",""
"buildInventoryView.pomCheckLabel","buildInventoryView","ui","Has Power of Many specified","Power of Many ditentukan","","36","medium","","",""
"buildInventoryView.experimentalCheckLabel","buildInventoryView","ui","Has experimental estimate","Ada estimasi eksperimental","","33","medium","","",""
"buildInventoryView.problemRefCheckLabel","buildInventoryView","ui","Has a problem reference","Ada referensi bermasalah","","30","medium","","",""
"buildInventoryView.sortAriaLabel","buildInventoryView","accessibility","Sort","Urutkan","","12","high","","",""
"buildInventoryView.clearSearchButton","buildInventoryView","ui","Clear search criteria","Hapus kriteria pencarian","","28","medium","","",""
"buildInventoryView.showingCountPrefix","buildInventoryView","ui","Showing ","Menampilkan ","","12","medium","","",""
"buildInventoryView.showingCountMiddle","buildInventoryView","ui"," of "," dari ","","12","medium","","",""
"buildInventoryView.showingCountSuffix","buildInventoryView","ui"," build(s)"," build","","12","medium","","",""
"buildInventoryView.noResultsTitle","buildInventoryView","ui","No saved builds match your criteria","Tidak ada build tersimpan yang cocok dengan kriteria Anda","","46","medium","","",""
"buildInventoryView.noResultsDescription","buildInventoryView","ui","Try changing your search terms or filters.","Coba ubah kata kunci atau filter pencarian.","","","medium","","",""
"buildInventoryView.usageHeadingTemplate","buildInventoryView","ui","Usage (total {count} reference(s))","Penggunaan (total {count} referensi)","","","medium","","",""
"buildInventoryView.myTeamSelectedCountTemplate","buildInventoryView","ui","Selected in My Team ({count})","Terpilih di Tim Saya ({count})","","","medium","","",""
"buildInventoryView.myTeamFavoriteCountTemplate","buildInventoryView","ui","Favorite build in My Team ({count})","Build favorit di Tim Saya ({count})","","","medium","","",""
"buildInventoryView.squadAreaSuffixTemplate","buildInventoryView","ui"," ({areas} · squadId {squadId})"," ({areas} · squadId {squadId})","","","medium","","",""
"buildInventoryView.starterSlotsTemplate","buildInventoryView","ui","{count} starter slot(s)","{count} slot pemain inti","","30","medium","","",""
"buildInventoryView.benchSlotsTemplate","buildInventoryView","ui","{count} bench slot(s)","{count} slot cadangan","","28","medium","","",""
"buildInventoryView.notUsedLabel","buildInventoryView","ui","Not referenced anywhere (unused).","Tidak direferensikan di mana pun (tak terpakai).","","43","medium","","",""
"buildInventoryView.myTeamLinkLabel","buildInventoryView","ui","My Team","Tim Saya","","12","medium","","",""
"buildInventoryView.usedRefTemplate","buildInventoryView","ui","In use — {count} reference(s)","Dipakai — {count} referensi","","","medium","","",""
"buildInventoryView.multiUseBadge","buildInventoryView","ui","Multiple places","Beberapa tempat","","20","medium","","",""
"buildInventoryView.mismatchRefTemplate","buildInventoryView","ui","worldCardId mismatch x{count}","worldCardId tidak cocok x{count}","","","medium","","",""
"buildInventoryView.starterAreaLabel","buildInventoryView","ui","Starter","Pemain inti","","12","medium","","",""
"buildInventoryView.benchAreaLabel","buildInventoryView","ui","Bench","Cadangan","","12","medium","","",""
"buildInventoryView.squadSourceTemplate","buildInventoryView","ui","{area} · {squadName} ({squadId}) · {slot}","{area} · {squadName} ({squadId}) · {slot}","","","medium","","",""
"buildInventoryView.myTeamSelectedSourceTemplate","buildInventoryView","ui","My Team selected (teamCardId {teamCardId})","Terpilih di Tim Saya (teamCardId {teamCardId})","","","medium","","",""
"buildInventoryView.myTeamFavoriteSourceTemplate","buildInventoryView","ui","My Team favorite (teamCardId {teamCardId})","Favorit di Tim Saya (teamCardId {teamCardId})","","","medium","","",""
"buildInventoryView.openSquadLink","buildInventoryView","ui","Open target squad","Buka skuad terkait","","23","medium","","",""
"buildInventoryView.experimentalSuffixTemplate","buildInventoryView","ui"," / Experimental estimate: {value}"," / Estimasi eksperimental: {value}","","","medium","","",""
"buildInventoryView.experimentalYesLabel","buildInventoryView","ui","Yes","Ya","","12","medium","","",""
"buildInventoryView.experimentalNoLabel","buildInventoryView","ui","No","Tidak","","12","medium","","",""
"buildAnalysis.analyzeButtonLabel","buildAnalysis","ui","Analyze This Build","Analisis build ini","","24","medium","","",""
"buildAnalysis.analyzingStatusLabel","buildAnalysis","ui","Analyzing","Menganalisis","","12","medium","","",""
"buildAnalysis.panelHeadingTemplate","buildAnalysis","ui","Individual analysis for {name}","Analisis individual untuk {name}","","","medium","","",""
"buildAnalysis.closePanelAriaTemplate","buildAnalysis","accessibility","Close analysis for {name}","Tutup analisis untuk {name}","","","high","","",""
"buildAnalysis.normalModeLabel","buildAnalysis","ui","Normal","Normal","","12","medium","","",""
"buildAnalysis.harshModeLabel","buildAnalysis","ui","Harsh","Blak-blakan","","12","medium","","",""
"buildAnalysis.modeToggleGroupAriaLabel","buildAnalysis","accessibility","Switch review mode","Ganti mode ulasan","","24","high","","",""
"buildAnalysis.pointsHeading","buildAnalysis","ui","Progression Points","Poin progresi","","24","medium","","",""
"buildAnalysis.trainingFocusHeading","buildAnalysis","ui","Training Focus","Fokus progresi","","19","medium","","",""
"buildAnalysis.strongestGrowthHeading","buildAnalysis","ui","Strongest Growth Areas","Area dengan peningkatan terbesar","","29","medium","","",""
"buildAnalysis.underinvestedHeading","buildAnalysis","ui","Relatively Underinvested Areas","Area yang relatif kurang dialokasikan","","39","medium","","",""
"buildAnalysis.strengthsHeading","buildAnalysis","ui","Strengths","Kekuatan","","12","medium","","",""
"buildAnalysis.concernsHeading","buildAnalysis","ui","Concerns","Kekhawatiran","","12","medium","","",""
"buildAnalysis.normalReviewHeading","buildAnalysis","ui","Normal Review","Ulasan normal","","17","medium","","",""
"buildAnalysis.harshReviewHeading","buildAnalysis","ui","Harsh Review","Ulasan blak-blakan","","16","medium","","",""
"buildAnalysis.improvementHeading","buildAnalysis","ui","Improvement Suggestions","Saran perbaikan","","30","medium","","",""
"buildAnalysis.comparisonHeading","buildAnalysis","ui","Comparison with Other Builds (Same Card)","Perbandingan dengan build lain (kartu yang sama)","","52","medium","","",""
"buildAnalysis.limitationsHeading","buildAnalysis","ui","Analysis Limitations","Batasan analisis","","26","medium","","",""
"buildAnalysis.confidenceLabel","buildAnalysis","ui","Analysis Confidence","Keyakinan analisis","","25","medium","","",""
"buildAnalysis.confidenceHigh","buildAnalysis","ui","High","Tinggi","","12","medium","","",""
"buildAnalysis.confidenceMedium","buildAnalysis","ui","Medium","Sedang","","12","medium","","",""
"buildAnalysis.confidenceLimited","buildAnalysis","ui","Limited","Terbatas","","12","medium","","",""
"buildAnalysis.confidenceUnavailable","buildAnalysis","ui","Unavailable","Tidak tersedia","","15","medium","","",""
"buildAnalysis.noStrengthsText","buildAnalysis","ui","No clear strengths can be confirmed at this time.","Saat ini belum ada kekuatan jelas yang dapat dipastikan.","","","medium","","",""
"buildAnalysis.noConcernsText","buildAnalysis","ui","No clear concerns can be confirmed at this time.","Saat ini belum ada kekhawatiran jelas yang dapat dipastikan.","","","medium","","",""
"buildAnalysis.noSuggestionsText","buildAnalysis","ui","There are no improvement suggestions to show at this time.","Saat ini tidak ada saran perbaikan untuk ditampilkan.","","","medium","","",""
"buildAnalysis.noComparisonText","buildAnalysis","ui","There are no other saved builds for this card.","Tidak ada build tersimpan lain untuk kartu ini.","","","medium","","",""
"buildAnalysis.noLimitationsText","buildAnalysis","ui","No notable limitations.","Tidak ada batasan yang perlu dicatat.","","30","medium","","",""
"buildAnalysis.priorityLabelTemplate","buildAnalysis","ui","Priority {priority}","Prioritas {priority}","","25","medium","","",""
"buildAnalysis.suggestionTargetTemplate","buildAnalysis","ui","Target area: {category}","Area sasaran: {category}","","30","medium","","",""
"buildAnalysis.suggestionReasonLabel","buildAnalysis","ui","Reason: ","Alasan: ","","12","medium","","",""
"buildAnalysis.suggestionRecheckLabel","buildAnalysis","ui","Recheck: ","Periksa ulang: ","","12","medium","","",""
"buildAnalysis.suggestionPreserveLabel","buildAnalysis","ui","Preserve: ","Pertahankan: ","","13","medium","","",""
"buildAnalysis.suggestionPreserveNoneText","buildAnalysis","ui","None in particular","Tidak ada yang khusus","","24","medium","","",""
"buildAnalysis.improvementSourceIntentLabel","buildAnalysis","ui","Improvement candidate based on your selected training intent","Kandidat perbaikan berdasarkan tujuan progresi yang Anda pilih","","78","medium","","",""
"buildAnalysis.generalSuggestionsToggleLabel","buildAnalysis","ui","See general-perspective improvement candidates too","Lihat juga kandidat perbaikan dari sudut pandang umum","","65","medium","","",""
"buildAnalysis.comparisonUsedPointsMoreTemplate","buildAnalysis","ui","The current build uses {diff}pt more than ""{other}"".","Build saat ini memakai {diff}pt lebih banyak daripada ""{other}"".","","","medium","","",""
"buildAnalysis.comparisonUsedPointsLessTemplate","buildAnalysis","ui","The current build uses {diff}pt less than ""{other}"".","Build saat ini memakai {diff}pt lebih sedikit daripada ""{other}"".","","","medium","","",""
"buildAnalysis.comparisonUsedPointsSameText","buildAnalysis","ui","The current build and ""{other}"" use the same amount of points.","Build saat ini dan ""{other}"" memakai jumlah poin yang sama.","","","medium","","",""
"buildAnalysis.comparisonRemainingPointsDiffUnknownText","buildAnalysis","ui","Remaining points diff: unknown","Selisih poin tersisa: tidak diketahui","","","medium","","",""
"buildAnalysis.comparisonRemainingPointsMoreTemplate","buildAnalysis","ui","The current build has {diff}pt more remaining points than ""{other}"".","Build saat ini memiliki sisa poin {diff}pt lebih banyak daripada ""{other}"".","","","medium","","",""
"buildAnalysis.comparisonRemainingPointsLessTemplate","buildAnalysis","ui","The current build has {diff}pt fewer remaining points than ""{other}"".","Build saat ini memiliki sisa poin {diff}pt lebih sedikit daripada ""{other}"".","","","medium","","",""
"buildAnalysis.comparisonRemainingPointsSameText","buildAnalysis","ui","The current build and ""{other}"" have the same remaining points.","Build saat ini dan ""{other}"" memiliki sisa poin yang sama.","","","medium","","",""
"buildAnalysis.comparisonOvrMoreTemplate","buildAnalysis","ui","The current build's saved estimated OVR is {diff} higher than ""{other}"".","Estimasi OVR tersimpan build saat ini {diff} lebih tinggi daripada ""{other}"".","","","medium","","",""
"buildAnalysis.comparisonOvrLessTemplate","buildAnalysis","ui","The current build's saved estimated OVR is {diff} lower than ""{other}"".","Estimasi OVR tersimpan build saat ini {diff} lebih rendah daripada ""{other}"".","","","medium","","",""
"buildAnalysis.comparisonOvrSameText","buildAnalysis","ui","The current build and ""{other}"" have the same saved estimated OVR.","Build saat ini dan ""{other}"" memiliki estimasi OVR tersimpan yang sama.","","","medium","","",""
"buildAnalysis.comparisonOvrDiffUnknownText","buildAnalysis","ui","Saved estimated OVR diff: unknown","Selisih estimasi OVR tersimpan: tidak diketahui","","","medium","","",""
"buildAnalysis.comparisonFocusDifferentTemplate","buildAnalysis","ui","Training focus differs: this build centers on {current}, the other on {other}.","Fokus progresi berbeda: build ini berpusat pada {current}, yang lain pada {other}.","","","medium","","",""
"buildAnalysis.comparisonFocusSameText","buildAnalysis","ui","This build's training focus may be similar to the other one.","Fokus progresi build ini mungkin mirip dengan build yang lain.","","","medium","","",""
"buildAnalysis.comparisonUsedStatusUsed","buildAnalysis","ui","In use","Dipakai","","12","medium","","",""
"buildAnalysis.comparisonUsedStatusUnused","buildAnalysis","ui","Not in use","Tidak dipakai","","13","medium","","",""
"buildAnalysis.comparisonUpdatedAtTemplate","buildAnalysis","ui","Updated: {updatedAt}","Diperbarui: {updatedAt}","","26","medium","","",""
"buildAnalysis.trainingFocusNoneText","buildAnalysis","ui","No progression points have been allocated yet.","Belum ada poin progresi yang dialokasikan.","","","medium","","",""
"buildAnalysis.trainingFocusSingleTemplate","buildAnalysis","ui","Focused on {category} (Lv.{level}).","Berfokus pada {category} (Lv.{level}).","","","medium","","",""
"buildAnalysis.trainingFocusDominantTemplate","buildAnalysis","ui","Centered on {category} (Lv.{level}), with some allocation to {secondary} as well.","Berpusat pada {category} (Lv.{level}), dengan sebagian alokasi ke {secondary}.","","","medium","","",""
"buildAnalysis.trainingFocusDominantNoSecondaryTemplate","buildAnalysis","ui","Centered on {category} (Lv.{level}).","Berpusat pada {category} (Lv.{level}).","","","medium","","",""
"buildAnalysis.trainingFocusBalancedTemplate","buildAnalysis","ui","Allocated evenly across multiple areas rather than concentrating on one.","Dialokasikan merata ke beberapa area, bukan terpusat pada satu area.","","","medium","","",""
"buildAnalysis.strongestGrowthNoneText","buildAnalysis","ui","No area has been meaningfully strengthened yet.","Belum ada area yang diperkuat secara berarti.","","","medium","","",""
"buildAnalysis.underinvestedNoneText","buildAnalysis","ui","No area is notably underinvested.","Tidak ada area yang jelas kurang dialokasikan.","","","medium","","",""
"buildAnalysis.completionLabel","buildAnalysis","ui","Completion State","Status penyelesaian","","21","medium","","",""
"buildAnalysis.completionUnallocated","buildAnalysis","ui","Not started (no allocation)","Belum dimulai (tanpa alokasi)","","","medium","","",""
"buildAnalysis.completionInProgress","buildAnalysis","ui","In progress","Sedang berjalan","","15","medium","","",""
"buildAnalysis.completionNearComplete","buildAnalysis","ui","Nearly complete","Hampir selesai","","20","medium","","",""
"buildAnalysis.completionComplete","buildAnalysis","ui","Allocation complete","Alokasi selesai","","25","medium","","",""
"buildAnalysis.completionUnknown","buildAnalysis","ui","Unknown (missing maximum level data)","Tidak diketahui (data level maksimum tidak ada)","","","medium","","",""
"buildAnalysis.findingNoAllocationNormal","buildAnalysis","ui","No progression points have been allocated yet.","Belum ada poin progresi yang dialokasikan.","","","medium","","",""
"buildAnalysis.findingNoAllocationHarsh","buildAnalysis","ui","No progression points have been allocated at all — this saved build hasn't shown its intent yet.","Belum ada poin progresi yang dialokasikan sama sekali — build tersimpan ini belum menunjukkan arahnya.","","","medium","","",""
"buildAnalysis.findingFocusedPrimaryCategoryNormal","buildAnalysis","ui","A clear training direction: focused on strengthening {category} (Lv.{level}).","Arah progresi yang jelas: berfokus memperkuat {category} (Lv.{level}).","","","medium","","",""
"buildAnalysis.findingFocusedPrimaryCategoryHarsh","buildAnalysis","ui","Heavily concentrated on {category} (Lv.{level}) alone, leaving other areas largely untouched. Worth rechecking whether that matches the intended use.","Sangat terpusat hanya pada {category} (Lv.{level}), area lain hampir tidak tersentuh. Sebaiknya periksa ulang apakah ini sesuai dengan penggunaan yang dimaksud.","","","medium","","",""
"buildAnalysis.findingBalancedAllocationNormal","buildAnalysis","ui","Allocated evenly across {count} areas.","Dialokasikan merata ke {count} area.","","","medium","","",""
"buildAnalysis.findingBalancedAllocationHarsh","buildAnalysis","ui","Allocation is spread across {count} areas. Without a stated priority area or primary goal, this distribution alone cannot be judged as fitting or not fitting any particular use.","Alokasi tersebar ke {count} area. Tanpa area prioritas atau sasaran utama yang ditetapkan, distribusi ini saja tidak dapat dinilai cocok atau tidak untuk penggunaan tertentu.","","","medium","","",""
"buildAnalysis.findingNearFullyAllocated","buildAnalysis","ui","Few points remain, so this allocation is nearly complete.","Poin tersisa sedikit, jadi alokasi ini hampir selesai.","","","medium","","",""
"buildAnalysis.findingManyRemainingPointsNormal","buildAnalysis","ui","{remaining}pt remain unused, so there's still room to allocate.","{remaining}pt belum dipakai, jadi masih ada ruang untuk dialokasikan.","","","medium","","",""
"buildAnalysis.findingManyRemainingPointsHarsh","buildAnalysis","ui","{remaining}pt are still sitting unused — it's too early to treat this allocation as finished.","{remaining}pt masih belum terpakai — terlalu dini menganggap alokasi ini selesai.","","","medium","","",""
"buildAnalysis.findingUnderinvestedAreaPresentNormal","buildAnalysis","ui","Allocation to {category} is relatively low, though that doesn't necessarily mean the stats themselves are low.","Alokasi ke {category} relatif rendah, meskipun itu belum tentu berarti atributnya sendiri rendah.","","","medium","","",""
"buildAnalysis.findingUnderinvestedAreaPresentHarsh","buildAnalysis","ui","There's currently no allocation to {category}. Worth rechecking whether that's really unnecessary for the intended use.","Saat ini tidak ada alokasi ke {category}. Sebaiknya periksa ulang apakah area ini memang tidak diperlukan untuk penggunaan yang dimaksud.","","","medium","","",""
"buildAnalysis.findingLegacyOrUnknownRulesNormal","buildAnalysis","ui","This build was saved under legacy or unknown rules. Rechecking it under the current rules is recommended.","Build ini disimpan dengan aturan lama atau tidak diketahui. Disarankan memeriksanya ulang dengan aturan saat ini.","","","medium","","",""
"buildAnalysis.findingLegacyOrUnknownRulesHarsh","buildAnalysis","ui","Still saved under legacy rules, without a recheck under the current rules.","Masih tersimpan dengan aturan lama, tanpa pemeriksaan ulang dengan aturan saat ini.","","","medium","","",""
"buildAnalysis.findingReferenceAnomalyNormal","buildAnalysis","ui","A data mismatch was found where this saved build is referenced. See the inventory results for details.","Ditemukan ketidakcocokan data di tempat build tersimpan ini dirujuk. Lihat hasil inventaris untuk detailnya.","","","medium","","",""
"buildAnalysis.findingReferenceAnomalyHarsh","buildAnalysis","ui","There's a reference anomaly on this saved build. Fixing the reference should take priority over a detailed training analysis.","Ada anomali rujukan pada build tersimpan ini. Memperbaiki rujukan sebaiknya didahulukan sebelum analisis progresi yang mendetail.","","","medium","","",""
"buildAnalysis.findingExperimentalTrialIncluded","buildAnalysis","ui","Includes an experimental player booster trial.","Termasuk uji coba booster pemain eksperimental.","","","medium","","",""
"buildAnalysis.findingPowerOfManyIncluded","buildAnalysis","ui","The Power of Many selection is a user-entered trial value, not one automatically verified in-game.","Pilihan Power of Many adalah nilai uji coba yang dimasukkan pengguna, bukan nilai yang diverifikasi otomatis di dalam game.","","","medium","","",""
"buildAnalysis.findingUniqueVsSiblings","buildAnalysis","ui","A training direction not shared by the other saved builds for this card.","Arah progresi yang tidak dimiliki build tersimpan lain untuk kartu ini.","","","medium","","",""
"buildAnalysis.findingOverlapsWithSiblingNormal","buildAnalysis","ui","Training focus looks close to ""{siblingName}"". It may help to confirm how you're using each one.","Fokus progresi tampak mirip dengan ""{siblingName}"". Mungkin berguna untuk memastikan cara Anda memakai masing-masing.","","","medium","","",""
"buildAnalysis.findingOverlapsWithSiblingHarsh","buildAnalysis","ui","Training focus is close to ""{siblingName}"" — the reason for keeping them as separate saves is weak.","Fokus progresi mirip dengan ""{siblingName}"" — alasan menyimpannya secara terpisah lemah.","","","medium","","",""
"buildAnalysis.findingOverlapsWithSiblingAbilityConfirmedHarsh","buildAnalysis","ui","Both the training focus and the main 26-ability composition are close to ""{siblingName}"" — based on what can currently be confirmed, there isn't a clear reason to keep these saved separately for different uses.","Fokus progresi dan komposisi utama 26 atribut sama-sama mirip dengan ""{siblingName}"" — berdasarkan apa yang dapat dipastikan saat ini, tidak ada alasan jelas untuk menyimpan keduanya secara terpisah untuk penggunaan berbeda.","","","high","","",""
"buildAnalysis.findingInsufficientData","buildAnalysis","ui","Some analysis isn't possible because card information is missing.","Sebagian analisis tidak dapat dilakukan karena informasi kartu tidak lengkap.","","","medium","","",""
"buildAnalysis.findingOverAllocatedPoints","buildAnalysis","ui","Used points exceed total points ({used} / {total}).","Poin terpakai melebihi total poin ({used} / {total}).","","","medium","","",""
"buildAnalysis.suggestionTitleReferenceAnomaly","buildAnalysis","ui","Fix the saved build reference anomaly","Perbaiki anomali rujukan build tersimpan","","","medium","","",""
"buildAnalysis.suggestionTitleStartAllocation","buildAnalysis","ui","Set a progression allocation","Tetapkan alokasi progresi","","","medium","","",""
"buildAnalysis.suggestionTitleUseRemainingPoints","buildAnalysis","ui","Consider how to use the remaining points","Pertimbangkan cara memakai sisa poin","","","medium","","",""
"buildAnalysis.suggestionTitleConsiderUnderinvestedArea","buildAnalysis","ui","Consider allocating to {category}","Pertimbangkan alokasi ke {category}","","","medium","","",""
"buildAnalysis.suggestionTitleRecheckUnderCurrentRules","buildAnalysis","ui","Recheck under the current rules","Periksa ulang dengan aturan saat ini","","","medium","","",""
"buildAnalysis.suggestionTitleDifferentiateFromSibling","buildAnalysis","ui","Reconsider the role split with ""{siblingName}""","Tinjau ulang pembagian peran dengan ""{siblingName}""","","","medium","","",""
"buildAnalysis.suggestionReasonReferenceAnomaly","buildAnalysis","ui","A deleted or mismatched reference was found for this saved build.","Ditemukan rujukan yang terhapus atau tidak cocok untuk build tersimpan ini.","","","medium","","",""
"buildAnalysis.suggestionReasonNoAllocation","buildAnalysis","ui","No progression points have been allocated yet.","Belum ada poin progresi yang dialokasikan.","","","medium","","",""
"buildAnalysis.suggestionReasonManyRemainingPoints","buildAnalysis","ui","{remaining}pt remain unused.","{remaining}pt belum dipakai.","","","medium","","",""
"buildAnalysis.suggestionReasonUnderinvestedArea","buildAnalysis","ui","There is currently no allocation to {category}.","Saat ini tidak ada alokasi ke {category}.","","","medium","","",""
"buildAnalysis.suggestionReasonLegacyRules","buildAnalysis","ui","Saved under legacy or unknown rules.","Disimpan dengan aturan lama atau tidak diketahui.","","","medium","","",""
"buildAnalysis.suggestionReasonOverlapsWithSibling","buildAnalysis","ui","Training focus is close to ""{siblingName}"".","Fokus progresi mirip dengan ""{siblingName}"".","","","medium","","",""
"buildAnalysis.suggestionRecheckReferenceAnomaly","buildAnalysis","ui","Check the Build Analysis inventory results to confirm how the reference and this saved build should line up.","Periksa hasil inventaris di Analisis Build untuk memastikan bagaimana rujukan dan build tersimpan ini seharusnya cocok.","","","medium","","",""
"buildAnalysis.suggestionRecheckNoAllocation","buildAnalysis","ui","Check this card's registered position and current stats to consider a training direction.","Periksa posisi terdaftar dan atribut saat ini dari kartu ini untuk mempertimbangkan arah progresi.","","","medium","","",""
"buildAnalysis.suggestionRecheckManyRemainingPoints","buildAnalysis","ui","Whether to use the remaining points depends on the current intended use (starter / bench / trial, etc.).","Perlu tidaknya memakai sisa poin bergantung pada penggunaan yang dimaksud saat ini (starter / cadangan / uji coba, dll.).","","","medium","","",""
"buildAnalysis.suggestionRecheckUnderinvestedArea","buildAnalysis","ui","Check whether this area is actually needed for the current intended use.","Periksa apakah area ini memang diperlukan untuk penggunaan yang dimaksud saat ini.","","","medium","","",""
"buildAnalysis.suggestionRecheckLegacyRules","buildAnalysis","ui","Allocation and point costs can differ from legacy rules under the current rules, so recheck this build.","Alokasi dan biaya poin dengan aturan saat ini bisa berbeda dari aturan lama, jadi periksa ulang build ini.","","","medium","","",""
"buildAnalysis.suggestionRecheckOverlapsWithSibling","buildAnalysis","ui","Check whether both builds are still needed given the difference in intended use.","Periksa apakah kedua build masih diperlukan mengingat perbedaan penggunaan yang dimaksud.","","","medium","","",""
"buildAnalysis.findingAbilityGainReflectsFocus","buildAnalysis","ui","The allocation to {category} has actually shown up as a meaningful ability gain (total +{delta}).","Alokasi ke {category} benar-benar terlihat sebagai peningkatan atribut yang berarti (total +{delta}).","","","medium","","",""
"buildAnalysis.findingAbilityGainHighlight","buildAnalysis","ui","The most improved ability is {ability}, up +{delta} from before training.","Atribut yang paling meningkat adalah {ability}, naik +{delta} dari sebelum progresi.","","","medium","","",""
"buildAnalysis.findingOverinvestmentCandidateNormal","buildAnalysis","ui","{category} was already high before training (avg. around {baseAverage}) and received heavy allocation. Whether this area truly deserved top priority is worth rechecking.","{category} sudah tinggi sebelum progresi (rata-rata sekitar {baseAverage}) dan menerima alokasi besar. Sebaiknya periksa ulang apakah area ini memang layak jadi prioritas utama.","","","medium","","",""
"buildAnalysis.findingOverinvestmentCandidateHarsh","buildAnalysis","ui","{category} was already high before training (avg. around {baseAverage}), yet received the heaviest allocation — whether that was really the top priority is worth rechecking.","{category} sudah tinggi sebelum progresi (rata-rata sekitar {baseAverage}), tetapi justru menerima alokasi terbesar — sebaiknya periksa ulang apakah itu memang prioritas utama.","","","medium","","",""
"buildAnalysis.findingUnderinvestedButHighFinal","buildAnalysis","ui","Allocation to {category} is relatively low, but the current final ability value is already around {finalAverage} on average — the stats themselves aren't necessarily low.","Alokasi ke {category} relatif rendah, tetapi nilai akhir atributnya saat ini sudah sekitar {finalAverage} rata-rata — atributnya sendiri belum tentu rendah.","","","medium","","",""
"buildAnalysis.findingUnderinvestedAndLowFinal","buildAnalysis","ui","Allocation to {category} is low, and the current final ability value is also around {finalAverage} on average — relatively low within this build. Whether this area is actually needed for the current use still needs separate confirmation.","Alokasi ke {category} rendah, dan nilai akhir atributnya saat ini juga sekitar {finalAverage} rata-rata — relatif rendah dalam build ini. Apakah area ini benar-benar diperlukan untuk penggunaan saat ini masih perlu dipastikan secara terpisah.","","","medium","","",""
"buildAnalysis.findingUnderinvestedContextUnknown","buildAnalysis","ui","Allocation to {category} is low, but there isn't enough ability data to judge the situation in detail.","Alokasi ke {category} rendah, tetapi data atribut tidak cukup untuk menilai situasinya secara detail.","","","medium","","",""
"buildAnalysis.findingAbilityDataUnavailable","buildAnalysis","ui","Ability data could not be retrieved, so this analysis does not include ability-based findings.","Data atribut tidak dapat diambil, jadi analisis ini tidak menyertakan temuan berbasis atribut.","","","medium","","",""
"buildAnalysis.findingAbilityComparisonPracticallySame","buildAnalysis","ui","The main 26-ability composition is also practically close to ""{siblingName}"".","Komposisi utama 26 atribut juga praktis mirip dengan ""{siblingName}"".","","","medium","","",""
"buildAnalysis.findingAbilityComparisonDifferentFocus","buildAnalysis","ui","The main ability composition is clearly different from ""{siblingName}"".","Komposisi atribut utama jelas berbeda dari ""{siblingName}"".","","","medium","","",""
"buildAnalysis.suggestionTitleOverinvestmentCandidate","buildAnalysis","ui","Recheck the allocation to {category}","Periksa ulang alokasi ke {category}","","","medium","","",""
"buildAnalysis.suggestionReasonOverinvestmentCandidate","buildAnalysis","ui","It was already high before training (avg. around {baseAverage}) and received heavy allocation.","Area ini sudah tinggi sebelum progresi (rata-rata sekitar {baseAverage}) dan menerima alokasi besar.","","","medium","","",""
"buildAnalysis.suggestionRecheckOverinvestmentCandidate","buildAnalysis","ui","Recheck whether this additional investment was really the top priority for the current use.","Periksa ulang apakah investasi tambahan ini memang prioritas utama untuk penggunaan saat ini.","","","medium","","",""
"buildAnalysis.abilityMainEffectsHeading","buildAnalysis","ui","Main Ability Effects","Efek utama pada atribut","","26","medium","","",""
"buildAnalysis.abilityLargestGainsLabel","buildAnalysis","ui","Most Improved Abilities","Atribut paling meningkat","","30","medium","","",""
"buildAnalysis.abilityHighestFinalLabel","buildAnalysis","ui","Highest Final Abilities","Atribut akhir tertinggi","","30","medium","","",""
"buildAnalysis.abilityNoGainsText","buildAnalysis","ui","No training-driven gains can be confirmed yet.","Belum ada peningkatan dari progresi yang dapat dipastikan.","","","medium","","",""
"buildAnalysis.abilityNoDataText","buildAnalysis","ui","Ability data could not be retrieved.","Data atribut tidak dapat diambil.","","","medium","","",""
"buildAnalysis.abilityLoadingText","buildAnalysis","ui","Loading ability data…","Memuat data atribut…","","28","medium","","",""
"buildAnalysis.abilityBeforeLabel","buildAnalysis","ui","Before","Sebelum","","12","medium","","",""
"buildAnalysis.abilityTrainedLabel","buildAnalysis","ui","After Training (allocation only)","Setelah progresi (hanya alokasi)","","42","medium","","",""
"buildAnalysis.abilityFinalLabel","buildAnalysis","ui","Final (as saved)","Akhir (saat disimpan)","","21","medium","","",""
"buildAnalysis.abilityGainValueTemplate","buildAnalysis","ui","+{value}","+{value}","","12","medium","","",""
"buildAnalysis.abilityDetailToggleLabel","buildAnalysis","ui","View 26-ability detail","Lihat detail 26 atribut","","29","medium","","",""
"buildAnalysis.abilityDetailRowTemplate","buildAnalysis","ui","{ability}: {before} → {trained} (trained) / {final} (final)  gain {delta}","{ability}: {before} → {trained} (progresi) / {final} (akhir)  naik {delta}","","","medium","","",""
"buildAnalysis.abilityComparisonDiffHeading","buildAnalysis","ui","Main Ability Differences vs Other Build","Perbedaan atribut utama vs build lain","","51","medium","","",""
"buildAnalysis.abilityComparisonNoDataText","buildAnalysis","ui","No ability comparison data is available.","Tidak ada data perbandingan atribut.","","","medium","","",""
"buildAnalysis.abilityComparisonConditionLegacyText","buildAnalysis","ui","Includes a build saved under legacy or unknown rules, so a simple comparison isn't possible.","Termasuk build yang disimpan dengan aturan lama atau tidak diketahui, jadi perbandingan sederhana tidak dapat dilakukan.","","","medium","","",""
"buildAnalysis.abilityComparisonConditionUnallocatedText","buildAnalysis","ui","One build has no allocation, so a simple comparison isn't possible.","Salah satu build tidak memiliki alokasi, jadi perbandingan sederhana tidak dapat dilakukan.","","","medium","","",""
"buildAnalysis.abilityComparisonDiffRowTemplate","buildAnalysis","ui","{ability}: current {currentValue} / other {otherValue} (diff {diff})","{ability}: saat ini {currentValue} / lainnya {otherValue} (selisih {diff})","","","medium","","",""
"buildAnalysis.intentSectionHeading","buildAnalysis","ui","Analysis Intent","Tujuan analisis","","20","medium","","",""
"buildAnalysis.intentUnsavedNote","buildAnalysis","ui","This input is not saved (it is not written to the saved build or localStorage, and is cleared when you leave this screen).","Input ini tidak disimpan (tidak ditulis ke build tersimpan maupun localStorage, dan dihapus saat Anda meninggalkan layar ini).","","","medium","","",""
"buildAnalysis.intentPositionLabel","buildAnalysis","ui","Intended Position","Posisi yang dimaksud","","23","medium","","",""
"buildAnalysis.intentPositionNoneOption","buildAnalysis","ui","Unspecified","Tidak ditentukan","","15","medium","","",""
"buildAnalysis.intentPrimaryGoalLabel","buildAnalysis","ui","Primary Goal","Sasaran utama","","16","medium","","",""
"buildAnalysis.intentGroupPrioritiesHeading","buildAnalysis","ui","Priority by Ability Area","Prioritas per area atribut","","32","medium","","",""
"buildAnalysis.intentFieldPlayersHeading","buildAnalysis","ui","Field Player Ability Areas","Area atribut pemain lapangan","","34","medium","","",""
"buildAnalysis.intentGoalkeepingHeading","buildAnalysis","ui","Goalkeeper Ability Areas","Area atribut kiper","","32","medium","","",""
"buildAnalysis.intentStatePriority","buildAnalysis","ui","Priority","Prioritas","","12","medium","","",""
"buildAnalysis.intentStateNormal","buildAnalysis","ui","Normal","Normal","","12","medium","","",""
"buildAnalysis.intentStateLow","buildAnalysis","ui","Low Priority","Prioritas rendah","","16","medium","","",""
"buildAnalysis.buildIntentFreeTextLabel","buildAnalysis","ui","Build Intent","Maksud build","","16","medium","","",""
"buildAnalysis.buildIntentFreeTextDescription","buildAnalysis","ui","Describe what you want from this build in your own words. Use ""Read Build Intent"" to analyze it, then review and confirm before it affects the evaluation (nothing changes until you confirm).","Jelaskan dengan kata-kata Anda sendiri apa yang Anda inginkan dari build ini. Gunakan ""Baca maksud build"" untuk menganalisisnya, lalu tinjau dan konfirmasi sebelum memengaruhi evaluasi (tidak ada yang berubah sampai Anda mengonfirmasi).","","","medium","","",""
"buildAnalysis.buildIntentFreeTextPlaceholder","buildAnalysis","ui","e.g. I want to play as RWF. I want to prioritize dribbling and quickness, and beat a defender one-on-one on the wing. Speed is already high, so it doesn't need to go much higher. Keep shooting at a minimum, and I don't care much about aerial ability or defending. I want to lean more toward breakthrough dribbling than Build 2.","mis. Saya ingin bermain sebagai RWF. Saya ingin mengutamakan dribel dan ketangkasan, serta melewati bek satu lawan satu di sayap. Kecepatan sudah tinggi, jadi tidak perlu dinaikkan banyak. Tembakan cukup minimal, dan saya tidak terlalu peduli duel udara atau pertahanan. Saya ingin lebih condong ke dribel penembus daripada Build 2.","","426","medium","","",""
"buildAnalysis.buildIntentExampleToggleLabel","buildAnalysis","ui","See an example","Lihat contoh","","19","medium","","",""
"buildAnalysis.buildIntentExampleText","buildAnalysis","ui","I want to play as RWF. I want to prioritize dribbling and quickness, and beat a defender one-on-one on the wing. Speed is already high, so it doesn't need to go much higher. Keep shooting at a minimum, and I don't care much about aerial ability or defending. I want to lean more toward breakthrough dribbling than Build 2.","Saya ingin bermain sebagai RWF. Saya ingin mengutamakan dribel dan ketangkasan, serta melewati bek satu lawan satu di sayap. Kecepatan sudah tinggi, jadi tidak perlu dinaikkan banyak. Tembakan cukup minimal, dan saya tidak terlalu peduli duel udara atau pertahanan. Saya ingin lebih condong ke dribel penembus daripada Build 2.","","","medium","","",""
"buildAnalysis.buildIntentAnalyzeButtonLabel","buildAnalysis","ui","Read Build Intent","Baca maksud build","","23","medium","","",""
"buildAnalysis.buildIntentAnalyzingLabel","buildAnalysis","ui","Analyzing…","Menganalisis…","","13","medium","","",""
"buildAnalysis.buildIntentCancelLabel","buildAnalysis","ui","Cancel","Batal","","12","medium","","",""
"buildAnalysis.buildIntentRetryLabel","buildAnalysis","ui","Read Again","Baca ulang","","13","medium","","",""
"buildAnalysis.buildIntentDiscardLabel","buildAnalysis","ui","Discard Interpretation","Buang interpretasi","","29","medium","","",""
"buildAnalysis.buildIntentConfirmButtonLabel","buildAnalysis","ui","Use This for Analysis","Gunakan untuk analisis","","28","high","","",""
"buildAnalysis.buildIntentInterpretationHeading","buildAnalysis","ui","Build Intent Read From Your Input","Maksud build yang terbaca dari input Anda","","43","medium","","",""
"buildAnalysis.buildIntentStaleNotice","buildAnalysis","ui","Your build intent has changed. Read it again to get an up-to-date interpretation.","Maksud build Anda telah berubah. Baca ulang untuk mendapatkan interpretasi terbaru.","","","medium","","",""
"buildAnalysis.buildIntentNotConfiguredNotice","buildAnalysis","ui","Automatic build intent analysis isn't available right now. You can still analyze by specifying the detailed settings manually.","Analisis maksud build otomatis saat ini tidak tersedia. Anda tetap bisa menganalisis dengan menentukan pengaturan detail secara manual.","","","medium","","",""
"buildAnalysis.buildIntentFailedNotice","buildAnalysis","ui","We couldn't read your build intent. Try again, or specify the detailed settings manually.","Kami tidak dapat membaca maksud build Anda. Coba lagi, atau tentukan pengaturan detail secara manual.","","","high","","",""
"buildAnalysis.buildIntentConfirmedNotice","buildAnalysis","ui","This evaluation uses your confirmed build intent.","Evaluasi ini menggunakan maksud build yang telah Anda konfirmasi.","","","high","","",""
"buildAnalysis.buildIntentManualDetailsToggleLabel","buildAnalysis","ui","Adjust the Reading in Detailed Settings","Sesuaikan hasil baca di pengaturan detail","","51","medium","","",""
"buildAnalysis.buildIntentAvoidOverinvestmentLabel","buildAnalysis","ui","Avoid Overinvestment","Hindari investasi berlebih","","26","medium","","",""
"buildAnalysis.buildIntentIntentionallyIgnoreLabel","buildAnalysis","ui","Excluded","Dikecualikan","","12","medium","","",""
"buildAnalysis.buildIntentComparisonTargetLabel","buildAnalysis","ui","Comparison Target Build","Build pembanding","","30","medium","","",""
"buildAnalysis.buildIntentComparisonTargetNoneOption","buildAnalysis","ui","Unspecified","Tidak ditentukan","","15","medium","","",""
"buildAnalysis.buildIntentStrengthsToPreserveLabel","buildAnalysis","ui","Strengths to Preserve","Kekuatan yang dipertahankan","","28","medium","","",""
"buildAnalysis.buildIntentAmbiguitiesHeading","buildAnalysis","ui","Needs Confirmation","Perlu konfirmasi","","24","medium","","",""
"buildAnalysis.buildIntentAmbiguitiesNoneText","buildAnalysis","ui","None","Tidak ada","","12","medium","","",""
"buildAnalysis.buildIntentConfidenceLabel","buildAnalysis","ui","Interpretation Confidence","Keyakinan interpretasi","","33","medium","","",""
"buildAnalysis.buildIntentConfidenceHigh","buildAnalysis","ui","High","Tinggi","","12","medium","","",""
"buildAnalysis.buildIntentConfidenceMedium","buildAnalysis","ui","Medium","Sedang","","12","medium","","",""
"buildAnalysis.buildIntentConfidenceLow","buildAnalysis","ui","Low","Rendah","","12","medium","","",""
"buildAnalysis.buildIntentInterpPositionLabel","buildAnalysis","ui","Intended Position","Posisi yang dimaksud","","23","medium","","",""
"buildAnalysis.buildIntentInterpGoalLabel","buildAnalysis","ui","Primary Goal","Sasaran utama","","16","medium","","",""
"buildAnalysis.buildIntentInterpPriorityLabel","buildAnalysis","ui","Top Priority","Prioritas utama","","16","medium","","",""
"buildAnalysis.buildIntentInterpSecondaryLabel","buildAnalysis","ui","Secondary Priority","Prioritas kedua","","24","medium","","",""
"buildAnalysis.buildIntentInterpAvoidOverinvestmentLabel","buildAnalysis","ui","Avoid Overinvesting In","Hindari investasi berlebih pada","","29","medium","","",""
"buildAnalysis.buildIntentInterpIgnoredLabel","buildAnalysis","ui","Excluded From This Evaluation","Dikecualikan dari evaluasi ini","","38","medium","","",""
"buildAnalysis.buildIntentInterpComparisonTargetLabel","buildAnalysis","ui","Build to Compare","Build yang dibandingkan","","21","medium","","",""
"buildAnalysis.buildIntentInterpComparisonFocusLabel","buildAnalysis","ui","Comparison Focus","Fokus perbandingan","","21","medium","","",""
"buildAnalysis.buildIntentInterpPreserveLabel","buildAnalysis","ui","Strengths to Preserve","Kekuatan yang dipertahankan","","28","medium","","",""
"buildAnalysis.buildIntentInterpNoneValue","buildAnalysis","ui","Unspecified","Tidak ditentukan","","15","medium","","",""
"buildAnalysis.buildIntentReadHeading","buildAnalysis","ui","What We Read","Yang kami baca","","16","medium","","",""
"buildAnalysis.buildIntentUnspecifiedCollapsedLabel","buildAnalysis","ui","Other items are unspecified","Item lain tidak ditentukan","","36","medium","","",""
"buildAnalysis.buildIntentClarificationHeading","buildAnalysis","ui","Please Confirm","Mohon konfirmasi","","19","medium","","",""
"buildAnalysis.clarificationNoneOptionLabel","buildAnalysis","ui","None of these","Tidak satu pun","","17","medium","","",""
"buildAnalysis.clarificationNoneOptionDescription","buildAnalysis","ui","Don't select any of these options. Use the detailed settings below to specify this manually if needed.","Jangan pilih opsi mana pun. Jika perlu, tentukan secara manual di pengaturan detail di bawah.","","","medium","","",""
"buildAnalysis.buildIntentClarificationPendingNotice","buildAnalysis","ui","Answer everything above to enable ""Use This for Analysis"".","Jawab semua pertanyaan di atas untuk mengaktifkan ""Gunakan untuk analisis"".","","","medium","","",""
"buildAnalysis.clarificationCrossRoleQuestion","buildAnalysis","ui","""Cross""-related wording can mean more than one thing. Which is closer to what you mean?","Kata terkait ""umpan silang"" bisa bermakna lebih dari satu. Mana yang lebih sesuai dengan maksud Anda?","","","medium","","",""
"buildAnalysis.clarificationCrossRoleReason","buildAnalysis","ui","Cross-related phrases can mean either supplying crosses from the wing or scoring from crosses, so we need to confirm which one you mean.","Frasa terkait umpan silang bisa berarti mengirim umpan silang dari sayap atau mencetak gol dari umpan silang, jadi kami perlu memastikan yang Anda maksud.","","","medium","","",""
"buildAnalysis.clarificationCrossSupplyLabel","buildAnalysis","ui","Supplying crosses from the wing","Mengirim umpan silang dari sayap","","41","medium","","",""
"buildAnalysis.clarificationCrossSupplyDescription","buildAnalysis","ui","Treated as a use-case that emphasizes passing and chance creation.","Diperlakukan sebagai penggunaan yang menekankan umpan dan penciptaan peluang.","","","medium","","",""
"buildAnalysis.clarificationCrossReceiveLabel","buildAnalysis","ui","Scoring from crosses","Mencetak gol dari umpan silang","","26","medium","","",""
"buildAnalysis.clarificationCrossReceiveDescription","buildAnalysis","ui","Treated as a use-case that emphasizes aerial ability and shooting.","Diperlakukan sebagai penggunaan yang menekankan duel udara dan tembakan.","","","medium","","",""
"buildAnalysis.clarificationCrossWideAttackLabel","buildAnalysis","ui","Wide attacking play overall","Serangan sayap secara keseluruhan","","36","medium","","",""
"buildAnalysis.clarificationCrossWideAttackDescription","buildAnalysis","ui","Treated as a use-case that emphasizes passing and chance creation while contributing to wide attacks.","Diperlakukan sebagai penggunaan yang menekankan umpan dan penciptaan peluang sambil berkontribusi pada serangan sayap.","","","medium","","",""
"buildAnalysis.clarificationCrossReceiveFocusQuestion","buildAnalysis","ui","When scoring from crosses, which matters more to you?","Saat mencetak gol dari umpan silang, mana yang lebih penting bagi Anda?","","","medium","","",""
"buildAnalysis.clarificationCrossReceiveFocusReason","buildAnalysis","ui","Scoring from crosses can mean emphasizing aerial ability or emphasizing shooting, so we need to confirm which one you mean.","Mencetak gol dari umpan silang bisa berarti menekankan duel udara atau menekankan tembakan, jadi kami perlu memastikan yang Anda maksud.","","","medium","","",""
"buildAnalysis.clarificationCrossReceiveAerialLabel","buildAnalysis","ui","Emphasize aerial ability","Tekankan duel udara","","32","medium","","",""
"buildAnalysis.clarificationCrossReceiveAerialDescription","buildAnalysis","ui","Emphasizes aerial strength and heading.","Menekankan duel udara dan sundulan.","","","medium","","",""
"buildAnalysis.clarificationCrossReceiveShootingLabel","buildAnalysis","ui","Emphasize shooting","Tekankan tembakan","","24","medium","","",""
"buildAnalysis.clarificationCrossReceiveShootingDescription","buildAnalysis","ui","Emphasizes shooting and finishing.","Menekankan tembakan dan penyelesaian.","","","medium","","",""
"buildAnalysis.clarificationCrossReceiveBothLabel","buildAnalysis","ui","Emphasize both","Tekankan keduanya","","19","medium","","",""
"buildAnalysis.clarificationCrossReceiveBothDescription","buildAnalysis","ui","Treated as a use-case that emphasizes both aerial ability and shooting.","Diperlakukan sebagai penggunaan yang menekankan duel udara dan tembakan sekaligus.","","","medium","","",""
"buildAnalysis.buildIntentUnanalyzedHeading","buildAnalysis","ui","What We Couldn't Read","Yang tidak dapat kami baca","","28","medium","","",""
"buildAnalysis.buildIntentUnanalyzedIntro","buildAnalysis","ui","We couldn't safely interpret the following. To avoid setting anything incorrectly, we haven't assigned any ability area for it automatically.","Kami tidak dapat menafsirkan bagian berikut dengan aman. Agar tidak salah mengatur, kami tidak menetapkan area atribut apa pun untuknya secara otomatis.","","","medium","","",""
"buildAnalysis.buildIntentUnanalyzedZeroHeading","buildAnalysis","ui","We couldn't fully organize your input","Kami tidak dapat menyusun input Anda sepenuhnya","","49","medium","","",""
"buildAnalysis.buildIntentUnanalyzedZeroBody","buildAnalysis","ui","We couldn't safely read a build intent from what you wrote. Try rewriting it using one of the examples below, or specify it directly in the detailed settings.","Kami tidak dapat membaca maksud build dengan aman dari tulisan Anda. Coba tulis ulang dengan mengikuti salah satu contoh di bawah, atau tentukan langsung di pengaturan detail.","","","medium","","",""
"buildAnalysis.buildIntentManualSettingsHintText","buildAnalysis","ui","You can specify the position or ability areas directly from ""Adjust the Reading in Detailed Settings"" below.","Anda dapat menentukan posisi atau area atribut secara langsung dari ""Sesuaikan hasil baca di pengaturan detail"" di bawah.","","","medium","","",""
"buildAnalysis.buildIntentAdditionalExamplesHeading","buildAnalysis","ui","More Examples to Try","Contoh lain untuk dicoba","","26","medium","","",""
"buildAnalysis.buildIntentAdditionalExampleInsertLabel","buildAnalysis","ui","Add this example","Tambahkan contoh ini","","21","medium","","",""
"buildAnalysis.buildIntentAdditionalExampleCrossSupplyLabel","buildAnalysis","ui","Example: supplying crosses from the wing","Contoh: mengirim umpan silang dari sayap","","52","medium","","",""
"buildAnalysis.buildIntentAdditionalExampleCrossSupplyText","buildAnalysis","ui","I want to play as RWF. I want to deliver crosses. Passing is my top priority.","Saya ingin bermain sebagai RWF. Saya ingin mengirim umpan silang. Umpan adalah prioritas utama saya.","","","medium","","",""
"buildAnalysis.buildIntentAdditionalExampleCrossReceiveLabel","buildAnalysis","ui","Example: scoring from crosses","Contoh: mencetak gol dari umpan silang","","38","medium","","",""
"buildAnalysis.buildIntentAdditionalExampleCrossReceiveText","buildAnalysis","ui","I want to play as CF. I want to score from crosses. Aerial strength and shooting are my top priority.","Saya ingin bermain sebagai CF. Saya ingin mencetak gol dari umpan silang. Duel udara dan tembakan adalah prioritas utama saya.","","","medium","","",""
"buildAnalysis.buildIntentAdditionalExampleCrossAmbiguousLabel","buildAnalysis","ui","Example: haven't decided on a role yet","Contoh: peran belum ditentukan","","50","medium","","",""
"buildAnalysis.buildIntentAdditionalExampleCrossAmbiguousText","buildAnalysis","ui","I want cross-focused play.","Saya ingin permainan yang berfokus pada umpan silang.","","","medium","","",""
"buildAnalysis.presetCategoryScoringTitle","buildAnalysis","ui","Scoring","Mencetak gol","","12","medium","","",""
"buildAnalysis.presetCategoryDribblingPossessionTitle","buildAnalysis","ui","Dribbling & Ball Retention","Dribel & penguasaan bola","","34","medium","","",""
"buildAnalysis.presetCategoryPassingCreationTitle","buildAnalysis","ui","Passing & Chance Creation","Umpan & penciptaan peluang","","33","medium","","",""
"buildAnalysis.presetCategoryWideCrossingTitle","buildAnalysis","ui","Wide Play & Crossing","Sayap & umpan silang","","26","medium","","",""
"buildAnalysis.presetCategorySpeedCounterTitle","buildAnalysis","ui","Speed & Counterattacking","Kecepatan & serangan balik","","32","medium","","",""
"buildAnalysis.presetCategoryPhysicalAerialTitle","buildAnalysis","ui","Physical & Aerial","Fisik & duel udara","","23","medium","","",""
"buildAnalysis.presetCategoryDefendingTitle","buildAnalysis","ui","Defending","Bertahan","","12","medium","","",""
"buildAnalysis.presetCategoryGoalkeepingTitle","buildAnalysis","ui","Goalkeeping","Penjaga gawang","","15","medium","","",""
"buildAnalysis.presetCategoryBalancedAdjustmentTitle","buildAnalysis","ui","Balanced & Adjustment","Seimbang & penyesuaian","","28","medium","","",""
"buildAnalysis.presetTagScoring","buildAnalysis","ui","scoring","mencetak gol","","12","medium","","",""
"buildAnalysis.presetTagShooting","buildAnalysis","ui","shooting","tembakan","","12","medium","","",""
"buildAnalysis.presetTagFinisher","buildAnalysis","ui","finisher","finisher","","12","medium","","",""
"buildAnalysis.presetTagBox","buildAnalysis","ui","penalty box","kotak penalti","","15","medium","","",""
"buildAnalysis.presetTagDribbling","buildAnalysis","ui","dribbling","dribel","","12","medium","","",""
"buildAnalysis.presetTagCross","buildAnalysis","ui","cross","umpan silang","","12","medium","","",""
"buildAnalysis.presetTagAerial","buildAnalysis","ui","aerial","duel udara","","12","medium","","",""
"buildAnalysis.presetTagPossession","buildAnalysis","ui","possession","penguasaan bola","","13","medium","","",""
"buildAnalysis.presetTagCentral","buildAnalysis","ui","central","tengah","","12","medium","","",""
"buildAnalysis.presetTagWide","buildAnalysis","ui","wide","sayap","","12","medium","","",""
"buildAnalysis.presetTagSpeed","buildAnalysis","ui","speed","kecepatan","","12","medium","","",""
"buildAnalysis.presetTagPassing","buildAnalysis","ui","passing","umpan","","12","medium","","",""
"buildAnalysis.presetTagFullback","buildAnalysis","ui","fullback","bek sayap","","12","medium","","",""
"buildAnalysis.presetTagDefending","buildAnalysis","ui","defending","bertahan","","12","medium","","",""
"buildAnalysis.presetTagCounter","buildAnalysis","ui","counter","serangan balik","","12","medium","","",""
"buildAnalysis.presetTagPhysical","buildAnalysis","ui","physical","fisik","","12","medium","","",""
"buildAnalysis.presetTagTarget","buildAnalysis","ui","target man","target man","","13","medium","","",""
"buildAnalysis.presetTagGoalkeeping","buildAnalysis","ui","goalkeeper","kiper","","13","medium","","",""
"buildAnalysis.presetTagBalance","buildAnalysis","ui","balance","seimbang","","12","medium","","",""
"buildAnalysis.presetScoringSpecialistTitle","buildAnalysis","ui","Scoring Specialist","Spesialis pencetak gol","","24","medium","","",""
"buildAnalysis.presetScoringSpecialistShort","buildAnalysis","ui","Prioritizes shooting to maximize goal output.","Mengutamakan tembakan untuk memaksimalkan produksi gol.","","","medium","","",""
"buildAnalysis.presetScoringSpecialistDetail","buildAnalysis","ui","Prioritizes the shooting ability area (finishing, set piece taking, curl). Suited for improving raw finishing quality.","Mengutamakan area atribut tembakan (penyelesaian, bola mati, lengkungan). Cocok untuk meningkatkan kualitas penyelesaian murni.","","","medium","","",""
"buildAnalysis.presetBoxFinisherTitle","buildAnalysis","ui","Box Finisher","Finisher di kotak penalti","","16","medium","","",""
"buildAnalysis.presetBoxFinisherShort","buildAnalysis","ui","Prioritizes shooting with quickness as a secondary focus.","Mengutamakan tembakan, dengan ketangkasan sebagai fokus kedua.","","","medium","","",""
"buildAnalysis.presetBoxFinisherDetail","buildAnalysis","ui","Assumes quick reactions inside the box. Prioritizes shooting, with quickness as a secondary focus.","Mengasumsikan reaksi cepat di dalam kotak penalti. Mengutamakan tembakan, dengan ketangkasan sebagai fokus kedua.","","","medium","","",""
"buildAnalysis.presetDribbleToShotTitle","buildAnalysis","ui","Dribble to Shot","Dribel lalu menembak","","20","medium","","",""
"buildAnalysis.presetDribbleToShotShort","buildAnalysis","ui","Prioritizes shooting with dribbling as a secondary focus.","Mengutamakan tembakan, dengan dribel sebagai fokus kedua.","","","medium","","",""
"buildAnalysis.presetDribbleToShotDetail","buildAnalysis","ui","Assumes creating your own shooting chance via dribbling. Prioritizes shooting, with dribbling as a secondary focus.","Mengasumsikan menciptakan peluang tembakan sendiri lewat dribel. Mengutamakan tembakan, dengan dribel sebagai fokus kedua.","","","medium","","",""
"buildAnalysis.presetCrossReceiveScoringTitle","buildAnalysis","ui","Score From Crosses","Gol dari umpan silang","","24","medium","","",""
"buildAnalysis.presetCrossReceiveScoringShort","buildAnalysis","ui","Prioritizes shooting with aerial strength as a secondary focus.","Mengutamakan tembakan, dengan duel udara sebagai fokus kedua.","","","medium","","",""
"buildAnalysis.presetCrossReceiveScoringDetail","buildAnalysis","ui","Assumes finishing crosses. Prioritizes shooting, with aerial strength as a secondary focus.","Mengasumsikan menyelesaikan umpan silang. Mengutamakan tembakan, dengan duel udara sebagai fokus kedua.","","","medium","","",""
"buildAnalysis.presetAerialScoringTitle","buildAnalysis","ui","Aerial Scoring","Gol lewat udara","","19","medium","","",""
"buildAnalysis.presetAerialScoringShort","buildAnalysis","ui","Prioritizes aerial strength with shooting as a secondary focus.","Mengutamakan duel udara, dengan tembakan sebagai fokus kedua.","","","medium","","",""
"buildAnalysis.presetAerialScoringDetail","buildAnalysis","ui","Centers scoring around aerial duel strength itself. Prioritizes aerial strength, with shooting as a secondary focus.","Memusatkan cara mencetak gol pada kekuatan duel udara itu sendiri. Mengutamakan duel udara, dengan tembakan sebagai fokus kedua.","","","medium","","",""
"buildAnalysis.presetDribbleBreakthroughTitle","buildAnalysis","ui","Dribble Breakthrough","Dribel penembus","","26","medium","","",""
"buildAnalysis.presetDribbleBreakthroughShort","buildAnalysis","ui","Prioritizes dribbling to improve breakthrough ability.","Mengutamakan dribel untuk meningkatkan kemampuan menembus pertahanan.","","","medium","","",""
"buildAnalysis.presetDribbleBreakthroughDetail","buildAnalysis","ui","Prioritizes the dribbling ability area (ball control, dribbling, tight possession).","Mengutamakan area atribut dribel (kontrol bola, dribel, kontrol rapat).","","","medium","","",""
"buildAnalysis.presetBeatOneOnWingTitle","buildAnalysis","ui","Beat a Defender on the Wing","Lewati bek di sayap","","36","medium","","",""
"buildAnalysis.presetBeatOneOnWingShort","buildAnalysis","ui","Prioritizes dribbling with quickness as a secondary focus.","Mengutamakan dribel, dengan ketangkasan sebagai fokus kedua.","","","medium","","",""
"buildAnalysis.presetBeatOneOnWingDetail","buildAnalysis","ui","Assumes beating a defender one-on-one on the wing. Prioritizes dribbling, with quickness as a secondary focus.","Mengasumsikan melewati bek satu lawan satu di sayap. Mengutamakan dribel, dengan ketangkasan sebagai fokus kedua.","","","medium","","",""
"buildAnalysis.presetTightSpacePossessionTitle","buildAnalysis","ui","Hold the Ball in Tight Spaces","Menahan bola di ruang sempit","","38","medium","","",""
"buildAnalysis.presetTightSpacePossessionShort","buildAnalysis","ui","Aims for possession, prioritizing dribbling.","Menyasar penguasaan bola, dengan mengutamakan dribel.","","","medium","","",""
"buildAnalysis.presetTightSpacePossessionDetail","buildAnalysis","ui","Sets possession as the primary goal and prioritizes the dribbling ability area (including tight possession).","Menetapkan penguasaan bola sebagai sasaran utama dan mengutamakan area atribut dribel (termasuk kontrol rapat).","","","medium","","",""
"buildAnalysis.presetHardToDispossessTitle","buildAnalysis","ui","Avoid Losing the Ball","Sulit kehilangan bola","","28","medium","","",""
"buildAnalysis.presetHardToDispossessShort","buildAnalysis","ui","Aims for possession, prioritizing dribbling with lower body strength as a secondary focus.","Menyasar penguasaan bola, mengutamakan dribel, dengan kekuatan kaki sebagai fokus kedua.","","","medium","","",""
"buildAnalysis.presetHardToDispossessDetail","buildAnalysis","ui","Sets possession as the primary goal, prioritizes dribbling, with the lower body strength area (including balance) as a secondary focus.","Menetapkan penguasaan bola sebagai sasaran utama, mengutamakan dribel, dengan area kekuatan kaki (termasuk keseimbangan) sebagai fokus kedua.","","","medium","","",""
"buildAnalysis.presetCarryThroughCenterTitle","buildAnalysis","ui","Carry the Ball Through the Center","Membawa bola lewat tengah","","43","medium","","",""
"buildAnalysis.presetCarryThroughCenterShort","buildAnalysis","ui","Prioritizes dribbling with quickness as a secondary focus.","Mengutamakan dribel, dengan ketangkasan sebagai fokus kedua.","","","medium","","",""
"buildAnalysis.presetCarryThroughCenterDetail","buildAnalysis","ui","Assumes carrying the ball through the central midfield. Prioritizes dribbling, with quickness as a secondary focus.","Mengasumsikan membawa bola melewati lini tengah. Mengutamakan dribel, dengan ketangkasan sebagai fokus kedua.","","","medium","","",""
"buildAnalysis.presetCutInsideAttackTitle","buildAnalysis","ui","Cut Inside to Attack","Masuk ke dalam untuk menyerang","","26","medium","","",""
"buildAnalysis.presetCutInsideAttackShort","buildAnalysis","ui","Prioritizes dribbling with shooting as a secondary focus.","Mengutamakan dribel, dengan tembakan sebagai fokus kedua.","","","medium","","",""
"buildAnalysis.presetCutInsideAttackDetail","buildAnalysis","ui","Assumes cutting inside from the wing. Prioritizes dribbling, with shooting as a secondary focus.","Mengasumsikan masuk ke dalam dari sayap. Mengutamakan dribel, dengan tembakan sebagai fokus kedua.","","","medium","","",""
"buildAnalysis.presetReceiveAndDistributeTitle","buildAnalysis","ui","Receive and Distribute","Terima lalu distribusikan","","29","medium","","",""
"buildAnalysis.presetReceiveAndDistributeShort","buildAnalysis","ui","Aims for possession, prioritizing dribbling with passing as a secondary focus.","Menyasar penguasaan bola, mengutamakan dribel, dengan umpan sebagai fokus kedua.","","","medium","","",""
"buildAnalysis.presetReceiveAndDistributeDetail","buildAnalysis","ui","Assumes receiving at your feet before distributing. Prioritizes dribbling, with passing as a secondary focus.","Mengasumsikan menerima bola di kaki sebelum mendistribusikannya. Mengutamakan dribel, dengan umpan sebagai fokus kedua.","","","medium","","",""
"buildAnalysis.presetQuicknessFocusTitle","buildAnalysis","ui","Quickness Focus","Fokus ketangkasan","","20","medium","","",""
"buildAnalysis.presetQuicknessFocusShort","buildAnalysis","ui","Prioritizes quickness.","Mengutamakan ketangkasan.","","29","medium","","",""
"buildAnalysis.presetQuicknessFocusDetail","buildAnalysis","ui","Prioritizes the quickness ability area (acceleration, speed).","Mengutamakan area atribut ketangkasan (akselerasi, kecepatan).","","","medium","","",""
"buildAnalysis.presetPassingSpecialistTitle","buildAnalysis","ui","Passing Specialist","Spesialis umpan","","24","medium","","",""
"buildAnalysis.presetPassingSpecialistShort","buildAnalysis","ui","Prioritizes passing to improve chance creation.","Mengutamakan umpan untuk meningkatkan penciptaan peluang.","","","medium","","",""
"buildAnalysis.presetPassingSpecialistDetail","buildAnalysis","ui","Prioritizes the passing ability area (low pass, lofted pass, offensive awareness).","Mengutamakan area atribut umpan (umpan datar, umpan lambung, kesadaran menyerang).","","","medium","","",""
"buildAnalysis.presetGameMakingTitle","buildAnalysis","ui","Game Making","Pengatur permainan","","15","medium","","",""
"buildAnalysis.presetGameMakingShort","buildAnalysis","ui","Prioritizes passing with dribbling as a secondary focus.","Mengutamakan umpan, dengan dribel sebagai fokus kedua.","","","medium","","",""
"buildAnalysis.presetGameMakingDetail","buildAnalysis","ui","Assumes building attacking play. Prioritizes passing, with dribbling as a secondary focus.","Mengasumsikan membangun permainan menyerang. Mengutamakan umpan, dengan dribel sebagai fokus kedua.","","","medium","","",""
"buildAnalysis.presetForwardServiceTitle","buildAnalysis","ui","Service to the Forward Line","Suplai ke lini depan","","36","medium","","",""
"buildAnalysis.presetForwardServiceShort","buildAnalysis","ui","Prioritizes passing.","Mengutamakan umpan.","","26","medium","","",""
"buildAnalysis.presetForwardServiceDetail","buildAnalysis","ui","Assumes distributing the ball forward from a deeper position. Prioritizes passing.","Mengasumsikan mendistribusikan bola ke depan dari posisi yang lebih dalam. Mengutamakan umpan.","","","medium","","",""
"buildAnalysis.presetDistributeTheBallTitle","buildAnalysis","ui","Spread the Play","Sebarkan permainan","","20","medium","","",""
"buildAnalysis.presetDistributeTheBallShort","buildAnalysis","ui","Prioritizes passing with quickness as a secondary focus.","Mengutamakan umpan, dengan ketangkasan sebagai fokus kedua.","","","medium","","",""
"buildAnalysis.presetDistributeTheBallDetail","buildAnalysis","ui","Assumes spreading play at a quick tempo. Prioritizes passing, with quickness as a secondary focus.","Mengasumsikan menyebarkan permainan dengan tempo cepat. Mengutamakan umpan, dengan ketangkasan sebagai fokus kedua.","","","medium","","",""
"buildAnalysis.presetPossessionAnchorTitle","buildAnalysis","ui","Possession Anchor","Poros penguasaan bola","","23","medium","","",""
"buildAnalysis.presetPossessionAnchorShort","buildAnalysis","ui","Aims for possession, prioritizing passing with dribbling as a secondary focus.","Menyasar penguasaan bola, mengutamakan umpan, dengan dribel sebagai fokus kedua.","","","medium","","",""
"buildAnalysis.presetPossessionAnchorDetail","buildAnalysis","ui","Assumes acting as the anchor of possession play. Prioritizes passing, with dribbling as a secondary focus.","Mengasumsikan berperan sebagai poros permainan penguasaan bola. Mengutamakan umpan, dengan dribel sebagai fokus kedua.","","","medium","","",""
"buildAnalysis.presetCrossSupplyTitle","buildAnalysis","ui","Supply Crosses","Kirim umpan silang","","19","medium","","",""
"buildAnalysis.presetCrossSupplyShort","buildAnalysis","ui","Prioritizes passing.","Mengutamakan umpan.","","26","medium","","",""
"buildAnalysis.presetCrossSupplyDetail","buildAnalysis","ui","Assumes supplying crosses from the wing. Prioritizes passing. Suggested positions include wing forward, side midfield, and full-back roles.","Mengasumsikan mengirim umpan silang dari sayap. Mengutamakan umpan. Posisi yang disarankan mencakup penyerang sayap, gelandang sayap, dan bek sayap.","","","medium","","",""
"buildAnalysis.presetDribbleThenCrossTitle","buildAnalysis","ui","Beat a Man Then Cross","Lewati lawan lalu umpan silang","","28","medium","","",""
"buildAnalysis.presetDribbleThenCrossShort","buildAnalysis","ui","Prioritizes passing with dribbling as a secondary focus.","Mengutamakan umpan, dengan dribel sebagai fokus kedua.","","","medium","","",""
"buildAnalysis.presetDribbleThenCrossDetail","buildAnalysis","ui","Assumes beating a defender down the line before crossing. Prioritizes passing, with dribbling as a secondary focus.","Mengasumsikan melewati bek di sisi lapangan sebelum mengirim umpan silang. Mengutamakan umpan, dengan dribel sebagai fokus kedua.","","","medium","","",""
"buildAnalysis.presetWideChanceCreationTitle","buildAnalysis","ui","Wide Chance Creation","Penciptaan peluang dari sayap","","26","medium","","",""
"buildAnalysis.presetWideChanceCreationShort","buildAnalysis","ui","Prioritizes passing with quickness as a secondary focus.","Mengutamakan umpan, dengan ketangkasan sebagai fokus kedua.","","","medium","","",""
"buildAnalysis.presetWideChanceCreationDetail","buildAnalysis","ui","Assumes creating chances from wide areas. Prioritizes passing, with quickness as a secondary focus.","Mengasumsikan menciptakan peluang dari area sayap. Mengutamakan umpan, dengan ketangkasan sebagai fokus kedua.","","","medium","","",""
"buildAnalysis.presetCarryDownLineTitle","buildAnalysis","ui","Carry the Ball Down the Line","Membawa bola menyusuri garis","","37","medium","","",""
"buildAnalysis.presetCarryDownLineShort","buildAnalysis","ui","Prioritizes dribbling with quickness as a secondary focus.","Mengutamakan dribel, dengan ketangkasan sebagai fokus kedua.","","","medium","","",""
"buildAnalysis.presetCarryDownLineDetail","buildAnalysis","ui","Assumes carrying the ball down the touchline. Prioritizes dribbling, with quickness as a secondary focus.","Mengasumsikan membawa bola menyusuri garis pinggir. Mengutamakan dribel, dengan ketangkasan sebagai fokus kedua.","","","medium","","",""
"buildAnalysis.presetCutInsideShootTitle","buildAnalysis","ui","Cut Inside and Shoot","Masuk ke dalam lalu menembak","","26","medium","","",""
"buildAnalysis.presetCutInsideShootShort","buildAnalysis","ui","Prioritizes shooting with dribbling as a secondary focus.","Mengutamakan tembakan, dengan dribel sebagai fokus kedua.","","","medium","","",""
"buildAnalysis.presetCutInsideShootDetail","buildAnalysis","ui","Assumes cutting inside from the wing to shoot. Prioritizes shooting, with dribbling as a secondary focus.","Mengasumsikan masuk ke dalam dari sayap untuk menembak. Mengutamakan tembakan, dengan dribel sebagai fokus kedua.","","","medium","","",""
"buildAnalysis.presetAttackingFullbackTitle","buildAnalysis","ui","Attacking Full-back","Bek sayap menyerang","","25","medium","","",""
"buildAnalysis.presetAttackingFullbackShort","buildAnalysis","ui","Prioritizes passing with quickness as a secondary focus.","Mengutamakan umpan, dengan ketangkasan sebagai fokus kedua.","","","medium","","",""
"buildAnalysis.presetAttackingFullbackDetail","buildAnalysis","ui","Assumes a full-back joining the attack. Prioritizes passing, with quickness as a secondary focus.","Mengasumsikan bek sayap yang ikut menyerang. Mengutamakan umpan, dengan ketangkasan sebagai fokus kedua.","","","medium","","",""
"buildAnalysis.presetDefensiveFullbackTitle","buildAnalysis","ui","Defensive Full-back","Bek sayap bertahan","","25","medium","","",""
"buildAnalysis.presetDefensiveFullbackShort","buildAnalysis","ui","Prioritizes defending.","Mengutamakan pertahanan.","","29","medium","","",""
"buildAnalysis.presetDefensiveFullbackDetail","buildAnalysis","ui","Assumes a defense-focused full-back. Prioritizes defending. No other ability area is auto-set based on position alone.","Mengasumsikan bek sayap yang fokus bertahan. Mengutamakan pertahanan. Tidak ada area atribut lain yang diatur otomatis hanya berdasarkan posisi.","","","medium","","",""
"buildAnalysis.presetSpeedBreakthroughTitle","buildAnalysis","ui","Speed Breakthrough","Terobosan kecepatan","","24","medium","","",""
"buildAnalysis.presetSpeedBreakthroughShort","buildAnalysis","ui","Prioritizes quickness.","Mengutamakan ketangkasan.","","29","medium","","",""
"buildAnalysis.presetSpeedBreakthroughDetail","buildAnalysis","ui","Prioritizes the quickness ability area (acceleration, speed).","Mengutamakan area atribut ketangkasan (akselerasi, kecepatan).","","","medium","","",""
"buildAnalysis.presetRunInBehindTitle","buildAnalysis","ui","Run in Behind","Lari ke belakang pertahanan","","17","medium","","",""
"buildAnalysis.presetRunInBehindShort","buildAnalysis","ui","Prioritizes quickness with shooting as a secondary focus.","Mengutamakan ketangkasan, dengan tembakan sebagai fokus kedua.","","","medium","","",""
"buildAnalysis.presetRunInBehindDetail","buildAnalysis","ui","Assumes running in behind the defense. Prioritizes quickness, with shooting as a secondary focus.","Mengasumsikan berlari ke belakang garis pertahanan. Mengutamakan ketangkasan, dengan tembakan sebagai fokus kedua.","","","medium","","",""
"buildAnalysis.presetCounterOutletTitle","buildAnalysis","ui","Counterattack Outlet","Ujung tombak serangan balik","","26","medium","","",""
"buildAnalysis.presetCounterOutletShort","buildAnalysis","ui","Aims for counterattacking, prioritizing quickness with dribbling as a secondary focus.","Menyasar serangan balik, mengutamakan ketangkasan, dengan dribel sebagai fokus kedua.","","","medium","","",""
"buildAnalysis.presetCounterOutletDetail","buildAnalysis","ui","Sets counterattacking as the primary goal, prioritizing quickness with dribbling as a secondary focus. Since counterattacking depends on team tactics, this is treated as reference information in single-build analysis.","Menetapkan serangan balik sebagai sasaran utama, mengutamakan ketangkasan, dengan dribel sebagai fokus kedua. Karena serangan balik bergantung pada taktik tim, ini diperlakukan sebagai informasi referensi dalam analisis satu build.","","","medium","","",""
"buildAnalysis.presetSprintDownWingTitle","buildAnalysis","ui","Sprint Down the Wing","Berlari di sayap","","26","medium","","",""
"buildAnalysis.presetSprintDownWingShort","buildAnalysis","ui","Prioritizes quickness with passing as a secondary focus.","Mengutamakan ketangkasan, dengan umpan sebagai fokus kedua.","","","medium","","",""
"buildAnalysis.presetSprintDownWingDetail","buildAnalysis","ui","Assumes sprinting down the wing. Prioritizes quickness, with passing as a secondary focus.","Mengasumsikan berlari kencang menyusuri sayap. Mengutamakan ketangkasan, dengan umpan sebagai fokus kedua.","","","medium","","",""
"buildAnalysis.presetAerialSpecialistTitle","buildAnalysis","ui","Aerial Specialist","Spesialis duel udara","","23","medium","","",""
"buildAnalysis.presetAerialSpecialistShort","buildAnalysis","ui","Prioritizes aerial strength.","Mengutamakan duel udara.","","","medium","","",""
"buildAnalysis.presetAerialSpecialistDetail","buildAnalysis","ui","Prioritizes the aerial strength ability area (heading, jumping, physical contact).","Mengutamakan area atribut duel udara (sundulan, lompatan, kontak fisik).","","","medium","","",""
"buildAnalysis.presetTargetManTitle","buildAnalysis","ui","Target Man","Target man","","13","medium","","",""
"buildAnalysis.presetTargetManShort","buildAnalysis","ui","Prioritizes aerial strength with lower body strength as a secondary focus.","Mengutamakan duel udara, dengan kekuatan kaki sebagai fokus kedua.","","","medium","","",""
"buildAnalysis.presetTargetManDetail","buildAnalysis","ui","Assumes being the target man up front. Prioritizes aerial strength, with lower body strength as a secondary focus.","Mengasumsikan menjadi target man di lini depan. Mengutamakan duel udara, dengan kekuatan kaki sebagai fokus kedua.","","","medium","","",""
"buildAnalysis.presetPostPlayTitle","buildAnalysis","ui","Post-Up Play","Permainan memantul (post play)","","16","medium","","",""
"buildAnalysis.presetPostPlayShort","buildAnalysis","ui","Aims for possession, prioritizing lower body strength with dribbling as a secondary focus.","Menyasar penguasaan bola, mengutamakan kekuatan kaki, dengan dribel sebagai fokus kedua.","","","medium","","",""
"buildAnalysis.presetPostPlayDetail","buildAnalysis","ui","Assumes holding up the ball with your back to goal. Sets possession as the primary goal, prioritizes lower body strength, with dribbling as a secondary focus.","Mengasumsikan menahan bola sambil membelakangi gawang. Menetapkan penguasaan bola sebagai sasaran utama, mengutamakan kekuatan kaki, dengan dribel sebagai fokus kedua.","","","medium","","",""
"buildAnalysis.presetResistPhysicalContactTitle","buildAnalysis","ui","Resist Physical Contact","Tahan kontak fisik","","30","medium","","",""
"buildAnalysis.presetResistPhysicalContactShort","buildAnalysis","ui","Prioritizes lower body strength.","Mengutamakan kekuatan kaki.","","","medium","","",""
"buildAnalysis.presetResistPhysicalContactDetail","buildAnalysis","ui","Prioritizes the lower body strength ability area (kicking power, balance, stamina).","Mengutamakan area atribut kekuatan kaki (kekuatan tendangan, keseimbangan, stamina).","","","medium","","",""
"buildAnalysis.presetBallWinningSpecialistTitle","buildAnalysis","ui","Ball-Winning Specialist","Spesialis perebut bola","","30","medium","","",""
"buildAnalysis.presetBallWinningSpecialistShort","buildAnalysis","ui","Prioritizes defending.","Mengutamakan pertahanan.","","29","medium","","",""
"buildAnalysis.presetBallWinningSpecialistDetail","buildAnalysis","ui","Prioritizes the defending ability area (defensive awareness, tackling, ball winning).","Mengutamakan area atribut pertahanan (kesadaran bertahan, tekel, merebut bola).","","","medium","","",""
"buildAnalysis.presetMidfieldDestroyerTitle","buildAnalysis","ui","Midfield Destroyer","Perusak di lini tengah","","24","medium","","",""
"buildAnalysis.presetMidfieldDestroyerShort","buildAnalysis","ui","Prioritizes defending with lower body strength as a secondary focus.","Mengutamakan pertahanan, dengan kekuatan kaki sebagai fokus kedua.","","","medium","","",""
"buildAnalysis.presetMidfieldDestroyerDetail","buildAnalysis","ui","Assumes breaking up attacks in midfield. Prioritizes defending, with lower body strength as a secondary focus.","Mengasumsikan memutus serangan di lini tengah. Mengutamakan pertahanan, dengan kekuatan kaki sebagai fokus kedua.","","","medium","","",""
"buildAnalysis.presetManMarkingFocusTitle","buildAnalysis","ui","Man-Marking Focus","Fokus penjagaan ketat","","23","medium","","",""
"buildAnalysis.presetManMarkingFocusShort","buildAnalysis","ui","Prioritizes defending with quickness as a secondary focus.","Mengutamakan pertahanan, dengan ketangkasan sebagai fokus kedua.","","","medium","","",""
"buildAnalysis.presetManMarkingFocusDetail","buildAnalysis","ui","Assumes strong one-on-one defending. Prioritizes defending, with quickness as a secondary focus.","Mengasumsikan pertahanan satu lawan satu yang kuat. Mengutamakan pertahanan, dengan ketangkasan sebagai fokus kedua.","","","medium","","",""
"buildAnalysis.presetBacklineStabilityTitle","buildAnalysis","ui","Backline Stability","Stabilitas lini belakang","","24","medium","","",""
"buildAnalysis.presetBacklineStabilityShort","buildAnalysis","ui","Prioritizes defending with aerial strength as a secondary focus.","Mengutamakan pertahanan, dengan duel udara sebagai fokus kedua.","","","medium","","",""
"buildAnalysis.presetBacklineStabilityDetail","buildAnalysis","ui","Assumes stabilizing the back line. Prioritizes defending, with aerial strength as a secondary focus.","Mengasumsikan menstabilkan lini belakang. Mengutamakan pertahanan, dengan duel udara sebagai fokus kedua.","","","medium","","",""
"buildAnalysis.presetShotStoppingFocusTitle","buildAnalysis","ui","Shot-Stopping Focus","Fokus menghalau tembakan","","25","medium","","",""
"buildAnalysis.presetShotStoppingFocusShort","buildAnalysis","ui","Prioritizes Goalkeeping 1 (reflexes).","Mengutamakan Kiper 1 (refleks).","","","medium","","",""
"buildAnalysis.presetShotStoppingFocusDetail","buildAnalysis","ui","Prioritizes the Goalkeeping 1 ability area (GK awareness, GK reflexes). Since there is no dedicated GK primary goal in the existing model, the primary goal is treated as reference-only (""other"").","Mengutamakan area atribut Kiper 1 (kesadaran kiper, refleks kiper). Karena tidak ada sasaran utama khusus GK dalam model yang ada, sasaran utama diperlakukan hanya sebagai referensi (""lainnya"").","","","medium","","",""
"buildAnalysis.presetHighBallFocusTitle","buildAnalysis","ui","High Ball Handling","Menangani bola atas","","24","medium","","",""
"buildAnalysis.presetHighBallFocusShort","buildAnalysis","ui","Prioritizes Goalkeeping 3 (reach).","Mengutamakan Kiper 3 (jangkauan).","","","medium","","",""
"buildAnalysis.presetHighBallFocusDetail","buildAnalysis","ui","Prioritizes the Goalkeeping 3 ability area (reach). The primary goal is treated as reference-only (""other"").","Mengutamakan area atribut Kiper 3 (jangkauan). Sasaran utama diperlakukan hanya sebagai referensi (""lainnya"").","","","medium","","",""
"buildAnalysis.presetCatchingFocusTitle","buildAnalysis","ui","Catching Focus","Fokus tangkapan","","19","medium","","",""
"buildAnalysis.presetCatchingFocusShort","buildAnalysis","ui","Prioritizes Goalkeeping 2 (catching).","Mengutamakan Kiper 2 (tangkapan).","","","medium","","",""
"buildAnalysis.presetCatchingFocusDetail","buildAnalysis","ui","Prioritizes the Goalkeeping 2 ability area (catching, parrying). The primary goal is treated as reference-only (""other"").","Mengutamakan area atribut Kiper 2 (tangkapan, tepisan). Sasaran utama diperlakukan hanya sebagai referensi (""lainnya"").","","","medium","","",""
"buildAnalysis.presetSweeperKeeperTitle","buildAnalysis","ui","Sweeper Keeper","Sweeper keeper","","19","medium","","",""
"buildAnalysis.presetSweeperKeeperShort","buildAnalysis","ui","Prioritizes Goalkeeping 1 with Goalkeeping 3 as a secondary focus.","Mengutamakan Kiper 1, dengan Kiper 3 sebagai fokus kedua.","","","medium","","",""
"buildAnalysis.presetSweeperKeeperDetail","buildAnalysis","ui","Assumes actively coming off the line. Prioritizes Goalkeeping 1, with Goalkeeping 3 as a secondary focus. The primary goal is treated as reference-only (""other"").","Mengasumsikan aktif keluar dari garis gawang. Mengutamakan Kiper 1, dengan Kiper 3 sebagai fokus kedua. Sasaran utama diperlakukan hanya sebagai referensi (""lainnya"").","","","medium","","",""
"buildAnalysis.presetDistributingGkTitle","buildAnalysis","ui","Distributing Goalkeeper","Kiper pendistribusi bola","","30","medium","","",""
"buildAnalysis.presetDistributingGkShort","buildAnalysis","ui","Prioritizes passing with Goalkeeping 1 as a secondary focus.","Mengutamakan umpan, dengan Kiper 1 sebagai fokus kedua.","","","medium","","",""
"buildAnalysis.presetDistributingGkDetail","buildAnalysis","ui","Assumes also contributing to distribution. Prioritizes passing, with Goalkeeping 1 as a secondary focus.","Mengasumsikan kiper yang juga berkontribusi dalam distribusi bola. Mengutamakan umpan, dengan Kiper 1 sebagai fokus kedua.","","","medium","","",""
"buildAnalysis.presetBalancedTypeTitle","buildAnalysis","ui","Balanced Type","Tipe seimbang","","17","medium","","",""
"buildAnalysis.presetBalancedTypeShort","buildAnalysis","ui","Choose this for even, balanced allocation without focusing on a single area.","Pilih ini untuk alokasi merata dan seimbang tanpa berfokus pada satu area.","","","medium","","",""
"buildAnalysis.presetBalancedTypeDetail","buildAnalysis","ui","Does not prioritize any single ability area. Treats the primary goal as balanced.","Tidak mengutamakan satu area atribut pun. Sasaran utama diperlakukan sebagai seimbang.","","","medium","","",""
"buildAnalysis.presetAttackLeaningBalanceTitle","buildAnalysis","ui","Attack-Leaning Balanced Type","Tipe seimbang condong menyerang","","37","medium","","",""
"buildAnalysis.presetAttackLeaningBalanceShort","buildAnalysis","ui","Keeps the primary goal balanced, with shooting and dribbling as secondary focuses.","Sasaran utama tetap seimbang, dengan tembakan dan dribel sebagai fokus kedua.","","","medium","","",""
"buildAnalysis.presetAttackLeaningBalanceDetail","buildAnalysis","ui","Treats the primary goal as balanced while giving secondary focus to shooting and dribbling.","Memperlakukan sasaran utama sebagai seimbang sambil memberi fokus kedua pada tembakan dan dribel.","","","medium","","",""
"buildAnalysis.presetDefenseLeaningBalanceTitle","buildAnalysis","ui","Defense-Leaning Balanced Type","Tipe seimbang condong bertahan","","38","medium","","",""
"buildAnalysis.presetDefenseLeaningBalanceShort","buildAnalysis","ui","Keeps the primary goal balanced, with defending and aerial strength as secondary focuses.","Sasaran utama tetap seimbang, dengan pertahanan dan duel udara sebagai fokus kedua.","","","medium","","",""
"buildAnalysis.presetDefenseLeaningBalanceDetail","buildAnalysis","ui","Treats the primary goal as balanced while giving secondary focus to defending and aerial strength.","Memperlakukan sasaran utama sebagai seimbang sambil memberi fokus kedua pada pertahanan dan duel udara.","","","medium","","",""
"buildAnalysis.presetSectionHeading","buildAnalysis","ui","Training Intent","Tujuan progresi","","20","medium","","",""
"buildAnalysis.presetSearchLabel","buildAnalysis","ui","Search training intents","Cari tujuan progresi","","30","medium","","",""
"buildAnalysis.presetSearchPlaceholder","buildAnalysis","ui","e.g. cross, dribbling, defending","mis. umpan silang, dribel, bertahan","","42","medium","","",""
"buildAnalysis.presetSearchNoResults","buildAnalysis","ui","No matching training intent was found. Choose from a category, or use the detailed settings.","Tidak ada tujuan progresi yang cocok. Pilih dari kategori, atau gunakan pengaturan detail.","","","medium","","",""
"buildAnalysis.presetRecommendedHeading","buildAnalysis","ui","Recommended Intents","Tujuan yang disarankan","","25","medium","","",""
"buildAnalysis.presetCategoryFilterLabel","buildAnalysis","ui","Filter by category","Filter menurut kategori","","24","medium","","",""
"buildAnalysis.presetCategoryAllLabel","buildAnalysis","ui","All","Semua","","12","medium","","",""
"buildAnalysis.presetPrimaryAbilityAreasLabel","buildAnalysis","ui","Ability areas this affects","Area atribut yang terpengaruh","","34","medium","","",""
"buildAnalysis.presetMainSelectLabel","buildAnalysis","ui","Select as main intent","Pilih sebagai tujuan utama","","28","medium","","",""
"buildAnalysis.presetMainSelectedBadge","buildAnalysis","ui","Main Intent","Tujuan utama","","15","medium","","",""
"buildAnalysis.presetSubSelectLabel","buildAnalysis","ui","Select as sub intent","Pilih sebagai tujuan tambahan","","26","medium","","",""
"buildAnalysis.presetSubSelectedBadge","buildAnalysis","ui","Sub Intent","Tujuan tambahan","","13","medium","","",""
"buildAnalysis.presetSubMaxReachedNotice","buildAnalysis","ui","You can select up to 2 sub intents.","Anda dapat memilih hingga 2 tujuan tambahan.","","","medium","","",""
"buildAnalysis.presetClearSelectionLabel","buildAnalysis","ui","Clear selection","Hapus pilihan","","20","medium","","",""
"buildAnalysis.presetPreviewHeading","buildAnalysis","ui","Settings Preview","Pratinjau pengaturan","","21","medium","","",""
"buildAnalysis.presetPreviewMainLabel","buildAnalysis","ui","Selected training intent","Tujuan progresi yang dipilih","","32","medium","","",""
"buildAnalysis.presetPreviewSubLabel","buildAnalysis","ui","Selected sub intents","Tujuan tambahan yang dipilih","","26","medium","","",""
"buildAnalysis.presetPreviewNoneSelectedText","buildAnalysis","ui","None selected","Belum ada yang dipilih","","17","medium","","",""
"buildAnalysis.presetPreviewDerivedHeading","buildAnalysis","ui","What this sets","Yang diatur oleh pilihan ini","","19","medium","","",""
"buildAnalysis.presetSourcePresetLabel","buildAnalysis","ui","Set by preset","Diatur oleh preset","","17","medium","","",""
"buildAnalysis.presetSourceUserLabel","buildAnalysis","ui","Changed by you","Diubah oleh Anda","","19","medium","","",""
"buildAnalysis.presetSourceUnspecifiedLabel","buildAnalysis","ui","Unspecified","Tidak ditentukan","","15","medium","","",""
"buildAnalysis.presetDetailSettingsToggleLabel","buildAnalysis","ui","Adjust the Settings Created From Your Intent","Sesuaikan pengaturan yang dibuat dari tujuan Anda","","58","medium","","",""
"buildAnalysis.presetResetToPresetDefaultsLabel","buildAnalysis","ui","Reset to Intent Defaults","Atur ulang ke bawaan tujuan","","32","medium","","",""
"buildAnalysis.presetDiscardManualEditsLabel","buildAnalysis","ui","Discard All Manual Edits","Buang semua perubahan manual","","32","medium","","",""
"buildAnalysis.presetConflictHeading","buildAnalysis","ui","Your Selected Intent Conflicts With Detailed Settings","Tujuan yang dipilih bertentangan dengan pengaturan detail","","69","medium","","",""
"buildAnalysis.presetConflictTargetLabel","buildAnalysis","ui","Affected area","Area terdampak","","17","medium","","",""
"buildAnalysis.presetConflictMainGoalLabel","buildAnalysis","ui","Selected intent","Tujuan yang dipilih","","20","medium","","",""
"buildAnalysis.presetConflictManualSettingLabel","buildAnalysis","ui","Detailed setting","Pengaturan detail","","21","medium","","",""
"buildAnalysis.presetConflictUsePresetLabel","buildAnalysis","ui","Use the Intent's Setting","Pakai pengaturan tujuan","","32","medium","","",""
"buildAnalysis.presetConflictUseManualLabel","buildAnalysis","ui","Use My Manual Setting","Pakai pengaturan manual saya","","28","medium","","",""
"buildAnalysis.presetConflictEditManualLabel","buildAnalysis","ui","Edit in Detailed Settings","Edit di pengaturan detail","","33","medium","","",""
"buildAnalysis.presetConflictBlocksConfirmNotice","buildAnalysis","ui","You cannot confirm ""Analyze with This Intent"" until the conflict is resolved.","Anda tidak dapat mengonfirmasi ""Analisis dengan tujuan ini"" sampai konflik diselesaikan.","","","high","","",""
"buildAnalysis.presetConfirmButtonLabel","buildAnalysis","ui","Analyze with This Intent","Analisis dengan tujuan ini","","32","high","","",""
"buildAnalysis.presetConfirmedNoticeHeading","buildAnalysis","ui","This evaluation uses your selected training intent.","Evaluasi ini menggunakan tujuan progresi yang Anda pilih.","","67","high","","",""
"buildAnalysis.presetConfirmedMainLabel","buildAnalysis","ui","Selected training intent","Tujuan progresi yang dipilih","","32","high","","",""
"buildAnalysis.presetConfirmedSubLabel","buildAnalysis","ui","Sub intents","Tujuan tambahan","","15","high","","",""
"buildAnalysis.presetConfirmedUserModifiedLabel","buildAnalysis","ui","Manual changes","Perubahan manual","","19","high","","",""
"buildAnalysis.presetConfirmedUserModifiedYes","buildAnalysis","ui","Yes","Ya","","12","high","","",""
"buildAnalysis.presetConfirmedUserModifiedNo","buildAnalysis","ui","No","Tidak","","12","high","","",""
"buildAnalysis.presetReturnToGeneralAnalysisLabel","buildAnalysis","ui","Return to General Analysis","Kembali ke analisis umum","","34","medium","","",""
"buildAnalysis.presetChangeIntentButtonLabel","buildAnalysis","ui","Change Intent","Ubah tujuan","","17","medium","","",""
"buildAnalysis.presetChangedNotConfirmedNotice","buildAnalysis","ui","Your training intent selection has changed. The current evaluation still uses the previously confirmed intent.","Pilihan tujuan progresi Anda telah berubah. Evaluasi saat ini masih menggunakan tujuan yang dikonfirmasi sebelumnya.","","","high","","",""
"buildAnalysis.presetChangedCurrentSelectionLabel","buildAnalysis","ui","Currently selected intent","Tujuan yang dipilih saat ini","","33","medium","","",""
"buildAnalysis.presetChangedInUseLabel","buildAnalysis","ui","Intent used in the current evaluation","Tujuan yang dipakai di evaluasi saat ini","","49","medium","","",""
"buildAnalysis.presetAnalyzeWithNewLabel","buildAnalysis","ui","Analyze With the New Intent","Analisis dengan tujuan baru","","36","medium","","",""
"buildAnalysis.presetRevertToPreviousLabel","buildAnalysis","ui","Revert to the Previous Intent","Kembali ke tujuan sebelumnya","","38","medium","","",""
"buildAnalysis.presetDetailChangedNotice","buildAnalysis","ui","Your detailed settings have changed. Apply the new settings to the evaluation.","Pengaturan detail Anda telah berubah. Terapkan pengaturan baru ke evaluasi.","","","medium","","",""
"buildAnalysis.presetAnalyzeWithChangedSettingsLabel","buildAnalysis","ui","Analyze With the Changed Settings","Analisis dengan pengaturan yang diubah","","43","medium","","",""
"buildAnalysis.presetRevertDetailChangesLabel","buildAnalysis","ui","Revert the Changes","Batalkan perubahan","","24","medium","","",""
"buildAnalysis.presetDeselectedNotice","buildAnalysis","ui","Your training intent selection has been cleared. Update to fall back to general analysis only.","Pilihan tujuan progresi Anda telah dihapus. Perbarui untuk kembali ke analisis umum saja.","","","medium","","",""
"buildAnalysis.presetKeepPreviousSelectionLabel","buildAnalysis","ui","Keep the Previous Intent","Pertahankan tujuan sebelumnya","","32","medium","","",""
"buildAnalysis.presetReflectionHeading","buildAnalysis","ui","Settings Used in the Evaluation","Pengaturan yang dipakai dalam evaluasi","","41","medium","","",""
"buildAnalysis.presetReflectionSourceLabel","buildAnalysis","ui","Source","Sumber","","12","medium","","",""
"buildAnalysis.presetReflectionSourcePresetPlusUser","buildAnalysis","ui","Preset + Manual Changes","Preset + perubahan manual","","30","medium","","",""
"buildAnalysis.presetReflectionSourcePresetOnly","buildAnalysis","ui","Preset Only","Hanya preset","","15","medium","","",""
"buildAnalysis.presetReflectionSourceManualOnly","buildAnalysis","ui","Manual Settings Only","Hanya pengaturan manual","","26","medium","","",""
"buildAnalysis.presetReflectionSourceNone","buildAnalysis","ui","Not Set","Belum diatur","","12","medium","","",""
"buildAnalysis.presetReflectionStatusLabel","buildAnalysis","ui","Status","Status","","12","medium","","",""
"buildAnalysis.presetReflectionStatusConfirmed","buildAnalysis","ui","Confirmed","Dikonfirmasi","","12","high","","",""
"buildAnalysis.presetReflectionUnconfirmedNotice","buildAnalysis","ui","There are unconfirmed changes","Ada perubahan yang belum dikonfirmasi","","","high","","",""
"buildAnalysis.presetReflectionUnconfirmedMainChange","buildAnalysis","ui","Main intent","Tujuan utama","","15","high","","",""
"buildAnalysis.presetReflectionUnconfirmedDetailChange","buildAnalysis","ui","Detailed settings","Pengaturan detail","","23","high","","",""
"buildAnalysis.presetCarriedOverNotice","buildAnalysis","ui","Your training intent has carried over to another build on the same card.","Tujuan progresi Anda dibawa ke build lain pada kartu yang sama.","","","medium","","",""
"buildAnalysis.buildIntentStatusNotInputText","buildAnalysis","ui","Not Entered","Belum diisi","","15","medium","","",""
"buildAnalysis.buildIntentStatusNotAnalyzedText","buildAnalysis","ui","Not Analyzed","Belum dianalisis","","16","medium","","",""
"buildAnalysis.buildIntentStatusAnalyzingText","buildAnalysis","ui","Analyzing","Menganalisis","","12","medium","","",""
"buildAnalysis.buildIntentStatusAwaitingConfirmationText","buildAnalysis","ui","Awaiting Confirmation","Menunggu konfirmasi","","28","high","","",""
"buildAnalysis.buildIntentStatusConfirmedText","buildAnalysis","ui","Confirmed","Dikonfirmasi","","12","high","","",""
"buildAnalysis.buildIntentStatusStaleText","buildAnalysis","ui","Outdated (Input Changed)","Usang (input berubah)","","32","medium","","",""
"buildAnalysis.buildIntentStatusFailedText","buildAnalysis","ui","Analysis Failed","Analisis gagal","","20","high","","",""
"buildAnalysis.buildIntentStatusNotConfiguredText","buildAnalysis","ui","Analysis Not Configured","Analisis belum dikonfigurasi","","30","medium","","",""
"buildAnalysis.buildIntentStatusManualText","buildAnalysis","ui","Using Manual Settings","Memakai pengaturan manual","","28","medium","","",""
"buildAnalysis.intentUserNoteCounterTemplate","buildAnalysis","ui","{count} / {max} characters","{count} / {max} karakter","","","medium","","",""
"buildAnalysis.intentGoalUnspecified","buildAnalysis","ui","Unspecified","Tidak ditentukan","","15","medium","","",""
"buildAnalysis.intentGoalScoring","buildAnalysis","ui","Scoring","Mencetak gol","","12","medium","","",""
"buildAnalysis.intentGoalDribbling","buildAnalysis","ui","Dribbling","Dribel","","12","medium","","",""
"buildAnalysis.intentGoalPassing","buildAnalysis","ui","Passing / Chance Creation","Umpan / penciptaan peluang","","","medium","","",""
"buildAnalysis.intentGoalSpeed","buildAnalysis","ui","Speed","Kecepatan","","12","medium","","",""
"buildAnalysis.intentGoalPossession","buildAnalysis","ui","Ball Possession","Penguasaan bola","","20","medium","","",""
"buildAnalysis.intentGoalPhysical","buildAnalysis","ui","Physical","Fisik","","12","medium","","",""
"buildAnalysis.intentGoalAerial","buildAnalysis","ui","Aerial","Duel udara","","12","medium","","",""
"buildAnalysis.intentGoalDefense","buildAnalysis","ui","Defense","Pertahanan","","12","medium","","",""
"buildAnalysis.intentGoalPress","buildAnalysis","ui","Press","Pressing","","12","medium","","",""
"buildAnalysis.intentGoalCounter","buildAnalysis","ui","Counter-Attack","Serangan balik","","19","medium","","",""
"buildAnalysis.intentGoalBalance","buildAnalysis","ui","Balance","Seimbang","","12","medium","","",""
"buildAnalysis.intentGoalOther","buildAnalysis","ui","Other","Lainnya","","12","medium","","",""
"buildAnalysis.intentReflectionHeading","buildAnalysis","ui","How Your Input Is Reflected","Bagaimana input Anda diterapkan","","36","medium","","",""
"buildAnalysis.intentReflectionUnspecifiedToggleLabel","buildAnalysis","ui","See other unspecified items","Lihat item lain yang tidak ditentukan","","36","medium","","",""
"buildAnalysis.intentReflectionFieldPrimaryGoal","buildAnalysis","ui","Central Analysis Goal","Sasaran utama analisis","","28","medium","","",""
"buildAnalysis.intentReflectionFieldPosition","buildAnalysis","ui","Intended Position","Posisi yang dimaksud","","23","medium","","",""
"buildAnalysis.intentReflectionFieldPriorityGroups","buildAnalysis","ui","Priority Areas","Area prioritas","","19","medium","","",""
"buildAnalysis.intentReflectionFieldLowerPriorityGroups","buildAnalysis","ui","Lower-Priority Areas","Area prioritas rendah","","26","medium","","",""
"buildAnalysis.intentReflectionFieldAvoidOverinvestmentGroups","buildAnalysis","ui","Areas to Avoid Overinvesting In","Area yang dihindari dari investasi berlebih","","","medium","","",""
"buildAnalysis.intentReflectionFieldIntentionallyIgnoredGroups","buildAnalysis","ui","Excluded From This Evaluation","Dikecualikan dari evaluasi ini","","","medium","","",""
"buildAnalysis.intentReflectionFieldComparisonTarget","buildAnalysis","ui","Comparison Intent","Tujuan perbandingan","","23","medium","","",""
"buildAnalysis.intentReflectionFieldFreeText","buildAnalysis","ui","Build Intent","Maksud build","","16","medium","","",""
"buildAnalysis.intentReflectionFieldStrengthsToPreserve","buildAnalysis","ui","Strengths to preserve","Kekuatan yang dipertahankan","","28","medium","","",""
"buildAnalysis.intentReflectionStatusUsed","buildAnalysis","ui","Used in Analysis","Dipakai dalam analisis","","21","medium","","",""
"buildAnalysis.intentReflectionStatusReferenceOnly","buildAnalysis","ui","Reference Only","Hanya referensi","","19","medium","","",""
"buildAnalysis.intentReflectionStatusDisplayOnly","buildAnalysis","ui","Displayed Only, Not Analyzed","Hanya ditampilkan, tidak dianalisis","","","medium","","",""
"buildAnalysis.intentReflectionStatusNotSpecified","buildAnalysis","ui","Not Specified","Tidak ditentukan","","17","medium","","",""
"buildAnalysis.intentReflectionStatusLimitedByData","buildAnalysis","ui","Limited by Missing Data","Terbatas karena data kurang","","30","medium","","",""
"buildAnalysis.intentAlignmentLabel","buildAnalysis","ui","Intent Alignment","Kesesuaian dengan tujuan","","21","medium","","",""
"buildAnalysis.intentAlignmentHigh","buildAnalysis","ui","High","Tinggi","","12","medium","","",""
"buildAnalysis.intentAlignmentMostlyAligned","buildAnalysis","ui","Mostly Aligned","Sebagian besar sesuai","","19","medium","","",""
"buildAnalysis.intentAlignmentPartiallyAligned","buildAnalysis","ui","Partially Aligned","Sesuai sebagian","","23","medium","","",""
"buildAnalysis.intentAlignmentPoorlyAligned","buildAnalysis","ui","Poorly Aligned","Kurang sesuai","","19","medium","","",""
"buildAnalysis.intentAlignmentInsufficientInformation","buildAnalysis","ui","Insufficient Information","Informasi tidak cukup","","32","medium","","",""
"buildAnalysis.generalEvaluationHeading","buildAnalysis","ui","General Build Evaluation","Evaluasi build umum","","32","medium","","",""
"buildAnalysis.intentEvaluationHeading","buildAnalysis","ui","Evaluation Against Your Intent","Evaluasi terhadap tujuan Anda","","39","medium","","",""
"buildAnalysis.intentEvaluationEmptyGuidance","buildAnalysis","ui","Select a primary goal or priority areas to evaluate how well this build matches your intent.","Pilih sasaran utama atau area prioritas untuk menilai seberapa sesuai build ini dengan tujuan Anda.","","","medium","","",""
"buildAnalysis.intentConclusionHeading","buildAnalysis","ui","Conclusion","Kesimpulan","","13","medium","","",""
"buildAnalysis.intentAlignedHeading","buildAnalysis","ui","Achievements Aligned with Your Intent","Hasil yang sesuai dengan tujuan Anda","","49","medium","","",""
"buildAnalysis.intentMisalignmentHeading","buildAnalysis","ui","Clear Mismatches With Your Intent","Ketidaksesuaian jelas dengan tujuan Anda","","43","medium","","",""
"buildAnalysis.intentOverinvestmentHeading","buildAnalysis","ui","Possible Overinvestment for This Intent","Kemungkinan investasi berlebih untuk tujuan ini","","51","medium","","",""
"buildAnalysis.intentAcceptableLowHeading","buildAnalysis","ui","Not a Concern for This Use Case","Bukan masalah untuk penggunaan ini","","41","medium","","",""
"buildAnalysis.intentNotAProblemHeading","buildAnalysis","ui","Areas Not Treated as a Problem for This Use Case","Area yang tidak dianggap masalah untuk penggunaan ini","","63","medium","","",""
"buildAnalysis.intentComparisonHeading","buildAnalysis","ui","Fit vs Other Builds for This Card","Kecocokan vs build lain untuk kartu ini","","43","medium","","",""
"buildAnalysis.intentImprovementHeading","buildAnalysis","ui","Improvement Priorities for This Intent","Prioritas perbaikan untuk tujuan ini","","50","medium","","",""
"buildAnalysis.intentFinalHeading","buildAnalysis","ui","Final Verdict","Penilaian akhir","","17","medium","","",""
"buildAnalysis.intentNoneText","buildAnalysis","ui","None","Tidak ada","","12","medium","","",""
"buildAnalysis.buildIntentEvidenceHeading","buildAnalysis","ui","Text That Supports This Reading","Teks yang mendukung hasil baca ini","","41","medium","","",""
"buildAnalysis.intentContextTemplate","buildAnalysis","ui","a build aimed at {goal}","build yang menyasar {goal}","","30","medium","","",""
"buildAnalysis.intentContextWithPositionTemplate","buildAnalysis","ui","a build aimed at {goal} as {position}","build yang menyasar {goal} sebagai {position}","","","medium","","",""
"buildAnalysis.intentConclusionWithIssueTemplate","buildAnalysis","ui","Conclusion: This is {context}, but {issue}","Kesimpulan: Ini adalah {context}, tetapi {issue}","","","medium","","",""
"buildAnalysis.intentConclusionNoIssueTemplate","buildAnalysis","ui","Conclusion: This is {context}, and allocation to your priority areas is broadly aligned with your intent.","Kesimpulan: Ini adalah {context}, dan alokasi ke area prioritas Anda secara umum sesuai dengan tujuan Anda.","","","medium","","",""
"buildAnalysis.intentConclusionIssueNotReflectedTemplate","buildAnalysis","ui","allocation to {category}, which relates to your primary goal, is not reflected yet.","alokasi ke {category}, yang terkait dengan sasaran utama Anda, belum tercermin.","","","medium","","",""
"buildAnalysis.intentConclusionIssueUnderprioritizedTemplate","buildAnalysis","ui","allocation to {category}, which relates to your primary goal, is weaker than your other priority areas.","alokasi ke {category}, yang terkait dengan sasaran utama Anda, lebih lemah daripada area prioritas lainnya.","","","medium","","",""
"buildAnalysis.intentConclusionIssueAvoidOverinvestmentTemplate","buildAnalysis","ui","allocation to {category}, which you asked not to overinvest in, has become large.","alokasi ke {category}, yang Anda minta agar tidak berlebihan, menjadi besar.","","","medium","","",""
"buildAnalysis.intentConclusionIssueOverinvestmentTemplate","buildAnalysis","ui","allocation to {category}, which isn't a priority, has become large.","alokasi ke {category}, yang bukan prioritas, menjadi besar.","","","medium","","",""
"buildAnalysis.intentConclusionAlignmentHigh","buildAnalysis","ui","The allocation priority matches your intent well.","Prioritas alokasi sangat sesuai dengan tujuan Anda.","","","medium","","",""
"buildAnalysis.intentConclusionAlignmentMostlyAligned","buildAnalysis","ui","The allocation priority is broadly aligned with your intent.","Prioritas alokasi secara umum sesuai dengan tujuan Anda.","","","medium","","",""
"buildAnalysis.intentConclusionAlignmentPartiallyAligned","buildAnalysis","ui","The allocation priority isn't fully aligned with your intent.","Prioritas alokasi belum sepenuhnya sesuai dengan tujuan Anda.","","","medium","","",""
"buildAnalysis.intentConclusionAlignmentPoorlyAligned","buildAnalysis","ui","The allocation priority is significantly off from your intent.","Prioritas alokasi cukup jauh dari tujuan Anda.","","","medium","","",""
"buildAnalysis.intentConclusionAlignmentInsufficientInformation","buildAnalysis","ui","With the current data, it isn't possible to fully judge whether the allocation priority matches your intent.","Dengan data saat ini, belum dapat dinilai sepenuhnya apakah prioritas alokasi sesuai dengan tujuan Anda.","","","medium","","",""
"buildAnalysis.intentConclusionAlignmentAndImprovementTemplate","buildAnalysis","ui","{alignment} The top improvement candidate is {category}.","{alignment} Kandidat perbaikan teratas adalah {category}.","","","medium","","",""
"buildAnalysis.intentAlignedGroupStronglyWithAbilitiesTemplate","buildAnalysis","ui","{categories} were marked as priority areas, and related abilities — including {abilityList} — have actually improved, aligning well with your intent.","{categories} ditandai sebagai area prioritas, dan atribut terkait — termasuk {abilityList} — benar-benar meningkat, sangat sesuai dengan tujuan Anda.","","","medium","","",""
"buildAnalysis.intentAlignedGroupStronglyTemplate","buildAnalysis","ui","{categories} were marked as priority areas and are being strengthened as allocated, aligning well with your intent.","{categories} ditandai sebagai area prioritas dan diperkuat sesuai alokasi, sangat sesuai dengan tujuan Anda.","","","medium","","",""
"buildAnalysis.intentAlignedGroupMostlyWithAbilitiesTemplate","buildAnalysis","ui","{categories} were marked as priority areas, and related abilities — including {abilityList} — show confirmed improvement, broadly aligning with your intent.","{categories} ditandai sebagai area prioritas, dan atribut terkait — termasuk {abilityList} — terkonfirmasi meningkat, secara umum sesuai dengan tujuan Anda.","","","medium","","",""
"buildAnalysis.intentAlignedGroupMostlyTemplate","buildAnalysis","ui","{categories} were marked as priority areas and broadly align with your intent.","{categories} ditandai sebagai area prioritas dan secara umum sesuai dengan tujuan Anda.","","","medium","","",""
"buildAnalysis.intentAlignedNoneText","buildAnalysis","ui","No priority area can currently be described as clearly aligned with your intent.","Saat ini belum ada area prioritas yang dapat disebut jelas sesuai dengan tujuan Anda.","","","medium","","",""
"buildAnalysis.intentMisalignmentNoneText","buildAnalysis","ui","No allocation currently stands out as significantly off from your intent.","Saat ini tidak ada alokasi yang menonjol jauh dari tujuan Anda.","","","medium","","",""
"buildAnalysis.intentNotAProblemNoneText","buildAnalysis","ui","No areas are marked as lower priority.","Tidak ada area yang ditandai sebagai prioritas rendah.","","","medium","","",""
"buildAnalysis.intentAbilityDeltaItemTemplate","buildAnalysis","ui","{ability}{delta}","{ability}{delta}","","21","medium","","",""
"buildAnalysis.intentAbilityListSeparator","buildAnalysis","ui",", ",", ","","12","medium","","",""
"buildAnalysis.intentFindingPriorityNotReflected","buildAnalysis","ui","You marked {category} as a priority, but there's currently no allocation to it. Check whether the priorities match your intent.","Anda menandai {category} sebagai prioritas, tetapi saat ini belum ada alokasi ke sana. Periksa apakah prioritas sesuai dengan tujuan Anda.","","","medium","","",""
"buildAnalysis.intentFindingPriorityUnderprioritized","buildAnalysis","ui","There is allocation to your priority area, {category}, but it's lower than your other priority areas, making it too weak to serve as the main focus for your intent.","Ada alokasi ke area prioritas Anda, {category}, tetapi lebih rendah daripada area prioritas lainnya, sehingga terlalu lemah untuk menjadi fokus utama tujuan Anda.","","","medium","","",""
"buildAnalysis.intentFindingPriorityInsufficientData","buildAnalysis","ui","Allocation to {category} is present, but ability data is insufficient, so its fit with your intent can't be judged.","Ada alokasi ke {category}, tetapi data atribut tidak cukup, sehingga kecocokannya dengan tujuan Anda tidak dapat dinilai.","","","medium","","",""
"buildAnalysis.intentFindingPrimaryGoalReflected","buildAnalysis","ui","For a balance-focused intent, the allocation isn't concentrated on a specific area.","Untuk tujuan yang berfokus pada keseimbangan, alokasi tidak terpusat pada area tertentu.","","","medium","","",""
"buildAnalysis.intentFindingPrimaryGoalMismatch","buildAnalysis","ui","For a balance-focused intent, allocation to {category} stands out disproportionately.","Untuk tujuan yang berfokus pada keseimbangan, alokasi ke {category} menonjol tidak proporsional.","","","medium","","",""
"buildAnalysis.intentFindingLowerPriorityLowAllocationGood","buildAnalysis","ui","Allocation to {category} is low, but since you marked it as lower priority for this intent, it isn't treated as a major concern.","Alokasi ke {category} rendah, tetapi karena Anda menandainya sebagai prioritas rendah untuk tujuan ini, hal ini tidak dianggap masalah besar.","","","medium","","",""
"buildAnalysis.intentAcceptableLowOnlyTemplate","buildAnalysis","ui","{categories} are marked as lower priority, so they aren't treated as a major concern for this use case.","{categories} ditandai sebagai prioritas rendah, jadi tidak dianggap masalah besar untuk penggunaan ini.","","","medium","","",""
"buildAnalysis.intentAcceptableExcludedOnlyTemplate","buildAnalysis","ui","{categories} are marked as excluded from this evaluation, so this low allocation isn't treated as a major concern.","{categories} ditandai sebagai dikecualikan dari evaluasi ini, jadi alokasi yang rendah ini tidak dianggap masalah besar.","","","medium","","",""
"buildAnalysis.intentAcceptableLowAndExcludedTemplate","buildAnalysis","ui","{lowCategories} are marked as lower priority. {excludedCategories} are excluded from this evaluation, so these low allocations aren't treated as a major concern.","{lowCategories} ditandai sebagai prioritas rendah. {excludedCategories} dikecualikan dari evaluasi ini, jadi alokasi yang rendah ini tidak dianggap masalah besar.","","","medium","","",""
"buildAnalysis.intentFindingNearComplete","buildAnalysis","ui","The allocation aligned with your intent is nearly complete, with few points remaining.","Alokasi yang sesuai dengan tujuan Anda hampir selesai, dengan sedikit poin tersisa.","","","medium","","",""
"buildAnalysis.intentFindingSpreadNotAProblem","buildAnalysis","ui","Allocation spans {count} areas, but since it is centered on your priority areas, this does not indicate an unclear purpose.","Alokasi mencakup {count} area, tetapi karena berpusat pada area prioritas Anda, hal ini tidak menunjukkan tujuan yang tidak jelas.","","","medium","","",""
"buildAnalysis.intentFindingOverinvestmentOutsidePriorityNormal","buildAnalysis","ui","Allocation to {category} (notably {ability}), which isn't a priority, has become a large share. Whether this should take precedence over your intent is worth rechecking.","Alokasi ke {category} (terutama {ability}), yang bukan prioritas, menjadi porsi besar. Sebaiknya periksa ulang apakah ini perlu didahulukan di atas tujuan Anda.","","","medium","","",""
"buildAnalysis.intentFindingOverinvestmentOutsidePriorityHarsh","buildAnalysis","ui","{category} isn't one of your priority areas, yet related abilities such as {ability} were already high before training (avg. around {baseAverage}) and received heavy additional allocation. Whether this is really necessary for your intent is worth rechecking.","{category} bukan area prioritas Anda, tetapi atribut terkait seperti {ability} sudah tinggi sebelum progresi (rata-rata sekitar {baseAverage}) dan menerima alokasi tambahan besar. Sebaiknya periksa ulang apakah ini benar-benar diperlukan untuk tujuan Anda.","","","medium","","",""
"buildAnalysis.intentFindingGoalAuxiliaryOnly","buildAnalysis","ui","Press and counter-attack have limited evaluable scope from a single saved build's ability values alone. Treat this analysis as supplementary reference only.","Pressing dan serangan balik memiliki cakupan evaluasi terbatas jika hanya dari nilai atribut satu build tersimpan. Anggap analisis ini hanya sebagai referensi tambahan.","","","medium","","",""
"buildAnalysis.intentFindingInsufficientAbilityData","buildAnalysis","ui","Ability data is insufficient, so this intent-fit assessment is limited.","Data atribut tidak cukup, jadi penilaian kecocokan tujuan ini terbatas.","","","medium","","",""
"buildAnalysis.intentFindingPriorityCountMany","buildAnalysis","ui","With {count} priority areas selected, a focused, intent-specific evaluation becomes limited.","Dengan {count} area prioritas dipilih, evaluasi yang terfokus pada tujuan menjadi terbatas.","","","medium","","",""
"buildAnalysis.intentFindingPriorityCountAll","buildAnalysis","ui","Every ability area is marked as a priority, so a per-intent priority ranking can't be determined.","Semua area atribut ditandai sebagai prioritas, jadi urutan prioritas per tujuan tidak dapat ditentukan.","","","medium","","",""
"buildAnalysis.intentFindingLowerPriorityCountMost","buildAnalysis","ui","With {count} areas marked as lower priority, there isn't enough remaining basis to judge what should be prioritized.","Dengan {count} area ditandai sebagai prioritas rendah, tidak ada cukup dasar tersisa untuk menilai apa yang harus diutamakan.","","","medium","","",""
"buildAnalysis.intentComparisonCurrentCloserTemplate","buildAnalysis","ui","The current build may be closer to this intent than ""{siblingName}"".","Build saat ini mungkin lebih dekat dengan tujuan ini daripada ""{siblingName}"".","","","medium","","",""
"buildAnalysis.intentComparisonCurrentCloserDetailedTemplate","buildAnalysis","ui","The current build may be closer to this intent than ""{siblingName}"", with higher ability in priority areas including {abilityList}.","Build saat ini mungkin lebih dekat dengan tujuan ini daripada ""{siblingName}"", dengan atribut lebih tinggi di area prioritas termasuk {abilityList}.","","","medium","","",""
"buildAnalysis.intentComparisonOtherCloserTemplate","buildAnalysis","ui","""{siblingName}"" may be closer to this intent.","""{siblingName}"" mungkin lebih dekat dengan tujuan ini.","","","medium","","",""
"buildAnalysis.intentComparisonOtherCloserDetailedTemplate","buildAnalysis","ui","""{siblingName}"" may be closer to this intent, with higher ability in priority areas including {abilityList}.","""{siblingName}"" mungkin lebih dekat dengan tujuan ini, dengan atribut lebih tinggi di area prioritas termasuk {abilityList}.","","","medium","","",""
"buildAnalysis.intentComparisonSimilarTemplate","buildAnalysis","ui","The difference from ""{siblingName}"" is small, so it isn't clear which is closer to this intent.","Perbedaan dengan ""{siblingName}"" kecil, jadi tidak jelas mana yang lebih dekat dengan tujuan ini.","","","medium","","",""
"buildAnalysis.intentComparisonSimilarWithGroupsTemplate","buildAnalysis","ui","The final ability difference from ""{siblingName}"" in {categories} is small, so differentiation as a {goal} build is still insufficient. You'll need to decide where in your priority areas to create a clear difference.","Perbedaan atribut akhir dengan ""{siblingName}"" pada {categories} kecil, jadi diferensiasi sebagai build {goal} masih kurang. Anda perlu memutuskan di area prioritas mana perbedaan yang jelas akan dibuat.","","","medium","","",""
"buildAnalysis.intentComparisonConditionDiffersTemplate","buildAnalysis","ui","Comparison conditions differ from ""{siblingName}"", so a simple intent-fit comparison isn't possible.","Kondisi perbandingan berbeda dengan ""{siblingName}"", jadi perbandingan kecocokan tujuan secara sederhana tidak dapat dilakukan.","","","medium","","",""
"buildAnalysis.intentComparisonInsufficientDataTemplate","buildAnalysis","ui","Ability data for ""{siblingName}"" is insufficient, so an intent-fit comparison isn't possible.","Data atribut untuk ""{siblingName}"" tidak cukup, jadi perbandingan kecocokan tujuan tidak dapat dilakukan.","","","medium","","",""
"buildAnalysis.intentTopIssueNotReflectedTemplate","buildAnalysis","ui","The top priority is to actually allocate to {category}, which you marked as a priority.","Prioritas utama adalah benar-benar mengalokasikan ke {category}, yang Anda tandai sebagai prioritas.","","","medium","","",""
"buildAnalysis.intentTopIssueUnderprioritizedTemplate","buildAnalysis","ui","The top priority is to recheck allocation to {category} so it can serve as a main focus on par with your other priority areas.","Prioritas utama adalah memeriksa ulang alokasi ke {category} agar dapat menjadi fokus utama setara dengan area prioritas lainnya.","","","medium","","",""
"buildAnalysis.intentTopIssueAvoidOverinvestmentTemplate","buildAnalysis","ui","The top priority is to hold back allocation to {category}, which you asked not to overinvest in.","Prioritas utama adalah menahan alokasi ke {category}, yang Anda minta agar tidak berlebihan.","","","medium","","",""
"buildAnalysis.intentTopIssueOverinvestmentTemplate","buildAnalysis","ui","The top priority is to recheck allocation to {category}.","Prioritas utama adalah memeriksa ulang alokasi ke {category}.","","","medium","","",""
"buildAnalysis.intentTopIssueNoneTemplate","buildAnalysis","ui","No major changes are needed for the current allocation.","Tidak perlu perubahan besar pada alokasi saat ini.","","","medium","","",""
"buildAnalysis.intentPreserveTemplate","buildAnalysis","ui","The ability gains achieved in {category} are a strength of this build — keep them.","Peningkatan atribut yang dicapai di {category} adalah kekuatan build ini — pertahankan.","","","medium","","",""
"buildAnalysis.intentPreserveNoneTemplate","buildAnalysis","ui","No standout strength to preserve is clear at this time.","Saat ini belum jelas ada kekuatan menonjol yang perlu dipertahankan.","","","medium","","",""
"buildAnalysis.intentStateSecondary","buildAnalysis","ui","Secondary Priority","Prioritas kedua","","24","medium","","",""
"buildAnalysis.buildIntentStatusConfirmedModifiedText","buildAnalysis","ui","Using your edited version of the reading","Memakai versi hasil baca yang Anda edit","","","high","","",""
"buildAnalysis.intentReflectionFieldSecondaryPriorityGroups","buildAnalysis","ui","Secondary priority areas","Area prioritas kedua","","32","medium","","",""
"buildAnalysis.intentConclusionIssueSecondaryNotReflectedTemplate","buildAnalysis","ui","Allocation to {category}, which you marked as a secondary priority, is not reflected yet.","Alokasi ke {category}, yang Anda tandai sebagai prioritas kedua, belum tercermin.","","","medium","","",""
"buildAnalysis.intentConclusionIssuePriorityInversionTemplate","buildAnalysis","ui","Allocation to {category}, a secondary priority, has exceeded your top priority areas.","Alokasi ke {category}, sebuah prioritas kedua, telah melampaui area prioritas utama Anda.","","","medium","","",""
"buildAnalysis.intentTopIssueSecondaryNotReflectedTemplate","buildAnalysis","ui","The next thing to consider is allocating to {category}, your secondary priority.","Hal berikutnya yang perlu dipertimbangkan adalah alokasi ke {category}, prioritas kedua Anda.","","","medium","","",""
"buildAnalysis.intentTopIssuePriorityInversionTemplate","buildAnalysis","ui","The top priority is to recheck the balance between {category} (a secondary priority) and your top priority areas.","Prioritas utama adalah memeriksa ulang keseimbangan antara {category} (prioritas kedua) dan area prioritas utama Anda.","","","medium","","",""
"buildAnalysis.intentFindingSecondaryNotReflected","buildAnalysis","ui","You marked {category} as a secondary priority, but the current allocation does not reflect it yet.","Anda menandai {category} sebagai prioritas kedua, tetapi alokasi saat ini belum mencerminkannya.","","","medium","","",""
"buildAnalysis.intentFindingSecondaryPriorityInversion","buildAnalysis","ui","Allocation to {category} (secondary priority, {level}) exceeds your top priority allocation ({maxLevel}). Consider rechecking the priority order.","Alokasi ke {category} (prioritas kedua, {level}) melampaui alokasi prioritas utama Anda ({maxLevel}). Pertimbangkan untuk memeriksa ulang urutan prioritas.","","","medium","","",""
"buildAnalysis.intentFindingSecondaryPriorityInversionReview","buildAnalysis","ui","Allocation to {category} (secondary priority, {level}) is slightly above your top priority allocation ({maxLevel}). Since your top priority areas still show ability gains, this isn't treated as a clear mismatch — just check whether the allocation matches your intent.","Alokasi ke {category} (prioritas kedua, {level}) sedikit di atas alokasi prioritas utama Anda ({maxLevel}). Karena area prioritas utama Anda masih menunjukkan peningkatan atribut, ini tidak dianggap ketidaksesuaian yang jelas — cukup periksa apakah alokasinya sesuai dengan tujuan Anda.","","","medium","","",""
"buildAnalysis.intentConfirmationHeading","buildAnalysis","ui","Priority Order to Confirm","Urutan prioritas yang perlu dikonfirmasi","","33","high","","",""
"buildAnalysis.intentSecondaryHeading","buildAnalysis","ui","Secondary priority achievements","Hasil prioritas kedua","","41","medium","","",""
"buildAnalysis.intentSecondaryAlignedWithAbilitiesTemplate","buildAnalysis","ui","{categories} were marked as a secondary priority, and gains in {abilityList} are confirmed. This isn't the primary goal, but it's a supporting result that matches your intent.","{categories} ditandai sebagai prioritas kedua, dan peningkatan pada {abilityList} terkonfirmasi. Ini bukan sasaran utama, tetapi merupakan hasil pendukung yang sesuai dengan tujuan Anda.","","","medium","","",""
"buildAnalysis.intentSecondaryAlignedTemplate","buildAnalysis","ui","{categories} are allocated as a secondary priority.","{categories} dialokasikan sebagai prioritas kedua.","","","medium","","",""
"buildAnalysis.intentSecondaryInsufficientDataTemplate","buildAnalysis","ui","You marked {categories} as a secondary priority, but current ability data isn't enough to confirm the result.","Anda menandai {categories} sebagai prioritas kedua, tetapi data atribut saat ini tidak cukup untuk memastikan hasilnya.","","","medium","","",""
"buildAnalysis.intentPreserveSecondaryTemplate","buildAnalysis","ui","{category} shows a confirmed secondary strength that matches your intent.","{category} menunjukkan kekuatan pendukung yang terkonfirmasi dan sesuai dengan tujuan Anda.","","","medium","","",""
"buildAnalysis.intentPreserveUnconfirmedTemplate","buildAnalysis","ui","You asked to preserve {category}, but current ability data alone isn't enough to confirm it as a clear strength.","Anda meminta untuk mempertahankan {category}, tetapi data atribut saat ini saja tidak cukup untuk memastikannya sebagai kekuatan yang jelas.","","","high","","",""
"buildAnalysis.buildIntentManualNotice","buildAnalysis","ui","This analysis uses the intent settings you entered manually.","Analisis ini menggunakan pengaturan tujuan yang Anda masukkan secara manual.","","","medium","","",""
"buildAnalysis.buildIntentConfirmedModifiedNotice","buildAnalysis","ui","This evaluation uses your edited version of the reading.","Evaluasi ini menggunakan versi hasil baca yang Anda edit.","","","high","","",""
"buildAnalysis.buildIntentStaleUsingPreviousNotice","buildAnalysis","ui","This evaluation is based on the previously confirmed build intent. Your latest free text hasn't been re-analyzed yet.","Evaluasi ini berdasarkan maksud build yang dikonfirmasi sebelumnya. Teks bebas terbaru Anda belum dianalisis ulang.","","","medium","","",""
"buildAnalysis.intentReflectionSourceLabel","buildAnalysis","ui","Source used for this analysis","Sumber yang dipakai untuk analisis ini","","38","medium","","",""
"buildAnalysis.buildIntentSourceAiConfirmedLabel","buildAnalysis","ui","Confirmed reading","Hasil baca yang dikonfirmasi","","23","high","","",""
"buildAnalysis.buildIntentSourceAiModifiedLabel","buildAnalysis","ui","Reading, edited by you","Hasil baca, diedit oleh Anda","","29","medium","","",""
"buildAnalysis.buildIntentSourceManualLabel","buildAnalysis","ui","Fully manual settings","Pengaturan manual sepenuhnya","","28","medium","","",""
"buildAnalysis.buildIntentSourceStaleLabel","buildAnalysis","ui","Outdated reading","Hasil baca usang","","21","medium","","",""
"buildAnalysis.buildIntentSourceNotConfiguredLabel","buildAnalysis","ui","Analysis not configured","Analisis belum dikonfigurasi","","30","medium","","",""
"buildAnalysis.buildIntentSourceGeneralOnlyLabel","buildAnalysis","ui","General analysis only","Hanya analisis umum","","28","medium","","",""
"buildAnalysis.buildIntentMethodNotice","buildAnalysis","ui","Standard Analysis (Rule-Based) — not sent to an external AI service, no additional AI fees apply.","Analisis standar (berbasis aturan) — tidak dikirim ke layanan AI eksternal, tanpa biaya AI tambahan.","","","medium","","",""
"buildAnalysis.comparisonSummaryHeading","buildAnalysis","ui","Comparison summary","Ringkasan perbandingan","","24","medium","","",""
"buildAnalysis.comparisonTargetBadgeLabel","buildAnalysis","ui","Selected comparison target","Pembanding yang dipilih","","34","medium","","",""
"buildAnalysis.comparisonTargetNotFoundText","buildAnalysis","ui","The build you selected as a comparison target can't be found. It may have been deleted, or it may belong to a different card.","Build yang Anda pilih sebagai pembanding tidak ditemukan. Mungkin sudah dihapus, atau milik kartu lain.","","","medium","","",""
"buildAnalysis.comparisonDetailsToggleLabel","buildAnalysis","ui","View comparison details","Lihat detail perbandingan","","30","medium","","",""
"buildAnalysis.comparisonPurposeClosenessLabel","buildAnalysis","ui","Purpose closeness","Kedekatan tujuan","","23","medium","","",""
"buildAnalysis.comparisonPurposeDiffLabel","buildAnalysis","ui","Purpose-area difference","Perbedaan di area tujuan","","30","medium","","",""
"buildAnalysis.comparisonMajorDiffLabel","buildAnalysis","ui","Main differences","Perbedaan utama","","21","medium","","",""
"buildAnalysis.comparisonDifferentiationLabel","buildAnalysis","ui","Differentiation","Diferensiasi","","20","medium","","",""
"buildAnalysis.comparisonRecommendationLabel","buildAnalysis","ui","Recommendation","Rekomendasi","","19","medium","","",""
"buildAnalysis.comparisonOverallSimilarityLabel","buildAnalysis","ui","Overall similarity","Kemiripan keseluruhan","","24","medium","","",""
"buildAnalysis.comparisonPurposeSimilaritySamePurposeText","buildAnalysis","ui","Very close","Sangat dekat","","13","medium","","",""
"buildAnalysis.comparisonPurposeSimilarityClosePurposeText","buildAnalysis","ui","Mostly close","Cukup dekat","","16","medium","","",""
"buildAnalysis.comparisonPurposeSimilarityDifferentPurposeText","buildAnalysis","ui","Clearly different","Jelas berbeda","","23","medium","","",""
"buildAnalysis.comparisonPurposeSimilarityNotSetText","buildAnalysis","ui","Not determinable (no goal set)","Tidak dapat ditentukan (sasaran belum diatur)","","","medium","","",""
"buildAnalysis.comparisonPurposeSimilarityUnknownText","buildAnalysis","ui","Can't be determined","Tidak dapat ditentukan","","25","medium","","",""
"buildAnalysis.comparisonPurposeDiffVerySmallText","buildAnalysis","ui","Very small","Sangat kecil","","13","medium","","",""
"buildAnalysis.comparisonPurposeDiffSmallText","buildAnalysis","ui","Small","Kecil","","12","medium","","",""
"buildAnalysis.comparisonPurposeDiffSomeText","buildAnalysis","ui","Some difference","Ada perbedaan","","20","medium","","",""
"buildAnalysis.comparisonPurposeDiffClearText","buildAnalysis","ui","Clear difference","Perbedaan jelas","","21","medium","","",""
"buildAnalysis.comparisonPurposeDiffInsufficientDataText","buildAnalysis","ui","Insufficient data","Data tidak cukup","","23","medium","","",""
"buildAnalysis.comparisonDifferentiationWellText","buildAnalysis","ui","Clearly differentiated for the goal","Terdiferensiasi jelas untuk sasaran","","","medium","","",""
"buildAnalysis.comparisonDifferentiationPartialText","buildAnalysis","ui","Partially differentiated","Terdiferensiasi sebagian","","32","medium","","",""
"buildAnalysis.comparisonDifferentiationLimitedText","buildAnalysis","ui","Differentiation is limited","Diferensiasi terbatas","","","medium","","",""
"buildAnalysis.comparisonDifferentiationNotAssessableText","buildAnalysis","ui","Can't be assessed","Tidak dapat dinilai","","23","medium","","",""
"buildAnalysis.comparisonOverallVerySimilarText","buildAnalysis","ui","Very similar","Sangat mirip","","16","medium","","",""
"buildAnalysis.comparisonOverallSimilarText","buildAnalysis","ui","Similar","Mirip","","12","medium","","",""
"buildAnalysis.comparisonOverallPartiallyDifferentText","buildAnalysis","ui","Partially different","Berbeda sebagian","","25","medium","","",""
"buildAnalysis.comparisonOverallClearlyDifferentText","buildAnalysis","ui","Clearly different","Jelas berbeda","","23","medium","","",""
"buildAnalysis.comparisonOverallUnknownText","buildAnalysis","ui","Can't be confirmed","Tidak dapat dipastikan","","24","medium","","",""
"buildAnalysis.comparisonGeneralOnlyNoticeText","buildAnalysis","ui","No training goal is set, so this compares the overall ability composition instead.","Belum ada tujuan progresi yang diatur, jadi yang dibandingkan adalah komposisi atribut keseluruhan.","","","medium","","",""
"buildAnalysis.comparisonInsufficientAbilityDataText","buildAnalysis","ui","Required ability data is missing, so this build can't be compared.","Data atribut yang diperlukan tidak ada, jadi build ini tidak dapat dibandingkan.","","","medium","","",""
"buildAnalysis.comparisonPartiallyComparableGeneralOnlyText","buildAnalysis","ui","A detailed purpose-fit comparison isn't available for this pair. Showing a general ability comparison only.","Perbandingan kecocokan tujuan yang mendetail tidak tersedia untuk pasangan ini. Hanya menampilkan perbandingan atribut umum.","","","medium","","",""
"buildAnalysis.comparisonMajorDiffCurrentHigherTemplate","buildAnalysis","ui","{ability}: this build is +{diff} higher","{ability}: build ini +{diff} lebih tinggi","","","medium","","",""
"buildAnalysis.comparisonMajorDiffOtherHigherTemplate","buildAnalysis","ui","{ability}: the comparison target is +{diff} higher","{ability}: pembanding +{diff} lebih tinggi","","","medium","","",""
"buildAnalysis.comparisonNoMajorDiffText","buildAnalysis","ui","Purpose-relevant abilities are nearly equal.","Atribut yang relevan dengan tujuan hampir sama.","","","medium","","",""
"buildAnalysis.comparisonRecommendationMaintainText","buildAnalysis","ui","Keeping the current role split is fine.","Pembagian peran saat ini sudah baik untuk dipertahankan.","","","medium","","",""
"buildAnalysis.comparisonRecommendationDifferentiateTemplate","buildAnalysis","ui","Consider differentiating in {category}.","Pertimbangkan diferensiasi pada {category}.","","","medium","","",""
"buildAnalysis.comparisonRecommendationSetPurposeText","buildAnalysis","ui","Check the comparison target setting to review the purpose-fit comparison for this pair.","Periksa pengaturan pembanding untuk meninjau perbandingan kecocokan tujuan pasangan ini.","","","medium","","",""
"buildAnalysis.comparisonRecommendationInsufficientDataText","buildAnalysis","ui","A recommendation isn't available due to insufficient ability data.","Rekomendasi tidak tersedia karena data atribut tidak cukup.","","","medium","","",""
"buildAnalysis.comparisonRecommendationNotComparableText","buildAnalysis","ui","A recommendation isn't available because this build can't be compared.","Rekomendasi tidak tersedia karena build ini tidak dapat dibandingkan.","","","medium","","",""
"buildAnalysis.comparisonRecommendationGeneralOnlyText","buildAnalysis","ui","Set a training goal to see a purpose-based comparison and recommendation.","Atur tujuan progresi untuk melihat perbandingan dan rekomendasi berbasis tujuan.","","","medium","","",""
"buildAnalysis.comparisonDetailUsedPointsLabel","buildAnalysis","ui","Used points","Poin terpakai","","15","medium","","",""
"buildAnalysis.comparisonDetailRemainingPointsLabel","buildAnalysis","ui","Remaining points","Poin tersisa","","21","medium","","",""
"buildAnalysis.comparisonDetailOvrLabel","buildAnalysis","ui","Saved-time estimated OVR","Estimasi OVR saat disimpan","","32","medium","","",""
"buildAnalysis.comparisonDetailAllocationDiffLabel","buildAnalysis","ui","Training allocation difference","Perbedaan alokasi progresi","","39","medium","","",""
"buildAnalysis.comparisonDetailAbilityDiffLabel","buildAnalysis","ui","Final ability difference","Perbedaan atribut akhir","","32","medium","","",""
"buildAnalysis.comparisonDetailCurrentHigherLabel","buildAnalysis","ui","Abilities higher on this build","Atribut lebih tinggi di build ini","","39","medium","","",""
"buildAnalysis.comparisonDetailOtherHigherLabel","buildAnalysis","ui","Abilities higher on the comparison target","Atribut lebih tinggi di pembanding","","54","medium","","",""
"buildAnalysis.comparisonDetailNoDiffText","buildAnalysis","ui","No differences","Tidak ada perbedaan","","19","medium","","",""
"buildAnalysis.comparisonDetailLimitationsLabel","buildAnalysis","ui","Comparison limitations","Batasan perbandingan","","29","medium","","",""
"buildAnalysis.diagnosisCardHeading","buildAnalysis","ui","Diagnosis card","Kartu diagnosis","","19","medium","","",""
"buildAnalysis.diagnosisCardShowLabel","buildAnalysis","ui","Show card","Tampilkan kartu","","12","medium","","",""
"buildAnalysis.diagnosisCardHideLabel","buildAnalysis","ui","Hide card","Sembunyikan kartu","","12","medium","","",""
"buildAnalysis.diagnosisCardGuidanceNoIntentText","buildAnalysis","ui","Confirm a training goal to see the goal-based diagnosis card.","Konfirmasi tujuan progresi untuk melihat kartu diagnosis berbasis tujuan.","","","medium","","",""
"buildAnalysis.diagnosisCardPendingChangesNotice","buildAnalysis","ui","There are unconfirmed changes. This card reflects the last confirmed settings.","Ada perubahan yang belum dikonfirmasi. Kartu ini mencerminkan pengaturan terakhir yang dikonfirmasi.","","","medium","","",""
"buildAnalysis.diagnosisCardAlignmentLabel","buildAnalysis","ui","Purpose fit","Kecocokan tujuan","","15","medium","","",""
"buildAnalysis.diagnosisCardAlignmentHighText","buildAnalysis","ui","Well aligned","Sangat sesuai","","16","medium","","",""
"buildAnalysis.diagnosisCardAlignmentMostlyText","buildAnalysis","ui","Mostly aligned","Sebagian besar sesuai","","19","medium","","",""
"buildAnalysis.diagnosisCardAlignmentPartiallyText","buildAnalysis","ui","Partially misaligned","Sebagian tidak sesuai","","26","medium","","",""
"buildAnalysis.diagnosisCardAlignmentPoorlyText","buildAnalysis","ui","Clearly misaligned","Jelas tidak sesuai","","24","medium","","",""
"buildAnalysis.diagnosisCardAlignmentAbilityDataText","buildAnalysis","ui","Ability data insufficient","Data atribut tidak cukup","","","medium","","",""
"buildAnalysis.diagnosisCardAlignmentNeedsConfirmationText","buildAnalysis","ui","Needs confirmation","Perlu konfirmasi","","24","high","","",""
"buildAnalysis.diagnosisCardHeadlineInsufficientAbilityDataTemplate","buildAnalysis","ui","Purpose fit for the {goal} build can't be confirmed because ability data is insufficient.","Kecocokan tujuan untuk build {goal} tidak dapat dipastikan karena data atribut tidak cukup.","","","medium","","",""
"buildAnalysis.diagnosisCardHeadlineWellAlignedNormalTemplate","buildAnalysis","ui","Your {goal} goal is reflected in the ability composition.","Sasaran {goal} Anda tercermin dalam komposisi atribut.","","","medium","","",""
"buildAnalysis.diagnosisCardHeadlineWellAlignedHarshTemplate","buildAnalysis","ui","This build's allocation matches its {goal} goal well.","Alokasi build ini sangat sesuai dengan sasaran {goal}.","","","medium","","",""
"buildAnalysis.diagnosisCardHeadlineWellAlignedImprovementNormalTemplate","buildAnalysis","ui","Your {goal} goal is mostly reflected, though {category} is worth a look.","Sasaran {goal} Anda sebagian besar tercermin, meskipun {category} layak ditinjau.","","","medium","","",""
"buildAnalysis.diagnosisCardHeadlineWellAlignedImprovementHarshTemplate","buildAnalysis","ui","This build is mostly aligned with its {goal} goal, but the {category} allocation is worth reconsidering.","Build ini sebagian besar sesuai dengan sasaran {goal}, tetapi alokasi {category} layak dipertimbangkan ulang.","","","medium","","",""
"buildAnalysis.diagnosisCardHeadlineClearIssueNormalTemplate","buildAnalysis","ui","For your {goal} goal, the {category} allocation may be worth reconsidering.","Untuk sasaran {goal} Anda, alokasi {category} mungkin layak dipertimbangkan ulang.","","","medium","","",""
"buildAnalysis.diagnosisCardHeadlineClearIssueHarshTemplate","buildAnalysis","ui","As a {goal} build, the {category} allocation should be reconsidered.","Sebagai build {goal}, alokasi {category} sebaiknya dipertimbangkan ulang.","","","medium","","",""
"buildAnalysis.diagnosisCardHeadlineConfirmationNormalTemplate","buildAnalysis","ui","For your {goal} goal, please check whether the {category} allocation is intentional.","Untuk sasaran {goal} Anda, periksa apakah alokasi {category} memang disengaja.","","","high","","",""
"buildAnalysis.diagnosisCardHeadlineConfirmationHarshTemplate","buildAnalysis","ui","As a {goal} build, whether the {category} allocation is intentional needs to be confirmed.","Sebagai build {goal}, perlu dipastikan apakah alokasi {category} memang disengaja.","","","high","","",""
"buildAnalysis.diagnosisCardHeadlineNeedsReviewNormalTemplate","buildAnalysis","ui","The allocation for your {goal} goal may be worth reviewing again.","Alokasi untuk sasaran {goal} Anda mungkin layak ditinjau lagi.","","","medium","","",""
"buildAnalysis.diagnosisCardHeadlineNeedsReviewHarshTemplate","buildAnalysis","ui","As a {goal} build, the overall allocation is worth reconsidering.","Sebagai build {goal}, alokasi secara keseluruhan layak dipertimbangkan ulang.","","","medium","","",""
"buildAnalysis.achievementsHeading","buildAnalysis","ui","Key results","Hasil utama","","15","medium","","",""
"buildAnalysis.diagnosisCardNoAchievementsText","buildAnalysis","ui","No clear results matching the goal have been confirmed yet.","Belum ada hasil jelas yang sesuai dengan sasaran yang terkonfirmasi.","","","medium","","",""
"buildAnalysis.concernHeading","buildAnalysis","ui","Biggest concern","Kekhawatiran terbesar","","20","medium","","",""
"buildAnalysis.diagnosisCardConcernInsufficientDataText","buildAnalysis","ui","Some purpose-fit checks can't be confirmed because ability data is insufficient.","Sebagian pemeriksaan kecocokan tujuan tidak dapat dipastikan karena data atribut tidak cukup.","","","medium","","",""
"buildAnalysis.diagnosisCardConcernNoneText","buildAnalysis","ui","No major issues have been found for this goal.","Tidak ditemukan masalah besar untuk sasaran ini.","","","medium","","",""
"buildAnalysis.preserveHighlightHeading","buildAnalysis","ui","Strength to keep","Kekuatan yang dipertahankan","","21","medium","","",""
"buildAnalysis.diagnosisCardPreserveUnconfirmedText","buildAnalysis","ui","You intended to keep this strength, but it can't yet be confirmed from the current ability values alone.","Anda ingin mempertahankan kekuatan ini, tetapi belum dapat dipastikan hanya dari nilai atribut saat ini.","","","high","","",""
"buildAnalysis.imageSaveButtonLabel","buildAnalysis","ui","Save as image","Simpan sebagai gambar","","17","medium","","",""
"buildAnalysis.imageSaveButtonAriaLabel","buildAnalysis","accessibility","Save the diagnosis as an image","Simpan diagnosis sebagai gambar","","39","high","","",""
"buildAnalysis.imagePreviewHeading","buildAnalysis","ui","Image preview","Pratinjau gambar","","17","medium","","",""
"buildAnalysis.imageOrientationLabel","buildAnalysis","ui","Image orientation","Orientasi gambar","","23","medium","","",""
"buildAnalysis.imageOrientationPortraitLabel","buildAnalysis","ui","Portrait","Potret","","12","medium","","",""
"buildAnalysis.imageOrientationLandscapeLabel","buildAnalysis","ui","Landscape","Lanskap","","12","medium","","",""
"buildAnalysis.imageModeGroupAriaLabel","buildAnalysis","accessibility","Image normal/harsh switch","Pengalih gambar normal/blak-blakan","","33","high","","",""
"buildAnalysis.imageSaveConfirmLabel","buildAnalysis","ui","Save PNG","Simpan PNG","","12","high","","",""
"buildAnalysis.imageGeneratingText","buildAnalysis","ui","Generating image…","Membuat gambar…","","23","medium","","",""
"buildAnalysis.imageSuccessText","buildAnalysis","ui","PNG image saved","Gambar PNG disimpan","","20","medium","","",""
"buildAnalysis.imageFailedText","buildAnalysis","ui","Couldn't generate the image. Please try again.","Gagal membuat gambar. Silakan coba lagi.","","","high","","",""
"buildAnalysis.imagePendingChangesBlockedText","buildAnalysis","ui","Analyze with the updated settings before saving the image.","Analisis dengan pengaturan terbaru sebelum menyimpan gambar.","","","medium","","",""
"buildAnalysis.imageNormalDiagnosisLabel","buildAnalysis","ui","Normal diagnosis","Diagnosis normal","","21","medium","","",""
"buildAnalysis.imageHarshDiagnosisLabel","buildAnalysis","ui","Harsh diagnosis","Diagnosis blak-blakan","","20","medium","","",""
"buildAnalysis.imageFooterText","buildAnalysis","ui","Based on confirmed analysis settings.","Berdasarkan pengaturan analisis yang dikonfirmasi.","","","medium","","",""
"buildAnalysis.savedIntentHeading","buildAnalysis","ui","Save status","Status penyimpanan","","15","medium","","",""
"buildAnalysis.savedIntentStatusSaved","buildAnalysis","ui","Saved","Tersimpan","","12","medium","","",""
"buildAnalysis.savedIntentStatusUnsaved","buildAnalysis","ui","Not saved","Belum disimpan","","12","medium","","",""
"buildAnalysis.savedIntentSaveGroupAriaLabel","buildAnalysis","accessibility","Training intent save actions","Aksi penyimpanan tujuan progresi","","37","high","","",""
"buildAnalysis.savedIntentSavingText","buildAnalysis","ui","Saving…","Menyimpan…","","12","medium","","",""
"buildAnalysis.savedIntentSaveButtonLabel","buildAnalysis","ui","Save training intent","Simpan tujuan progresi","","26","medium","","",""
"buildAnalysis.savedIntentUpdateButtonLabel","buildAnalysis","ui","Update saved intent","Perbarui tujuan tersimpan","","25","medium","","",""
"buildAnalysis.savedIntentRevertToSavedLabel","buildAnalysis","ui","Revert to saved settings","Kembali ke pengaturan tersimpan","","32","medium","","",""
"buildAnalysis.savedIntentDeleteConfirmText","buildAnalysis","ui","This removes the training intent saved to this build. The training allocation and the saved build itself are not deleted.","Ini menghapus tujuan progresi yang tersimpan di build ini. Alokasi progresi dan build tersimpan itu sendiri tidak dihapus.","","","high","","",""
"buildAnalysis.savedIntentDeleteOnlyLabel","buildAnalysis","ui","Delete intent only","Hapus tujuan saja","","24","high","","",""
"buildAnalysis.savedIntentDeleteCancelLabel","buildAnalysis","ui","Cancel","Batal","","12","high","","",""
"buildAnalysis.savedIntentDeletingText","buildAnalysis","ui","Deleting…","Menghapus…","","12","medium","","",""
"buildAnalysis.savedIntentDeleteButtonLabel","buildAnalysis","ui","Delete saved intent","Hapus tujuan tersimpan","","25","high","","",""
"buildAnalysis.savedIntentUnsavedNoticeText","buildAnalysis","ui","This training intent hasn't been saved yet.","Tujuan progresi ini belum disimpan.","","","medium","","",""
"buildAnalysis.savedIntentNoConfirmedIntentText","buildAnalysis","ui","Confirm a training goal to be able to save it.","Konfirmasi tujuan progresi agar dapat menyimpannya.","","","high","","",""
"buildAnalysis.savedIntentUpToDateText","buildAnalysis","ui","Using the saved training intent.","Memakai tujuan progresi yang tersimpan.","","","medium","","",""
"buildAnalysis.savedIntentDivergedText","buildAnalysis","ui","The current analysis settings differ from the saved training intent.","Pengaturan analisis saat ini berbeda dari tujuan progresi yang tersimpan.","","","medium","","",""
"buildAnalysis.savedIntentPendingChangesText","buildAnalysis","ui","There are unconfirmed changes. Press ""Analyze with this goal"" before saving.","Ada perubahan yang belum dikonfirmasi. Tekan ""Analisis dengan tujuan ini"" sebelum menyimpan.","","","medium","","",""
"buildAnalysis.savedIntentSaveSuccessText","buildAnalysis","ui","Training intent saved.","Tujuan progresi disimpan.","","29","medium","","",""
"buildAnalysis.savedIntentSaveFailedText","buildAnalysis","ui","Couldn't save the training intent. Please try again.","Gagal menyimpan tujuan progresi. Silakan coba lagi.","","","high","","",""
"buildAnalysis.savedIntentDeleteFailedText","buildAnalysis","ui","Couldn't delete the training intent. Please try again.","Gagal menghapus tujuan progresi. Silakan coba lagi.","","","high","","",""
"buildAnalysis.savedIntentPresetUnresolvedText","buildAnalysis","ui","The previously saved training goal preset can't be found. Only the saved detailed settings were restored.","Preset tujuan progresi yang disimpan sebelumnya tidak ditemukan. Hanya pengaturan detail tersimpan yang dipulihkan.","","","medium","","",""
"buildAnalysis.savedIntentComparisonTargetMissingText","buildAnalysis","ui","The saved comparison target can't be found, so it was restored with no comparison target.","Pembanding yang tersimpan tidak ditemukan, jadi dipulihkan tanpa pembanding.","","","medium","","",""
"worldPlayerSearchCard.disabledAriaTemplate","worldPlayerSearchCard","accessibility","{name} ({identity}) {reason}","{name} ({identity}) {reason}","","","high","","",""
"worldPlayerSearchCard.enabledAriaTemplate","worldPlayerSearchCard","accessibility","{action} {name} ({identity})","{action} {name} ({identity})","","","high","","",""
"worldPlayerSearchCard.cannotAddFallback","worldPlayerSearchCard","ui","cannot be added","tidak dapat ditambahkan","","20","medium","","",""
"worldPlayerSearchCard.ovrTooltip","worldPlayerSearchCard","ui","The card's overall OVR as saved (not position-specific)","OVR keseluruhan kartu seperti yang disimpan (bukan per posisi)","","","medium","","",""
"worldPlayerSearchCard.noEnglishName","worldPlayerSearchCard","ui","(No English name)","(Tanpa nama bahasa Inggris)","","23","medium","","",""
"worldPlayerSearchCard.maxOvrLabel","worldPlayerSearchCard","ui","Max {value}","Maks {value}","","15","medium","","",""
"worldPlayerSearchCard.levelCapLabel","worldPlayerSearchCard","ui","Lv cap {value}","Batas Lv {value}","","19","medium","","",""
"worldPlayerSearchCard.noTeamInfo","worldPlayerSearchCard","ui","No team / nationality info","Tanpa info tim / kebangsaan","","","medium","","",""
"worldPlayerSearchCard.pomTooltip","worldPlayerSearchCard","ui","Power of Many (gold, depends on Game Plan; not automatically applied to standard values in any mode)","Power of Many (emas, bergantung pada Game Plan; tidak otomatis diterapkan ke nilai standar di mode apa pun)","","","medium","","",""
"worldPlayerSearchCard.fixedProvisionalTooltip","worldPlayerSearchCard","ui","Fixed-type (estimated): the effect content is externally cross-verified. Applied provisionally as fixed-type to standard values since there is no concrete evidence it's Power of Many.","Tipe tetap (perkiraan): isi efeknya diverifikasi silang secara eksternal. Diterapkan sementara sebagai tipe tetap ke nilai standar karena tidak ada bukti konkret bahwa ini Power of Many.","","","medium","","",""
"worldPlayerSearchCard.fixedTooltip","worldPlayerSearchCard","ui","Fixed-type (blue, applied to standard values under standard mode)","Tipe tetap (biru, diterapkan ke nilai standar dalam mode standar)","","","medium","","",""
"worldPlayerSearchCard.unresolvedTooltip","worldPlayerSearchCard","ui","Attached booster whose activation method and effect could not be confirmed (not added to standard values)","Booster terpasang yang cara aktivasi dan efeknya tidak dapat dikonfirmasi (tidak ditambahkan ke nilai standar)","","","medium","","",""
"worldPlayerSearchCard.pomChipTemplate","worldPlayerSearchCard","ui","Power of Many {nameEn} max +{level}","Power of Many {nameEn} maks +{level}","","","medium","","",""
"worldPlayerSearchCard.fixedProvisionalChipTemplate","worldPlayerSearchCard","ui","{nameEn} +{level} (fixed-type estimate)","{nameEn} +{level} (perkiraan tipe tetap)","","","medium","","",""
"worldPlayerSearchCard.fixedChipTemplate","worldPlayerSearchCard","ui","{nameEn} +{level} (fixed-type)","{nameEn} +{level} (tipe tetap)","","","medium","","",""
"worldPlayerSearchCard.unresolvedChip","worldPlayerSearchCard","ui","Unresolved booster","Booster belum terkonfirmasi","","24","medium","","",""
"worldPlayerSearchCard.noAttachedBoosters","worldPlayerSearchCard","ui","No attached boosters","Tanpa booster terpasang","","26","medium","","",""
"worldPlayerSearchCard.detailLink","worldPlayerSearchCard","ui","Detail","Detail","","12","medium","","",""
"worldPlayerSearchCard.detailNewTabSuffix","worldPlayerSearchCard","ui"," (new tab)"," (tab baru)","","13","medium","","",""
"worldPlayerSearchCard.unknownCardType","worldPlayerSearchCard","ui","Unknown card type","Tipe kartu tidak diketahui","","23","medium","","",""
"worldPlayerSearchCard.unknownPosition","worldPlayerSearchCard","ui","Unknown position","Posisi tidak diketahui","","21","medium","","",""
"worldPlayerSearchCard.maxOvrTemplate","worldPlayerSearchCard","ui","Max OVR {value}","OVR maks {value}","","20","medium","","",""
"worldPlayerSearchCard.noOvrInfoLabel","worldPlayerSearchCard","ui","No OVR info","Tanpa info OVR","","15","medium","","",""
"worldPlayerSearchCard.cardImageAltTemplate","worldPlayerSearchCard","ui","{name} {cardType} card image","Gambar kartu {cardType} {name}","","","medium","","",""
"addPlayerSearch.selectCardHeadingTemplate","addPlayerSearch","ui","Select a card to add for {slot}","Pilih kartu yang akan ditambahkan untuk {slot}","","","medium","","",""
"addPlayerSearch.closeButton","addPlayerSearch","ui","Close","Tutup","","12","medium","","",""
"addPlayerSearch.maxPlayersNoteTemplate","addPlayerSearch","ui","Compare supports a maximum of {max} players. Remove one before adding another.","Perbandingan mendukung maksimal {max} pemain. Hapus satu sebelum menambahkan yang lain.","","","medium","","",""
"addPlayerSearch.searchPlaceholder","addPlayerSearch","ui","Search by player name, World ID, or position...","Cari nama pemain, World ID, atau posisi...","","62","medium","","",""
"addPlayerSearch.searchAriaLabelTemplate","addPlayerSearch","accessibility","Search for a player to add for {slot}","Cari pemain yang akan ditambahkan untuk {slot}","","","high","","",""
"addPlayerSearch.duplicateNote","addPlayerSearch","ui","The same card (matching World ID) cannot be added twice. Different cards of the same player (different World ID) can still be compared. Order: name match → highest max OVR.","Kartu yang sama (World ID sama) tidak dapat ditambahkan dua kali. Kartu berbeda dari pemain yang sama (World ID berbeda) tetap dapat dibandingkan. Urutan: nama cocok → OVR maks. tertinggi.","","","medium","","",""
"addPlayerSearch.minLengthPromptTemplate","addPlayerSearch","ui","Enter a player name, World ID, or position ({min}+ characters).","Masukkan nama pemain, World ID, atau posisi (minimal {min} karakter).","","","medium","","",""
"addPlayerSearch.tooShortTemplate","addPlayerSearch","ui","Enter {remaining} more character(s) (to avoid listing all cards at once).","Masukkan {remaining} karakter lagi (agar tidak menampilkan semua kartu sekaligus).","","","medium","","",""
"addPlayerSearch.searchFailedError","addPlayerSearch","ui","Could not search for players.","Tidak dapat mencari pemain.","","","high","","",""
"addPlayerSearch.retryButton","addPlayerSearch","ui","Retry","Coba lagi","","12","medium","","",""
"addPlayerSearch.noResults","addPlayerSearch","ui","No cards match your criteria.","Tidak ada kartu yang cocok dengan kriteria Anda.","","","medium","","",""
"addPlayerSearch.resultCountTemplate","addPlayerSearch","ui","{count} result(s)","{count} hasil","","23","medium","","",""
"addPlayerSearch.addingLabel","addPlayerSearch","ui","Adding…","Menambahkan…","","12","medium","","",""
"addPlayerSearch.addToSlotTemplate","addPlayerSearch","ui","Add for {slot}","Tambahkan untuk {slot}","","19","medium","","",""
"addPlayerSearch.alreadyAddedReason","addPlayerSearch","ui","Already added to compare","Sudah ditambahkan ke perbandingan","","32","medium","","",""
"addPlayerSearch.processingReason","addPlayerSearch","ui","Adding in progress","Sedang menambahkan","","24","medium","","",""
"addPlayerSearch.addFailedError","addPlayerSearch","ui","Could not add this player to compare. Please try again.","Tidak dapat menambahkan pemain ini ke perbandingan. Silakan coba lagi.","","","high","","",""
"playerSearchPanel.searchAriaLabel","playerSearchPanel","accessibility","Search for a player to add to the squad","Cari pemain untuk ditambahkan ke skuad","","51","high","","",""
"playerSearchPanel.duplicateNotePrefix","playerSearchPanel","ui","The same card cannot be placed twice. Different cards of the same player (different World ID) can still be added.","Kartu yang sama tidak dapat ditempatkan dua kali. Kartu lain dari pemain yang sama (World ID berbeda) tetap bisa ditambahkan.","","","medium","","",""
"playerSearchPanel.sortNoteWithPositionTemplate","playerSearchPanel","ui"," Order: name match → {position} match → highest OVR."," Urutan: kecocokan nama → kecocokan {position} → OVR tertinggi.","","","medium","","",""
"playerSearchPanel.sortNoteDefault","playerSearchPanel","ui"," Order: name match → highest OVR."," Urutan: kecocokan nama → OVR tertinggi.","","","medium","","",""
"playerSearchPanel.placedLabel","playerSearchPanel","ui","Placed","Ditempatkan","","12","medium","","",""
"playerSearchPanel.placedWithLocationTemplate","playerSearchPanel","ui","Placed: {where}","Ditempatkan: {where}","","20","medium","","",""
"formationSelect.ariaLabel","formationSelect","accessibility","Select formation","Pilih formasi","","21","high","","",""
"squadTemplatesBoard.pageTitle","squadTemplatesBoard","metadata","Squad templates","Template skuad","","20","medium","","",""
"squadTemplatesBoard.pageDescription","squadTemplatesBoard","metadata","Save a formation and player placement (including free-placement coordinates) as a template to use as the starting point for new squads. Templates are stored only in this device's browser (localStorage), separately from your regular squads.","Simpan formasi dan penempatan pemain (termasuk koordinat penempatan bebas) sebagai template untuk titik awal skuad baru. Template hanya disimpan di browser perangkat ini (localStorage), terpisah dari skuad biasa Anda.","","","medium","","",""
"squadTemplatesBoard.scopeLoadingMessage","squadTemplatesBoard","ui","Checking your account…","Memeriksa akun Anda…","","29","medium","","",""
"squadTemplatesBoard.storageUnavailableHeading","squadTemplatesBoard","ui","Templates cannot be saved in this environment","Template tidak dapat disimpan di lingkungan ini","","59","medium","","",""
"squadTemplatesBoard.storageUnavailableNote","squadTemplatesBoard","ui","This browser cannot use localStorage (e.g. private browsing mode).","Browser ini tidak dapat menggunakan localStorage (misalnya mode penjelajahan pribadi).","","","medium","","",""
"squadTemplatesBoard.backToSquadListLink","squadTemplatesBoard","ui","← Back to squad list","← Kembali ke daftar skuad","","26","medium","","",""
"squadTemplatesBoard.createEmptyHeading","squadTemplatesBoard","ui","Create an empty template (formation only)","Buat template kosong (hanya formasi)","","54","medium","","",""
"squadTemplatesBoard.createEmptyNote","squadTemplatesBoard","ui","A ""full template"" that includes players can be created from any squad's ""Save as template"" in the squad list (free-placement coordinates are saved too).","""Template lengkap"" yang berisi pemain dapat dibuat dari ""Simpan sebagai template"" pada skuad mana pun di daftar skuad (koordinat penempatan bebas juga disimpan).","","","medium","","",""
"squadTemplatesBoard.templateNameLabel","squadTemplatesBoard","ui","Template name","Nama template","","17","medium","","",""
"squadTemplatesBoard.newTemplateNameAria","squadTemplatesBoard","accessibility","New template name","Nama template baru","","23","high","","",""
"squadTemplatesBoard.formationLabel","squadTemplatesBoard","ui","Formation","Formasi","","12","medium","","",""
"squadTemplatesBoard.createButton","squadTemplatesBoard","ui","Create","Buat","","12","medium","","",""
"squadTemplatesBoard.defaultEmptyTemplateName","squadTemplatesBoard","ui","Empty template","Template kosong","","19","medium","","",""
"squadTemplatesBoard.templatesHeadingTemplate","squadTemplatesBoard","ui","Templates{countSuffix}","Template{countSuffix}","","29","medium","","",""
"squadTemplatesBoard.templatesCountSuffixTemplate","squadTemplatesBoard","ui"," ({count})"," ({count})","","13","medium","","",""
"squadTemplatesBoard.loadingText","squadTemplatesBoard","ui","Loading…","Memuat…","","12","medium","","",""
"squadTemplatesBoard.noTemplatesNote","squadTemplatesBoard","ui","There are no templates yet.","Belum ada template.","","","medium","","",""
"squadTemplatesBoard.emptyTypeBadge","squadTemplatesBoard","ui","Empty","Kosong","","12","medium","","",""
"squadTemplatesBoard.fullTypeBadge","squadTemplatesBoard","ui","Full","Lengkap","","12","medium","","",""
"squadTemplatesBoard.customPlacementBadge","squadTemplatesBoard","ui","Custom placement","Penempatan kustom","","21","medium","","",""
"squadTemplatesBoard.startersTemplate","squadTemplatesBoard","ui","Starters {count}/11","Inti {count}/11","","25","medium","","",""
"squadTemplatesBoard.benchTemplate","squadTemplatesBoard","ui","Bench {count}","Cadangan {count}","","17","medium","","",""
"squadTemplatesBoard.hasManagerLabel","squadTemplatesBoard","ui","Has manager","Ada manajer","","15","medium","","",""
"squadTemplatesBoard.noManagerLabel","squadTemplatesBoard","ui","No manager","Tanpa manajer","","13","medium","","",""
"squadTemplatesBoard.createFromTemplateButton","squadTemplatesBoard","ui","Create from this template","Buat dari template ini","","33","medium","","",""
"squadTemplatesBoard.renameButton","squadTemplatesBoard","ui","Rename","Ganti nama","","12","medium","","",""
"squadTemplatesBoard.deleteButton","squadTemplatesBoard","ui","Delete","Hapus","","12","high","","",""
"squadTemplatesBoard.newSquadNamePrompt","squadTemplatesBoard","ui","New squad name","Nama skuad baru","","19","medium","","",""
"squadTemplatesBoard.templateNamePrompt","squadTemplatesBoard","ui","Template name","Nama template","","17","medium","","",""
"squadTemplatesBoard.deleteConfirmTemplate","squadTemplatesBoard","ui","This will delete the template ""{name}"" (only this template — squads already created from it are not affected).","Ini akan menghapus template ""{name}"" (hanya template ini — skuad yang sudah dibuat darinya tidak terpengaruh).","","","high","","",""
"squadTemplatesBoard.deleteConfirmButton","squadTemplatesBoard","ui","Delete","Hapus","","12","high","","",""
"squadTemplatesBoard.cancelDeleteButton","squadTemplatesBoard","ui","Cancel","Batal","","12","high","","",""
"squadTemplatesBoard.backToSquadListButton","squadTemplatesBoard","ui","Back to squad list","Kembali ke daftar skuad","","24","medium","","",""
"slotPlayerPanel.slotSuffix","slotPlayerPanel","ui","slot","slot","","12","medium","","",""
"slotPlayerPanel.movingCancelButton","slotPlayerPanel","ui","Selecting move destination… Cancel","Memilih tujuan pindah… Batal","","45","medium","","",""
"slotPlayerPanel.emptySlotNote","slotPlayerPanel","ui","This slot is empty.","Slot ini kosong.","","25","medium","","",""
"slotPlayerPanel.addPlayerButton","slotPlayerPanel","ui","+ Add player","+ Tambah pemain","","16","medium","","",""
"slotPlayerPanel.placementRoleLabel","slotPlayerPanel","ui","Placement role: ","Peran penempatan: ","","21","medium","","",""
"slotPlayerPanel.autoInferredTemplate","slotPlayerPanel","ui"," (auto-inferred: {role} / manually overridden)"," (disimpulkan otomatis: {role} / diubah manual)","","","medium","","",""
"slotPlayerPanel.suitabilityLabelTemplate","slotPlayerPanel","ui","Player suitability: {label} (registered {position})","Kecocokan pemain: {label} (terdaftar {position})","","","medium","","",""
"slotPlayerPanel.adjustPositionButton","slotPlayerPanel","ui","Adjust position","Sesuaikan posisi","","20","medium","","",""
"slotPlayerPanel.roleLabel","slotPlayerPanel","ui","Role","Peran","","12","medium","","",""
"slotPlayerPanel.roleAriaLabelTemplate","slotPlayerPanel","accessibility","Placement role for {position}","Peran penempatan untuk {position}","","","high","","",""
"slotPlayerPanel.autoRoleOptionTemplate","slotPlayerPanel","ui","Auto ({role})","Otomatis ({role})","","17","medium","","",""
"slotPlayerPanel.baseToDisplayedOvrPrefixTemplate","slotPlayerPanel","ui","Base OVR {base} → Displayed OVR ","OVR dasar {base} → OVR ditampilkan ","","","medium","","",""
"slotPlayerPanel.estimateNote","slotPlayerPanel","ui"," (estimate, under verification)"," (estimasi, sedang diverifikasi)","","","medium","","",""
"slotPlayerPanel.progressionDeltaTemplate","slotPlayerPanel","ui","Progression {delta}","Progresi {delta}","","25","medium","","",""
"slotPlayerPanel.playerBoosterDeltaTemplate","slotPlayerPanel","ui","Player booster (standard-applied, incl. presumed-fixed) {delta}","Booster pemain (diterapkan standar, termasuk yang diduga tetap) {delta}","","","medium","","",""
"slotPlayerPanel.managerDeltaTemplate","slotPlayerPanel","ui","Manager {delta}","Manajer {delta}","","20","medium","","",""
"slotPlayerPanel.cannotProgressNote","slotPlayerPanel","ui","This card cannot be progressed (max level).","Kartu ini tidak dapat diprogresikan (level maksimum).","","","medium","","",""
"slotPlayerPanel.attachedBoosterSlotTemplate","slotPlayerPanel","ui","Attached {slot}:","Terpasang {slot}:","","21","medium","","",""
"slotPlayerPanel.powerOfManyNote","slotPlayerPanel","ui","Gold, variable (Game Plan-dependent) — not reflected in team totals","Emas, variabel (tergantung Game Plan) — tidak tercermin dalam total tim","","","medium","","",""
"slotPlayerPanel.verifiedScreenTemplate","slotPlayerPanel","ui","Measured on a reference screen{fixedNote} — reflected in team","Diukur pada layar referensi{fixedNote} — tercermin dalam tim","","","medium","","",""
"slotPlayerPanel.externalVerifiedTemplate","slotPlayerPanel","ui","Externally cross-verified (not KONAMI-confirmed){fixedNote} — reflected in team","Diverifikasi silang secara eksternal (tidak dikonfirmasi KONAMI){fixedNote} — tercermin dalam tim","","","medium","","",""
"slotPlayerPanel.underVerificationNote","slotPlayerPanel","ui","Effect under verification — not reflected","Efek sedang diverifikasi — tidak tercermin","","","medium","","",""
"slotPlayerPanel.fixedTypeEstimateSuffix","slotPlayerPanel","ui",", presumed fixed-type",", diduga tipe tetap","","28","medium","","",""
"slotPlayerPanel.experimentalBoosterPrefix","slotPlayerPanel","ui","Experimental booster estimate (overrides attached — ","Estimasi booster eksperimental (menggantikan yang terpasang — ","","","medium","","",""
"slotPlayerPanel.experimentalBoosterTeamNote","slotPlayerPanel","ui","does not affect team totals","tidak memengaruhi total tim","","","medium","","",""
"slotPlayerPanel.experimentalBoosterSuffix","slotPlayerPanel","ui",")",")","","12","medium","","",""
"slotPlayerPanel.noBoosterOption","slotPlayerPanel","ui","None","Tidak ada","","12","medium","","",""
"slotPlayerPanel.boosterIdMismatchNote","slotPlayerPanel","ui","This card's numeric ID does not match the public booster table's numbering scheme, so it cannot be auto-detected. It is not applied to other cards.","ID numerik kartu ini tidak cocok dengan skema penomoran tabel booster publik, sehingga tidak dapat dideteksi otomatis. Ini tidak diterapkan ke kartu lain.","","","medium","","",""
"slotPlayerPanel.progressionPolicyLabel","slotPlayerPanel","ui","Progression policy","Kebijakan progresi","","24","medium","","",""
"slotPlayerPanel.buildModeAriaTemplate","slotPlayerPanel","accessibility","Progression policy for {position}","Kebijakan progresi untuk {position}","","","high","","",""
"slotPlayerPanel.savedBuildOptionTemplate","slotPlayerPanel","ui","Saved build: {name}","Build tersimpan: {name}","","25","medium","","",""
"slotPlayerPanel.savedBuildAriaTemplate","slotPlayerPanel","accessibility","Apply a saved build for {position}","Terapkan build tersimpan untuk {position}","","","high","","",""
"slotPlayerPanel.applySavedBuildOption","slotPlayerPanel","ui","Apply a saved build...","Terapkan build tersimpan...","","29","medium","","",""
"slotPlayerPanel.legacyRuleSuffix","slotPlayerPanel","ui"," (outdated rules)"," (aturan lama)","","23","medium","","",""
"slotPlayerPanel.squadBuildLabel","slotPlayerPanel","ui","Squad build:","Build skuad:","","16","medium","","",""
"slotPlayerPanel.notSetLabel","slotPlayerPanel","ui","Not set","Belum diatur","","12","medium","","",""
"slotPlayerPanel.notFoundDeletedLabel","slotPlayerPanel","ui","Not found (deleted)","Tidak ditemukan (dihapus)","","25","high","","",""
"slotPlayerPanel.chooseSavedBuildButton","slotPlayerPanel","ui","Choose a saved build","Pilih build tersimpan","","26","medium","","",""
"slotPlayerPanel.staleBuildNote","slotPlayerPanel","ui","This saved build uses outdated rules. Recalculating with current rules (allocation interpretation may change).","Build tersimpan ini memakai aturan lama. Dihitung ulang dengan aturan saat ini (interpretasi alokasi dapat berubah).","","","medium","","",""
"slotPlayerPanel.moveSwapButton","slotPlayerPanel","ui","Move / swap","Pindah / tukar","","15","medium","","",""
"slotPlayerPanel.moveToBenchButton","slotPlayerPanel","ui","To bench","Ke cadangan","","12","medium","","",""
"slotPlayerPanel.removeFromSlotButton","slotPlayerPanel","ui","Remove from slot","Keluarkan dari slot","","21","medium","","",""
"slotPlayerPanel.clearCaptainButton","slotPlayerPanel","ui","Clear captain","Hapus kapten","","17","medium","","",""
"slotPlayerPanel.setCaptainButton","slotPlayerPanel","ui","Set as captain","Jadikan kapten","","19","medium","","",""
"slotPlayerPanel.compareFullLabel","slotPlayerPanel","ui","Compare supports up to 4","Perbandingan maksimal 4","","32","medium","","",""
"slotPlayerPanel.playerDetailLink","slotPlayerPanel","ui","Player detail","Detail pemain","","17","medium","","",""
"slotPlayerPanel.progressionLinkLabel","slotPlayerPanel","ui","Progression","Progresi","","15","medium","","",""
"slotPlayerPanel.boosterSlotAriaTemplate","slotPlayerPanel","accessibility","Player booster for {position}","Booster pemain untuk {position}","","","high","","",""
"slotPlayerPanel.boosterLevelAriaTemplate","slotPlayerPanel","accessibility","Booster level for {position}","Level booster untuk {position}","","","high","","",""
"squadPitch.compatExactTitle","squadPitch","ui","Matches registered position","Sesuai posisi terdaftar","","36","medium","","",""
"squadPitch.compatRelatedTitle","squadPitch","ui","Suitability unconfirmed (nearby position)","Kecocokan belum dikonfirmasi (posisi berdekatan)","","54","medium","","",""
"squadPitch.compatUnresolvedTitle","squadPitch","ui","Suitability unconfirmed","Kecocokan belum dikonfirmasi","","30","medium","","",""
"squadPitch.compatMismatchTitle","squadPitch","ui","Possible mismatch","Kemungkinan tidak cocok","","23","medium","","",""
"squadPitch.compatEmptyTitle","squadPitch","ui","Unplaced","Belum ditempatkan","","12","medium","","",""
"squadPitch.snapLabelTemplate","squadPitch","ui","Snapped: {types}","Menempel: {types}","","21","medium","","",""
"squadPitch.freePlacementLabel","squadPitch","ui","Free placement","Penempatan bebas","","19","medium","","",""
"squadPitch.guideHorizontalLabel","squadPitch","ui","Same line","Garis sejajar","","12","medium","","",""
"squadPitch.guideCenterLabel","squadPitch","ui","Center","Tengah","","12","medium","","",""
"squadPitch.guideSymmetryLabel","squadPitch","ui","Left-right symmetry","Simetri kiri-kanan","","25","medium","","",""
"squadPitch.moveTargetPrefix","squadPitch","ui","Move target — ","Tujuan pindah — ","","19","medium","","",""
"squadPitch.moveSourcePrefix","squadPitch","ui","Moving — ","Memindahkan — ","","12","medium","","",""
"squadPitch.occupiedSlotAriaTemplate","squadPitch","accessibility","{position}: {name} ({compat})","{position}: {name} ({compat})","","","high","","",""
"squadPitch.moveTargetSwapSuffix","squadPitch","ui"," · select to swap"," · pilih untuk menukar","","23","medium","","",""
"squadPitch.emptySlotAriaTemplate","squadPitch","accessibility","{position}: Empty slot. ","{position}: Slot kosong. ","","32","high","","",""
"squadPitch.moveTargetMoveHereLabel","squadPitch","ui","Select to move here","Pilih untuk pindah ke sini","","25","medium","","",""
"squadPitch.addPlayerLabel","squadPitch","ui","Add player","Tambah pemain","","13","medium","","",""
"compareSaveBuildDialog.defaultName","compareSaveBuildDialog","ui","Progression from Compare","Progresi dari Perbandingan","","32","medium","","",""
"compareSaveBuildDialog.nameRequiredError","compareSaveBuildDialog","ui","Please enter a build name (1-60 characters).","Masukkan nama build (1-60 karakter).","","","high","","",""
"compareSaveBuildDialog.saveFailedTemplate","compareSaveBuildDialog","ui","Could not save: {error}","Tidak dapat menyimpan: {error}","","30","high","","",""
"compareSaveBuildDialog.saveErrorGeneric","compareSaveBuildDialog","ui","An error occurred while saving (localStorage may be unavailable). The compare allocation is unchanged.","Terjadi kesalahan saat menyimpan (localStorage mungkin tidak tersedia). Alokasi perbandingan tidak berubah.","","","high","","",""
"compareSaveBuildDialog.modalTitleTemplate","compareSaveBuildDialog","ui","Save progression for Player {index} {name}","Simpan progresi untuk Pemain {index} {name}","","","medium","","",""
"compareSaveBuildDialog.intro","compareSaveBuildDialog","ui","Saves this allocation as a saved build. Once saved, you can select it from player detail, My Team, and each squad editor. It is not automatically applied to existing squads.","Menyimpan alokasi ini sebagai build tersimpan. Setelah disimpan, Anda dapat memilihnya dari detail pemain, Tim Saya, dan setiap editor skuad. Build ini tidak diterapkan otomatis ke skuad yang ada.","","","medium","","",""
"compareSaveBuildDialog.allocationHeadingTemplate","compareSaveBuildDialog","ui","Progression allocation (used {used} / total {total}pt)","Alokasi progresi (terpakai {used} / total {total}pt)","","","medium","","",""
"compareSaveBuildDialog.buildNameLabel","compareSaveBuildDialog","ui","Build name","Nama build","","13","medium","","",""
"compareSaveBuildDialog.buildNameAriaLabel","compareSaveBuildDialog","accessibility","Name of the progression build to save","Nama build progresi yang akan disimpan","","49","high","","",""
"compareSaveBuildDialog.saveMethodLegend","compareSaveBuildDialog","ui","Save method","Cara menyimpan","","15","medium","","",""
"compareSaveBuildDialog.saveAsNewOption","compareSaveBuildDialog","ui","Save as a new build","Simpan sebagai build baru","","25","medium","","",""
"compareSaveBuildDialog.overwriteExistingOption","compareSaveBuildDialog","ui","Overwrite an existing saved build","Timpa build tersimpan yang ada","","","medium","","",""
"compareSaveBuildDialog.overwriteSelectAriaLabel","compareSaveBuildDialog","accessibility","Saved build to overwrite","Build tersimpan yang akan ditimpa","","32","high","","",""
"compareSaveBuildDialog.includePomLabel","compareSaveBuildDialog","ui","Include the user-specified Power of Many stage","Sertakan tahap Power of Many yang ditentukan pengguna","","60","medium","","",""
"compareSaveBuildDialog.pomCurrentTemplate","compareSaveBuildDialog","ui"," (current: {tier})"," (saat ini: {tier})","","24","medium","","",""
"compareSaveBuildDialog.pomUnspecifiedNote","compareSaveBuildDialog","ui"," (not specified for this card)"," (tidak ditentukan untuk kartu ini)","","","medium","","",""
"compareSaveBuildDialog.pomNoSpecificValue","compareSaveBuildDialog","ui","Specified","Ditentukan","","12","medium","","",""
"compareSaveBuildDialog.footnote","compareSaveBuildDialog","ui","Experimental estimates and manager settings are not included in saved builds (existing saved-build spec). Fixed boosters are resolved from card data and are not saved.","Estimasi eksperimental dan pengaturan manajer tidak disertakan dalam build tersimpan (spesifikasi build tersimpan yang ada). Booster tetap ditentukan dari data kartu dan tidak disimpan.","","","medium","","",""
"compareSaveBuildDialog.cancelButton","compareSaveBuildDialog","ui","Cancel","Batal","","12","medium","","",""
"compareSaveBuildDialog.overwriteWarningTemplate","compareSaveBuildDialog","ui","This overwrites ""{name}"" (cannot be automatically reverted to the original allocation).","Ini akan menimpa ""{name}"" (tidak dapat dikembalikan otomatis ke alokasi semula).","","","high","","",""
"compareSaveBuildDialog.overwriteSaveButton","compareSaveBuildDialog","ui","Overwrite and save","Timpa dan simpan","","24","medium","","",""
"compareSaveBuildDialog.confirmOverwriteButton","compareSaveBuildDialog","ui","Confirm overwrite","Konfirmasi timpa","","23","high","","",""
"compareSaveBuildDialog.savingButton","compareSaveBuildDialog","ui","Saving…","Menyimpan…","","12","medium","","",""
"compareSaveBuildDialog.saveButton","compareSaveBuildDialog","ui","Save","Simpan","","12","medium","","",""
"compareCategoryPreview.headingTemplate","compareCategoryPreview","ui","Abilities affected by {label} ({mode})","Atribut yang dipengaruhi {label} ({mode})","","","medium","","",""
"compareCategoryPreview.headingHint","compareCategoryPreview","ui","Pre-progression → Current (diff)","Sebelum progresi → Saat ini (selisih)","","","medium","","",""
"compareCategoryPreview.noInfoTemplate","compareCategoryPreview","ui","Player {index}: No info","Pemain {index}: Tidak ada info","","30","medium","","",""
"compareCategoryPreview.valueAriaLabelTemplate","compareCategoryPreview","accessibility","Player {index} {name} pre-progression {before} current {now} diff {diff}","Pemain {index} {name} sebelum progresi {before} saat ini {now} selisih {diff}","","","high","","",""
"compareCategoryPreview.personPrefixTemplate","compareCategoryPreview","ui","Player {index}: ","Pemain {index}: ","","21","medium","","",""
"compareCategoryPreview.diffLabelTemplate","compareCategoryPreview","ui","Player 1 − Player 2: ","Pemain 1 − Pemain 2: ","","28","medium","","",""
"compareCategoryPreview.statusLineTemplate","compareCategoryPreview","ui","Player {index} {label} Lv {level} · used {used} / remaining {remaining}pt","Pemain {index} {label} Lv {level} · terpakai {used} / tersisa {remaining}pt","","","medium","","",""
"compareCategoryPreview.footnote","compareCategoryPreview","ui","Values are the result of the existing progression calculation (calculateBuild). Fixed boosters, Power of Many, and manager corrections are included in the Standard / Post-condition mode values (expand a row in the 26-ability table to see the per-layer breakdown).","Nilai adalah hasil perhitungan progresi yang ada (calculateBuild). Booster tetap, Power of Many, dan koreksi manajer termasuk dalam nilai mode Standar / Setelah kondisi (buka baris di tabel 26 atribut untuk melihat rincian per lapisan).","","","medium","","",""
"compareRadarChart.seriesStyleSolid","compareRadarChart","ui","Solid · Circle","Garis penuh · Lingkaran","","19","medium","","",""
"compareRadarChart.seriesStyleDashedSquare","compareRadarChart","ui","Dashed · Square","Garis putus · Persegi","","20","medium","","",""
"compareRadarChart.seriesStyleDottedTriangle","compareRadarChart","ui","Dotted · Triangle","Titik-titik · Segitiga","","23","medium","","",""
"compareRadarChart.seriesStyleDashDotDiamond","compareRadarChart","ui","Dash-dot · Diamond","Garis-titik · Belah ketupat","","24","medium","","",""
"compareRadarChart.altLinePersonTemplate","compareRadarChart","ui","Player {index} {name} ({cardType}): ","Pemain {index} {name} ({cardType}): ","","","medium","","",""
"compareRadarChart.graphDisplayLabel","compareRadarChart","ui","Graph display:","Tampilan grafik:","","19","medium","","",""
"compareRadarChart.personOrdinalTemplate","compareRadarChart","ui","Player {n}","Pemain {n}","","13","medium","","",""
"compareRadarChart.showPreBuildTemplate","compareRadarChart","ui","Show pre-progression ({target})","Tampilkan sebelum progresi ({target})","","","medium","","",""
"compareRadarChart.showPreBuildFallback","compareRadarChart","ui","Selected","Dipilih","","12","medium","","",""
"compareRadarChart.chartAriaLabelTemplate","compareRadarChart","accessibility","Ability radar ({mode}, simple category average, not position-specific OVR). {altLines}","Radar atribut ({mode}, rata-rata kategori sederhana, bukan OVR per posisi). {altLines}","","","high","","",""
"compareRadarChart.legendPersonTemplate","compareRadarChart","ui","Player {index} {name} ({cardType} · {styleLabel})","Pemain {index} {name} ({cardType} · {styleLabel})","","","medium","","",""
"compareRadarChart.categoryValuesSummaryTemplate","compareRadarChart","ui","Category values (numeric, {mode})","Nilai kategori (angka, {mode})","","","medium","","",""
"compareRadarChart.playerHeader","compareRadarChart","ui","Player","Pemain","","12","medium","","",""
"compareRadarChart.managerNote","compareRadarChart","ui","Some series include manager corrections (Standard / Post-condition modes).","Sebagian seri menyertakan koreksi manajer (mode Standar / Setelah syarat).","","","medium","","",""
"comparisonTables.deltaProgressionPrefix","comparisonTables","ui","Prog","Prog","","12","medium","","",""
"comparisonTables.deltaPlayerBoosterPrefix","comparisonTables","ui","Bst","Bst","","12","medium","","",""
"comparisonTables.deltaConditionalPrefix","comparisonTables","ui","Cond","Kond","","12","medium","","",""
"comparisonTables.deltaManagerBoosterPrefix","comparisonTables","ui","Mgr","Mnj","","12","medium","","",""
"comparisonTables.rulesLabel","comparisonTables","ui","Rules: ","Aturan: ","","12","medium","","",""
"comparisonTables.estimatedOvrLabel","comparisonTables","ui","Estimated OVR (under verification): ","Perkiraan OVR (sedang diverifikasi): ","","47","medium","","",""
"comparisonTables.boosterModePrefix","comparisonTables","ui","Booster mode: ","Mode booster: ","","19","medium","","",""
"comparisonTables.boosterModeStandard","comparisonTables","ui","Standard","Standar","","12","medium","","",""
"comparisonTables.boosterModeNoteSuffix","comparisonTables","ui"," (reflects in ranking boosters cross-checked against two external sources for the card's built-in effect. Includes effects assumed to be fixed-type since there is no concrete evidence they are Power of Many. Not confirmed by KONAMI. User-specified Power of Many values and manual estimates are not included in ranking.)"," (booster yang efek bawaan kartunya dicek silang dengan dua sumber eksternal tercermin dalam peringkat. Termasuk efek yang diasumsikan bertipe tetap karena tidak ada bukti konkret bahwa itu Power of Many. Tidak dikonfirmasi KONAMI. Nilai Power of Many yang ditentukan pengguna dan perkiraan manual tidak dimasukkan ke peringkat.)","","","medium","","",""
"comparisonTables.basicInfoHeading","comparisonTables","ui","Basic Info","Info Dasar","","13","medium","","",""
"comparisonTables.itemHeader","comparisonTables","ui","Item","Item","","12","medium","","",""
"comparisonTables.positionMatchLabel","comparisonTables","ui","Position match: ","Posisi cocok: ","","21","medium","","",""
"comparisonTables.yes","comparisonTables","ui","Yes","Ya","","12","medium","","",""
"comparisonTables.no","comparisonTables","ui","No","Tidak","","12","medium","","",""
"comparisonTables.categoryHeading","comparisonTables","ui","Category Comparison","Perbandingan Kategori","","25","medium","","",""
"comparisonTables.categoryHeadingHint","comparisonTables","ui","simple total/average, not an official rating","total/rata-rata sederhana, bukan rating resmi","","","medium","","",""
"comparisonTables.categoryHeader","comparisonTables","ui","Category","Kategori","","12","medium","","",""
"comparisonTables.diffHeader","comparisonTables","ui","Diff","Selisih","","12","medium","","",""
"comparisonTables.avgTemplate","comparisonTables","ui","(avg {value})","(rata-rata {value})","","17","medium","","",""
"comparisonTables.totalRowLabel","comparisonTables","ui","Overall (simple total)","Keseluruhan (total sederhana)","","29","medium","","",""
"comparisonTables.abilitiesHeading","comparisonTables","ui","Abilities (26 items)","Atribut (26 item)","","26","medium","","",""
"comparisonTables.conditionalToggleLabel","comparisonTables","ui","Compare including user-specified conditions (reflects manual gold/variable booster stages; not auto-determined)","Bandingkan termasuk kondisi yang ditentukan pengguna (mencerminkan tahap booster emas/variabel manual; tidak ditentukan otomatis)","","145","medium","","",""
"comparisonTables.conditionalNote","comparisonTables","ui","This table shows ""post-condition"" values. This is an estimate based on stages the user specified after checking their own Game Plan — it is not a value the app auto-verified against squad composition. It is not included in the regular compare ranking (default view).","Tabel ini menampilkan nilai ""setelah kondisi"". Ini perkiraan berdasarkan tahap yang ditentukan pengguna setelah memeriksa Game Plan mereka sendiri — bukan nilai yang diverifikasi otomatis oleh aplikasi terhadap komposisi skuad. Nilai ini tidak dimasukkan ke peringkat perbandingan biasa (tampilan default).","","","medium","","",""
"comparisonTables.abilityHeader","comparisonTables","ui","Ability","Atribut","","12","medium","","",""
"comparisonTables.legendPrefix","comparisonTables","ui","Small labels: ","Label kecil: ","","19","medium","","",""
"comparisonTables.legendProgression","comparisonTables","ui","Prog = progression delta","Prog = selisih progresi","","32","medium","","",""
"comparisonTables.legendPlayerBooster","comparisonTables","ui"," / Bst = card-attached booster ("," / Bst = booster bawaan kartu (","","","medium","","",""
"comparisonTables.legendStandardMode","comparisonTables","ui","Standard mode","mode Standar","","17","medium","","",""
"comparisonTables.legendPlayerBoosterDetailSuffix","comparisonTables","ui",": 2 types measured via screenshot plus 27 types cross-checked between eFootball World and EFScout. Includes effects assumed to be fixed-type. Not confirmed by KONAMI. Excludes ones under verification or manual estimates)",": 2 jenis diukur lewat tangkapan layar ditambah 27 jenis yang dicek silang antara eFootball World dan EFScout. Termasuk efek yang diasumsikan bertipe tetap. Tidak dikonfirmasi KONAMI. Tidak termasuk yang sedang diverifikasi atau perkiraan manual)","","","medium","","",""
"comparisonTables.legendConditional","comparisonTables","ui"," / Cond = Total Package user-specified stage (shown only in ""post-condition"" view; not auto-determined)"," / Kond = tahap Total Package yang ditentukan pengguna (hanya tampil di tampilan ""setelah kondisi""; tidak ditentukan otomatis)","","","medium","","",""
"comparisonTables.legendManagerBooster","comparisonTables","ui"," / Mgr = manager booster. "," / Mnj = booster manajer. ","","","medium","","",""
"comparisonTables.legendSuffix","comparisonTables","ui","The default ranking does not include manual Total Package stages. The highest value is shown in ","Peringkat default tidak menyertakan tahap Total Package manual. Nilai tertinggi ditampilkan dengan warna ","","","medium","","",""
"comparisonTables.legendHighestColor","comparisonTables","ui","green","hijau","","12","medium","","",""
"comparisonTables.legendDisplaySuffix","comparisonTables","ui",".",".","","12","medium","","",""
"comparisonTables.skillsHeading","comparisonTables","ui","Skill Comparison","Perbandingan Skill","","21","medium","","",""
"comparisonTables.playerSkillsTitle","comparisonTables","ui","Player Skills","Skill Pemain","","17","medium","","",""
"comparisonTables.aiStylesTitle","comparisonTables","ui","AI Playing Styles","Gaya Bermain AI","","23","medium","","",""
"comparisonTables.countLabel","comparisonTables","ui","Count: ","Jumlah: ","","12","medium","","",""
"comparisonTables.sharedByAllTemplate","comparisonTables","ui","Shared by all ({count})","Dimiliki semua ({count})","","30","medium","","",""
"comparisonTables.noneLabel","comparisonTables","ui","None","Tidak ada","","12","medium","","",""
"comparisonTables.partialTitle","comparisonTables","ui","Held by some only","Hanya dimiliki sebagian","","23","medium","","",""
"comparisonTables.uniqueToPlayerTemplate","comparisonTables","ui","Unique to {name} ({count})","Khusus {name} ({count})","","","medium","","",""
"comparisonCockpit.abilitiesTableLink","comparisonCockpit","ui","To 26-ability table ↓","Ke tabel 26 atribut ↓","","28","medium","","",""
"comparisonCockpit.backToTrainingLink","comparisonCockpit","ui","Back to progression ↑","Kembali ke progresi ↑","","28","medium","","",""
"comparisonCockpit.ariaLabel","comparisonCockpit","accessibility","Compare cockpit (progression, ability radar, category preview)","Kokpit perbandingan (progresi, radar atribut, pratinjau kategori)","","81","high","","",""
"comparisonCockpit.heading","comparisonCockpit","ui","Compare Cockpit","Kokpit Perbandingan","","20","medium","","",""
"comparisonCockpit.headingHint","comparisonCockpit","ui","Moving a progression slider instantly updates the radar, category values, and the 26-ability table.","Menggeser slider progresi langsung memperbarui radar, nilai kategori, dan tabel 26 atribut.","","","medium","","",""
"comparisonCockpit.selectPlayerAriaLabel","comparisonCockpit","accessibility","Select player to train","Pilih pemain yang akan dilatih","","29","high","","",""
"comparisonCockpit.playerTabTemplate","comparisonCockpit","ui","Player {index} {name}","Pemain {index} {name}","","28","medium","","",""
"comparisonCockpit.activeSuffix","comparisonCockpit","ui"," (training)"," (dilatih)","","15","medium","","",""
"compareTrainingPanel.cannotProgressNote","compareTrainingPanel","ui","This card cannot be trained (abilities stay at base values).","Kartu ini tidak dapat dilatih (atribut tetap pada nilai dasar).","","","medium","","",""
"compareTrainingPanel.autoAllocatedAnnounceTemplate","compareTrainingPanel","ui","{name}: applied the {mode} allocation.","{name}: alokasi {mode} diterapkan.","","","medium","","",""
"compareTrainingPanel.resetButton","compareTrainingPanel","ui","Reset","Reset","","12","medium","","",""
"compareTrainingPanel.resetAnnounceTemplate","compareTrainingPanel","ui","{name}: reset progression.","{name}: progresi direset.","","","medium","","",""
"compareTrainingPanel.saveThisBuildButton","compareTrainingPanel","ui","Save this build","Simpan build ini","","20","medium","","",""
"compareTrainingPanel.autoAllocateNote","compareTrainingPanel","ui","Auto-allocate is a heuristic for ""allocation policy."" It differs from in-game auto-allocation or OVR maximization. You can still adjust with the sliders afterward.","Alokasi otomatis adalah heuristik untuk ""kebijakan alokasi"". Berbeda dari alokasi otomatis di dalam game atau maksimalisasi OVR. Anda tetap dapat menyesuaikannya dengan slider setelahnya.","","","medium","","",""
"compareTrainingPanel.usedPointsLabel","compareTrainingPanel","ui","Used {value}pt","Terpakai {value}pt","","19","medium","","",""
"compareTrainingPanel.remainingPointsLabel","compareTrainingPanel","ui","Remaining {value}pt","Tersisa {value}pt","","25","medium","","",""
"compareTrainingPanel.overAllocatedLabel","compareTrainingPanel","ui","Over-allocated","Alokasi berlebih","","19","medium","","",""
"compareTrainingPanel.totalPointsLabel","compareTrainingPanel","ui","Total {value}pt","Total {value}pt","","20","medium","","",""
"compareTrainingPanel.gkHeading","compareTrainingPanel","ui","GK Training (3 items)","Latihan GK (3 item)","","28","medium","","",""
"compareTrainingPanel.gkLevelLabelTemplate","compareTrainingPanel","ui","Allocated Lv {level}","Lv dialokasikan {level}","","26","medium","","",""
"compareTrainingPanel.gkExpandedSuffix","compareTrainingPanel","ui"," (GK, expanded by default)"," (GK, terbuka secara default)","","","medium","","",""
"compareTrainingPanel.gkCollapsedSuffix","compareTrainingPanel","ui"," (non-GK, collapsed by default)"," (non-GK, tertutup secara default)","","","medium","","",""
"compareTrainingPanel.definitionNote","compareTrainingPanel","ui","Category target abilities, step costs, and caps use the same definitions as the player detail progression screen. The same allocation yields the same 26 abilities.","Atribut target kategori, biaya tiap tahap, dan batasnya memakai definisi yang sama dengan layar progresi di detail pemain. Alokasi yang sama menghasilkan 26 atribut yang sama.","","","medium","","",""
"compareTrainingPanel.manualSuffix","compareTrainingPanel","ui"," (manual)"," (manual)","","12","medium","","",""
"compareTrainingPanel.embeddedHeadingTemplate","compareTrainingPanel","ui","Progression for {name}","Progresi untuk {name}","","29","medium","","",""
"compareTrainingPanel.collapsedHeading","compareTrainingPanel","ui","Adjust progression","Sesuaikan progresi","","24","medium","","",""
"comparePlayerIdentityCard.cardImageAltTemplate","comparePlayerIdentityCard","ui","{name} {cardType} card image","Gambar kartu {cardType} {name}","","","medium","","",""
"comparePlayerIdentityCard.noEnglishName","comparePlayerIdentityCard","ui","(No English name)","(Tidak ada nama Inggris)","","23","medium","","",""
"comparePlayerIdentityCard.ovrTooltip","comparePlayerIdentityCard","ui","The card's overall OVR as saved (not position-specific)","OVR keseluruhan kartu sesuai saat disimpan (bukan per posisi)","","","medium","","",""
"comparePlayerIdentityCard.ovrLineTemplate","comparePlayerIdentityCard","ui","Max {max} / Base {base}","Maks. {max} / Dasar {base}","","30","medium","","",""
"comparePlayerIdentityCard.pomChipTooltip","comparePlayerIdentityCard","ui","Power of Many (gold, depends on Game Plan; not automatically reflected in compare ranking)","Power of Many (emas, bergantung pada Game Plan; tidak tercermin otomatis dalam peringkat perbandingan)","","","medium","","",""
"comparePlayerIdentityCard.fixedProvisionalTooltip","comparePlayerIdentityCard","ui","Fixed-type (estimated): the effect content is externally cross-verified. Applied provisionally as fixed-type to standard values since there is no concrete evidence it's Power of Many.","Tipe tetap (estimasi): isi efeknya telah diverifikasi silang secara eksternal. Diterapkan sementara sebagai tipe tetap pada nilai standar karena tidak ada bukti konkret bahwa ini Power of Many.","","","medium","","",""
"comparePlayerIdentityCard.fixedTooltip","comparePlayerIdentityCard","ui","Fixed-type (reflected in standard values under standard mode)","Tipe tetap (tercermin dalam nilai standar pada mode standar)","","","medium","","",""
"comparePlayerIdentityCard.unresolvedTooltip","comparePlayerIdentityCard","ui","Attached booster whose activation method and effect could not be confirmed","Booster terpasang yang cara aktivasi dan efeknya belum dapat dikonfirmasi","","","medium","","",""
"comparePlayerIdentityCard.pomChipTemplate","comparePlayerIdentityCard","ui","{nameEn} max +{level}","{nameEn} maks. +{level}","","28","medium","","",""
"comparePlayerIdentityCard.fixedChipTemplate","comparePlayerIdentityCard","ui","{nameEn} +{level}","{nameEn} +{level}","","23","medium","","",""
"comparePlayerIdentityCard.provisionalSuffix","comparePlayerIdentityCard","ui"," (estimated)"," (estimasi)","","16","medium","","",""
"comparePlayerIdentityCard.unresolvedChip","comparePlayerIdentityCard","ui","Unresolved","Belum teridentifikasi","","13","medium","","",""
"comparePlayerIdentityCard.noAttachedBoosters","comparePlayerIdentityCard","ui","No attached boosters","Tidak ada booster terpasang","","26","medium","","",""
"comparePlayerIdentityCard.pomSelectionLabelTemplate","comparePlayerIdentityCard","ui","Power of Many selection: {tier} (user-specified, conditional value only)","Pilihan Power of Many: {tier} (diisi pengguna, hanya nilai bersyarat)","","","medium","","",""
"comparePlayerIdentityCard.currentTrainingTemplate","comparePlayerIdentityCard","ui","Current: {label}","Saat ini: {label}","","21","medium","","",""
"comparePlayerIdentityCard.playerDetailLink","comparePlayerIdentityCard","ui","Player detail","Detail pemain","","17","medium","","",""
"comparePlayerIdentityCard.progressionScreenLink","comparePlayerIdentityCard","ui","Progression screen","Layar progresi","","24","medium","","",""
"playerControlColumn.removeAriaTemplate","playerControlColumn","accessibility","Remove {name} from compare","Hapus {name} dari perbandingan","","","high","","",""
"playerControlColumn.savedBuildTrainingLabelTemplate","playerControlColumn","ui","Saved build: {name}","Build tersimpan: {name}","","25","medium","","",""
"playerControlColumn.manualTrainingLabel","playerControlColumn","ui","Manual progression","Progresi manual","","24","medium","","",""
"playerControlColumn.followsPolicyLabel","playerControlColumn","ui","Follows progression policy","Mengikuti kebijakan progresi","","34","medium","","",""
"playerControlColumn.trainingPolicyLabel","playerControlColumn","ui","Progression policy","Kebijakan progresi","","24","medium","","",""
"playerControlColumn.trainingPolicyAriaTemplate","playerControlColumn","accessibility","Progression policy for {name}","Kebijakan progresi untuk {name}","","","high","","",""
"playerControlColumn.savedBuildOptionTemplate","playerControlColumn","ui","Saved build: {name}","Build tersimpan: {name}","","25","medium","","",""
"playerControlColumn.manualTrainingOption","playerControlColumn","ui","Manual progression (slider below)","Progresi manual (slider di bawah)","","","medium","","",""
"playerControlColumn.applyBuildAriaTemplate","playerControlColumn","accessibility","Apply saved build for {name}","Terapkan build tersimpan untuk {name}","","","high","","",""
"playerControlColumn.applyBuildDefaultOption","playerControlColumn","ui","Apply saved build...","Terapkan build tersimpan...","","26","medium","","",""
"playerControlColumn.trainingConsolidatedNoteTemplate","playerControlColumn","ui","Progression sliders can be operated together below in the ""Compare Cockpit"" ({mode} · using {used}/{total}pt).","Slider progresi dapat diatur bersama di bawah pada ""Kokpit Perbandingan"" ({mode} · memakai {used}/{total}pt).","","","medium","","",""
"playerControlColumn.positionFitSummary","playerControlColumn","ui","Position Fit","Kecocokan Posisi","","16","medium","","",""
"playerControlColumn.registeredPositionLabel","playerControlColumn","ui","Registered position: ","Posisi terdaftar: ","","28","medium","","",""
"playerControlColumn.currentOverallLabel","playerControlColumn","ui","Position-specific overall with current progression: ","Rating keseluruhan per posisi dengan progresi saat ini: ","","68","medium","","",""
"playerControlColumn.currentOverallValue","playerControlColumn","ui","—","—","","12","medium","","",""
"playerControlColumn.currentOverallNote","playerControlColumn","ui"," (calculation rule under review)"," (aturan perhitungan sedang ditinjau)","","","medium","","",""
"playerControlColumn.overallExplanation","playerControlColumn","ui","Current progression is reflected in the 26-ability comparison above. Position-specific overall values are not shown because KONAMI has not published the formula, ability weighting, or rounding rules, and there are not enough sample display values across cards to estimate reliably (we do not show made-up numbers).","Progresi saat ini tercermin dalam perbandingan 26 atribut di atas. Nilai keseluruhan per posisi tidak ditampilkan karena KONAMI belum memublikasikan rumus, bobot atribut, atau aturan pembulatannya, dan contoh nilai tampilan antarkartu belum cukup untuk memperkirakannya secara andal (kami tidak menampilkan angka karangan).","","","medium","","",""
"playerControlColumn.attachedBoosterPrefixTemplate","playerControlColumn","ui","Attached {slot}: ","Terpasang {slot}: ","","23","medium","","",""
"playerControlColumn.powerOfManyNote","playerControlColumn","ui","Variable booster (gold, depends on Game Plan) · not reflected in compare ranking","Booster variabel (emas, bergantung pada Game Plan) · tidak tercermin dalam peringkat perbandingan","","","medium","","",""
"playerControlColumn.verifiedScreenshotNoteTemplate","playerControlColumn","ui","Confirmed via reference screenshots{fixedSuffix} · reflected in compare","Dikonfirmasi lewat tangkapan layar referensi{fixedSuffix} · tercermin dalam perbandingan","","","medium","","",""
"playerControlColumn.fixedEstimateSuffix","playerControlColumn","ui"," · estimated fixed-type"," · perkiraan tipe tetap","","30","medium","","",""
"playerControlColumn.externalCrossVerifiedNoteTemplate","playerControlColumn","ui","Externally cross-verified (not KONAMI-confirmed){fixedSuffix} · reflected in compare","Diverifikasi silang secara eksternal (tidak dikonfirmasi KONAMI){fixedSuffix} · tercermin dalam perbandingan","","","medium","","",""
"playerControlColumn.underVerificationNote","playerControlColumn","ui","Effect under verification · not reflected in compare","Efek sedang diverifikasi · tidak tercermin dalam perbandingan","","","medium","","",""
"playerControlColumn.additionalBoosterPrefix","playerControlColumn","ui","Additional booster (B2, overrides the attached one; ","Booster tambahan (B2, menggantikan booster terpasang; ","","","medium","","",""
"playerControlColumn.additionalBoosterHighlight","playerControlColumn","ui","confirmed ones affect the compare ranking","yang terkonfirmasi memengaruhi peringkat perbandingan","","","medium","","",""
"playerControlColumn.additionalBoosterSuffix","playerControlColumn","ui",")",")","","12","medium","","",""
"playerControlColumn.boosterLevelAriaTemplate","playerControlColumn","accessibility","Booster level for {name}","Level booster untuk {name}","","32","high","","",""
"playerControlColumn.additionalBoosterAriaTemplate","playerControlColumn","accessibility","Additional booster (B2) for {name}","Booster tambahan (B2) untuk {name}","","","high","","",""
"playerControlColumn.noneOption","playerControlColumn","ui","None","Tidak ada","","12","medium","","",""
"playerControlColumn.boosterFootnotePrefix","playerControlColumn","ui","Card-attached boosters are reflected in compare under ","Booster bawaan kartu tercermin dalam perbandingan pada ","","","medium","","",""
"playerControlColumn.boosterFootnoteHighlight","playerControlColumn","ui","Standard mode","mode Standar","","17","medium","","",""
"playerControlColumn.boosterFootnoteSuffix","playerControlColumn","ui"," (2 types measured via screenshot plus 27 types cross-checked between eFootball World and EFScout; includes effects assumed to be fixed-type; not confirmed by KONAMI). The additional booster (B2) applies only to that card and overrides the slot's attached effect. Confirmed B2 boosters (all of the ones listed here) also affect the normal final values and compare ranking."," (2 jenis diukur lewat tangkapan layar ditambah 27 jenis yang dicek silang antara eFootball World dan EFScout; termasuk efek yang diasumsikan bertipe tetap; tidak dikonfirmasi KONAMI). Booster tambahan (B2) hanya berlaku untuk kartu tersebut dan menggantikan efek terpasang pada slot itu. Booster B2 yang terkonfirmasi (semua yang tercantum di sini) juga memengaruhi nilai akhir normal dan peringkat perbandingan.","","","medium","","",""
"playerControlColumn.managerLabel","playerControlColumn","ui","Manager","Manajer","","12","medium","","",""
"playerControlColumn.managerClearButton","playerControlColumn","ui","Clear","Hapus","","12","medium","","",""
"playerControlColumn.noManagerLabel","playerControlColumn","ui","No manager","Tanpa manajer","","13","medium","","",""
"playerControlColumn.managerChangeButton","playerControlColumn","ui","Change","Ganti","","12","medium","","",""
"playerControlColumn.managerChooseButton","playerControlColumn","ui","Choose from manager list","Pilih dari daftar manajer","","32","medium","","",""
"comparisonBoard.sameTrainingLabel","comparisonBoard","ui","Same progression for all:","Progresi sama untuk semua:","","33","medium","","",""
"comparisonBoard.sameManagerLabel","comparisonBoard","ui","Same manager for all:","Manajer sama untuk semua:","","28","medium","","",""
"comparisonBoard.chooseFromManagerListButton","comparisonBoard","ui","Choose from manager list","Pilih dari daftar manajer","","32","medium","","",""
"comparisonBoard.clearAllManagersButton","comparisonBoard","ui","Clear all managers","Hapus semua manajer","","24","medium","","",""
"comparisonBoard.perPlayerManagerNote","comparisonBoard","ui","To set a different manager per player, use each player's own column.","Untuk mengatur manajer berbeda per pemain, gunakan kolom masing-masing pemain.","","","medium","","",""
"comparisonBoard.sharedManagerPickerTitle","comparisonBoard","ui","Select manager to apply to all","Pilih manajer untuk diterapkan ke semua","","39","medium","","",""
"comparisonBoard.perPlayerManagerPickerTitleTemplate","comparisonBoard","ui","Select manager for {name}","Pilih manajer untuk {name}","","","medium","","",""
"comparisonBoard.fallbackPlayerName","comparisonBoard","ui","Player","Pemain","","12","medium","","",""
"comparisonBoard.maxPlayersErrorTemplate","comparisonBoard","ui","Compare supports a maximum of {max} players.","Perbandingan mendukung maksimal {max} pemain.","","","high","","",""
"comparisonBoard.duplicateCardError","comparisonBoard","ui","The same card cannot be added twice.","Kartu yang sama tidak dapat ditambahkan dua kali.","","","high","","",""
"comparisonBoard.fetchPlayerFailedError","comparisonBoard","ui","Could not fetch the player.","Tidak dapat mengambil data pemain.","","","high","","",""
"comparisonBoard.fetchPlayerErrorGeneric","comparisonBoard","ui","Failed to fetch the player.","Gagal mengambil data pemain.","","","high","","",""
"comparisonBoard.buildSavedNoticeTemplate","comparisonBoard","ui","Saved ""{name}"" (selectable from player detail, My Team, and squads).","""{name}"" disimpan (dapat dipilih dari detail pemain, Tim Saya, dan skuad).","","","medium","","",""
"comparisonBoard.confirmOverwriteWarningTemplate","comparisonBoard","ui","Some columns have manual allocations or saved builds. Applying ""{mode}"" to everyone will overwrite them.","Beberapa kolom memiliki alokasi manual atau build tersimpan. Menerapkan ""{mode}"" ke semua akan menimpanya.","","","high","","",""
"comparisonBoard.overwriteTargetsLabel","comparisonBoard","ui","Will be overwritten: ","Akan ditimpa: ","","28","medium","","",""
"comparisonBoard.overwriteTargetTemplate","comparisonBoard","ui","Player {index} ({name})","Pemain {index} ({name})","","30","medium","","",""
"comparisonBoard.overwriteApplyButton","comparisonBoard","ui","Overwrite and apply","Timpa dan terapkan","","25","medium","","",""
"comparisonBoard.overwriteCancelButton","comparisonBoard","ui","Cancel","Batal","","12","medium","","",""
"comparisonBoard.selectSlotOrdinalTemplate","comparisonBoard","ui","Select player {n}","Pilih pemain {n}","","23","medium","","",""
"comparisonBoard.addPlayerToSlotButtonTemplate","comparisonBoard","ui","+ Add player {n}","+ Tambah pemain {n}","","21","medium","","",""
"comparisonBoard.maxPlayersNoteTemplate","comparisonBoard","ui","Compare supports a maximum of {max} players. To add another, remove one with ✕ first.","Perbandingan mendukung maksimal {max} pemain. Untuk menambah lagi, hapus satu dengan ✕ terlebih dahulu.","","","medium","","",""
"comparisonBoard.needTwoPlayersTitle","comparisonBoard","ui","Select 2 or more players to compare","Pilih 2 pemain atau lebih untuk dibandingkan","","46","medium","","",""
"comparisonBoard.needTwoPlayersDescriptionTemplate","comparisonBoard","ui","Use an empty slot above to add a player (up to {max}). Different cards of the same player can also be compared.","Gunakan slot kosong di atas untuk menambah pemain (maks. {max}). Kartu lain dari pemain yang sama juga dapat dibandingkan.","","","medium","","",""
"comparisonBoard.browseHighOvrButton","comparisonBoard","ui","Browse high-OVR cards","Jelajahi kartu OVR tinggi","","28","medium","","",""
"comparePage.title","comparePage","ui","Player Compare","Perbandingan Pemain","","19","medium","","",""
"comparePage.description","comparePage","ui","Compare 2-4 World cards side by side: basic info, 26 abilities, skills, progression builds, and manager corrections. Progression and manager corrections reuse the existing calculation engine (rules are still being verified). Players, progression policy, and manager are stored in the URL so you can share it.","Bandingkan 2-4 kartu World berdampingan: info dasar, 26 atribut, skill, build progresi, dan koreksi manajer. Progresi dan koreksi manajer memakai mesin perhitungan yang sudah ada (aturannya masih diverifikasi). Pemain, kebijakan progresi, dan manajer disimpan di URL sehingga dapat dibagikan.","","","medium","","",""
"comparePage.backToPlayers","comparePage","ui","Back to player list","Kembali ke daftar pemain","","25","medium","","",""
"comparePage.dataUnavailableTitle","comparePage","ui","Data unavailable","Data tidak tersedia","","21","medium","","",""
"comparePage.dataUnavailableDescription","comparePage","ui","World data has not been imported into SQLite.","Data World belum diimpor ke SQLite.","","","medium","","",""
"worldPlayerHero.backToList","worldPlayerHero","ui","Back to player list","Kembali ke daftar pemain","","25","medium","","",""
"worldPlayerHero.noImage","worldPlayerHero","ui","No image","Tidak ada gambar","","12","medium","","",""
"worldPlayerHero.maxOvrLabel","worldPlayerHero","ui","Max OVR","OVR maks.","","12","medium","","",""
"worldPlayerHero.baseAndCapTemplate","worldPlayerHero","ui","Base {base} / Lv cap {cap}","Dasar {base} / Batas Lv {cap}","","","medium","","",""
"worldPlayerHero.noEnglishName","worldPlayerHero","ui","(No English name)","(Tidak ada nama Inggris)","","23","medium","","",""
"worldPlayerHero.idBadgeTemplate","worldPlayerHero","ui","ID {id}","ID {id}","","12","medium","","",""
"worldPlayerHero.baseOvrLabel","worldPlayerHero","ui","Base OVR","OVR dasar","","12","medium","","",""
"worldPlayerHero.maxOvrFactLabel","worldPlayerHero","ui","Max OVR","OVR maks.","","12","medium","","",""
"worldPlayerHero.maxLevelLabel","worldPlayerHero","ui","Max level","Level maksimum","","12","medium","","",""
"worldPlayerHero.preferredFootLabel","worldPlayerHero","ui","Preferred foot","Kaki dominan","","19","medium","","",""
"worldPlayerHero.heightWeightTemplate","worldPlayerHero","ui","Height / Weight","Tinggi / Berat","","20","medium","","",""
"worldPlayerHero.teamLabel","worldPlayerHero","ui","Team","Tim","","12","medium","","",""
"playerDetailPage.worldDataUnavailableTitle","playerDetailPage","ui","World data is unavailable","Data World tidak tersedia","","33","medium","","",""
"playerDetailPage.worldDataUnavailableDescription","playerDetailPage","ui","World data has not been imported into SQLite.","Data World belum diimpor ke SQLite.","","","medium","","",""
"playerDetailPage.backToPlayerList","playerDetailPage","ui","Back to player list","Kembali ke daftar pemain","","25","medium","","",""
"playerDetailPage.analysisScopeWorldEfhub","playerDetailPage","ui","World + eFHUB detail","World + detail eFHUB","","26","medium","","",""
"playerDetailPage.analysisScopeWorld","playerDetailPage","ui","World data","Data World","","13","medium","","",""
"playerDetailPage.nationalityLabel","playerDetailPage","ui","Nationality","Kebangsaan","","15","medium","","",""
"playerDetailPage.regionLabel","playerDetailPage","ui","Region","Wilayah","","12","medium","","",""
"playerDetailPage.leagueLabel","playerDetailPage","ui","League","Liga","","12","medium","","",""
"playerDetailPage.teamLabel","playerDetailPage","ui","Team","Tim","","12","medium","","",""
"playerDetailPage.ageLabel","playerDetailPage","ui","Age","Usia","","12","medium","","",""
"playerDetailPage.heightLabel","playerDetailPage","ui","Height","Tinggi","","12","medium","","",""
"playerDetailPage.weightLabel","playerDetailPage","ui","Weight","Berat","","12","medium","","",""
"playerDetailPage.preferredFootLabel","playerDetailPage","ui","Preferred foot","Kaki dominan","","19","medium","","",""
"playerDetailPage.playingStyleLabel","playerDetailPage","ui","Attacking playing style","Gaya bermain menyerang","","30","medium","","",""
"playerDetailPage.playingStyleDefLabel","playerDetailPage","ui","Defensive playing style","Gaya bermain bertahan","","30","medium","","",""
"playerDetailPage.booster1Label","playerDetailPage","ui","Booster 1 (ID)","Booster 1 (ID)","","19","medium","","",""
"playerDetailPage.booster2Label","playerDetailPage","ui","Booster 2 (ID)","Booster 2 (ID)","","19","medium","","",""
"playerDetailPage.basicInfoHeading","playerDetailPage","ui","Basic Info","Info Dasar","","13","medium","","",""
"playerDetailPage.statsHeading","playerDetailPage","ui","Abilities (26 items, World values)","Atribut (26 item, nilai World)","","45","medium","","",""
"playerDetailPage.statsHint","playerDetailPage","ui","Excludes progression and manager corrections","Tidak termasuk progresi dan koreksi manajer","","","medium","","",""
"playerDetailPage.playerSkillsHeading","playerDetailPage","ui","Player Skills","Skill Pemain","","17","medium","","",""
"playerDetailPage.noSkills","playerDetailPage","ui","No skill information.","Tidak ada informasi skill.","","28","medium","","",""
"playerDetailPage.aiStylesHeading","playerDetailPage","ui","AI Playing Styles","Gaya Bermain AI","","23","medium","","",""
"playerDetailPage.noAiStyles","playerDetailPage","ui","No AI styles.","Tidak ada gaya AI.","","17","medium","","",""
"playerDetailPage.progressionHeading","playerDetailPage","ui","Progression (under verification)","Progresi (sedang diverifikasi)","","42","medium","","",""
"playerDetailPage.dataProvenanceHeading","playerDetailPage","ui","Data Provenance","Asal Data","","20","medium","","",""
"playerDetailPage.dataSourceLabel","playerDetailPage","ui","Data source","Sumber data","","15","medium","","",""
"playerDetailPage.sourceUrlLabel","playerDetailPage","ui","Source URL","URL sumber","","13","medium","","",""
"playerDetailPage.appearanceUpdatedLabel","playerDetailPage","ui","Updated at (appearance)","Diperbarui pada (tampilan)","","30","medium","","",""
"playerDetailPage.fetchedAtLabel","playerDetailPage","ui","Fetched at","Diambil pada","","13","medium","","",""
"playerDetailPage.efhubDiffHeading","playerDetailPage","ui","Differences from eFHUB values (reference only, not auto-applied)","Perbedaan dengan nilai eFHUB (hanya referensi, tidak diterapkan otomatis)","","84","medium","","",""
"playerDetailPage.tableItemHeader","playerDetailPage","ui","Item","Item","","12","medium","","",""
"playerDetailPage.tableWorldHeader","playerDetailPage","ui","World","World","","12","medium","","",""
"playerDetailPage.tableEfhubHeader","playerDetailPage","ui","eFHUB","eFHUB","","12","medium","","",""
"playerDetailPage.notYetHeading","playerDetailPage","ui","Not Yet Available (under investigation)","Belum Tersedia (sedang diselidiki)","","51","medium","","",""
"playerDetailPage.notYetHint","playerDetailPage","ui","Items not included in the players/search API","Item yang tidak termasuk dalam API players/search","","","medium","","",""
"playerDetailPage.notYetZeroNote","playerDetailPage","ui","Not shown when the value is 0 or empty.","Tidak ditampilkan jika nilainya 0 atau kosong.","","","medium","","",""
"playerDetailPage.notYetBadgeSuffix","playerDetailPage","ui",": under investigation",": sedang diselidiki","","28","medium","","",""
"playerDetailPage.notYetSecondaryPosition","playerDetailPage","ui","Secondary position fit","Kecocokan posisi sekunder","","29","medium","","",""
"playerDetailPage.tabsAriaLabel","playerDetailPage","accessibility","Player detail","Detail pemain","","17","high","","",""
"playerDetailPage.tabOverview","playerDetailPage","ui","Overview","Ringkasan","","12","medium","","",""
"playerDetailPage.tabStats","playerDetailPage","ui","Abilities","Atribut","","12","medium","","",""
"playerDetailPage.tabSkills","playerDetailPage","ui","Skills","Skill","","12","medium","","",""
"playerDetailPage.tabProgression","playerDetailPage","ui","Progression","Progresi","","15","medium","","",""
"playerDetailPage.tabData","playerDetailPage","ui","Data","Data","","12","medium","","",""
"legacyPlayerDetail.backToList","legacyPlayerDetail","ui","← Back to player list","← Kembali ke daftar pemain","","28","medium","","",""
"legacyPlayerDetail.noJapaneseName","legacyPlayerDetail","ui","(No Japanese name)","(Tidak ada nama Jepang)","","24","medium","","",""
"legacyPlayerDetail.noEnglishName","legacyPlayerDetail","ui","(No English name)","(Tidak ada nama Inggris)","","23","medium","","",""
"legacyPlayerDetail.efhubIdLabel","legacyPlayerDetail","ui","Player ID (eFHUB)","ID pemain (eFHUB)","","23","medium","","",""
"legacyPlayerDetail.ovrLabel","legacyPlayerDetail","ui","OVR","OVR","","12","medium","","",""
"legacyPlayerDetail.provenanceHeading","legacyPlayerDetail","ui","Data Provenance","Asal Data","","20","medium","","",""
"legacyPlayerDetail.dataSourceLabel","legacyPlayerDetail","ui","Data source","Sumber data","","15","medium","","",""
"legacyPlayerDetail.sourceUrlLabel","legacyPlayerDetail","ui","Source URL","URL sumber","","13","medium","","",""
"legacyPlayerDetail.httpMethodLabel","legacyPlayerDetail","ui","HTTP method","Metode HTTP","","15","medium","","",""
"legacyPlayerDetail.fetchedAtLabel","legacyPlayerDetail","ui","Fetched at","Diambil pada","","13","medium","","",""
"legacyPlayerDetail.noSourceInfo","legacyPlayerDetail","ui","No source information available.","Tidak ada informasi sumber.","","","medium","","",""
"legacyPlayerDetail.futureHeading","legacyPlayerDetail","ui","Planned for a Future Version","Direncanakan untuk Versi Mendatang","","37","medium","","",""
"legacyPlayerDetail.futureDescription","legacyPlayerDetail","ui","Abilities (attack/defense/physical), skills, playing styles, position-specific overall, progression, boosters, tiers, and player compare. These will be implemented after further research into eFHUB's per-player data (Phase 1-2 of docs/efootball-team-ai-design.md).","Atribut (serangan/pertahanan/fisik), skill, gaya bermain, nilai keseluruhan per posisi, progresi, booster, tier, dan perbandingan pemain. Fitur ini akan diimplementasikan setelah riset lebih lanjut tentang data per pemain eFHUB (Fase 1-2 dari docs/efootball-team-ai-design.md).","","","medium","","",""
"legacyPlayerDetail.imageProxyNote","legacyPlayerDetail","ui","Player images are fetched from efimg.com via our own proxy (/api/player-image/[id]).","Gambar pemain diambil dari efimg.com melalui proxy kami sendiri (/api/player-image/[id]).","","","medium","","",""
"worldFilters.sortOvrMaxDesc","worldFilters","ui","Max OVR (high to low)","OVR maks. (tinggi ke rendah)","","28","medium","","",""
"worldFilters.sortOvrMaxAsc","worldFilters","ui","Max OVR (low to high)","OVR maks. (rendah ke tinggi)","","28","medium","","",""
"worldFilters.sortOvrBaseDesc","worldFilters","ui","Base OVR (high to low)","OVR dasar (tinggi ke rendah)","","29","medium","","",""
"worldFilters.sortOvrBaseAsc","worldFilters","ui","Base OVR (low to high)","OVR dasar (rendah ke tinggi)","","29","medium","","",""
"worldFilters.sortName","worldFilters","ui","By name (English)","Menurut nama (Inggris)","","23","medium","","",""
"worldFilters.sortUpdatedDesc","worldFilters","ui","Recently updated","Terakhir diperbarui","","21","medium","","",""
"worldFilters.filterLabelQ","worldFilters","ui","Search","Cari","","12","medium","","",""
"worldFilters.filterLabelPosition","worldFilters","ui","Position","Posisi","","12","medium","","",""
"worldFilters.filterLabelCardType","worldFilters","ui","Card type","Jenis kartu","","12","medium","","",""
"worldFilters.filterLabelPlayingStyle","worldFilters","ui","Attacking PS","PS menyerang","","16","medium","","",""
"worldFilters.filterLabelPlayingStyleDef","worldFilters","ui","Defensive PS","PS bertahan","","16","medium","","",""
"worldFilters.filterLabelMinOvr","worldFilters","ui","Max OVR ≥","OVR maks. ≥","","12","medium","","",""
"worldFilters.filterLabelMaxOvr","worldFilters","ui","Max OVR ≤","OVR maks. ≤","","12","medium","","",""
"worldFilters.filterLabelBooster","worldFilters","ui","Booster","Booster","","12","medium","","",""
"worldFilters.searchPlaceholder","worldFilters","ui","Japanese name / English name / World ID / eFHUB ID","Nama Jepang / nama Inggris / World ID / eFHUB ID","","65","medium","","",""
"worldFilters.searchAriaLabel","worldFilters","accessibility","Search players","Cari pemain","","19","high","","",""
"worldFilters.sortAriaLabel","worldFilters","accessibility","Sort","Urutkan","","12","high","","",""
"worldFilters.filterToggleTemplate","worldFilters","ui","Filters{count}","Filter{count}","","19","medium","","",""
"worldFilters.positionAriaLabel","worldFilters","accessibility","Position","Posisi","","12","high","","",""
"worldFilters.positionAll","worldFilters","ui","Position: All","Posisi: Semua","","17","medium","","",""
"worldFilters.cardTypeAriaLabel","worldFilters","accessibility","Card type","Jenis kartu","","12","high","","",""
"worldFilters.cardTypeAll","worldFilters","ui","Type: All","Jenis: Semua","","12","medium","","",""
"worldFilters.playingStyleAriaLabel","worldFilters","accessibility","Attacking playing style","Gaya bermain menyerang","","30","high","","",""
"worldFilters.playingStyleAll","worldFilters","ui","Attacking PS: All","PS menyerang: Semua","","23","medium","","",""
"worldFilters.playingStyleDefAriaLabel","worldFilters","accessibility","Defensive playing style","Gaya bermain bertahan","","30","high","","",""
"worldFilters.playingStyleDefAll","worldFilters","ui","Defensive PS: All","PS bertahan: Semua","","23","medium","","",""
"worldFilters.minOvrPlaceholder","worldFilters","ui","Max OVR ≥","OVR maks. ≥","","12","medium","","",""
"worldFilters.minOvrAriaLabel","worldFilters","accessibility","Max OVR lower bound","Batas bawah OVR maks.","","25","high","","",""
"worldFilters.maxOvrPlaceholder","worldFilters","ui","Max OVR ≤","OVR maks. ≤","","12","medium","","",""
"worldFilters.maxOvrAriaLabel","worldFilters","accessibility","Max OVR upper bound","Batas atas OVR maks.","","25","high","","",""
"worldFilters.clearAllButton","worldFilters","ui","Clear all","Hapus semua","","12","medium","","",""
"worldPlayerCard.noEnglishName","worldPlayerCard","ui","(No English name)","(Tidak ada nama Inggris)","","23","medium","","",""
"worldPlayerCard.baseOvrLabel","worldPlayerCard","ui","Base {value}","Dasar {value}","","16","medium","","",""
"worldPlayerCard.levelCapLabel","worldPlayerCard","ui","Lv cap {value}","Batas Lv {value}","","19","medium","","",""
"worldPagination.ariaLabel","worldPagination","accessibility","Pagination","Navigasi halaman","","13","high","","",""
"worldPagination.rangeTemplate","worldPagination","ui","Showing {from}–{to} of {total}","Menampilkan {from}–{to} dari {total}","","","medium","","",""
"worldPagination.prevLabel","worldPagination","ui","← Previous","← Sebelumnya","","13","medium","","",""
"worldPagination.nextLabel","worldPagination","ui","Next →","Berikutnya →","","12","medium","","",""
"worldPagination.pageOfTemplate","worldPagination","ui","{page} / {totalPages}","{page} / {totalPages}","","28","medium","","",""
"playersPage.title","playersPage","ui","Players","Pemain","","12","medium","","",""
"playersPage.metaTemplate","playersPage","ui","{count} players","{count} pemain","","20","medium","","",""
"playersPage.descriptionTemplate","playersPage","ui","Search and filter all eFootball World cards. {importedAt}","Cari dan filter semua kartu eFootball World. {importedAt}","","","medium","","",""
"playersPage.importedAtPrefix","playersPage","ui","Imported: ","Diimpor: ","","13","medium","","",""
"playersPage.compareLink","playersPage","ui","Go to player compare","Buka perbandingan pemain","","26","medium","","",""
"playersPage.noDataTitle","playersPage","ui","World data has not been set up yet","Data World belum disiapkan","","45","medium","","",""
"playersPage.noDataDescription","playersPage","ui","Run `node scripts/sync-world-players-initial.mjs` in the terminal to import it into SQLite.","Jalankan `node scripts/sync-world-players-initial.mjs` di terminal untuk mengimpornya ke SQLite.","","","medium","","",""
"playersPage.loadErrorTitle","playersPage","ui","Could not load player data","Tidak dapat memuat data pemain","","34","high","","",""
"playersPage.loadErrorDescription","playersPage","ui","Please reload in a moment. If the problem persists, check the SQLite database.","Silakan muat ulang sebentar lagi. Jika masalah berlanjut, periksa database SQLite.","","","high","","",""
"playersPage.noResultsTitle","playersPage","ui","No players match your criteria","Tidak ada pemain yang cocok dengan kriteria Anda","","39","medium","","",""
"playersPage.noResultsDescription","playersPage","ui","Try changing your search term or filters. Click a filter chip to clear it individually.","Coba ubah kata kunci atau filter. Klik chip filter untuk menghapusnya satu per satu.","","","medium","","",""
"playersPage.clearAllFiltersButton","playersPage","ui","Clear all filters","Hapus semua filter","","23","medium","","",""
"playersPage.noCardsTitle","playersPage","ui","No cards to display","Tidak ada kartu untuk ditampilkan","","25","medium","","",""
"playersPage.noCardsDescription","playersPage","ui","Check that World data has been imported.","Pastikan data World sudah diimpor.","","","medium","","",""
"playersPage.showingRangeTemplate","playersPage","ui","Showing {from}–{to} of {total}","Menampilkan {from}–{to} dari {total}","","","medium","","",""
"playersPage.dataSourcePrefix","playersPage","ui","Data source: ","Sumber data: ","","17","medium","","",""
"playersPage.defaultSourceName","playersPage","ui","eFootball World","eFootball World","","20","medium","","",""
"tagEditor.duplicateTag","tagEditor","ui","This tag already exists.","Tag ini sudah ada.","","32","medium","","",""
"tagEditor.maxTagsTemplate","tagEditor","ui","You can add up to {max} tags.","Anda dapat menambahkan hingga {max} tag.","","","medium","","",""
"tagEditor.labelTemplate","tagEditor","ui","Tags (optional, up to {maxTags}, {maxLen} characters each)","Tag (opsional, hingga {maxTags}, masing-masing {maxLen} karakter)","","","medium","","",""
"tagEditor.removeTagAriaTemplate","tagEditor","accessibility","Remove tag ""{tag}""","Hapus tag ""{tag}""","","24","high","","",""
"tagEditor.placeholder","tagEditor","ui","e.g. Main / Dribbler / Progression candidate","mis. Utama / Dribbler / Kandidat progresi","","","medium","","",""
"tagEditor.addButton","tagEditor","ui","Add","Tambah","","12","medium","","",""
"myTeamAddDialog.editTitle","myTeamAddDialog","ui","Edit My Team Record","Edit data Tim Saya","","25","medium","","",""
"myTeamAddDialog.addTitle","myTeamAddDialog","ui","Add to My Team","Tambah ke Tim Saya","","19","medium","","",""
"myTeamAddDialog.saveFailedFallback","myTeamAddDialog","ui","Could not save.","Tidak dapat menyimpan.","","20","high","","",""
"myTeamAddDialog.introAddTemplate","myTeamAddDialog","ui","This adds {playerName} (ID {worldCardId}) to My Team. My Team manages cards you actually own. It is independent of Favorites — adding here does not add it to Favorites.","Ini akan menambahkan {playerName} (ID {worldCardId}) ke Tim Saya. Tim Saya mengelola kartu yang benar-benar Anda miliki. Terpisah dari Favorit — menambahkan di sini tidak menambahkannya ke Favorit.","","","medium","","",""
"myTeamAddDialog.introEditTemplate","myTeamAddDialog","ui","This edits the My Team record for {playerName} (ID {worldCardId}). My Team manages cards you actually own, independent of Favorites.","Ini akan mengedit data Tim Saya untuk {playerName} (ID {worldCardId}). Tim Saya mengelola kartu yang benar-benar Anda miliki, terpisah dari Favorit.","","","medium","","",""
"myTeamAddDialog.ownershipLabel","myTeamAddDialog","ui","Ownership status","Status kepemilikan","","21","medium","","",""
"myTeamAddDialog.usageLabel","myTeamAddDialog","ui","Usage status (optional)","Status penggunaan (opsional)","","30","medium","","",""
"myTeamAddDialog.usageNote","myTeamAddDialog","ui","Usage status is separate from actual squad placement. Setting it to ""Main"" does not automatically place the card in a squad.","Status penggunaan terpisah dari penempatan sebenarnya di skuad. Mengaturnya ke ""Utama"" tidak otomatis menempatkan kartu di skuad.","","","medium","","",""
"myTeamAddDialog.noteLabelTemplate","myTeamAddDialog","ui","Note (optional, up to {max} characters)","Catatan (opsional, maksimal {max} karakter)","","","medium","","",""
"myTeamAddDialog.notePlaceholder","myTeamAddDialog","ui","e.g. Planned as ST / strong 1v1 / adjust progression next","mis. Rencana sebagai ST / kuat 1 lawan 1 / sesuaikan progresi berikutnya","","75","medium","","",""
"myTeamAddDialog.noteCountTemplate","myTeamAddDialog","ui","{count} / {max}","{count} / {max}","","20","medium","","",""
"myTeamAddDialog.cancelButton","myTeamAddDialog","ui","Cancel","Batal","","12","medium","","",""
"myTeamAddDialog.saveButton","myTeamAddDialog","ui","Save","Simpan","","12","medium","","",""
"myTeamAddDialog.addButton","myTeamAddDialog","ui","Add to My Team","Tambah ke Tim Saya","","19","medium","","",""
"myTeamButton.registeredAria","myTeamButton","accessibility","Registered in My Team","Terdaftar di Tim Saya","","28","high","","",""
"myTeamButton.registeredLabel","myTeamButton","ui","Registered in My Team","Terdaftar di Tim Saya","","28","medium","","",""
"myTeamButton.openInMyTeamLink","myTeamButton","ui","Open in My Team","Buka di Tim Saya","","20","medium","","",""
"myTeamButton.addButton","myTeamButton","ui","Add to My Team","Tambah ke Tim Saya","","19","medium","","",""
"myTeamButton.unavailableNote","myTeamButton","ui","This browser cannot save","Browser ini tidak dapat menyimpan","","32","medium","","",""
"favoritesView.pageTitle","favoritesView","metadata","Favorites","Favorit","","12","medium","","",""
"favoritesView.pageDescription","favoritesView","metadata","Save cards you're interested in, and check their progression and compare them later. Cards you don't own can be registered too.","Simpan kartu yang Anda minati, lalu periksa progresinya dan bandingkan nanti. Kartu yang tidak Anda miliki juga dapat didaftarkan.","","","medium","","",""
"favoritesView.emptyTitle","favoritesView","ui","You have no favorites yet","Anda belum memiliki favorit","","33","medium","","",""
"favoritesView.emptyDescription","favoritesView","ui","Add cards using the star icon in the players list or on a player's detail page. Cards you don't own can be favorited too.","Tambahkan kartu dengan ikon bintang di daftar pemain atau di halaman detail pemain. Kartu yang tidak Anda miliki juga dapat difavoritkan.","","","medium","","",""
"favoritesView.noResultsTitle","favoritesView","ui","No favorites match your criteria","Tidak ada favorit yang cocok dengan kriteria Anda","","42","medium","","",""
"favoritesView.removeLabel","favoritesView","ui","Remove from favorites","Hapus dari favorit","","28","medium","","",""
"favoritesView.scopeLoadingMessage","favoritesView","ui","Checking your account…","Memeriksa akun Anda…","","29","medium","","",""
"favoriteButton.saveFailedFallback","favoriteButton","ui","Could not save","Tidak dapat menyimpan","","19","high","","",""
"favoriteButton.removeLabel","favoriteButton","ui","Remove from favorites","Hapus dari favorit","","28","medium","","",""
"favoriteButton.addLabel","favoriteButton","ui","Add to favorites","Tambah ke favorit","","21","medium","","",""
"favoriteButton.favoritedCompactLabel","favoriteButton","ui","Favorited","Difavoritkan","","12","medium","","",""
"favoriteButton.notFavoritedCompactLabel","favoriteButton","ui","Favorite","Favorit","","12","medium","","",""
"favoriteButton.favoritedLabel","favoriteButton","ui","Favorited","Difavoritkan","","12","medium","","",""
"favoriteButton.addFavoriteLabel","favoriteButton","ui","Add to favorites","Tambah ke favorit","","21","medium","","",""
"favoriteButton.unavailableNote","favoriteButton","ui","This browser cannot save (lost when closed)","Browser ini tidak dapat menyimpan (hilang saat ditutup)","","","medium","","",""
"userCardFilters.sortAddedDesc","userCardFilters","ui","Recently added","Terakhir ditambahkan","","19","medium","","",""
"userCardFilters.sortAddedAsc","userCardFilters","ui","Oldest added","Ditambahkan paling lama","","16","medium","","",""
"userCardFilters.sortOvrDesc","userCardFilters","ui","OVR (high to low)","OVR (tinggi ke rendah)","","23","medium","","",""
"userCardFilters.sortOvrAsc","userCardFilters","ui","OVR (low to high)","OVR (rendah ke tinggi)","","23","medium","","",""
"userCardFilters.sortName","userCardFilters","ui","By name","Menurut nama","","12","medium","","",""
"userCardFilters.sortPosition","userCardFilters","ui","By position","Menurut posisi","","15","medium","","",""
"userCardFilters.searchSrLabel","userCardFilters","ui","Search","Cari","","12","medium","","",""
"userCardFilters.searchPlaceholder","userCardFilters","ui","Player name / team / nationality / card ID","Nama pemain / tim / kebangsaan / ID kartu","","55","medium","","",""
"userCardFilters.sortAriaLabel","userCardFilters","accessibility","Sort","Urutkan","","12","high","","",""
"userCardFilters.positionFilterAriaLabel","userCardFilters","accessibility","Filter by position","Filter menurut posisi","","24","high","","",""
"userCardFilters.positionFilterAll","userCardFilters","ui","Position: All","Posisi: Semua","","17","medium","","",""
"userCardFilters.cardTypeFilterAriaLabel","userCardFilters","accessibility","Filter by card type","Filter menurut jenis kartu","","25","high","","",""
"userCardFilters.cardTypeFilterAll","userCardFilters","ui","Card type: All","Jenis kartu: Semua","","19","medium","","",""
"userCardFilters.ownershipFilterAriaLabel","userCardFilters","accessibility","Filter by ownership status","Filter menurut status kepemilikan","","34","high","","",""
"userCardFilters.ownershipFilterAll","userCardFilters","ui","Ownership: All","Kepemilikan: Semua","","19","medium","","",""
"userCardFilters.ownershipOwned","userCardFilters","ui","Owned","Dimiliki","","12","medium","","",""
"userCardFilters.ownershipWanted","userCardFilters","ui","Wanted","Diinginkan","","12","medium","","",""
"userCardFilters.ownershipReleased","userCardFilters","ui","Released","Dilepas","","12","medium","","",""
"userCardFilters.ownershipUnknown","userCardFilters","ui","Not set","Belum diatur","","12","medium","","",""
"userCardFilters.inTeamFilterAriaLabel","userCardFilters","accessibility","Filter by ownership","Filter menurut kepemilikan","","25","high","","",""
"userCardFilters.inTeamFilterAll","userCardFilters","ui","Ownership: All","Kepemilikan: Semua","","19","medium","","",""
"userCardFilters.inTeamFilterYes","userCardFilters","ui","In My Team","Di Tim Saya","","13","medium","","",""
"userCardFilters.inTeamFilterNo","userCardFilters","ui","Not in My Team","Tidak di Tim Saya","","19","medium","","",""
"userCardFilters.boosterFilterAriaLabel","userCardFilters","accessibility","Filter by booster","Filter menurut booster","","23","high","","",""
"userCardFilters.boosterFilterAll","userCardFilters","ui","Booster: All","Booster: Semua","","16","medium","","",""
"userCardFilters.boosterFilterHas","userCardFilters","ui","Has booster","Ada booster","","15","medium","","",""
"userCardFilters.boosterFilterPom","userCardFilters","ui","Has Power of Many","Ada Power of Many","","23","medium","","",""
"userCardFilters.clearFiltersButton","userCardFilters","ui","Clear filters","Hapus filter","","17","medium","","",""
"userCardFilters.countTemplate","userCardFilters","ui","{shown} / {total}","{shown} / {total}","","23","medium","","",""
"userCardTile.compareAddedMsg","userCardTile","ui","Added to compare.","Ditambahkan ke perbandingan.","","23","medium","","",""
"userCardTile.compareAlreadyMsg","userCardTile","ui","Already in compare.","Sudah ada di perbandingan.","","25","medium","","",""
"userCardTile.compareFullMsg","userCardTile","ui","Compare is at the maximum number of players.","Perbandingan sudah mencapai jumlah pemain maksimum.","","","medium","","",""
"userCardTile.compareFailedMsg","userCardTile","ui","Could not add.","Tidak dapat menambahkan.","","19","high","","",""
"userCardTile.resolvingCardInfo","userCardTile","ui","Resolving card information…","Memuat informasi kartu…","","","medium","","",""
"userCardTile.boosterGold","userCardTile","ui","Gold","Emas","","12","medium","","",""
"userCardTile.boosterBlue","userCardTile","ui","Blue","Biru","","12","medium","","",""
"userCardTile.noBuildsSaved","userCardTile","ui","No builds in TeamAIXI","Tidak ada build di TeamAIXI","","28","medium","","",""
"userCardTile.selectedBuildTemplate","userCardTile","ui","Selected build: {name} ({count} saved)","Build terpilih: {name} ({count} tersimpan)","","","medium","","",""
"userCardTile.buildsSavedTemplate","userCardTile","ui","Builds saved in TeamAIXI ({count})","Build tersimpan di TeamAIXI ({count})","","","medium","","",""
"userCardTile.usedInSquadsCountTemplate","userCardTile","ui","In use in {count} squad(s): ","Dipakai di {count} skuad: ","","","medium","","",""
"userCardTile.detailLink","userCardTile","ui","Details","Detail","","12","medium","","",""
"userCardTile.progressionLink","userCardTile","ui","Progression","Progresi","","15","medium","","",""
"userCardTile.addToCompareButton","userCardTile","ui","Add to compare","Tambah ke perbandingan","","19","medium","","",""
"userCardTile.defaultRemoveLabel","userCardTile","ui","Remove","Hapus","","12","medium","","",""
"userCardTile.ownershipOwned","userCardTile","ui","Owned","Dimiliki","","12","medium","","",""
"userCardTile.ownershipWanted","userCardTile","ui","Wanted","Diinginkan","","12","medium","","",""
"userCardTile.ownershipReleased","userCardTile","ui","Released","Dilepas","","12","medium","","",""
"userCardTile.ownershipUnknown","userCardTile","ui","Not set","Belum diatur","","12","medium","","",""
"userCardTile.usageMain","userCardTile","ui","Main","Utama","","12","medium","","",""
"userCardTile.usageRotation","userCardTile","ui","Rotation","Rotasi","","12","medium","","",""
"userCardTile.usageReserve","userCardTile","ui","Reserve","Pelapis","","12","medium","","",""
"userCardTile.usageUnused","userCardTile","ui","Unused","Tidak dipakai","","12","medium","","",""
"userCardTile.usageUnknown","userCardTile","ui","Not set","Belum diatur","","12","medium","","",""
"localStorageNotice.whatFavorites","localStorageNotice","ui","Favorites","Favorit","","12","medium","","",""
"localStorageNotice.whatMyTeam","localStorageNotice","ui","My Team","Tim Saya","","12","medium","","",""
"localStorageNotice.whatBuilds","localStorageNotice","ui","Saved progression builds","Build progresi tersimpan","","32","medium","","",""
"localStorageNotice.whatFavoritesAndMyTeam","localStorageNotice","ui","Favorites and My Team","Favorit dan Tim Saya","","28","medium","","",""
"localStorageNotice.bodyPrefixTemplate","localStorageNotice","ui","{what} is currently saved ","{what} saat ini disimpan ","","","medium","","",""
"localStorageNotice.bodyBold","localStorageNotice","ui","only in this browser","hanya di browser ini","","26","medium","","",""
"localStorageNotice.bodySuffix","localStorageNotice","ui",". Syncing or backing up to another device, or saving to a server, is not yet supported. Login and account sync are planned for a future version.",". Sinkronisasi atau cadangan data ke perangkat lain, maupun penyimpanan ke server, belum didukung. Login dan sinkronisasi akun direncanakan untuk versi mendatang.","","","medium","","",""
"localStorageNotice.bodySuffixMyTeam","localStorageNotice","ui",". After logging in, you can use an alpha trial feature on the account screen to explicitly save and retrieve My Team from the cloud. This is not automatic sync across devices.",". Setelah login, Anda dapat memakai fitur uji coba alfa di layar akun untuk menyimpan dan mengambil Tim Saya dari cloud secara eksplisit. Ini bukan sinkronisasi otomatis antarperangkat.","","","medium","","",""
"myTeam.pageTitle","myTeam","metadata","My Team","Tim Saya","","12","medium","","",""
"myTeam.pageDescription","myTeam","metadata","Manage cards you actually own and connect them to progression builds, compare, and squads. Managed independently from Favorites.","Kelola kartu yang benar-benar Anda miliki dan hubungkan ke build progresi, perbandingan, dan skuad. Dikelola terpisah dari Favorit.","","","medium","","",""
"myTeam.emptyTitle","myTeam","ui","My Team has no cards yet","Belum ada kartu di Tim Saya","","32","medium","","",""
"myTeam.emptyDescription","myTeam","ui","Add cards you own to connect them to progression builds and squads.","Tambahkan kartu yang Anda miliki untuk menghubungkannya ke build progresi dan skuad.","","","medium","","",""
"myTeam.findPlayersLink","myTeam","ui","Find players","Cari pemain","","16","medium","","",""
"myTeam.viewFavoritesLink","myTeam","ui","View favorites","Lihat favorit","","19","medium","","",""
"myTeam.notAvailableNotice","myTeam","ui","Cannot save in this browser. Additions and changes may be lost when you close the page.","Tidak dapat menyimpan di browser ini. Penambahan dan perubahan bisa hilang saat Anda menutup halaman.","","","medium","","",""
"myTeam.ownedCardCountLabel","myTeam","ui","Owned cards","Kartu dimiliki","","15","medium","","",""
"myTeam.totalFavoriteCountLabel","myTeam","ui","Favorites (overall)","Favorit (total)","","25","medium","","",""
"myTeam.mainCardCountLabel","myTeam","ui","Main cards","Kartu utama","","13","medium","","",""
"myTeam.buildsSavedCountLabel","myTeam","ui","Builds saved in TeamAIXI","Build tersimpan di TeamAIXI","","32","medium","","",""
"myTeam.buildsSavedNote","myTeam","ui","""Builds saved"" reflects storage state within TeamAIXI — it is separate from actual in-game progression.","""Build tersimpan"" menunjukkan status penyimpanan di TeamAIXI — terpisah dari progresi sebenarnya di dalam game.","","","medium","","",""
"myTeam.noResultsTitle","myTeam","ui","No cards match your criteria","Tidak ada kartu yang sesuai kriteria","","37","medium","","",""
"myTeam.noResultsDescription","myTeam","ui","Try changing your search term or filters.","Coba ubah kata pencarian atau filter.","","","medium","","",""
"myTeam.clearFiltersButton","myTeam","ui","Clear filters","Hapus filter","","17","medium","","",""
"myTeam.resolvingCards","myTeam","ui","Resolving card information…","Memuat informasi kartu…","","","medium","","",""
"myTeam.editButton","myTeam","ui","Edit","Edit","","12","medium","","",""
"myTeam.useInSquadLink","myTeam","ui","Use in squad","Pakai di skuad","","16","medium","","",""
"myTeam.removeFromMyTeamLabel","myTeam","ui","Remove from My Team","Hapus dari Tim Saya","","25","medium","","",""
"myTeam.savedBuildHeading","myTeam","ui","Saved Build","Build tersimpan","","15","medium","","",""
"myTeam.selectedPrefix","myTeam","ui","Selected: ","Dipilih: ","","13","medium","","",""
"myTeam.favoritePrefix","myTeam","ui","Favorite: ","Favorit: ","","13","medium","","",""
"myTeam.noneLabel","myTeam","ui","None","Tidak ada","","12","medium","","",""
"myTeam.buildMissingLabel","myTeam","ui","Not found (deleted)","Tidak ditemukan (dihapus)","","25","medium","","",""
"myTeam.savedCountSuffix","myTeam","ui","{count} saved","{count} tersimpan","","17","medium","","",""
"myTeam.quickSelectLabel","myTeam","ui","Quick select:","Pilih cepat:","","17","medium","","",""
"myTeam.quickSelectNone","myTeam","ui","None","Tidak ada","","12","medium","","",""
"myTeam.legacyRulesSuffix","myTeam","ui"," (outdated rules)"," (aturan lama)","","23","medium","","",""
"myTeam.chooseBuildButton","myTeam","ui","Choose saved build","Pilih build tersimpan","","24","medium","","",""
"myTeam.openInProgressionLink","myTeam","ui","Open in Progression","Buka di Progresi","","25","medium","","",""
"myTeam.removeConfirmTitle","myTeam","ui","Remove from My Team?","Hapus dari Tim Saya?","","26","high","","",""
"myTeam.removeConfirmButton","myTeam","ui","Remove from My Team","Hapus dari Tim Saya","","25","high","","",""
"myTeam.removeConfirmBodyTemplate","myTeam","ui","This removes {name} from My Team.","Ini akan menghapus {name} dari Tim Saya.","","","high","","",""
"myTeam.removeConfirmNote","myTeam","ui","Favorites, saved progression builds, saved squads, and compare state are not deleted (only the association is removed).","Favorit, build progresi tersimpan, skuad tersimpan, dan status perbandingan tidak dihapus (hanya keterkaitannya yang dihapus).","","","high","","",""
"myTeam.customUsageSuffix","myTeam","ui"," · Custom"," · Kustom","","12","medium","","",""
"myTeam.starterUsageTemplate","myTeam","ui","Starter {role}","Inti {role}","","19","medium","","",""
"myTeam.captainUsageSuffix","myTeam","ui"," · C"," · C","","12","medium","","",""
"myTeam.benchUsageLabel","myTeam","ui","Bench","Cadangan","","12","medium","","",""
"myTeam.selectedBuildAriaTemplate","myTeam","accessibility","Selected build for {name}","Build terpilih untuk {name}","","","high","","",""
"myTeam.scopeLoadingMessage","myTeam","ui","Checking your account…","Memeriksa akun Anda…","","29","medium","","",""
"myTeam.legacyNoticeTemplate","myTeam","ui","There are {count} My Team item(s) saved to this browser from before account separation. This data has not been deleted. To use it under your current account, open the local data migration screen.","Ada {count} item Tim Saya yang tersimpan di browser ini dari sebelum pemisahan akun. Data ini belum dihapus. Untuk menggunakannya di akun Anda saat ini, buka layar migrasi data lokal.","","","medium","","",""
"myTeam.migrationLinkLabel","myTeam","ui","Open local data migration screen","Buka layar migrasi data lokal","","42","medium","","",""
"bench.modeNone","bench","ui","No progression","Tanpa progresi","","19","medium","","",""
"bench.modeAttack","bench","ui","Attack","Menyerang","","12","medium","","",""
"bench.modeDefense","bench","ui","Defense","Bertahan","","12","medium","","",""
"bench.modeBalance","bench","ui","Balance","Seimbang","","12","medium","","",""
"bench.modeGk","bench","ui","GK","GK","","12","medium","","",""
"bench.heading","bench","ui","Bench","Cadangan","","12","medium","","",""
"bench.addButton","bench","ui","+ Add bench player","+ Tambah pemain cadangan","","24","medium","","",""
"bench.empty","bench","ui","No bench players registered.","Belum ada pemain cadangan yang terdaftar.","","","medium","","",""
"bench.moveCandidatePrefix","bench","ui","Move target — ","Tujuan pindah — ","","19","medium","","",""
"bench.movingPrefix","bench","ui","Moving — ","Memindahkan — ","","12","medium","","",""
"bench.benchSlotLabel","bench","ui","Bench","Cadangan","","12","medium","","",""
"bench.moveSwapSuffix","bench","ui"," · Select to swap"," · Pilih untuk menukar","","23","medium","","",""
"bench.moveStartSuffix","bench","ui"," · Select to start move/substitution"," · Pilih untuk mulai memindahkan/mengganti","","","medium","","",""
"bench.positionUnknown","bench","ui","?","?","","12","medium","","",""
"bench.displayedOvrPrefix","bench","ui","Displayed OVR ","OVR tampil ","","19","medium","","",""
"bench.ovrUnknown","bench","ui","–","–","","12","medium","","",""
"bench.loadingLabel","bench","ui","Loading…","Memuat…","","12","medium","","",""
"bench.errorLabel","bench","ui","Failed to load","Gagal memuat","","19","high","","",""
"bench.moveUpAriaTemplate","bench","accessibility","Move {name} up","Pindahkan {name} ke atas","","19","high","","",""
"bench.moveDownAriaTemplate","bench","accessibility","Move {name} down","Pindahkan {name} ke bawah","","21","high","","",""
"bench.removeButton","bench","ui","Remove","Hapus","","12","medium","","",""
"bench.staleBuildLabel","bench","ui","Outdated-rule build","Build aturan lama","","25","medium","","",""
"bench.buildModeAriaTemplate","bench","accessibility","Bench progression focus for {name}","Fokus progresi cadangan untuk {name}","","","high","","",""
"bench.squadBuildLabelPrefix","bench","ui","Squad build: ","Build skuad: ","","17","medium","","",""
"bench.buildNotSet","bench","ui","Not set","Belum diatur","","12","medium","","",""
"bench.buildDeleted","bench","ui","Deleted","Dihapus","","12","high","","",""
"bench.chooseBuildButton","bench","ui","Choose saved build","Pilih build tersimpan","","24","medium","","",""
"bench.moveToBenchAria","bench","accessibility","Move target — move to bench","Tujuan pindah — pindahkan ke cadangan","","36","high","","",""
"bench.moveToBenchButton","bench","ui","Move here (to bench)","Pindahkan ke sini (ke cadangan)","","26","medium","","",""
"bestXi.pageTitle","bestXi","metadata","AI Best XI | TeamAIXI","AI Best XI | TeamAIXI","","28","medium","","",""
"bestXi.heading","bestXi","ui","AI Best XI","AI Best XI","","13","medium","","",""
"bestXi.description","bestXi","ui","Selects a starting XI from your saved players and builds using deterministic rules.","Memilih starting XI dari pemain dan build tersimpan Anda dengan aturan deterministik.","","","medium","","",""
"bestXi.disclaimerNotAi","bestXi","ui","AI Best XI uses your saved data and deterministic selection rules. It does not use generative AI and never sends data to an external AI service.","AI Best XI menggunakan data tersimpan Anda dan aturan pemilihan deterministik. Fitur ini tidak menggunakan AI generatif dan tidak pernah mengirim data ke layanan AI eksternal.","","","medium","","",""
"bestXi.modeLabel","bestXi","ui","Overall / whole-team optimization","Optimasi keseluruhan / seluruh tim","","43","medium","","",""
"bestXi.modeDescription","bestXi","ui","Overall / whole-team optimization compares all 11 slots together, so no single extremely high rating can hide other weak slots, and selects a 4-3-3 starting XI from your saved candidates (no weighted-sum ""AI score"" is used).","Optimasi keseluruhan / seluruh tim membandingkan ke-11 slot sekaligus, sehingga satu rating yang sangat tinggi tidak dapat menutupi slot lain yang lemah, lalu memilih starting XI 4-3-3 dari kandidat tersimpan Anda (tanpa ""skor AI"" berbobot).","","","medium","","",""
"bestXi.formationNotice","bestXi","ui","This initial version always selects using a 4-3-3 formation.","Versi awal ini selalu memilih dengan formasi 4-3-3.","","","medium","","",""
"bestXi.criteriaHeading","bestXi","ui","Selection criteria (in priority order)","Kriteria pemilihan (urut prioritas)","","50","medium","","",""
"bestXi.criteriaFilledSlots","bestXi","ui","1. Maximize the number of required slots that can be filled","1. Memaksimalkan jumlah slot wajib yang dapat diisi","","","medium","","",""
"bestXi.criteriaExactPosition","bestXi","ui","2. Maximize the number of players placed in their exact registered position","2. Memaksimalkan jumlah pemain yang ditempatkan tepat di posisi terdaftarnya","","","medium","","",""
"bestXi.criteriaRelatedMinimized","bestXi","ui","3. Keep placements in a related (non-exact) position to the necessary minimum","3. Membatasi penempatan di posisi terkait (bukan posisi persis) seminimal mungkin","","","medium","","",""
"bestXi.criteriaPositionRatingBalance","bestXi","ui","4. Compare each position's estimated rating by raising the weakest slot first, so one standout player never hides the rest","4. Membandingkan perkiraan rating tiap posisi dengan menaikkan slot terlemah lebih dulu, sehingga satu pemain menonjol tidak pernah menutupi yang lain","","","medium","","",""
"bestXi.criteriaAbilityDataConfidence","bestXi","ui","5. Prefer candidates whose ability data could be confirmed","5. Mengutamakan kandidat yang data atributnya dapat dikonfirmasi","","","medium","","",""
"bestXi.criteriaIntentSupplementary","bestXi","ui","6. Use any saved development intent (intended position) only as a supplementary factor that never overrides actual suitability or rating","6. Menggunakan rencana pengembangan tersimpan (posisi yang dituju) hanya sebagai faktor tambahan yang tidak pernah mengalahkan kecocokan atau rating sebenarnya","","","medium","","",""
"bestXi.resultStatsTemplate","bestXi","ui","{filled} / 11 slots filled (exact position: {exact}, related position: {related})","{filled} / 11 slot terisi (posisi persis: {exact}, posisi terkait: {related})","","","medium","","",""
"bestXi.candidatePoolTemplate","bestXi","ui","Candidates: {playerCount} saved players, {buildCount} available builds","Kandidat: {playerCount} pemain tersimpan, {buildCount} build tersedia","","","medium","","",""
"bestXi.generateButton","bestXi","ui","Build Best XI","Susun Best XI","","17","medium","","",""
"bestXi.regenerateButton","bestXi","ui","Re-select","Pilih ulang","","12","medium","","",""
"bestXi.generatingText","bestXi","ui","Selecting…","Memilih…","","13","medium","","",""
"bestXi.staleNoticeText","bestXi","ui","Your candidate data may have changed. Re-select to use the latest data.","Data kandidat Anda mungkin telah berubah. Pilih ulang untuk menggunakan data terbaru.","","","medium","","",""
"bestXi.emptyMyTeamHeading","bestXi","ui","No players registered in My Team","Belum ada pemain di Tim Saya","","42","medium","","",""
"bestXi.emptyMyTeamBody","bestXi","ui","AI Best XI selects from the player cards and saved builds registered in My Team. Add players to My Team first.","AI Best XI memilih dari kartu pemain dan build tersimpan yang terdaftar di Tim Saya. Tambahkan pemain ke Tim Saya terlebih dahulu.","","","medium","","",""
"bestXi.goToMyTeamLink","bestXi","ui","Go to My Team","Ke Tim Saya","","17","medium","","",""
"bestXi.goToBuildInventoryLink","bestXi","ui","View saved builds","Lihat build tersimpan","","23","medium","","",""
"bestXi.unfilledSlotsHeading","bestXi","ui","Open slots","Slot kosong","","13","medium","","",""
"bestXi.unfilledSlotNoCandidate","bestXi","ui","No candidates found.","Tidak ada kandidat.","","26","medium","","",""
"bestXi.unfilledSlotOnlyIneligibleCandidates","bestXi","ui","No eligible candidates found.","Tidak ada kandidat yang memenuhi syarat.","","","medium","","",""
"bestXi.needMorePlayersTemplate","bestXi","ui","{count} more candidates are needed to complete the starting XI.","Perlu {count} kandidat lagi untuk melengkapi starting XI.","","","medium","","",""
"bestXi.needOnePlayerText","bestXi","ui","1 more candidate is needed to complete the starting XI.","Perlu 1 kandidat lagi untuk melengkapi starting XI.","","","medium","","",""
"bestXi.addPlayersHint","bestXi","ui","Add players to My Team, or create a saved build.","Tambahkan pemain ke Tim Saya, atau buat build tersimpan.","","","medium","","",""
"bestXi.selectedBuildLabel","bestXi","ui","Build used","Build yang dipakai","","13","medium","","",""
"bestXi.noSavedBuildLabel","bestXi","ui","No saved build (currently confirmable ability values)","Tidak ada build tersimpan (nilai atribut yang saat ini dapat dikonfirmasi)","","69","medium","","",""
"bestXi.suitabilityLabel","bestXi","ui","Position suitability","Kecocokan posisi","","26","medium","","",""
"bestXi.suitabilityExact","bestXi","ui","Natural position","Posisi asli","","21","medium","","",""
"bestXi.suitabilityRelated","bestXi","ui","Unconfirmed (nearby position)","Belum dikonfirmasi (posisi berdekatan)","","","medium","","",""
"bestXi.suitabilityUnresolved","bestXi","ui","Unconfirmed","Belum dikonfirmasi","","15","medium","","",""
"bestXi.positionRatingLabel","bestXi","ui","Estimated rating for this position","Perkiraan rating untuk posisi ini","","45","medium","","",""
"bestXi.positionRatingUnavailable","bestXi","ui","Unavailable","Tidak tersedia","","15","medium","","",""
"bestXi.reasonsHeading","bestXi","ui","Selection reasons","Alasan pemilihan","","23","medium","","",""
"bestXi.reasonExactPosition","bestXi","ui","Matches the registered position.","Sesuai dengan posisi terdaftar.","","","medium","","",""
"bestXi.reasonTopPositionRating","bestXi","ui","The highest-rated candidate for this position among the pool.","Kandidat dengan rating tertinggi untuk posisi ini di antara kandidat.","","","medium","","",""
"bestXi.reasonOnlyEligibleCandidate","bestXi","ui","The only eligible candidate for this slot.","Satu-satunya kandidat yang memenuhi syarat untuk slot ini.","","","medium","","",""
"bestXi.reasonBestBuildAmongOwnBuilds","bestXi","ui","The best-fitting build among this player's multiple saved builds.","Build paling cocok di antara beberapa build tersimpan pemain ini.","","","medium","","",""
"bestXi.reasonFullAbilityDataConfirmed","bestXi","ui","The saved build's ability data could be confirmed.","Data atribut build tersimpan dapat dikonfirmasi.","","","high","","",""
"bestXi.reasonNoSavedBuildUsesBaseStats","bestXi","ui","No saved build exists, so the currently confirmable ability values are used.","Tidak ada build tersimpan, jadi nilai atribut yang saat ini dapat dikonfirmasi yang digunakan.","","","medium","","",""
"bestXi.reasonIntentPositionMatch","bestXi","ui","Matches the intended position declared in the saved development intent (a supplementary reason).","Sesuai dengan posisi yang dituju dalam rencana pengembangan tersimpan (alasan tambahan).","","","medium","","",""
"bestXi.reasonOptimalOverallPlacement","bestXi","ui","Not this player's individually best position, but this slot was chosen to optimize the team as a whole.","Bukan posisi terbaik pemain ini secara individu, tetapi slot ini dipilih untuk mengoptimalkan tim secara keseluruhan.","","","medium","","",""
"bestXi.alternativesHeading","bestXi","ui","Notable alternatives","Alternatif yang patut dicatat","","26","medium","","",""
"bestXi.alternativesEmptyText","bestXi","ui","There are no notable alternative candidates.","Tidak ada kandidat alternatif yang patut dicatat.","","","medium","","",""
"bestXi.alternativesSlotPrefixTemplate","bestXi","ui","{position}:","{position}:","","15","medium","","",""
"bestXi.exclusionSameCardBuildUsedElsewhere","bestXi","ui","Another saved build of the same player is already used elsewhere in this team.","Build tersimpan lain dari pemain yang sama sudah dipakai di tempat lain dalam tim ini.","","","medium","","",""
"bestXi.exclusionLowerPositionRating","bestXi","ui","The selected player rated higher for this position.","Pemain terpilih memiliki rating lebih tinggi untuk posisi ini.","","","medium","","",""
"bestXi.exclusionLowerSuitability","bestXi","ui","The selected player had better position suitability.","Pemain terpilih memiliki kecocokan posisi yang lebih baik.","","","medium","","",""
"bestXi.exclusionAbilityDataUnavailable","bestXi","ui","Ability data could not be confirmed.","Data atribut tidak dapat dikonfirmasi.","","","medium","","",""
"bestXi.exclusionUsedInOtherRequiredSlot","bestXi","ui","The same player is already used in another required slot.","Pemain yang sama sudah dipakai di slot wajib lain.","","","medium","","",""
"bestXi.exclusionNoAppropriateSlotInFormation","bestXi","ui","There is no appropriate slot for this candidate in this formation.","Tidak ada slot yang sesuai untuk kandidat ini dalam formasi ini.","","","medium","","",""
"bestXi.exclusionLegacyRulesLimitedComparison","bestXi","ui","This build was saved under outdated rules, so comparison is limited.","Build ini disimpan dengan aturan lama, jadi perbandingannya terbatas.","","","medium","","",""
"bestXi.exclusionPositionSuitabilityUnresolved","bestXi","ui","The player's suitability for this position could not be confirmed, so the candidate was excluded from automatic selection.","Kecocokan pemain untuk posisi ini tidak dapat dikonfirmasi, jadi kandidat dikecualikan dari pemilihan otomatis.","","","medium","","",""
"bestXi.exclusionGkFieldMismatch","bestXi","ui","The goalkeeper and outfield positions do not match, so the candidate was excluded from automatic selection.","Posisi kiper dan pemain lapangan tidak cocok, jadi kandidat dikecualikan dari pemilihan otomatis.","","","medium","","",""
"bestXi.limitationsHeading","bestXi","ui","Limitations","Batasan","","15","medium","","",""
"bestXi.limitationSingleFormationOnly","bestXi","ui","This initial version only supports the 4-3-3 formation.","Versi awal ini hanya mendukung formasi 4-3-3.","","","medium","","",""
"bestXi.limitationNoBenchSelection","bestXi","ui","Bench members are not selected.","Pemain cadangan tidak dipilih.","","","medium","","",""
"bestXi.limitationNoManagerSelection","bestXi","ui","Manager bonuses are not applied in this version.","Bonus manajer tidak diterapkan di versi ini.","","","medium","","",""
"bestXi.limitationPersonIdentityUnavailable","bestXi","ui","This version does not detect duplicates across different cards of the same real player, because no reliable identity data exists for that. Duplicate use of the same card or the same saved build is still prevented.","Versi ini tidak mendeteksi duplikat di antara kartu berbeda dari pemain nyata yang sama, karena belum ada data identitas yang andal untuk itu. Penggunaan ganda kartu yang sama atau build tersimpan yang sama tetap dicegah.","","","medium","","",""
"bestXi.limitationAdditionalPositionAptitudeLimited","bestXi","ui","Additional-position aptitude data is only available for a small subset of cards, so most candidates are judged using only their registered position.","Data kecocokan posisi tambahan hanya tersedia untuk sebagian kecil kartu, jadi sebagian besar kandidat dinilai hanya dari posisi terdaftarnya.","","","medium","","",""
"bestXi.limitationLargeCandidatePoolBounded","bestXi","ui","When the candidate pool is extremely large, selection uses each position's top candidates to remain deterministic.","Jika jumlah kandidat sangat besar, pemilihan memakai kandidat teratas tiap posisi agar tetap deterministik.","","","medium","","",""
"bestXi.notAWinPredictionText","bestXi","ui","This is not a win-rate or match-result prediction feature.","Ini bukan fitur prediksi persentase kemenangan atau hasil pertandingan.","","","medium","","",""
"bestXi.resultsNotSavedText","bestXi","ui","This selection result is not saved. It disappears when you leave the page.","Hasil pemilihan ini tidak disimpan. Hasil akan hilang saat Anda meninggalkan halaman.","","","medium","","",""
"bestXi.withinYourCandidatesText","bestXi","ui","This is the best XI within your own saved candidates.","Ini adalah XI terbaik di antara kandidat tersimpan Anda sendiri.","","","medium","","",""
"bestXi.unavailableCardNoWorldCardData","bestXi","ui","Player data could not be retrieved.","Data pemain tidak dapat diambil.","","","medium","","",""
"bestXi.unavailableCardNoAbilityData","bestXi","ui","Ability data could not be confirmed.","Data atribut tidak dapat dikonfirmasi.","","","medium","","",""
"bestXi.unavailableCardsHeading","bestXi","ui","My Team players that could not be used as candidates","Pemain Tim Saya yang tidak dapat dijadikan kandidat","","68","medium","","",""
"bestXi.pitchViewHeading","bestXi","ui","Formation view","Tampilan formasi","","19","medium","","",""
"bestXi.listViewHeading","bestXi","ui","Selected players","Pemain terpilih","","21","medium","","",""
"bestXi.slotEmptyLabel","bestXi","ui","Not selected","Belum dipilih","","16","medium","","",""
"bestXi.legacyRuleBadge","bestXi","ui","Outdated rules","Aturan lama","","19","medium","","",""
"bestXi.alternativeCandidateCountTemplate","bestXi","ui","{count} more candidates available","{count} kandidat lain tersedia","","","medium","","",""
"bestXi.playerDetailToggleAriaTemplate","bestXi","accessibility","Show or hide selection reasons for {name}","Tampilkan atau sembunyikan alasan pemilihan untuk {name}","","","high","","",""
"bestXi.closePanelAriaTemplate","bestXi","accessibility","Close details for {name}","Tutup detail untuk {name}","","32","high","","",""
"footer.ariaLandmark","footer","core","Site footer","Footer situs","","15","high","","",""
"footer.aboutLink","footer","core","About","Tentang","","12","high","","",""
"footer.termsLink","footer","core","Terms of use","Ketentuan penggunaan","","16","high","","",""
"footer.privacyLink","footer","core","Privacy","Privasi","","12","high","","",""
"footer.disclaimerLink","footer","core","Disclaimer","Penafian","","13","high","","",""
"footer.dataManagementLink","footer","core","Data management","Pengelolaan data","","20","high","","",""
"footer.supportLink","footer","core","Support","Dukungan","","12","high","","",""
"footer.releaseReadinessLink","footer","core","Release readiness","Kesiapan rilis","","23","high","","",""
"footer.unofficialNotice","footer","core","TeamAIXI is an unofficial squad analysis tool for eFootball™. It is not an official KONAMI or eFootball™ service and is not endorsed by, affiliated with or operated by KONAMI. Trademarks and product names belong to their respective owners. Data, analysis and diagnoses may contain errors or delays and do not guarantee in-game decisions.","TeamAIXI adalah alat analisis skuad tidak resmi untuk eFootball™. Ini bukan layanan resmi KONAMI atau eFootball™, serta tidak didukung, tidak berafiliasi dengan, dan tidak dioperasikan oleh KONAMI. Merek dagang dan nama produk adalah milik pemiliknya masing-masing. Data, analisis, dan diagnosis dapat mengandung kesalahan atau keterlambatan dan tidak menjamin keputusan di dalam game.","","","high","","",""
"footer.draftBadge","footer","core","v1.0 · Free · No sign-in","v1.0 · Gratis · Tanpa login","","32","high","","",""
"about.pageTitle","about","metadata","About | TeamAIXI","Tentang | TeamAIXI","","21","medium","","",""
"about.pageDescriptionMeta","about","metadata","What you can do with TeamAIXI v1.0 and what v1.0 does not offer.","Apa yang dapat Anda lakukan dengan TeamAIXI v1.0 dan apa yang belum tersedia di v1.0.","","","medium","","",""
"about.heading","about","ui","About this service","Tentang layanan ini","","24","medium","","",""
"about.intro","about","ui","TeamAIXI is an unofficial squad analysis tool for eFootball™ for browsing player data, progression planning, comparing players, diagnosing squads and sharing results. TeamAIXI v1.0 is free and can be used without signing in. Account features are planned for a future update.","TeamAIXI adalah alat analisis skuad tidak resmi untuk eFootball™ untuk menjelajahi data pemain, merencanakan progresi, membandingkan pemain, mendiagnosis skuad, dan membagikan hasil. TeamAIXI v1.0 gratis dan dapat digunakan tanpa masuk. Fitur akun direncanakan untuk pembaruan mendatang.","","","medium","","",""
"about.ruleBasedNotice","about","ui","Features whose name includes ""AI"" (such as AI Best XI) are not generative AI. They are rule-based analysis built on confirmable ability values and deterministic rules.","Fitur yang namanya mengandung ""AI"" (seperti AI Best XI) bukan AI generatif. Fitur tersebut adalah analisis berbasis aturan yang dibangun di atas nilai atribut yang dapat dikonfirmasi dan aturan deterministik.","","","medium","","",""
"about.externalAiNotice","about","ui","Analysis content is never sent to an external AI service.","Isi analisis tidak pernah dikirim ke layanan AI eksternal.","","","medium","","",""
"about.scopeNotice","about","ui","Analysis only considers the candidates you have saved (My Team and saved builds).","Analisis hanya mempertimbangkan kandidat yang Anda simpan (Tim Saya dan build tersimpan).","","","medium","","",""
"about.availableHeading","about","ui","Available now","Tersedia sekarang","","17","medium","","",""
"about.availablePlayerBrowsing","about","ui","Browsing player and card data","Menjelajahi data pemain dan kartu","","","medium","","",""
"about.availableProgressionCalc","about","ui","Progression calculation (26 abilities, standard OVR, position-specific rating)","Perhitungan progresi (26 atribut, OVR standar, rating per posisi)","","","medium","","",""
"about.availableMyTeam","about","ui","My Team (managing owned players)","Tim Saya (mengelola pemain yang dimiliki)","","","medium","","",""
"about.availableSavedBuilds","about","ui","Saved builds (saved progression allocations)","Build tersimpan (alokasi progresi yang disimpan)","","","medium","","",""
"about.availableBuildAnalysis","about","ui","Build Analysis (progression-goal analysis)","Analisis Build (analisis target progresi)","","","medium","","",""
"about.availablePresets","about","ui","Training-goal presets (45 presets across 9 categories)","Preset target latihan (45 preset dalam 9 kategori)","","","medium","","",""
"about.availableNormalHarshMode","about","ui","Standard and harsh evaluation modes (a difference in presentation only; calculations are identical)","Mode penilaian standar dan blak-blakan (hanya beda penyajian; perhitungannya identik)","","","medium","","",""
"about.availableCardCompare","about","ui","Comparing multiple builds of the same card","Membandingkan beberapa build dari kartu yang sama","","","medium","","",""
"about.availableDiagnosisCard","about","ui","Diagnosis result card","Kartu hasil diagnosis","","28","medium","","",""
"about.availablePngExport","about","ui","Saving as a PNG image","Menyimpan sebagai gambar PNG","","28","medium","","",""
"about.availableSavedSquads","about","ui","Saved squads","Skuad tersimpan","","16","medium","","",""
"about.availableSquadDiagnosis","about","ui","Squad diagnosis","Diagnosis skuad","","20","medium","","",""
"about.availableBestXi","about","ui","AI Best XI (rule-based selection from your saved candidates)","AI Best XI (pemilihan berbasis aturan dari kandidat tersimpan Anda)","","","medium","","",""
"about.availableJsonBackup","about","ui","JSON backup of saved builds (export and import)","Cadangan data JSON untuk build tersimpan (ekspor dan impor)","","","medium","","",""
"about.availableAccountAuth","about","ui","Every feature works without signing in (account features are planned for a future update)","Semua fitur dapat digunakan tanpa masuk (fitur akun direncanakan untuk pembaruan mendatang)","","","medium","","",""
"about.availableReferenceDataSupabase","about","ui","Player and manager data is updated automatically on a schedule (only updates that pass the safety checks are applied automatically; anything else is reviewed by the operator)","Data pemain dan manajer diperbarui otomatis secara terjadwal (hanya pembaruan yang lolos pemeriksaan keamanan yang diterapkan otomatis; selebihnya ditinjau oleh operator)","","","medium","","",""
"about.betaHeading","about","ui","Known limitations","Batasan yang diketahui","","23","medium","","",""
"about.betaBestXiIntro","about","ui","AI Best XI works, but has the following known limitations.","AI Best XI berfungsi, tetapi memiliki batasan berikut.","","","medium","","",""
"about.betaBestXiDedupLimit","about","ui","It does not detect when the same real player appears on multiple different cards.","Tidak mendeteksi saat pemain nyata yang sama muncul di beberapa kartu berbeda.","","","medium","","",""
"about.betaBestXiSubPositionLimit","about","ui","Additional-position aptitude data is only available for a small subset of cards.","Data kecocokan posisi tambahan hanya tersedia untuk sebagian kecil kartu.","","","medium","","",""
"about.betaBestXiPoolScopeLimit","about","ui","Selection only considers the candidates you have saved (it does not search every card automatically).","Pemilihan hanya mempertimbangkan kandidat yang Anda simpan (tidak mencari semua kartu secara otomatis).","","","medium","","",""
"about.betaMyTeamCloudSave","about","ui","Your data is stored in this browser. Move it to another device with export and import on the Data management page","Data Anda disimpan di browser ini. Pindahkan ke perangkat lain dengan ekspor dan impor di halaman Manajemen data","","","medium","","",""
"about.betaReferenceDataAutoUpdateDryRun","about","ui","Reference data is refreshed from an hourly automatic check, so it may lag behind the game","Data referensi diperbarui dari pemeriksaan otomatis setiap jam, jadi mungkin tertinggal dari game","","","medium","","",""
"about.notProvidedHeading","about","ui","Not provided","Tidak tersedia","","16","medium","","",""
"about.notProvidedSync","about","ui","Automatic sync across devices","Sinkronisasi otomatis antarperangkat","","","medium","","",""
"about.notProvidedCloudBackup","about","ui","Automatic cloud backup of all data (automatic saving of data other than My Team)","Cadangan data otomatis ke cloud untuk semua data (penyimpanan otomatis data selain Tim Saya)","","","medium","","",""
"about.notProvidedFriends","about","ui","Friends, rivals and public profiles","Teman, rival, dan profil publik","","","medium","","",""
"about.notProvidedRanking","about","ui","Rankings and usage statistics","Peringkat dan statistik penggunaan","","","medium","","",""
"about.notProvidedBilling","about","ui","Payments and billing","Pembayaran dan tagihan","","26","medium","","",""
"about.notProvidedPro","about","ui","A paid Pro plan","Paket Pro berbayar","","20","medium","","",""
"about.notProvidedNativeApp","about","ui","A native app","Aplikasi native","","16","medium","","",""
"about.notProvidedVoiceChat","about","ui","Posts, comments, photo posts and community","Postingan, komentar, unggahan foto, dan komunitas","","","medium","","",""
"about.notProvidedGenerativeAi","about","ui","Any generative AI or external AI API integration","AI generatif atau integrasi API AI eksternal apa pun","","","medium","","",""
"about.notOfficialNotice","about","ui","The Service is not an official KONAMI or eFootball™ service and is not endorsed by, affiliated with or operated by KONAMI.","Layanan ini bukan layanan resmi KONAMI atau eFootball™ dan tidak didukung, berafiliasi, atau dioperasikan oleh KONAMI.","","","medium","","",""
"about.winRateNotice","about","ui","Analysis results do not guarantee win rates or match outcomes.","Hasil analisis tidak menjamin persentase kemenangan atau hasil pertandingan.","","","medium","","",""
"about.draftNotice","about","ui","This page describes TeamAIXI v1.0 (October 4, 2026). Features may change in future updates.","Halaman ini menjelaskan TeamAIXI v1.0 (4 Oktober 2026). Fitur dapat berubah pada pembaruan mendatang.","","","medium","","",""
"dataManagement.pageTitle","dataManagement","metadata","Data Management | TeamAIXI","Manajemen Data | TeamAIXI","","34","medium","","",""
"dataManagement.pageDescriptionMeta","dataManagement","metadata","Where your saved data lives, how to back it up, and how to delete it.","Tempat data tersimpan Anda berada, cara mencadangkannya, dan cara menghapusnya.","","","medium","","",""
"dataManagement.heading","dataManagement","ui","Data management","Manajemen data","","20","medium","","",""
"dataManagement.intro","dataManagement","ui","This page explains what data is stored where, what happens if you delete it, and how to back it up.","Halaman ini menjelaskan data apa yang disimpan di mana, apa yang terjadi jika Anda menghapusnya, dan cara membuat cadangan datanya.","","","medium","","",""
"dataManagement.draftNotice","dataManagement","ui","This description is a beta-preparation draft based on the current implementation.","Penjelasan ini adalah draf persiapan beta berdasarkan implementasi saat ini.","","","medium","","",""
"dataManagement.storedDataHeading","dataManagement","ui","Data that is stored","Data yang disimpan","","25","medium","","",""
"dataManagement.storedDataBody","dataManagement","ui","Favorites, My Team, saved builds (including allocations and saved training intent), saved squads, squad templates, and display settings are currently stored in your browser's localStorage.","Favorit, Tim Saya, build tersimpan (termasuk alokasi dan niat latihan tersimpan), skuad tersimpan, templat skuad, dan pengaturan tampilan saat ini disimpan di localStorage browser Anda.","","","medium","","",""
"dataManagement.browserRiskHeading","dataManagement","ui","Effects of clearing browser data","Dampak menghapus data browser","","42","medium","","",""
"dataManagement.browserRiskBody","dataManagement","ui","If you clear data (browsing history, site data, etc.) from your browser settings, saved content may not be recoverable.","Jika Anda menghapus data (riwayat penjelajahan, data situs, dll.) dari pengaturan browser, konten tersimpan mungkin tidak dapat dipulihkan.","","","medium","","",""
"dataManagement.browserRiskSameDeviceDifferentBrowser","dataManagement","ui","Even on the same computer, a different browser is treated as having entirely separate data.","Meskipun di komputer yang sama, browser yang berbeda dianggap memiliki data yang sepenuhnya terpisah.","","","medium","","",""
"dataManagement.browserRiskPrivateMode","dataManagement","ui","In private/incognito mode, saved content may not persist once the window is closed.","Dalam mode pribadi/penyamaran, konten tersimpan mungkin tidak bertahan setelah jendela ditutup.","","","medium","","",""
"dataManagement.browserRiskBrowserSettings","dataManagement","ui","Depending on your browser settings, site data may be deleted automatically after a period of time.","Tergantung pengaturan browser Anda, data situs dapat terhapus otomatis setelah jangka waktu tertentu.","","","medium","","",""
"dataManagement.noSyncNoCloudBody","dataManagement","ui","There is currently no automatic sync across devices and no cloud backup. Data does not automatically carry over to another device or browser.","Saat ini tidak ada sinkronisasi otomatis antarperangkat dan tidak ada cadangan data di cloud. Data tidak otomatis berpindah ke perangkat atau browser lain.","","","medium","","",""
"dataManagement.jsonBackupHeading","dataManagement","ui","JSON backup","Cadangan data JSON","","15","medium","","",""
"dataManagement.jsonBackupBody","dataManagement","ui","Saved builds can be exported to and imported from a JSON file.","Build tersimpan dapat diekspor ke dan diimpor dari file JSON.","","","medium","","",""
"dataManagement.jsonBackupWhereBody","dataManagement","ui","Export and import are available from the ""My Builds"" or saved-builds list screen.","Ekspor dan impor tersedia dari layar ""Build Saya"" atau daftar build tersimpan.","","","medium","","",""
"dataManagement.jsonBackupTimingRecommendation","dataManagement","ui","We recommend taking a JSON backup regularly whenever you create or update an important saved build.","Kami menyarankan membuat cadangan data JSON secara rutin setiap kali Anda membuat atau memperbarui build tersimpan yang penting.","","","medium","","",""
"dataManagement.jsonBackupContentWarning","dataManagement","ui","A JSON file may contain the content of your saved builds (allocations, saved training intent, etc.).","File JSON dapat berisi konten build tersimpan Anda (alokasi, niat latihan tersimpan, dll.).","","","high","","",""
"dataManagement.jsonBackupSharingWarning","dataManagement","ui","Keep backup JSON files somewhere safe, and avoid publishing them publicly.","Simpan file JSON cadangan data di tempat yang aman, dan hindari memublikasikannya.","","","high","","",""
"dataManagement.jsonBackupImportWarning","dataManagement","ui","Do not casually import a JSON file from an unknown source.","Jangan sembarangan mengimpor file JSON dari sumber yang tidak dikenal.","","","high","","",""
"dataManagement.howToDeleteHeading","dataManagement","ui","How to delete individual data","Cara menghapus data satu per satu","","38","high","","",""
"dataManagement.howToDeleteBuild","dataManagement","ui","Deleting a saved build: delete it from ""My Builds"" or the saved-builds list.","Menghapus build tersimpan: hapus dari ""Build Saya"" atau daftar build tersimpan.","","","high","","",""
"dataManagement.howToDeleteMyTeam","dataManagement","ui","Removing from My Team: use the menu on each player in ""My Team"" to delete or change ownership status.","Menghapus dari Tim Saya: gunakan menu pada setiap pemain di ""Tim Saya"" untuk menghapus atau mengubah status kepemilikan.","","","high","","",""
"dataManagement.howToDeleteSquad","dataManagement","ui","Deleting a saved squad: delete it from the squad list.","Menghapus skuad tersimpan: hapus dari daftar skuad.","","","high","","",""
"dataManagement.howToDeleteIntentOnly","dataManagement","ui","Deleting only the saved training intent: from a saved build's edit screen, you can discard the training-intent settings (the build itself remains).","Menghapus hanya niat latihan tersimpan: dari layar edit build tersimpan, Anda dapat membuang pengaturan niat latihan (build-nya tetap ada).","","","high","","",""
"dataManagement.deleteAllHeading","dataManagement","ui","Delete all local data","Hapus semua data lokal","","28","high","","",""
"dataManagement.deleteAllIntro","dataManagement","ui","This deletes all of the Service's data stored in this browser at once. It does not affect SQLite (player/manager data) or the data of any other site.","Ini menghapus sekaligus semua data Layanan yang disimpan di browser ini. Ini tidak memengaruhi SQLite (data pemain/manajer) atau data situs lain.","","","high","","",""
"dataManagement.deleteAllTargetHeading","dataManagement","ui","What will be deleted","Yang akan dihapus","","26","high","","",""
"dataManagement.deleteAllTargetFavorites","dataManagement","ui","Favorites","Favorit","","12","high","","",""
"dataManagement.deleteAllTargetMyTeam","dataManagement","ui","My Team","Tim Saya","","12","high","","",""
"dataManagement.deleteAllTargetBuilds","dataManagement","ui","Saved builds (including saved training intent)","Build tersimpan (termasuk niat latihan tersimpan)","","","high","","",""
"dataManagement.deleteAllTargetSquads","dataManagement","ui","Saved squads","Skuad tersimpan","","16","high","","",""
"dataManagement.deleteAllTargetTemplates","dataManagement","ui","Squad templates","Templat skuad","","20","high","","",""
"dataManagement.deleteAllTargetEditorPrefs","dataManagement","ui","Squad editor display settings","Pengaturan tampilan editor skuad","","","high","","",""
"dataManagement.deleteAllTargetComparisonState","dataManagement","ui","Temporary squad comparison state","Status perbandingan skuad sementara","","","high","","",""
"dataManagement.deleteAllExcludedNote","dataManagement","ui","Your language setting and sidebar collapsed state are not deleted.","Pengaturan bahasa dan status sidebar yang diciutkan tidak dihapus.","","","high","","",""
"dataManagement.deleteAllScopeNote","dataManagement","ui","This bulk deletion only targets the shared (legacy) data saved to this browser before account separation. Your current guest (signed-out) area, and your signed-in account's own My Team, My Builds, Favorites, Saved Squads, and Squad Templates areas, along with your cloud My Team, are not deleted by this action.","Penghapusan massal ini hanya menargetkan data bersama (lama) yang disimpan di browser ini sebelum pemisahan akun. Area tamu (belum masuk) Anda saat ini, area Tim Saya, Build Saya, Favorit, Skuad Tersimpan, dan Templat Skuad milik akun Anda yang sedang masuk, serta Tim Saya di cloud, tidak dihapus oleh tindakan ini.","","","high","","",""
"dataManagement.deleteAllNothingToDelete","dataManagement","ui","There is currently no data to delete.","Saat ini tidak ada data untuk dihapus.","","","high","","",""
"dataManagement.deleteAllStartButton","dataManagement","ui","Delete all local data","Hapus semua data lokal","","28","high","","",""
"dataManagement.deleteAllConfirmTitle","dataManagement","ui","Are you sure you want to delete everything?","Yakin ingin menghapus semuanya?","","56","high","","",""
"dataManagement.deleteAllConfirmBody","dataManagement","ui","This action cannot be undone. All of the data listed above will be deleted.","Tindakan ini tidak dapat dibatalkan. Semua data yang tercantum di atas akan dihapus.","","","high","","",""
"dataManagement.deleteAllConfirmButton","dataManagement","ui","Delete","Hapus","","12","high","","",""
"dataManagement.deleteAllCancelButton","dataManagement","ui","Cancel","Batal","","12","high","","",""
"dataManagement.deleteAllBackupReminder","dataManagement","ui","We recommend backing up any important saved builds to JSON before deleting.","Kami menyarankan membuat cadangan data JSON untuk build tersimpan yang penting sebelum menghapus.","","","high","","",""
"dataManagement.deleteAllInProgress","dataManagement","ui","Deleting…","Menghapus…","","12","high","","",""
"dataManagement.deleteAllSuccessMessage","dataManagement","ui","Local data has been deleted.","Data lokal telah dihapus.","","","high","","",""
"dataManagement.deleteAllFailureMessage","dataManagement","ui","Deletion failed. Please check your browser settings and try again.","Penghapusan gagal. Periksa pengaturan browser Anda dan coba lagi.","","","high","","",""
"dataManagement.deleteAllPartialFailureMessage","dataManagement","ui","Some data could not be deleted. Please reload the page and try again.","Sebagian data tidak dapat dihapus. Muat ulang halaman dan coba lagi.","","","high","","",""
"dataManagement.deleteAllStorageUnavailable","dataManagement","ui","Browser storage is not available in this environment, so there is no data to delete.","Penyimpanan browser tidak tersedia di lingkungan ini, jadi tidak ada data untuk dihapus.","","","high","","",""
"support.pageTitle","support","metadata","Support | TeamAIXI","Dukungan | TeamAIXI","","24","high","","",""
"support.pageDescriptionMeta","support","metadata","How to contact us, report a bug, or reach us as a rights holder.","Cara menghubungi kami, melaporkan bug, atau menghubungi kami sebagai pemegang hak.","","","high","","",""
"support.heading","support","ui","Support","Dukungan","","12","high","","",""
"support.intro","support","ui","This page explains how to contact us about the Service or report a bug.","Halaman ini menjelaskan cara menghubungi kami tentang Layanan atau melaporkan bug.","","","high","","",""
"support.draftNotice","support","ui","Support for TeamAIXI v1.0. A single operator handles messages in order; reply times cannot be promised.","Dukungan untuk TeamAIXI v1.0. Satu operator menangani pesan secara berurutan; waktu balasan tidak dapat dijanjikan.","","","high","","",""
"support.notConfiguredNotice","support","ui","The support contact channel is being prepared before release.","Saluran kontak dukungan sedang disiapkan sebelum rilis.","","","high","","",""
"support.sharedChannelIntro","support","ui","General inquiries, bug reports, contact from rights holders, and privacy inquiries are currently all handled through a shared contact channel.","Pertanyaan umum, laporan bug, kontak dari pemegang hak, dan pertanyaan privasi saat ini ditangani melalui satu saluran kontak bersama.","","","high","","",""
"support.sharedChannelEmailLabel","support","ui","Contact email address","Alamat email kontak","","28","high","","",""
"support.dedicatedChannelLabel","support","ui","TeamAIXI Support","Dukungan TeamAIXI","","21","high","","",""
"support.contactSafetyNotice","support","ui","Do not send passwords, verification codes, API keys, secrets, addresses, phone numbers, or other personal information. Bug reports should include only the screen, steps, time of occurrence, device, operating system, and browser.","Jangan mengirim kata sandi, kode verifikasi, kunci API, rahasia, alamat, nomor telepon, atau informasi pribadi lainnya. Laporan bug cukup berisi layar, langkah, waktu kejadian, perangkat, sistem operasi, dan browser.","","","high","","",""
"support.sendMailButtonLabel","support","ui","Send an email","Kirim email","","17","high","","",""
"support.betaLimitsHeading","support","ui","Known limitations in v1.0","Batasan yang diketahui di v1.0","","33","high","","",""
"support.betaLimitsIntro","support","ui","Please note the following.","Harap perhatikan hal-hal berikut.","","","high","","",""
"support.betaLimitData","support","ui","Player and manager data is updated from an hourly automatic check (GitHub's scheduler can occasionally leave gaps of a few hours) and may differ from the latest in-game content; see ""Imported"" on each page for the update date.","Data pemain dan manajer diperbarui dari pemeriksaan otomatis tiap jam (penjadwal GitHub sesekali dapat menyisakan jeda beberapa jam) dan mungkin berbeda dari konten terbaru di dalam game; lihat ""Diimpor"" di setiap halaman untuk tanggal pembaruannya.","","","high","","",""
"support.betaLimitStorage","support","ui","My Team, saved builds, saved squads and similar data are stored in your current browser. Full automatic sync across devices is not available (My Team cloud save is an alpha feature).","Tim Saya, build tersimpan, skuad tersimpan, dan data serupa disimpan di browser Anda saat ini. Sinkronisasi otomatis penuh antarperangkat tidak tersedia (penyimpanan cloud Tim Saya adalah fitur alfa).","","","high","","",""
"support.betaLimitRecommendation","support","ui","Suggestions such as the Best XI are reference information based on this Service's own rules, not official ratings.","Saran seperti Best XI adalah informasi referensi berdasarkan aturan Layanan ini sendiri, bukan penilaian resmi.","","","high","","",""
"support.betaLimitChanges","support","ui","Features, screens and data formats may change in future updates.","Fitur, layar, dan format data dapat berubah pada pembaruan mendatang.","","","high","","",""
"support.betaLimitWorldLag","support","ui","Player card (World) data only reflects updates that pass the safety checks after each automatic check, so it may lag behind the game and the data source. The counts and import date on the home page are the current values.","Data kartu pemain (World) hanya mencerminkan pembaruan yang lolos pemeriksaan keamanan setelah setiap pemeriksaan otomatis, sehingga mungkin tertinggal dari game dan sumber data. Jumlah dan tanggal impor di beranda adalah nilai saat ini.","","","high","","",""
"support.betaLimitNoPayment","support","ui","TeamAIXI is free. Continued availability is not guaranteed. TeamAIXI is an unofficial squad analysis tool for eFootball™. It is not an official KONAMI or eFootball™ service.","TeamAIXI gratis. Ketersediaan berkelanjutan tidak dijamin. TeamAIXI adalah alat analisis skuad tidak resmi untuk eFootball™. Ini bukan layanan resmi KONAMI atau eFootball™.","","","high","","",""
"support.betaLimitDataDeletion","support","ui","Data saved in this browser can be deleted on the ""Data management"" page. To request account deletion, please contact us using the channels below.","Data yang disimpan di browser ini dapat dihapus di halaman ""Manajemen data"". Untuk meminta penghapusan akun, silakan hubungi kami melalui saluran di bawah.","","","high","","",""
"support.betaLimitsFeedback","support","ui","Please tell us about anything you notice or any bugs via ""Bug reports"" below.","Beri tahu kami hal apa pun yang Anda perhatikan atau bug apa pun melalui ""Laporan bug"" di bawah.","","","high","","",""
"support.mailtoAriaGeneral","support","accessibility","Send an email for a general inquiry","Kirim email untuk pertanyaan umum","","","high","","",""
"support.mailtoAriaBugReport","support","accessibility","Send an email to report a bug","Kirim email untuk melaporkan bug","","","high","","",""
"support.mailtoAriaRights","support","accessibility","Send an email as a rights holder","Kirim email sebagai pemegang hak","","","high","","",""
"support.mailtoAriaPrivacy","support","accessibility","Send an email for a privacy inquiry","Kirim email untuk pertanyaan privasi","","","high","","",""
"support.mailtoSubjectGeneral","support","ui","TeamAIXI General Inquiry","TeamAIXI Pertanyaan Umum","","32","high","","",""
"support.mailtoSubjectBugReport","support","ui","TeamAIXI Bug Report","TeamAIXI Laporan Bug","","25","high","","",""
"support.mailtoSubjectRights","support","ui","TeamAIXI Rights-Related Contact","TeamAIXI Kontak Terkait Hak","","","high","","",""
"support.mailtoSubjectPrivacy","support","ui","TeamAIXI Privacy Inquiry","TeamAIXI Pertanyaan Privasi","","32","high","","",""
"support.safetyNoticeHeading","support","ui","Before you contact us","Sebelum menghubungi kami","","28","high","","",""
"support.safetyNoPassword","support","ui","Please do not send a password.","Jangan mengirim kata sandi.","","","high","","",""
"support.safetyNoAuthCode","support","ui","Please do not send an authentication code.","Jangan mengirim kode autentikasi.","","","high","","",""
"support.safetyNoRecoveryCode","support","ui","Please do not send a recovery code.","Jangan mengirim kode pemulihan.","","","high","","",""
"support.safetyNoPaymentInfo","support","ui","Please do not send payment information.","Jangan mengirim informasi pembayaran.","","","high","","",""
"support.safetyNoUnnecessaryPersonalInfo","support","ui","Please do not include unnecessary personal information.","Jangan sertakan informasi pribadi yang tidak perlu.","","","high","","",""
"support.generalContactHeading","support","ui","General inquiries","Pertanyaan umum","","23","high","","",""
"support.generalContactIntro","support","ui","Please send general inquiries and bug reports here.","Kirim pertanyaan umum dan laporan bug ke sini.","","","high","","",""
"support.generalContactUnset","support","ui","A general inquiry channel is currently being prepared.","Saluran pertanyaan umum sedang disiapkan.","","","high","","",""
"support.generalContactEmailLabel","support","ui","Contact email","Email kontak","","17","high","","",""
"support.bugReportHeading","support","ui","Bug reports","Laporan bug","","15","high","","",""
"support.bugReportIntro","support","ui","When reporting a bug, please include the following information where possible.","Saat melaporkan bug, sertakan informasi berikut sebisa mungkin.","","","high","","",""
"support.bugReportAlphaParticipantNotice","support","ui","If you notice a bug or odd behavior, contact us here. Please do not send your real name, contact details other than your email address, passwords or game account details.","Jika Anda menemukan bug atau perilaku aneh, hubungi kami di sini. Jangan mengirim nama asli, kontak selain alamat email, kata sandi, atau detail akun game Anda.","","","high","","",""
"support.bugReportFieldPage","support","ui","The page where it occurred","Halaman tempat terjadinya","","","high","","",""
"support.bugReportFieldSteps","support","ui","Steps to reproduce","Langkah untuk mereproduksi","","24","high","","",""
"support.bugReportFieldExpected","support","ui","Expected result","Hasil yang diharapkan","","20","high","","",""
"support.bugReportFieldActual","support","ui","Actual result","Hasil sebenarnya","","17","high","","",""
"support.bugReportFieldBrowser","support","ui","Your browser","Browser Anda","","16","high","","",""
"support.bugReportFieldWidth","support","ui","Screen width (PC, phone, etc.)","Lebar layar (PC, ponsel, dll.)","","","high","","",""
"support.bugReportFieldErrorMessage","support","ui","Any error message shown","Pesan error yang ditampilkan","","30","high","","",""
"support.bugReportNoPersonalData","support","ui","Please do not include personal information or internal data.","Jangan sertakan informasi pribadi atau data internal.","","","high","","",""
"support.bugReportNoUnsolicitedJsonAttachment","support","ui","Please do not attach a JSON backup file unless asked to.","Jangan lampirkan file cadangan data JSON kecuali diminta.","","","high","","",""
"support.bugReportCheckScreenshot","support","ui","If you send a screenshot, please check it for personal information first.","Jika mengirim tangkapan layar, periksa dulu apakah ada informasi pribadi di dalamnya.","","","high","","",""
"support.issueTrackerLabel","support","ui","Issue tracker","Pelacak masalah","","17","high","","",""
"support.rightsHolderHeading","support","ui","Contact for rights holders","Kontak untuk pemegang hak","","34","high","","",""
"support.rightsHolderIntro","support","ui","If you hold rights related to player names, cards, data, or images used here, please contact us with the following information.","Jika Anda memegang hak atas nama pemain, kartu, data, atau gambar yang dipakai di sini, hubungi kami dengan informasi berikut.","","","high","","",""
"support.rightsHolderContactIntro","support","ui","Please send any contact regarding content, data, images, or rights here.","Kirim kontak apa pun terkait konten, data, gambar, atau hak ke sini.","","","high","","",""
"support.rightsHolderFieldContent","support","ui","The content in question","Konten yang dimaksud","","30","high","","",""
"support.rightsHolderFieldUrl","support","ui","The relevant URL","URL terkait","","21","high","","",""
"support.rightsHolderFieldRightType","support","ui","Type of right","Jenis hak","","17","high","","",""
"support.rightsHolderFieldContactInfo","support","ui","Your contact information","Informasi kontak Anda","","32","high","","",""
"support.rightsHolderFieldRequestedAction","support","ui","Requested removal or correction","Penghapusan atau koreksi yang diminta","","","high","","",""
"support.rightsHolderFieldEvidence","support","ui","Supporting evidence, if any","Bukti pendukung, jika ada","","","high","","",""
"support.rightsHolderFieldReplyTo","support","ui","Reply-to address","Alamat balasan","","21","high","","",""
"support.rightsHolderUnsetNotice","support","ui","A dedicated rights-holder contact channel is currently being prepared. Once the general contact address above is set up, please use it in the meantime.","Saluran kontak khusus pemegang hak sedang disiapkan. Setelah alamat kontak umum di atas tersedia, gunakan alamat itu untuk sementara.","","","high","","",""
"support.rightsHolderEmailLabel","support","ui","Rights-holder contact","Kontak pemegang hak","","28","high","","",""
"support.privacyContactHeading","support","ui","Privacy-related inquiries","Pertanyaan terkait privasi","","33","high","","",""
"support.privacyContactIntro","support","ui","Please send any contact regarding privacy or how your local data is handled here.","Kirim kontak apa pun terkait privasi atau cara data lokal Anda ditangani ke sini.","","","high","","",""
"support.privacyContactUnsetNotice","support","ui","A dedicated privacy contact channel is currently being prepared.","Saluran kontak khusus privasi sedang disiapkan.","","","high","","",""
"support.privacyContactEmailLabel","support","ui","Privacy contact","Kontak privasi","","20","high","","",""
"support.noSubmissionFormNotice","support","ui","This page is informational only and is not a submission form. If a contact address above is set, please contact it directly.","Halaman ini hanya bersifat informasi dan bukan formulir pengiriman. Jika alamat kontak di atas tersedia, hubungi alamat itu secara langsung.","","","high","","",""
"support.safetyNoApiKey","support","ui","Do not send API keys or secrets.","Jangan mengirim kunci API atau rahasia.","","","high","","",""
"support.bugReportOnlyFacts","support","ui","In a bug report, include only the screen, the steps, the date and time, and your device and browser.","Dalam laporan bug, cukup sertakan layar, langkah, tanggal dan waktu, serta perangkat dan browser Anda.","","","high","","",""
"auth.authErrorLinkExpired","auth","ui","This link has expired or has already been used. Please request a new confirmation email or password reset.","Tautan ini sudah kedaluwarsa atau sudah digunakan. Silakan minta email konfirmasi atau reset kata sandi yang baru.","","","high","","",""
"auth.authErrorLinkInvalid","auth","ui","We couldn't verify this link. Open the link in the email again, or request a new confirmation email or password reset.","Kami tidak dapat memverifikasi tautan ini. Buka lagi tautan di email, atau minta email konfirmasi atau reset kata sandi yang baru.","","","high","","",""
"auth.authErrorRateLimited","auth","ui","Too many attempts in a short time. Please wait a while and try again.","Terlalu banyak percobaan dalam waktu singkat. Silakan tunggu sebentar lalu coba lagi.","","","high","","",""
"auth.authErrorNotConfigured","auth","ui","Account features are unavailable right now. Features that don't need sign-in still work.","Fitur akun saat ini tidak tersedia. Fitur yang tidak memerlukan masuk tetap dapat digunakan.","","","high","","",""
"auth.authErrorServiceUnavailable","auth","ui","We couldn't reach the authentication service. Please wait a moment and try again. Your link may still work.","Kami tidak dapat terhubung ke layanan autentikasi. Silakan tunggu sebentar lalu coba lagi. Tautan Anda mungkin masih berlaku.","","","high","","",""
"auth.confirmRetryButton","auth","ui","Try again","Coba lagi","","12","high","","",""
"auth.confirmPageTitle","auth","ui","Confirm your email link","Konfirmasi tautan email Anda","","30","high","","",""
"auth.confirmPageBody","auth","ui","Press the button below to verify this link and finish.","Tekan tombol di bawah untuk memverifikasi tautan ini dan menyelesaikan proses.","","","high","","",""
"auth.confirmButton","auth","ui","Confirm","Konfirmasi","","12","high","","",""
"auth.confirmProcessing","auth","ui","Verifying…","Memverifikasi…","","13","high","","",""
"auth.confirmSuccess","auth","ui","Confirmed. Redirecting…","Terkonfirmasi. Mengalihkan…","","30","high","","",""
"auth.confirmWhyButton","auth","ui","We ask you to press a button so that automatic link checks by email services don't use up the link first.","Kami meminta Anda menekan tombol agar pemeriksaan tautan otomatis oleh layanan email tidak memakai tautan lebih dulu.","","137","high","","",""
"auth.emailChangeHeading","auth","ui","Change email address","Ubah alamat email","","26","high","","",""
"auth.emailChangeLabel","auth","ui","New email address","Alamat email baru","","23","high","","",""
"auth.emailChangeSubmit","auth","ui","Send confirmation email","Kirim email konfirmasi","","30","high","","",""
"auth.emailChangeSent","auth","ui","Request received. Open the link in the confirmation email sent to the new address (and, depending on settings, the current one) to finish.","Permintaan diterima. Buka tautan di email konfirmasi yang dikirim ke alamat baru (dan, tergantung pengaturan, alamat saat ini) untuk menyelesaikan.","","","high","","",""
"auth.emailChangeLimitedNotice","auth","ui","Changing your email address needs a confirmation email. Email sending is in limited testing, so this is not available yet.","Mengubah alamat email memerlukan email konfirmasi. Pengiriman email masih dalam uji coba terbatas, jadi fitur ini belum tersedia.","","","high","","",""
"auth.reauthenticationNeededMessage","auth","ui","For your security, this action requires verification. While email sending is in limited testing, please sign out and use password reset instead.","Demi keamanan Anda, tindakan ini memerlukan verifikasi. Selama pengiriman email masih dalam uji coba terbatas, silakan keluar dan gunakan reset kata sandi.","","","high","","",""
"auth.supportPrivacyNotice","auth","ui","Never send your password, verification codes, email links or personal information to support.","Jangan pernah mengirim kata sandi, kode verifikasi, tautan email, atau informasi pribadi ke dukungan.","","","high","","",""
"auth.sessionExpiredMessage","auth","ui","Your session has expired. Please sign in again. Features that don't need sign-in still work.","Sesi Anda telah berakhir. Silakan masuk lagi. Fitur yang tidak memerlukan masuk tetap dapat digunakan.","","","high","","",""
"auth.accountLimitedTitle","auth","ui","Account features are in limited testing","Fitur akun masih dalam uji coba terbatas","","51","high","","",""
"auth.accountLimitedBody","auth","ui","TeamAIXI v1.0 can be used without signing in. Account features are planned for a future update (currently in limited testing). Player search, comparison, progression, and diagnosis can be used without signing in.","TeamAIXI v1.0 dapat digunakan tanpa masuk. Fitur akun direncanakan untuk pembaruan mendatang (saat ini dalam uji coba terbatas). Pencarian pemain, perbandingan, progresi, dan diagnosis dapat digunakan tanpa masuk.","","","high","","",""
"auth.accountLimitedExisting","auth","ui","If you already have an account, you can sign in.","Jika Anda sudah memiliki akun, Anda dapat masuk.","","","high","","",""
"auth.accountLimitedBrowse","auth","ui","Browse players","Jelajahi pemain","","19","high","","",""
"auth.navSignUpLimited","auth","ui","About accounts","Tentang akun","","19","high","","",""
"auth.signInNoAccountLimitedPrompt","auth","ui","Creating new accounts is currently in limited testing.","Pembuatan akun baru saat ini masih dalam uji coba terbatas.","","","high","","",""
"auth.signInLimitedLink","auth","ui","Learn more","Selengkapnya","","13","high","","",""
"auth.emailSendFailedMessage","auth","ui","We couldn't send the authentication email. Please wait and try again. Avoid repeated requests, and contact support if the problem continues.","Kami tidak dapat mengirim email autentikasi. Silakan tunggu lalu coba lagi. Hindari permintaan berulang, dan hubungi dukungan jika masalah berlanjut.","","","high","","",""
"auth.passwordResetLimitedNotice","auth","ui","Email sending is currently in limited testing. If the reset email does not arrive, please do not keep resending; check the support page instead.","Pengiriman email saat ini masih dalam uji coba terbatas. Jika email reset tidak sampai, jangan terus mengirim ulang; periksa halaman dukungan.","","","high","","",""
"auth.navSignIn","auth","ui","Sign in","Masuk","","12","high","","",""
"auth.navSignUp","auth","ui","Sign up","Daftar","","12","high","","",""
"auth.navAccount","auth","ui","Account","Akun","","12","high","","",""
"auth.emailLabel","auth","ui","Email address","Alamat email","","17","high","","",""
"auth.passwordLabel","auth","ui","Password","Kata sandi","","12","high","","",""
"auth.passwordConfirmLabel","auth","ui","Confirm password","Konfirmasi kata sandi","","21","high","","",""
"auth.passwordRequirementsHint","auth","ui","At least 12 characters, including an uppercase letter, a lowercase letter, a digit, and a symbol.","Minimal 12 karakter, termasuk huruf besar, huruf kecil, angka, dan simbol.","","","high","","",""
"auth.passwordMismatchError","auth","ui","Passwords do not match.","Kata sandi tidak cocok.","","30","high","","",""
"auth.invalidEmailError","auth","ui","Please enter a valid email address.","Masukkan alamat email yang valid.","","","high","","",""
"auth.genericErrorMessage","auth","ui","Something went wrong. Please try again later.","Terjadi kesalahan. Silakan coba lagi nanti.","","","high","","",""
"auth.tryAgainMessage","auth","ui","Please try again.","Silakan coba lagi.","","23","high","","",""
"auth.processingAuthMessage","auth","ui","Processing authentication…","Memproses autentikasi…","","","high","","",""
"auth.checkingSessionMessage","auth","ui","Checking your session…","Memeriksa sesi Anda…","","29","high","","",""
"auth.signUpPageTitle","auth","ui","Sign up","Daftar","","12","high","","",""
"auth.signUpSubmitButton","auth","ui","Create account","Buat akun","","19","high","","",""
"auth.signUpSuccessTitle","auth","ui","Confirmation email sent","Email konfirmasi terkirim","","30","high","","",""
"auth.signUpSuccessMessage","auth","ui","We sent a confirmation email to the address you entered. Please open the link in that email to finish signing up.","Kami telah mengirim email konfirmasi ke alamat yang Anda masukkan. Buka tautan di email tersebut untuk menyelesaikan pendaftaran.","","","high","","",""
"auth.signUpFailedMessage","auth","ui","Sign-up failed. Please check your details and try again.","Pendaftaran gagal. Periksa data Anda lalu coba lagi.","","","high","","",""
"auth.signUpHaveAccountPrompt","auth","ui","Already have an account?","Sudah punya akun?","","32","high","","",""
"auth.signUpSignInLink","auth","ui","Sign in","Masuk","","12","high","","",""
"auth.signInPageTitle","auth","ui","Sign in","Masuk","","12","high","","",""
"auth.signInSubmitButton","auth","ui","Sign in","Masuk","","12","high","","",""
"auth.signInFailedMessage","auth","ui","The email address or password is incorrect.","Alamat email atau kata sandi salah.","","","high","","",""
"auth.signInNoAccountPrompt","auth","ui","Don't have an account?","Belum punya akun?","","29","high","","",""
"auth.signInSignUpLink","auth","ui","Sign up","Daftar","","12","high","","",""
"auth.signInForgotPasswordLink","auth","ui","Forgot your password?","Lupa kata sandi?","","28","high","","",""
"auth.logoutButton","auth","ui","Sign out","Keluar","","12","high","","",""
"auth.logoutProcessingMessage","auth","ui","Signing out…","Sedang keluar…","","16","high","","",""
"auth.forgotPasswordPageTitle","auth","ui","Forgot your password?","Lupa kata sandi?","","28","high","","",""
"auth.forgotPasswordDescription","auth","ui","Enter your email address and we'll send you a link to reset your password.","Masukkan alamat email Anda dan kami akan mengirim tautan untuk mereset kata sandi.","","","high","","",""
"auth.forgotPasswordSubmitButton","auth","ui","Send reset email","Kirim email reset","","21","high","","",""
"auth.forgotPasswordSentMessage","auth","ui","If an account exists for that email address, we sent a password reset email. Please check your inbox.","Jika ada akun dengan alamat email tersebut, kami telah mengirim email reset kata sandi. Silakan periksa kotak masuk Anda.","","","high","","",""
"auth.updatePasswordPageTitle","auth","ui","Set a new password","Atur kata sandi baru","","24","high","","",""
"auth.updatePasswordDescription","auth","ui","Enter your new password.","Masukkan kata sandi baru Anda.","","32","high","","",""
"auth.updatePasswordSubmitButton","auth","ui","Update password","Perbarui kata sandi","","20","high","","",""
"auth.updatePasswordSuccessMessage","auth","ui","Your password has been updated. Please sign in again with your new password.","Kata sandi Anda telah diperbarui. Silakan masuk lagi dengan kata sandi baru.","","","high","","",""
"auth.callbackProcessingMessage","auth","ui","Verifying your authentication…","Memverifikasi autentikasi Anda…","","","high","","",""
"auth.callbackFailedMessage","auth","ui","We couldn't verify your authentication. Please try signing in or signing up again.","Kami tidak dapat memverifikasi autentikasi Anda. Silakan coba masuk atau daftar lagi.","","","high","","",""
"auth.callbackReturnLink","auth","ui","Back to sign in","Kembali ke halaman masuk","","20","high","","",""
"auth.accountPageTitle","auth","ui","Account","Akun","","12","high","","",""
"auth.accountLoginRequiredMessage","auth","ui","You need to sign in to view this page.","Anda perlu masuk untuk melihat halaman ini.","","","high","","",""
"auth.accountLoggedInLabel","auth","ui","Signed in","Sudah masuk","","12","high","","",""
"auth.accountEmailLabel","auth","ui","Confirmed email address","Alamat email terkonfirmasi","","30","high","","",""
"auth.accountCloudSyncNoticeTitle","auth","ui","Automatic sync across devices is not yet available","Sinkronisasi otomatis antarperangkat belum tersedia","","65","high","","",""
"auth.accountCloudSyncNoticeDesc","auth","ui","Automatic sync across devices is not supported. After logging in, you can use an alpha trial feature to explicitly save and retrieve My Team from the cloud. Favorites, saved builds, and saved squads are not yet cloud-saveable.","Sinkronisasi otomatis antarperangkat tidak didukung. Setelah masuk, Anda dapat menggunakan fitur uji coba alfa untuk menyimpan dan mengambil Tim Saya dari cloud secara manual. Favorit, build tersimpan, dan skuad tersimpan belum dapat disimpan ke cloud.","","","high","","",""
"auth.accountLocalDataNoticeDesc","auth","ui","Favorites, saved builds, saved squads, and similar data continue to be stored only in this device's browser (locally). My Team is also stored locally by default; it is only saved to or retrieved from the cloud when you explicitly do so using the alpha feature below.","Favorit, build tersimpan, skuad tersimpan, dan data sejenis tetap disimpan hanya di browser perangkat ini (lokal). Tim Saya juga disimpan secara lokal secara default; data hanya disimpan ke atau diambil dari cloud saat Anda melakukannya secara manual dengan fitur alfa di bawah.","","","high","","",""
"auth.accountNoAutoUploadNoticeDesc","auth","ui","Signing in does not automatically upload the local data already stored on this device.","Masuk tidak otomatis mengunggah data lokal yang sudah tersimpan di perangkat ini.","","","high","","",""
"auth.accountCrossDeviceNoticeDesc","auth","ui","Syncing data across other devices or browsers is not supported yet.","Sinkronisasi data antarperangkat atau antarbrowser belum didukung.","","","high","","",""
"auth.accountDeletionFutureNoticeDesc","auth","ui","Account deletion is planned for a future phase.","Penghapusan akun direncanakan untuk tahap mendatang.","","","high","","",""
"auth.signUpNextStepsHeading","auth","ui","What to do next","Langkah selanjutnya","","20","high","","",""
"auth.signUpStep1","auth","ui","Check the inbox for the email address you registered.","Periksa kotak masuk alamat email yang Anda daftarkan.","","","high","","",""
"auth.signUpStep2","auth","ui","Open the confirmation email from TeamAIXI.","Buka email konfirmasi dari TeamAIXI.","","","high","","",""
"auth.signUpStep3","auth","ui","Click the confirmation link in the email.","Klik tautan konfirmasi di email tersebut.","","","high","","",""
"auth.signUpStep4","auth","ui","Once confirmed, continue to the sign-in page or your account page.","Setelah terkonfirmasi, lanjutkan ke halaman masuk atau halaman akun Anda.","","","high","","",""
"auth.signUpGoToSignInButton","auth","ui","Go to sign in","Ke halaman masuk","","17","high","","",""
"auth.signUpSpamFolderNotice","auth","ui","If you don't see the email, please also check your spam folder.","Jika email tidak terlihat, periksa juga folder spam Anda.","","","high","","",""
"auth.signUpAlreadyConfirmedNotice","auth","ui","If your email address is already confirmed, you can just sign in.","Jika alamat email Anda sudah terkonfirmasi, Anda cukup masuk.","","","high","","",""
"auth.signUpEmailNotArrivingNotice","auth","ui","If the email hasn't arrived after a while, you can resend the confirmation email.","Jika email belum sampai setelah beberapa saat, Anda dapat mengirim ulang email konfirmasi.","","","high","","",""
"auth.localDevConfirmationNotice","auth","ui","This is a local development environment. Open the confirmation link on the Windows PC running this site. A localhost link opened on another device cannot reach the development server.","Ini adalah lingkungan pengembangan lokal. Buka tautan konfirmasi di PC Windows yang menjalankan situs ini. Tautan localhost yang dibuka di perangkat lain tidak dapat menjangkau server pengembangan.","","","high","","",""
"auth.resendConfirmationButton","auth","ui","Resend confirmation email","Kirim ulang email konfirmasi","","33","high","","",""
"auth.resendConfirmationSending","auth","ui","Sending…","Mengirim…","","12","high","","",""
"auth.resendConfirmationSuccessMessage","auth","ui","The confirmation email has been resent. It may take a little time to arrive.","Email konfirmasi telah dikirim ulang. Mungkin perlu sedikit waktu hingga sampai.","","","high","","",""
"auth.resendConfirmationRateLimitedMessage","auth","ui","Too many emails were sent in a short time, so resending is unavailable right now. Please wait a while and try again.","Terlalu banyak email dikirim dalam waktu singkat, jadi pengiriman ulang tidak tersedia saat ini. Silakan tunggu sebentar lalu coba lagi.","","","high","","",""
"auth.resendConfirmationFailedMessage","auth","ui","Failed to resend the confirmation email. Please try again later.","Gagal mengirim ulang email konfirmasi. Silakan coba lagi nanti.","","","high","","",""
"auth.resendConfirmationWaitTemplate","auth","ui","You can resend in {seconds}s","Anda dapat mengirim ulang dalam {seconds} dtk","","","high","","",""
"searchInput.rejectedTitle","searchInput","ui","This search term cannot be used","Kata pencarian ini tidak dapat digunakan","","41","medium","","",""
"searchInput.rejectedDescription","searchInput","ui","Please remove unusual symbols or characters and try again.","Hapus simbol atau karakter yang tidak biasa lalu coba lagi.","","","medium","","",""
"searchInput.clearSearch","searchInput","ui","Clear search","Hapus pencarian","","16","medium","","",""
"abilityEditor.sectionTitle","abilityEditor","ui","Train from abilities","Latih dari atribut","","26","medium","","",""
"abilityEditor.sectionHint","abilityEditor","ui","Tap an ability to light up every ability in the same progression category, then train it from the panel below.","Ketuk sebuah atribut untuk menyorot semua atribut dalam kategori progresi yang sama, lalu latih dari panel di bawah.","","","medium","","",""
"abilityEditor.trainThisAbility","abilityEditor","ui","Train this ability","Latih atribut ini","","24","medium","","",""
"abilityEditor.relatedAbilities","abilityEditor","ui","Related abilities","Atribut terkait","","23","medium","","",""
"abilityEditor.selected","abilityEditor","ui","Selected","Dipilih","","12","medium","","",""
"abilityEditor.related","abilityEditor","ui","Related","Terkait","","12","medium","","",""
"abilityEditor.nextUpgrade","abilityEditor","ui","Next upgrade","Peningkatan berikutnya","","16","medium","","",""
"abilityEditor.remainingPoints","abilityEditor","ui","Remaining progression points","Sisa poin progresi","","","medium","","",""
"abilityEditor.remainingShort","abilityEditor","ui","Left","Tersisa","","12","medium","","",""
"abilityEditor.requiredPoints","abilityEditor","ui","Required points","Poin dibutuhkan","","20","medium","","",""
"abilityEditor.refundPoints","abilityEditor","ui","Points returned","Poin dikembalikan","","20","medium","","",""
"abilityEditor.progressionCategory","abilityEditor","ui","Progression category","Kategori progresi","","26","medium","","",""
"abilityEditor.clearSelection","abilityEditor","ui","Clear selection","Hapus pilihan","","20","medium","","",""
"abilityEditor.notEnoughPoints","abilityEditor","ui","Not enough points","Poin tidak cukup","","23","medium","","",""
"abilityEditor.notEnoughToReach","abilityEditor","ui","Not enough points to reach this level","Poin tidak cukup untuk mencapai level ini","","","medium","","",""
"abilityEditor.categoryAtMax","abilityEditor","ui","This category is at maximum","Kategori ini sudah maksimum","","","medium","","",""
"abilityEditor.atMinimum","abilityEditor","ui","Already at the minimum","Sudah di level minimum","","29","medium","","",""
"abilityEditor.before","abilityEditor","ui","Before","Sebelum","","12","medium","","",""
"abilityEditor.after","abilityEditor","ui","After","Sesudah","","12","medium","","",""
"abilityEditor.preview","abilityEditor","ui","Preview","Pratinjau","","12","medium","","",""
"abilityEditor.maximumReachable","abilityEditor","ui","Maximum reachable","Maksimum yang bisa dicapai","","23","medium","","",""
"abilityEditor.allocationSummary","abilityEditor","ui","Allocation summary","Ringkasan alokasi","","24","medium","","",""
"abilityEditor.editingProgression","abilityEditor","ui","Editing progression","Mengedit progresi","","25","medium","","",""
"abilityEditor.levelPrefix","abilityEditor","ui","Lv","Lv","","12","medium","","",""
"abilityEditor.pointsUnit","abilityEditor","ui","pt","pt","","12","medium","","",""
"abilityEditor.maxBadge","abilityEditor","ui","MAX","MAX","","12","medium","","",""
"abilityEditor.decreaseLabel","abilityEditor","ui","Lower {category} by one level","Turunkan {category} satu level","","38","medium","","",""
"abilityEditor.increaseLabel","abilityEditor","ui","Raise {category} by one level","Naikkan {category} satu level","","38","medium","","",""
"abilityEditor.sliderLabel","abilityEditor","ui","{category} progression level","Level progresi {category}","","37","medium","","",""
"abilityEditor.sliderValueText","abilityEditor","ui","{category} level {level} (maximum reachable {reachable}, {remaining} pt left)","{category} level {level} (maksimum yang bisa dicapai {reachable}, tersisa {remaining} pt)","","","medium","","",""
"abilityEditor.chipLabel","abilityEditor","ui","{category} level {level}","{category} level {level}","","32","medium","","",""
"abilityEditor.levelChange","abilityEditor","ui","{from} → {to} ({delta})","{from} → {to} ({delta})","","30","medium","","",""
"abilityEditor.resetCategory","abilityEditor","ui","Revert","Kembalikan","","12","medium","","",""
"abilityEditor.resetCategoryHint","abilityEditor","ui","Returns this category to its level when you selected it","Mengembalikan kategori ini ke levelnya saat Anda memilihnya","","","medium","","",""
"abilityEditor.goToSave","abilityEditor","ui","Go to save","Ke penyimpanan","","13","medium","","",""
"abilityEditor.tapHint","abilityEditor","ui","Tap an ability to train it","Ketuk atribut untuk melatihnya","","","medium","","",""
"abilityEditor.breakdownToggle","abilityEditor","ui","Breakdown","Rincian","","12","medium","","",""
"abilityEditor.breakdownBase","abilityEditor","ui","Base","Dasar","","12","medium","","",""
"abilityEditor.breakdownProgression","abilityEditor","ui","Progression","Progresi","","15","medium","","",""
"abilityEditor.breakdownBooster","abilityEditor","ui","Booster","Booster","","12","medium","","",""
"abilityEditor.breakdownManager","abilityEditor","ui","Manager","Manajer","","12","medium","","",""
"abilityEditor.breakdownOther","abilityEditor","ui","Other","Lainnya","","12","medium","","",""
"abilityEditor.breakdownFinal","abilityEditor","ui","Final","Akhir","","12","medium","","",""
"abilityEditor.cannotProgress","abilityEditor","ui","This card cannot be progressed","Kartu ini tidak dapat diprogresikan","","","medium","","",""
"abilityEditor.unreachable","abilityEditor","ui","Unreachable","Tidak dapat dicapai","","15","medium","","",""
"abilityEditor.groupOffense","abilityEditor","ui","Attacking","Menyerang","","12","medium","","",""
"abilityEditor.groupPhysical","abilityEditor","ui","Athleticism","Atletis","","15","medium","","",""
"abilityEditor.groupDefense","abilityEditor","ui","Defending","Bertahan","","12","medium","","",""
"abilityEditor.groupGk","abilityEditor","ui","GK","GK","","12","medium","","",""
"abilityEditor.gkCollapsed","abilityEditor","ui","GK abilities (collapsed)","Atribut GK (diciutkan)","","32","medium","","",""
"abilityEditor.panelRegionLabel","abilityEditor","ui","Progression panel","Panel progresi","","23","medium","","",""
"abilityEditor.chipsRegionLabel","abilityEditor","ui","Allocation by category","Alokasi per kategori","","29","medium","","",""
"abilityEditor.done","abilityEditor","ui","Done","Selesai","","12","medium","","",""
"abilityEditor.doneHint","abilityEditor","ui","Closes the panel (your changes stay)","Menutup panel (perubahan Anda tetap ada)","","","medium","","",""
"abilityEditor.unsaved","abilityEditor","ui","Unsaved","Belum disimpan","","12","medium","","",""
"abilityEditor.savedState","abilityEditor","ui","Saved","Tersimpan","","12","medium","","",""
"abilityEditor.quickSave","abilityEditor","ui","Save","Simpan","","12","medium","","",""
"abilityEditor.saveAs","abilityEditor","ui","Save as…","Simpan sebagai…","","12","medium","","",""
"abilityEditor.saveSucceeded","abilityEditor","ui","Saved: {name}","Tersimpan: {name}","","17","medium","","",""
"abilityEditor.saveFailed","abilityEditor","ui","Could not save: {reason}","Tidak dapat menyimpan: {reason}","","32","high","","",""
"abilityEditor.quickSaveName","abilityEditor","ui","Build {n}","Build {n}","","12","medium","","",""
"abilityEditor.skipToPanel","abilityEditor","ui","Go to the progression panel","Ke panel progresi","","","medium","","",""
"abilityEditor.announceLevel","abilityEditor","ui","{category} level {level}, {remaining} pt left","{category} level {level}, tersisa {remaining} pt","","","medium","","",""
"abilityEditor.announceSelected","abilityEditor","ui","{ability} selected. Progression category {category}","{ability} dipilih. Kategori progresi {category}","","","medium","","",""
"abilityEditor.resetAll","abilityEditor","ui","Reset all progression","Atur ulang semua progresi","","28","medium","","",""
"abilityEditor.undoReset","abilityEditor","ui","Undo reset","Urungkan pengaturan ulang","","13","medium","","",""
"abilityEditor.revertShort","abilityEditor","ui","↺ Revert","↺ Kembalikan","","12","medium","","",""
"abilityEditor.rowAffordance","abilityEditor","ui","Tap to train","Ketuk untuk melatih","","16","medium","","",""
"basePercentile.heading","basePercentile","share","Base ability standing (percentile)","Posisi atribut dasar (persentil)","","","high","","",""
"basePercentile.explanation","basePercentile","share","This ranking compares the base ability value before progression with the current World card distribution","Peringkat ini membandingkan nilai atribut dasar sebelum progresi dengan distribusi kartu World saat ini","","","high","","",""
"basePercentile.notBuildNotice","basePercentile","share","It does not reflect the current build or the progression preview.","Tidak mencerminkan build saat ini maupun pratinjau progresi.","","","high","","",""
"basePercentile.fallback","basePercentile","share","Percentile data could not be matched to the current player dataset","Data persentil tidak dapat dicocokkan dengan dataset pemain saat ini","","","high","","",""
"basePercentile.loading","basePercentile","share","Loading…","Memuat…","","12","high","","",""
"basePercentile.scopeLabel","basePercentile","share","Compare within","Bandingkan dalam","","19","high","","",""
"basePercentile.scopeAll","basePercentile","share","All World cards","Semua kartu World","","20","high","","",""
"basePercentile.scopePositionTemplate","basePercentile","share","Same registered position ({pos})","Posisi terdaftar yang sama ({pos})","","","high","","",""
"basePercentile.scopeField","basePercentile","share","Outfield players","Pemain lapangan","","21","high","","",""
"basePercentile.scopeGk","basePercentile","share","Goalkeepers","Penjaga gawang","","15","high","","",""
"basePercentile.populationTemplate","basePercentile","share","{n} cards · distribution as of {date}","{n} kartu · distribusi per {date}","","","high","","",""
"basePercentile.scopeTooSmall","basePercentile","share","Not shown for this scope because it has too few cards.","Tidak ditampilkan untuk cakupan ini karena jumlah kartunya terlalu sedikit.","","","high","","",""
"basePercentile.bucketTopLt1","basePercentile","share","Top <1%","<1% teratas","","12","high","","",""
"basePercentile.bucketTop1","basePercentile","share","Top 1%","1% teratas","","12","high","","",""
"basePercentile.bucketTop5","basePercentile","share","Top 5%","5% teratas","","12","high","","",""
"basePercentile.bucketTop10","basePercentile","share","Top 10%","10% teratas","","12","high","","",""
"basePercentile.bucketTop25","basePercentile","share","Top 25%","25% teratas","","12","high","","",""
"basePercentile.bucketTop50","basePercentile","share","Top 50%","50% teratas","","12","high","","",""
"basePercentile.bucketBelowMedian","basePercentile","share","Below median","Di bawah median","","16","high","","",""
"basePercentile.compareToggle","basePercentile","share","Show base ability percentiles","Tampilkan persentil atribut dasar","","","high","","",""
"basePercentile.compareScopeNote","basePercentile","share","All players are compared within the same scope (all World cards).","Semua pemain dibandingkan dalam cakupan yang sama (semua kartu World).","","","high","","",""
"titles.primaryLabel","titles","share","Title","Gelar","","12","high","","",""
"titles.badgesLabel","titles","share","Badges","Lencana","","12","high","","",""
"titles.none","titles","share","No title meets the conditions.","Tidak ada gelar yang memenuhi syarat.","","","high","","",""
"titles.whySummary","titles","share","Why this?","Mengapa ini?","","12","high","","",""
"titles.rulesVersionTemplate","titles","share","Rules {version}","Aturan {version}","","20","high","","",""
"titles.playerExplanationTemplate","titles","share","Shown by fixed rules from the base ability standing (among {scope}). A title needs every ability in the rule within the top 5%; a badge within the top 10%.","Ditampilkan dengan aturan tetap berdasarkan posisi atribut dasar (di antara {scope}). Gelar memerlukan setiap atribut dalam aturan berada di 5% teratas; lencana di 10% teratas.","","","high","","",""
"titles.diagnosisExplanation","titles","share","Shown by fixed rules from the diagnosis category grades (A or better). The title is the highest-scoring category.","Ditampilkan dengan aturan tetap berdasarkan nilai kategori diagnosis (A atau lebih baik). Gelar adalah kategori dengan skor tertinggi.","","","high","","",""
"titles.diagnosisReasonTemplate","titles","share","{category} {score} ({tier})","{category} {score} ({tier})","","","high","","",""
"titles.rulePace","titles","share","Pace","Kecepatan","","12","high","","",""
"titles.ruleFinishing","titles","share","Finishing","Penyelesaian","","12","high","","",""
"titles.ruleDribbling","titles","share","Dribbling","Dribel","","12","high","","",""
"titles.rulePassing","titles","share","Passing range","Jangkauan umpan","","17","high","","",""
"titles.ruleSetPieces","titles","share","Set pieces","Bola mati","","13","high","","",""
"titles.ruleAerial","titles","share","Aerial","Duel udara","","12","high","","",""
"titles.ruleBallWinning","titles","share","Ball winning","Merebut bola","","16","high","","",""
"titles.rulePhysicality","titles","share","Physicality","Fisik","","15","high","","",""
"titles.ruleStamina","titles","share","Stamina","Stamina","","12","high","","",""
"titles.ruleShotStopping","titles","share","Shot-stopping","Menghalau tembakan","","17","high","","",""
"titles.ruleHandling","titles","share","Handling & reach","Tangkapan & jangkauan","","21","high","","",""
"titles.ruleGkAwareness","titles","share","GK awareness","Kesadaran kiper","","16","high","","",""
"titles.dgCounterAttack","titles","share","Counter-attacking","Serangan balik","","23","high","","",""
"titles.dgPassBuildUp","titles","share","Build-up","Build-up","","12","high","","",""
"titles.dgDribblePossession","titles","share","Possession","Penguasaan bola","","13","high","","",""
"titles.dgPressResistance","titles","share","Press-resistant","Tahan tekanan","","20","high","","",""
"titles.dgSpeed","titles","share","Pace-based","Andalkan kecepatan","","13","high","","",""
"titles.dgAerial","titles","share","Aerial","Duel udara","","12","high","","",""
"titles.dgAttack","titles","share","Attack-minded","Berorientasi serangan","","17","high","","",""
"titles.dgDefense","titles","share","Solid defence","Pertahanan solid","","17","high","","",""
"yourBest.heading","yourBest","share","Your best","Terbaik Anda","","12","high","","",""
"yourBest.explanation","yourBest","share","The My Team card with the highest base ability standing for each ability group (outfield players and goalkeepers are compared separately). Opening this loads your cards' abilities.","Kartu Tim Saya dengan posisi atribut dasar tertinggi untuk tiap grup atribut (pemain lapangan dan kiper dibandingkan terpisah). Membuka ini akan memuat atribut kartu Anda.","","","high","","",""
"yourBest.none","yourBest","share","No card to show (none is at or above the median, or My Team is empty).","Tidak ada kartu untuk ditampilkan (tidak ada yang mencapai median atau lebih, atau Tim Saya kosong).","","","high","","",""
"growthProfile.heading","growthProfile","share","Growth profile","Profil perkembangan","","19","high","","",""
"growthProfile.explanation","growthProfile","share","Shows how each squad's overall score changed, from the diagnosis history saved on this device (only entries under the same diagnosis rules are compared; nothing is sent anywhere).","Menampilkan perubahan skor keseluruhan tiap skuad dari riwayat diagnosis yang tersimpan di perangkat ini (hanya entri dengan aturan diagnosis yang sama yang dibandingkan; tidak ada yang dikirim ke mana pun).","","","high","","",""
"growthProfile.empty","growthProfile","share","Save a diagnosis of the same squad twice or more to see its trend.","Simpan diagnosis skuad yang sama dua kali atau lebih untuk melihat trennya.","","","high","","",""
"growthProfile.trendTemplate","growthProfile","share","{count} diagnoses: overall {first} → {latest} ({delta})","{count} diagnosis: keseluruhan {first} → {latest} ({delta})","","","high","","",""
"growthProfile.mostImprovedTemplate","growthProfile","share","Most improved: {category} {from} → {to}","Paling meningkat: {category} {from} → {to}","","","high","","",""
"growthProfile.overcameTemplate","growthProfile","share","Went from a weakness to A or better: {categories}","Dari kelemahan menjadi A atau lebih baik: {categories}","","","high","","",""
"growthProfile.excludedRulesTemplate","growthProfile","share","{count} entries under different diagnosis rules are not compared.","{count} entri dengan aturan diagnosis berbeda tidak dibandingkan.","","","high","","",""
"localBackup.heading","localBackup","ui","Back up, restore or delete this area's data","Cadangkan, pulihkan, atau hapus data area ini","","","medium","","",""
"localBackup.intro","localBackup","ui","Export the data saved in this browser's {region} to one JSON file, restore it from that file, or delete it all at once.","Ekspor data yang tersimpan di {region} browser ini ke satu file JSON, pulihkan dari file tersebut, atau hapus semuanya sekaligus.","","","medium","","",""
"localBackup.regionGuest","localBackup","ui","signed-out (guest) area","area belum masuk (tamu)","","30","medium","","",""
"localBackup.regionAccount","localBackup","ui","signed-in account's area","area akun yang sedang masuk","","32","medium","","",""
"localBackup.scopePending","localBackup","ui","Checking which data area to use…","Memeriksa area data yang akan dipakai…","","","medium","","",""
"localBackup.storageUnavailable","localBackup","ui","This browser can't save or read data.","Browser ini tidak dapat menyimpan atau membaca data.","","","medium","","",""
"localBackup.currentDataHeading","localBackup","ui","Current data","Data saat ini","","16","medium","","",""
"localBackup.noData","localBackup","ui","No data is saved in this area.","Tidak ada data yang tersimpan di area ini.","","","medium","","",""
"localBackup.sectionMyTeam","localBackup","ui","My Team","Tim Saya","","12","medium","","",""
"localBackup.sectionFavorites","localBackup","ui","Favorites","Favorit","","12","medium","","",""
"localBackup.sectionBuilds","localBackup","ui","Saved builds (cards)","Build tersimpan (kartu)","","26","medium","","",""
"localBackup.sectionSquads","localBackup","ui","Saved squads","Skuad tersimpan","","16","medium","","",""
"localBackup.sectionTemplates","localBackup","ui","Squad templates","Template skuad","","20","medium","","",""
"localBackup.sectionHistory","localBackup","ui","Diagnosis history","Riwayat Diagnosis","","23","medium","","",""
"localBackup.noteNoIdentity","localBackup","ui","The file contains no account identifiers (user ID or email address).","File tidak berisi pengenal akun (ID pengguna atau alamat email).","","","medium","","",""
"localBackup.noteSharing","localBackup","ui","The file includes what you entered, such as notes, tags and squad names. Don't send it to other people.","File berisi apa yang Anda masukkan, seperti catatan, tag, dan nama skuad. Jangan kirimkan ke orang lain.","","","medium","","",""
"localBackup.noteExcluded","localBackup","ui","Display language, sidebar state and temporary selections are not included.","Bahasa tampilan, status sidebar, dan pilihan sementara tidak disertakan.","","","medium","","",""
"localBackup.exportButton","localBackup","ui","Export to JSON","Ekspor ke JSON","","19","medium","","",""
"localBackup.importButton","localBackup","ui","Import from JSON","Impor dari JSON","","21","medium","","",""
"localBackup.deleteButton","localBackup","ui","Delete this area's data","Hapus data area ini","","30","high","","",""
"localBackup.exportDone","localBackup","ui","Exported.","Diekspor.","","12","medium","","",""
"localBackup.exportDoneWithSkipped","localBackup","ui","Exported. Damaged items were left out.","Diekspor. Item yang rusak tidak disertakan.","","","medium","","",""
"localBackup.exportFailed","localBackup","ui","Couldn't export.","Gagal mengekspor.","","21","high","","",""
"localBackup.importTooLarge","localBackup","ui","The file is too large (limit 5 MB).","File terlalu besar (batas 5 MB).","","","medium","","",""
"localBackup.importReadFailed","localBackup","ui","Couldn't read the file.","Gagal membaca file.","","30","high","","",""
"localBackup.importNotBackup","localBackup","ui","This isn't a backup file exported from this app.","Ini bukan file cadangan data yang diekspor dari aplikasi ini.","","","medium","","",""
"localBackup.importInvalidSectionTemplate","localBackup","ui","""{section}"" isn't valid, so nothing was imported (nothing changed).","""{section}"" tidak valid, jadi tidak ada yang diimpor (tidak ada yang berubah).","","","medium","","",""
"localBackup.importConfirmTitle","localBackup","ui","Import and replace?","Impor dan ganti?","","25","high","","",""
"localBackup.importConfirmBody","localBackup","ui","For the items in the file, the current data in the {region} will be replaced. Items not in the file stay as they are. This can't be undone.","Untuk item yang ada di file, data saat ini di {region} akan diganti. Item yang tidak ada di file tetap seperti semula. Tindakan ini tidak dapat dibatalkan.","","","high","","",""
"localBackup.importExportFirst","localBackup","ui","We recommend exporting your current data first.","Sebaiknya ekspor data Anda saat ini terlebih dahulu.","","","medium","","",""
"localBackup.importConfirmButton","localBackup","ui","Import","Impor","","12","high","","",""
"localBackup.importScopeChanged","localBackup","ui","Your sign-in state changed, so the import was cancelled. Please choose the file again.","Status masuk Anda berubah, sehingga impor dibatalkan. Silakan pilih file lagi.","","","medium","","",""
"localBackup.importDone","localBackup","ui","Imported.","Diimpor.","","12","medium","","",""
"localBackup.importFailedRolledBack","localBackup","ui","Couldn't import. Your data is as it was before.","Gagal mengimpor. Data Anda tetap seperti sebelumnya.","","","high","","",""
"localBackup.importFailedPartial","localBackup","ui","The import failed part-way and some items couldn't be restored. Please import from your exported file again.","Impor gagal di tengah jalan dan beberapa item tidak dapat dipulihkan. Silakan impor lagi dari file ekspor Anda.","","","high","","",""
"localBackup.deleteConfirmTitle","localBackup","ui","Delete this area's data?","Hapus data area ini?","","32","high","","",""
"localBackup.deleteConfirmBody","localBackup","ui","My Team, favorites, saved builds, saved squads, templates and diagnosis history in the {region} will be deleted. Other areas and display settings stay. This can't be undone.","Tim Saya, favorit, build tersimpan, skuad tersimpan, template, dan riwayat diagnosis di {region} akan dihapus. Area lain dan pengaturan tampilan tetap ada. Tindakan ini tidak dapat dibatalkan.","","","high","","",""
"localBackup.deleteConfirmButton","localBackup","ui","Delete","Hapus","","12","high","","",""
"localBackup.deleteDone","localBackup","ui","Deleted this area's data.","Data area ini telah dihapus.","","","high","","",""
"localBackup.deleteFailed","localBackup","ui","Some data couldn't be deleted.","Sebagian data tidak dapat dihapus.","","","high","","",""
"localBackup.cancel","localBackup","ui","Cancel","Batal","","12","medium","","",""
"shareCard.optionsSummary","shareCard","share","Choose a size · Preview","Pilih ukuran · Pratinjau","","30","high","","",""
"shareCard.ratioLabel","shareCard","share","Image size","Ukuran gambar","","13","high","","",""
"shareCard.ratio34","shareCard","share","Portrait 3:4 (default)","Potret 3:4 (default)","","29","high","","",""
"shareCard.ratio11","shareCard","share","Square 1:1","Persegi 1:1","","13","high","","",""
"shareCard.ratio916","shareCard","share","Tall 9:16 (stories)","Tinggi 9:16 (story)","","25","high","","",""
"shareCard.ratio169","shareCard","share","Wide 16:9","Lebar 16:9","","12","high","","",""
"shareCard.previewLoading","shareCard","share","Creating a preview…","Membuat pratinjau…","","25","high","","",""
"shareCard.previewAltTemplate","shareCard","share","Squad diagnosis card preview ({ratio})","Pratinjau kartu diagnosis skuad ({ratio})","","","high","","",""
"shareCard.shareButton","shareCard","share","Share","Bagikan","","12","high","","",""
"shareCard.shareTitle","shareCard","share","Squad diagnosis","Diagnosis skuad","","20","high","","",""
"shareCard.shared","shareCard","share","Shared.","Dibagikan.","","12","high","","",""
"shareCard.privacyNote","shareCard","share","The image shows only the squad name, formation and ratings (no URL, ID or account information). Don't put personal information in squad names.","Gambar hanya menampilkan nama skuad, formasi, dan rating (tanpa URL, ID, atau informasi akun). Jangan cantumkan informasi pribadi pada nama skuad.","","","high","","",""
"shareCard.imgHeading","shareCard","share","Squad Diagnosis (Squad Build Evaluation)","Diagnosis Skuad (Evaluasi Susunan Skuad)","","52","high","","",""
"shareCard.imgFormationPrefix","shareCard","share","Formation: ","Formasi: ","","15","high","","",""
"shareCard.imgOverallScore","shareCard","share","Overall Rating","Rating Keseluruhan","","19","high","","",""
"shareCard.imgTierPrefix","shareCard","share","Grade ","Grade ","","12","high","","",""
"shareCard.imgNotRated","shareCard","share","Not rated","Tidak dinilai","","12","high","","",""
"shareCard.imgRatedCategoriesPrefix","shareCard","share","Rated categories: ","Kategori dinilai: ","","24","high","","",""
"shareCard.imgTopStrength","shareCard","share","Top Strength","Kekuatan Utama","","16","high","","",""
"shareCard.imgTopWeakness","shareCard","share","Top Weakness","Kelemahan Utama","","16","high","","",""
"shareCard.imgNone","shareCard","share","None","Tidak ada","","12","high","","",""
"shareCard.imgDisclaimer","shareCard","share","A build evaluation based on registered data. It does not guarantee match results, national rankings, or win rates.","Evaluasi susunan berdasarkan data yang terdaftar. Tidak menjamin hasil pertandingan, peringkat nasional, atau tingkat kemenangan.","","","high","","",""
"shareCard.imgCreatedTemplate","shareCard","share","Created {date}","Dibuat {date}","","19","high","","",""
"progressionTab.analysisScopeDefault","progressionTab","ui","World data","Data World","","13","medium","","",""
"progressionTab.eligibilityTrending","progressionTab","ui","TRENDING cards (POTW etc.) cannot be progressed.","Kartu TRENDING (POTW, dll.) tidak dapat diprogresi.","","","medium","","",""
"progressionTab.eligibilityMaxLevel1","progressionTab","ui","This card has no progression points because its maximum level is 1.","Kartu ini tidak memiliki poin progresi karena level maksimumnya 1.","","","medium","","",""
"progressionTab.cannotProgressFallback","progressionTab","ui","This card cannot be progressed.","Kartu ini tidak dapat diprogresi.","","","medium","","",""
"progressionTab.baseValuesKept","progressionTab","ui","(Abilities are shown at their base values.)","(Atribut ditampilkan dengan nilai dasarnya.)","","","medium","","",""
"progressionTab.statComparisonTitle","progressionTab","ui","Abilities (before / after progression)","Atribut (sebelum / sesudah progresi)","","50","medium","","",""
"progressionTab.estimatedOvr","progressionTab","ui","Est. OVR","Est. OVR","","12","medium","","",""
"progressionTab.underVerification","progressionTab","ui","Unverified","Belum diverifikasi","","13","medium","","",""
"progressionTab.calculationDetailsSummary","progressionTab","ui","Show how this is calculated and where the data comes from (mode, evidence level, rules version, full breakdown)","Tampilkan cara perhitungan dan sumber data (mode, tingkat bukti, versi aturan, rincian lengkap)","","","medium","","",""
"progressionTab.detailedBreakdownTitle","progressionTab","ui","Detailed breakdown (table)","Rincian detail (tabel)","","34","medium","","",""
"progressionTab.autoAllocationTitle","progressionTab","ui","Auto progression (allocation policy)","Progresi otomatis (kebijakan alokasi)","","47","medium","","",""
"progressionTab.resetProgression","progressionTab","ui","Reset progression","Atur ulang progresi","","23","medium","","",""
"progressionTab.buildModeNone","progressionTab","ui","No progression","Tanpa progresi","","19","medium","","",""
"progressionTab.buildModeAttack","progressionTab","ui","Attack focus","Fokus menyerang","","16","medium","","",""
"progressionTab.buildModeDefense","progressionTab","ui","Defence focus","Fokus bertahan","","17","medium","","",""
"progressionTab.buildModeBalance","progressionTab","ui","Balanced","Seimbang","","12","medium","","",""
"progressionTab.buildModeGk","progressionTab","ui","GK focus","Fokus GK","","12","medium","","",""
"progressionTab.autoAllocationNote","progressionTab","ui","Auto progression is a heuristic allocation policy. It differs from the in-game auto allocation and does not guarantee the highest OVR. You can still adjust each slider afterwards.","Progresi otomatis adalah kebijakan alokasi heuristik. Ini berbeda dari alokasi otomatis di dalam game dan tidak menjamin OVR tertinggi. Anda tetap dapat menyesuaikan setiap penggeser sesudahnya.","","","medium","","",""
"progressionTab.groupsTitle","progressionTab","ui","Ability groups (category levels)","Grup atribut (level kategori)","","42","medium","","",""
"progressionTab.groupsHint","progressionTab","ui","{shooting} targets are confirmed / others are unverified","Sasaran {shooting} sudah dikonfirmasi / lainnya belum diverifikasi","","","medium","","",""
"progressionTab.gkGroupsSummary","progressionTab","ui","GK progression (3 groups)","Progresi GK (3 grup)","","","medium","","",""
"progressionTab.gkAllocatedNonGk","progressionTab","ui","Allocated Lv {level} (not a GK, collapsed)","Dialokasikan Lv {level} (bukan GK, diciutkan)","","","medium","","",""
"progressionTab.gkAllocatedGk","progressionTab","ui","Allocated Lv {level} (GK, expanded)","Dialokasikan Lv {level} (GK, dibentangkan)","","","medium","","",""
"progressionTab.gkGroupsNote","progressionTab","ui","Adjusts {stats}. Collapsing keeps the allocation, used points and staged costs.","Menyesuaikan {stats}. Menciutkan tetap mempertahankan alokasi, poin terpakai, dan biaya bertahap.","","","medium","","",""
"progressionTab.cardFallbackName","progressionTab","ui","Card {id}","Kartu {id}","","12","medium","","",""
"progressionTab.maxOvrLabel","progressionTab","ui","Max OVR","OVR maks.","","12","medium","","",""
"progressionTab.maxOvrShort","progressionTab","ui","Max OVR","OVR maks.","","12","medium","","",""
"progressionTab.levelCap","progressionTab","ui","Max Lv {level}","Lv maks. {level}","","19","medium","","",""
"progressionTab.noEnglishName","progressionTab","ui","(no English name)","(tanpa nama bahasa Inggris)","","23","medium","","",""
"progressionTab.boostersHeading","progressionTab","ui","Boosters","Booster","","12","medium","","",""
"progressionTab.b2Heading","progressionTab","ui","Extra booster (B2, chosen by you)","Booster tambahan (B2, pilihan Anda)","","43","medium","","",""
"progressionTab.b2Note","progressionTab","ui","A booster you add yourself, separate from the card's own booster (B1). A confirmed B2 booster is applied right away to its target abilities, the normal final values, comparison rankings and team totals. An unconfirmed B2 booster (trial only; previous choices can still be changed) only affects the trial final values and does not change normal final values, rankings or team totals.","Booster yang Anda tambahkan sendiri, terpisah dari booster bawaan kartu (B1). Booster B2 yang dikonfirmasi langsung diterapkan ke atribut sasarannya, nilai akhir normal, peringkat perbandingan, dan total tim. Booster B2 yang belum dikonfirmasi (hanya uji coba; pilihan sebelumnya masih bisa diubah) hanya memengaruhi nilai akhir uji coba dan tidak mengubah nilai akhir normal, peringkat, atau total tim.","","","medium","","",""
"progressionTab.managerHeading","progressionTab","ui","Manager","Manajer","","12","medium","","",""
"progressionTab.remainingLabel","progressionTab","ui","Left","Sisa","","12","medium","","",""
"progressionTab.pointsHeading","progressionTab","ui","Progression points","Poin progresi","","24","medium","","",""
"progressionTab.pointsUsedSuffix","progressionTab","ui"," / {total} used"," / {total} terpakai","","20","medium","","",""
"progressionTab.pointsRemainingPrefix","progressionTab","ui","Left ","Sisa ","","12","medium","","",""
"progressionTab.pointsFormulaConfirmed","progressionTab","ui","Total points = (max level − 1) × 2 (confirmed) / spending uses staged costs (unverified)","Total poin = (level maks. − 1) × 2 (dikonfirmasi) / pemakaian memakai biaya bertahap (belum diverifikasi)","","","high","","",""
"progressionTab.pointsFormulaUnverified","progressionTab","ui","Total points (unverified)","Total poin (belum diverifikasi)","","","medium","","",""
"progressionTab.pointsNone","progressionTab","ui"," — this card has no progression points"," — kartu ini tidak memiliki poin progresi","","","medium","","",""
"progressionTab.buildDefaultName","progressionTab","ui","Build {n}","Build {n}","","12","medium","","",""
"progressionTab.buildSaved","progressionTab","ui","Saved: {name}","Disimpan: {name}","","17","medium","","",""
"progressionTab.buildSaveFailed","progressionTab","ui","Could not save: {reason}","Gagal menyimpan: {reason}","","32","high","","",""
"progressionTab.buildRenamePrompt","progressionTab","ui","New build name","Nama build baru","","19","medium","","",""
"progressionTab.buildRenamed","progressionTab","ui","Renamed","Nama diubah","","12","medium","","",""
"progressionTab.buildRenameFailed","progressionTab","ui","Could not rename: {reason}","Gagal mengubah nama: {reason}","","","high","","",""
"progressionTab.buildDeleteConfirm","progressionTab","ui","Delete the build ""{name}""? (Only this browser's saved copy)","Hapus build ""{name}""? (Hanya salinan tersimpan di browser ini)","","","high","","",""
"progressionTab.buildDeleted","progressionTab","ui","Deleted","Dihapus","","12","high","","",""
"progressionTab.buildDeleteFailed","progressionTab","ui","Could not delete: {reason}","Gagal menghapus: {reason}","","","high","","",""
"progressionTab.buildSaveHeading","progressionTab","ui","Save build","Simpan build","","13","medium","","",""
"progressionTab.buildStorageUnavailable","progressionTab","ui","Builds cannot be saved because localStorage is unavailable here (you can still use the screen).","Build tidak dapat disimpan karena localStorage tidak tersedia di sini (layar ini tetap dapat digunakan).","","","medium","","",""
"progressionTab.buildNameLabel","progressionTab","ui","Build name","Nama build","","13","medium","","",""
"progressionTab.buildSaveButton","progressionTab","ui","Save","Simpan","","12","medium","","",""
"progressionTab.buildLegacyRules","progressionTab","ui","Old rules","Aturan lama","","12","medium","","",""
"progressionTab.buildListMeta","progressionTab","ui","Est. OVR {ovr} / {date}","Est. OVR {ovr} / {date}","","30","medium","","",""
"progressionTab.buildLoad","progressionTab","ui","Load","Muat","","12","medium","","",""
"progressionTab.buildRename","progressionTab","ui","Rename","Ubah nama","","12","medium","","",""
"progressionTab.buildDelete","progressionTab","ui","Delete","Hapus","","12","high","","",""
"progressionTab.buildNone","progressionTab","ui","No saved builds.","Tidak ada build tersimpan.","","21","medium","","",""
"progressionTab.migrationTitle","progressionTab","ui","This build was made with old rules ({version})","Build ini dibuat dengan aturan lama ({version})","","60","medium","","",""
"progressionTab.migrationBody1","progressionTab","ui","The current rules ({version}) use a different allocation unit (groups) and staged costs.","Aturan saat ini ({version}) memakai satuan alokasi (grup) dan biaya bertahap yang berbeda.","","","medium","","",""
"progressionTab.migrationBody2","progressionTab","ui","Recalculating below converts it to the current rules while keeping the original allocation (it is not saved automatically).","Menghitung ulang di bawah akan mengonversinya ke aturan saat ini dengan tetap mempertahankan alokasi asli (tidak disimpan otomatis).","","","medium","","",""
"progressionTab.migrationRecalculate","progressionTab","ui","Recalculate with current rules","Hitung ulang dengan aturan saat ini","","","medium","","",""
"progressionTab.migrationKeep","progressionTab","ui","Show as is","Tampilkan apa adanya","","13","medium","","",""
"progressionTab.sliderCap","progressionTab","ui","Max","Maks.","","12","medium","","",""
"progressionTab.sliderNextCost","progressionTab","ui","Next +1: {cost}pt","+1 berikutnya: {cost}pt","","23","medium","","",""
"progressionTab.sliderValueTextMax","progressionTab","ui","{group} level {level} (maximum reached), {used} pt used","{group} level {level} (maksimum tercapai), {used} pt terpakai","","","medium","","",""
"progressionTab.sliderValueText","progressionTab","ui","{group} level {level}, next +1 costs {next} pt, {used} pt used","{group} level {level}, +1 berikutnya butuh {next} pt, {used} pt terpakai","","","medium","","",""
"progressionTab.confirmedTag","progressionTab","ui","Confirmed","Dikonfirmasi","","12","high","","",""
"progressionTab.targetsUnverifiedTag","progressionTab","ui","Targets unverified","Sasaran belum diverifikasi","","24","medium","","",""
"progressionTab.targetsLabel","progressionTab","ui","Targets: {stats}","Sasaran: {stats}","","21","medium","","",""
"progressionTab.sliderDecrease","progressionTab","ui","Lower {group} level","Turunkan level {group}","","25","medium","","",""
"progressionTab.sliderAria","progressionTab","accessibility","{group} progression level","Level progresi {group}","","33","high","","",""
"progressionTab.sliderIncrease","progressionTab","ui","Raise {group} level","Naikkan level {group}","","25","medium","","",""
"progressionTab.consumedLabel","progressionTab","ui","Used: {used}pt","Terpakai: {used}pt","","19","medium","","",""
"progressionTab.capReached","progressionTab","ui","Max reached","Maks. tercapai","","15","medium","","",""
"progressionTab.capLevel","progressionTab","ui","Max Lv{level}","Lv maks. {level}","","17","medium","","",""
"progressionTab.anCellRegistered","progressionTab","ui","Reg.","Terdaftar","","12","medium","","",""
"progressionTab.anCellSuitable","progressionTab","ui","Suited","Cocok","","12","medium","","",""
"progressionTab.anCellPartial","progressionTab","ui","Partial","Sebagian","","12","medium","","",""
"progressionTab.anRegisteredLabel","progressionTab","ui","Registered: ","Terdaftar: ","","16","medium","","",""
"progressionTab.anSuitableLabel","progressionTab","ui"," / Suitable: "," / Cocok: ","","17","medium","","",""
"progressionTab.anOvrByPosLabel","progressionTab","ui","Overall (OVR by position): ","Keseluruhan (OVR per posisi): ","","36","medium","","",""
"progressionTab.anOvrByPosPending","progressionTab","ui"," (calculation rules under review)"," (aturan perhitungan sedang ditinjau)","","","medium","","",""
"progressionTab.anOvrSummary","progressionTab","ui","About OVR by position and suitability","Tentang OVR per posisi dan kecocokan","","","medium","","",""
"progressionTab.anSourcePrefix","progressionTab","ui","Source — ","Sumber — ","","12","medium","","",""
"progressionTab.anColPosition","progressionTab","ui","Position","Posisi","","12","medium","","",""
"progressionTab.anColCategory","progressionTab","ui","Type","Jenis","","12","medium","","",""
"progressionTab.anColFamiliarity","progressionTab","ui","Familiarity (raw)","Keakraban (mentah)","","23","medium","","",""
"progressionTab.anRegistered","progressionTab","ui","Registered","Terdaftar","","13","medium","","",""
"progressionTab.anSubPosition","progressionTab","ui","Secondary position","Posisi sekunder","","24","medium","","",""
"progressionTab.anNotInSource","progressionTab","ui","Not in source","Tidak ada di sumber","","17","medium","","",""
"progressionTab.anSizeRank","progressionTab","ui","Size rank","Peringkat ukuran","","12","medium","","",""
"progressionTab.anSamePosition","progressionTab","ui","Same position","Posisi sama","","17","medium","","",""
"progressionTab.anPercentile","progressionTab","ui","Percentile","Persentil","","13","medium","","",""
"progressionTab.anPercentileHint","progressionTab","ui"," (closer to 100 = larger)"," (mendekati 100 = lebih besar)","","","medium","","",""
"progressionTab.anPercentileAria","progressionTab","accessibility","Percentile {value}","Persentil {value}","","24","high","","",""
"progressionTab.anRelativePending","progressionTab","ui","Relative rating in preparation","Penilaian relatif sedang disiapkan","","","medium","","",""
"progressionTab.anNotRecorded","progressionTab","ui","Not recorded","Tidak tercatat","","16","medium","","",""
"progressionTab.anShowPrimary","progressionTab","ui","Show main items only","Tampilkan item utama saja","","26","medium","","",""
"progressionTab.anShowAll","progressionTab","ui","Show all ({n} items)","Tampilkan semua ({n} item)","","26","medium","","",""
"progressionTab.anModelCaveat","progressionTab","ui","Internal player model values, not confirmed as real cm. 0 is a real value (distinct from not recorded).","Nilai model pemain internal, belum dikonfirmasi sebagai cm sebenarnya. 0 adalah nilai nyata (berbeda dari tidak tercatat).","","","medium","","",""
"progressionTab.anInternalTraitsHeading","progressionTab","ui","Internal trait values (meaning of levels still being verified)","Nilai karakteristik internal (makna levelnya masih diverifikasi)","","81","medium","","",""
"progressionTab.anInternalValue","progressionTab","ui","Internal value ","Nilai internal ","","20","medium","","",""
"progressionTab.anAriaLabel","progressionTab","accessibility","Player analysis","Analisis pemain","","20","high","","",""
"progressionTab.anHeading","progressionTab","ui","Player analysis (player-specific)","Analisis pemain (khusus pemain)","","43","medium","","",""
"progressionTab.anSecPositions","progressionTab","ui","Position suitability","Kecocokan posisi","","26","medium","","",""
"progressionTab.anSecPhysical","progressionTab","ui","Physical data","Data fisik","","17","medium","","",""
"progressionTab.anSecModel","progressionTab","ui","Player model","Model pemain","","16","medium","","",""
"progressionTab.anSecTraits","progressionTab","ui","Other traits","Karakteristik lain","","16","medium","","",""
"progressionTab.anSuitOnly","progressionTab","ui","Suitability only confirmed","Hanya kecocokan yang dikonfirmasi","","","medium","","",""
"progressionTab.anSuitUnconfirmed","progressionTab","ui","Suitability unconfirmed","Kecocokan belum dikonfirmasi","","30","high","","",""
"progressionTab.anRankTotal","progressionTab","ui","Out of {n} cards at ranking time","Dari {n} kartu saat pemeringkatan","","","medium","","",""
"progressionTab.anModelCount","progressionTab","ui","{n} / 11 items","{n} / 11 item","","19","medium","","",""
"progressionTab.anFooter","progressionTab","ui","Position, physical, model and trait values are display-only data. They do not affect progression, booster or manager calculations.","Nilai posisi, fisik, model, dan karakteristik hanya untuk ditampilkan. Nilai ini tidak memengaruhi perhitungan progresi, booster, atau manajer.","","","medium","","",""
"progressionTab.anSrcWithEfhub","progressionTab","ui","Registered position: eFootball World / Secondary position suitability: eFHUB player page","Posisi terdaftar: eFootball World / Kecocokan posisi sekunder: halaman pemain eFHUB","","","medium","","",""
"progressionTab.anSrcWorldOnly","progressionTab","ui","Registered position: eFootball World (secondary position suitability is not in this card's source)","Posisi terdaftar: eFootball World (kecocokan posisi sekunder tidak ada di sumber kartu ini)","","","medium","","",""
"progressionTab.anOvrNote","progressionTab","ui","OVR by position is not shown because the calculation rules have not been confirmed. KONAMI does not publish the formula or weights, and only one sample of displayed values across cards is available (we do not guess a formula).","OVR per posisi tidak ditampilkan karena aturan perhitungannya belum dikonfirmasi. KONAMI tidak memublikasikan rumus atau bobotnya, dan hanya ada satu sampel nilai tampilan antar-kartu (kami tidak menebak rumus).","","","medium","","",""
"progressionTab.anSuitNoteEfhub","progressionTab","ui","Secondary position suitability from the eFHUB player page. The meaning of raw familiarity values 1 / 2 (partial / high suitability) is a provisional interpretation.","Kecocokan posisi sekunder dari halaman pemain eFHUB. Makna nilai keakraban mentah 1 / 2 (kecocokan sebagian / tinggi) adalah interpretasi sementara.","","","medium","","",""
"progressionTab.anSuitNoteNone","progressionTab","ui","Secondary position suitability is not in this card's source (only the registered position is confirmed).","Kecocokan posisi sekunder tidak ada di sumber kartu ini (hanya posisi terdaftar yang dikonfirmasi).","","","medium","","",""
"progressionTab.anPhysNoteRanks","progressionTab","ui","Ranks order all cards' real data on eFootball World at ranking time by value, largest first (rank 1 = largest). The total is the count at ranking time and may differ from the current number of cards. A percentile closer to 100 means a larger value. These are internal values whose exact in-game effect is still being verified.","Peringkat mengurutkan data nyata semua kartu di eFootball World saat pemeringkatan berdasarkan nilai, dari yang terbesar (peringkat 1 = terbesar). Totalnya adalah jumlah saat pemeringkatan dan bisa berbeda dari jumlah kartu saat ini. Persentil yang mendekati 100 berarti nilai lebih besar. Ini adalah nilai internal yang efek pastinya di dalam game masih diverifikasi.","","","medium","","",""
"progressionTab.anPhysNoteNoRanks","progressionTab","ui","Internal model values. Relative rating (rank / percentile) is in preparation.","Nilai model internal. Penilaian relatif (peringkat / persentil) sedang disiapkan.","","","medium","","",""
"progressionTab.anModelNoteNone","progressionTab","ui","Player model values are not in this card's source.","Nilai model pemain tidak ada di sumber kartu ini.","","","medium","","",""
"progressionTab.anTraitsNote","progressionTab","ui","Weak foot usage, accuracy, form and injury resistance are raw values. The meaning of levels (low / normal / high etc.) is not confirmed against KONAMI's official wording, so they are shown as numbers.","Penggunaan kaki lemah, akurasi kaki lemah, form, dan ketahanan cedera adalah nilai mentah. Makna levelnya (rendah / normal / tinggi, dll.) belum dicocokkan dengan istilah resmi KONAMI, jadi ditampilkan sebagai angka.","","","medium","","",""
"progressionTab.anSkillsNote","progressionTab","ui","Highlight Skill / Skill FX information is not in the current data, so all are shown as ""Player skills"" (we do not guess the classification).","Informasi Highlight Skill / Skill FX tidak ada di data saat ini, jadi semuanya ditampilkan sebagai ""Skill pemain"" (kami tidak menebak klasifikasinya).","","","medium","","",""
"progressionTab.anMetricLegCoverageRadius","progressionTab","ui","Leg coverage radius","Radius jangkauan kaki","","25","medium","","",""
"progressionTab.anMetricArmCoverageRadius","progressionTab","ui","Arm coverage radius","Radius jangkauan lengan","","25","medium","","",""
"progressionTab.anMetricJumpingHeight","progressionTab","ui","Jumping height","Tinggi lompatan","","19","medium","","",""
"progressionTab.anMetricTorsoCollision","progressionTab","ui","Torso collision","Tumbukan badan","","20","medium","","",""
"progressionTab.anMetricDribbleHeight","progressionTab","ui","Height based on leg length","Tinggi berdasarkan panjang kaki","","","medium","","",""
"progressionTab.anModelArmLength","progressionTab","ui","Arm length","Panjang lengan","","13","medium","","",""
"progressionTab.anModelShoulderWidth","progressionTab","ui","Shoulder width","Lebar bahu","","19","medium","","",""
"progressionTab.anModelNeckLength","progressionTab","ui","Neck length","Panjang leher","","15","medium","","",""
"progressionTab.anModelChestMeasurement","progressionTab","ui","Chest","Dada","","12","medium","","",""
"progressionTab.anModelNeckSize","progressionTab","ui","Neck size","Ukuran leher","","12","medium","","",""
"progressionTab.anModelShoulderHeight","progressionTab","ui","Shoulder height","Tinggi bahu","","20","medium","","",""
"progressionTab.anModelLegLength","progressionTab","ui","Leg length","Panjang kaki","","13","medium","","",""
"progressionTab.anModelThighSize","progressionTab","ui","Thigh size","Ukuran paha","","13","medium","","",""
"progressionTab.anModelWaistSize","progressionTab","ui","Waist size","Ukuran pinggang","","13","medium","","",""
"progressionTab.anModelArmSize","progressionTab","ui","Arm size","Ukuran lengan","","12","medium","","",""
"progressionTab.anModelCalfSize","progressionTab","ui","Calf size","Ukuran betis","","12","medium","","",""
"progressionTab.anTraitPreferredFoot","progressionTab","ui","Preferred foot","Kaki dominan","","19","medium","","",""
"progressionTab.anTraitHeight","progressionTab","ui","Height","Tinggi badan","","12","medium","","",""
"progressionTab.anTraitWeight","progressionTab","ui","Weight","Berat badan","","12","medium","","",""
"progressionTab.anTraitAge","progressionTab","ui","Age","Usia","","12","medium","","",""
"progressionTab.anTraitWeakFootUsage","progressionTab","ui","Weak foot usage","Penggunaan kaki lemah","","20","medium","","",""
"progressionTab.anTraitWeakFootAccuracy","progressionTab","ui","Weak foot accuracy","Akurasi kaki lemah","","24","medium","","",""
"progressionTab.anTraitForm","progressionTab","ui","Form","Form","","12","medium","","",""
"progressionTab.anTraitConditionValue","progressionTab","ui","Condition stability","Stabilitas kondisi","","25","medium","","",""
"progressionTab.anTraitInjuryResistance","progressionTab","ui","Injury resistance","Ketahanan cedera","","23","medium","","",""
"progressionTab.anSkillsTitle","progressionTab","ui","Skills / AI (COM) playing styles","Skill / gaya bermain AI (COM)","","42","medium","","",""
"progressionTab.anPlayerSkillsCount","progressionTab","ui","Player skills ({n})","Skill pemain ({n})","","25","medium","","",""
"progressionTab.anNoSkills","progressionTab","ui","No skill information.","Tidak ada informasi skill.","","28","medium","","",""
"progressionTab.anAiStylesCount","progressionTab","ui","AI (COM) playing styles ({n})","Gaya bermain AI (COM) ({n})","","","medium","","",""
"progressionTab.anNoAiStyles","progressionTab","ui","No AI (COM) playing styles.","Tidak ada gaya bermain AI (COM).","","","medium","","",""
"progressionTab.anStrictFinal","progressionTab","ui","Strict final","Akhir ketat","","16","medium","","",""
"progressionTab.anStandardFinal","progressionTab","ui","Standard final","Akhir standar","","19","medium","","",""
"progressionTab.anColAbility","progressionTab","ui","Ability","Atribut","","12","medium","","",""
"progressionTab.anColBase","progressionTab","ui","Base","Dasar","","12","medium","","",""
"progressionTab.anColProgression","progressionTab","ui","Prog.","Prog.","","12","medium","","",""
"progressionTab.anColPlayerB","progressionTab","ui","Player B","Pemain B","","12","medium","","",""
"progressionTab.anColConditional","progressionTab","ui","Conditional","Bersyarat","","15","medium","","",""
"progressionTab.anColManager","progressionTab","ui","Manager","Manajer","","12","medium","","",""
"progressionTab.anColAfterConditional","progressionTab","ui","With conditions","Dengan syarat","","20","medium","","",""
"progressionTab.anColTrialB","progressionTab","ui","Trial B","B uji coba","","12","medium","","",""
"progressionTab.anColTrialFinal","progressionTab","ui","Trial final","Akhir uji coba","","15","medium","","",""
"progressionTab.anMeasuredPlus","progressionTab","ui","Measured +{n}","Terukur +{n}","","17","medium","","",""
"progressionTab.anExternalPlus","progressionTab","ui","Cross-checked +{n}","Dicek silang +{n}","","24","medium","","",""
"progressionTab.anConfirmedB2Plus","progressionTab","ui","Confirmed B2 +{n}","B2 dikonfirmasi +{n}","","23","high","","",""
"progressionTab.anCap","progressionTab","ui","Cap","Batas","","12","medium","","",""
"progressionTab.anColumnsLabel","progressionTab","ui","Columns: ","Kolom: ","","12","medium","","",""
"progressionTab.anPeriod","progressionTab","ui",".",".","","12","medium","","",""
"progressionTab.anStrictFormulaA","progressionTab","ui"," = base + progression + "," = dasar + progresi + ","","32","medium","","",""
"progressionTab.anStrictBold","progressionTab","ui","card boosters measured from the user's saved screenshots","booster kartu yang diukur dari tangkapan layar tersimpan pengguna","","","medium","","",""
"progressionTab.anStrictFormulaB","progressionTab","ui"," (currently 2) + manager bonus."," (saat ini 2) + bonus manajer.","","","medium","","",""
"progressionTab.anStandardFormula","progressionTab","ui"," = base + progression + card boosters (2 measured from screenshots + 27 consistent across 2 external sources, eFootball World and EFScout) + confirmed B2 (confirmed boosters selected manually by the user) + manager bonus."," = dasar + progresi + booster kartu (2 diukur dari tangkapan layar + 27 konsisten di 2 sumber eksternal, eFootball World dan EFScout) + B2 dikonfirmasi (booster terkonfirmasi yang dipilih manual oleh pengguna) + bonus manajer.","","","medium","","",""
"progressionTab.anStandardNotOfficial","progressionTab","ui"," Not confirmed as KONAMI's official calculation result."," Belum dikonfirmasi sebagai hasil perhitungan resmi KONAMI.","","","medium","","",""
"progressionTab.anCondFormula","progressionTab","ui"," = standard final + user-specified level of gold / variable boosters (only to the abilities targeted by that effect). "," = akhir standar + level booster emas / variabel yang ditentukan pengguna (hanya untuk atribut yang menjadi sasaran efek tersebut). ","","","medium","","",""
"progressionTab.anCondUserSpecified","progressionTab","ui"," This value was specified by the user after checking their own Game Plan. The app has not automatically verified the squad counts."," Nilai ini ditentukan pengguna setelah memeriksa Game Plan miliknya. Aplikasi belum memverifikasi jumlah pemain di skuad secara otomatis.","","","medium","","",""
"progressionTab.anCondSeparate","progressionTab","ui"," This is separate from the standard final value."," Ini terpisah dari nilai akhir standar.","","","medium","","",""
"progressionTab.anTrialFormula","progressionTab","ui"," = standard final + card boosters under verification + manual conditions + unconfirmed manual trial (B2). Confirmed B2 is already in the standard final, so it is not added twice. "," = akhir standar + booster kartu yang sedang diverifikasi + syarat manual + uji coba manual belum dikonfirmasi (B2). B2 yang dikonfirmasi sudah termasuk dalam akhir standar, jadi tidak ditambahkan dua kali. ","","","medium","","",""
"progressionTab.anTrialNotOfficial","progressionTab","ui","Not an official in-game value.","Bukan nilai resmi di dalam game.","","","medium","","",""
"progressionTab.anExcludedNote","progressionTab","ui","Boosters whose effect is under verification, gold variable boosters (when not specified), unresolved card boosters and unconfirmed manual trials (B2) are not included (shown separately in experimental mode). No fictional increases are generated.","Booster yang efeknya sedang diverifikasi, booster variabel emas (jika tidak ditentukan), booster kartu yang belum terselesaikan, dan uji coba manual yang belum dikonfirmasi (B2) tidak termasuk (ditampilkan terpisah di mode eksperimental). Tidak ada peningkatan fiktif yang dibuat.","","","medium","","",""
"progressionTab.anManagerNote","progressionTab","ui","""Manager"" = the selected manager's booster effects (only those confirmed by multiple sources).","""Manajer"" = efek booster dari manajer yang dipilih (hanya yang dikonfirmasi oleh beberapa sumber).","","","medium","","",""
"progressionTab.boostNameWithEn","progressionTab","ui","{ja} ({en})","{ja} ({en})","","15","medium","","",""
"progressionTab.boostFallbackName","progressionTab","ui","Booster","Booster","","12","medium","","",""
"progressionTab.boostFixedType","progressionTab","ui","Fixed","Tetap","","12","medium","","",""
"progressionTab.boostFixedProvisional","progressionTab","ui","Fixed (assumed)","Tetap (diasumsikan)","","20","medium","","",""
"progressionTab.boostUnresolvedNotApplied","progressionTab","ui","Unresolved, not applied","Belum terselesaikan, tidak diterapkan","","30","medium","","",""
"progressionTab.boostEvidenceMeasured","progressionTab","ui","Measured on reference screens","Diukur pada layar referensi","","","medium","","",""
"progressionTab.boostEvidenceExternal","progressionTab","ui","Cross-checked externally (not confirmed by KONAMI)","Dicek silang secara eksternal (belum dikonfirmasi KONAMI)","","","medium","","",""
"progressionTab.boostEvidencePending","progressionTab","ui","Effect under verification","Efek sedang diverifikasi","","","medium","","",""
"progressionTab.boostActEvOfficial","progressionTab","ui","Stated officially by KONAMI","Dinyatakan resmi oleh KONAMI","","","medium","","",""
"progressionTab.boostActEvScreenshot","progressionTab","ui","Confirmed on user-provided screens","Dikonfirmasi pada layar dari pengguna","","","medium","","",""
"progressionTab.boostActEvExternal","progressionTab","ui","Consistent across 2 external sources","Konsisten di 2 sumber eksternal","","","medium","","",""
"progressionTab.boostActEvConflicted","progressionTab","ui","Conflicting evidence","Bukti saling bertentangan","","26","medium","","",""
"progressionTab.boostActEvUnresolved","progressionTab","ui","Unconfirmed","Belum dikonfirmasi","","15","medium","","",""
"progressionTab.boostActEvInferred","progressionTab","ui","Inferred (circumstantial evidence only)","Disimpulkan (hanya bukti tidak langsung)","","","medium","","",""
"progressionTab.boostEvidencePom","progressionTab","ui","Gold, variable (depends on Game Plan, not applied)","Emas, variabel (bergantung pada Game Plan, tidak diterapkan)","","","medium","","",""
"progressionTab.boostEvidenceConditional","progressionTab","ui","Depends on squad conditions, not applied","Bergantung pada kondisi skuad, tidak diterapkan","","","medium","","",""
"progressionTab.boostEvidenceUnresolved","progressionTab","ui","Unresolved","Belum terselesaikan","","13","medium","","",""
"progressionTab.boostStagePom","progressionTab","ui","★ Gold, Power of Many type (the effect changes with the number of same-league players in the Game Plan). It cannot be detected automatically, so you set the tier manually. The chosen tier is reflected only in the ""conditional final value"" of the target abilities of that effect","★ Emas, tipe Power of Many (efeknya berubah sesuai jumlah pemain dari liga yang sama di Game Plan). Tidak dapat dideteksi otomatis, jadi Anda mengatur tingkatnya secara manual. Tingkat yang dipilih hanya tercermin di ""nilai akhir bersyarat"" dari atribut sasaran efek tersebut","","","medium","","",""
"progressionTab.boostStageUnresolved","progressionTab","ui","① Numeric ID only (not in the mapping table)","① Hanya ID numerik (tidak ada di tabel pemetaan)","","","medium","","",""
"progressionTab.boostStageProvisional","progressionTab","ui","③ Name and level confirmed / effect from a single public source only (trial calculation in experimental mode)","③ Nama dan level dikonfirmasi / efek hanya dari satu sumber publik (perhitungan uji coba di mode eksperimental)","","","medium","","",""
"progressionTab.boostStageConditional","progressionTab","ui","③ Name, level and candidate effect confirmed / the activation condition (number of same-league players in the squad) is known but cannot be evaluated from a static screen (maximum effect trial-calculated in experimental mode)","③ Nama, level, dan kandidat efek dikonfirmasi / syarat aktivasi (jumlah pemain dari liga yang sama di skuad) diketahui tetapi tidak dapat dievaluasi dari layar statis (efek maksimum dihitung sebagai uji coba di mode eksperimental)","","","medium","","",""
"progressionTab.boostStageExternal","progressionTab","ui","④ Name and level confirmed / effect consistent across 2 external sources (applied to normal values in standard mode; not measured officially by KONAMI)","④ Nama dan level dikonfirmasi / efek konsisten di 2 sumber eksternal (diterapkan ke nilai normal di mode standar; tidak diukur resmi oleh KONAMI)","","","medium","","",""
"progressionTab.boostStageExternalProvisional","progressionTab","ui"," / activation type assumed to be fixed (no concrete evidence of Power of Many; applied provisionally)"," / tipe aktivasi diasumsikan tetap (tidak ada bukti konkret Power of Many; diterapkan sementara)","","","medium","","",""
"progressionTab.boostStageScreenshot","progressionTab","ui","⑤ Target abilities and increase confirmed on saved screenshots (applied to normal values even in strict mode). Not confirmed on the KONAMI game client screen","⑤ Atribut sasaran dan peningkatan dikonfirmasi pada tangkapan layar tersimpan (diterapkan ke nilai normal bahkan di mode ketat). Belum dikonfirmasi pada layar klien game KONAMI","","","medium","","",""
"progressionTab.boostStageScreenshotProvisional","progressionTab","ui"," / activation type assumed to be fixed"," / tipe aktivasi diasumsikan tetap","","","medium","","",""
"progressionTab.boostStageGameClient","progressionTab","ui","⑥ Change confirmed directly on the KONAMI game client screen (applied to normal values even in strict mode)","⑥ Perubahan dikonfirmasi langsung pada layar klien game KONAMI (diterapkan ke nilai normal bahkan di mode ketat)","","","medium","","",""
"progressionTab.boostAttachedHeading","progressionTab","ui","Card booster (included with the card, automatic)","Booster kartu (bawaan kartu, otomatis)","","63","medium","","",""
"progressionTab.boostSlot","progressionTab","ui","Slot {slot}","Slot {slot}","","15","medium","","",""
"progressionTab.boostCardFixed","progressionTab","ui","Card-specific, cannot be changed","Khusus kartu, tidak dapat diubah","","","medium","","",""
"progressionTab.boostAppliedInMode","progressionTab","ui","Applied in current mode","Diterapkan di mode saat ini","","30","medium","","",""
"progressionTab.boostNotAppliedNormal","progressionTab","ui","Not applied to normal values","Tidak diterapkan ke nilai normal","","","medium","","",""
"progressionTab.boostTargetsPrefix","progressionTab","ui","Targets: ","Sasaran: ","","12","medium","","",""
"progressionTab.boostEachLevel","progressionTab","ui"," (each +{level})"," (masing-masing +{level})","","21","medium","","",""
"progressionTab.boostEachCandidateLevel","progressionTab","ui"," (each, candidate +{level})"," (masing-masing, kandidat +{level})","","","medium","","",""
"progressionTab.boostDetailsSummary","progressionTab","ui","Show details (resolution stage, activation type, sources)","Tampilkan detail (tahap penyelesaian, tipe aktivasi, sumber)","","","medium","","",""
"progressionTab.boostStageLine","progressionTab","ui","Resolution stage: {stage}","Tahap penyelesaian: {stage}","","","medium","","",""
"progressionTab.boostActivationLine","progressionTab","ui","Activation type: {value}","Tipe aktivasi: {value}","","32","medium","","",""
"progressionTab.boostActivationPom","progressionTab","ui","Power of Many (gold, depends on Game Plan) / evidence: {evidence}","Power of Many (emas, bergantung pada Game Plan) / bukti: {evidence}","","","medium","","",""
"progressionTab.boostActivationFixedAssumed","progressionTab","ui","Assumed fixed (no confirmed evidence of blue vs gold; ScoreBar differences alone cannot tell them apart)","Diasumsikan tetap (tidak ada bukti terkonfirmasi biru vs emas; perbedaan ScoreBar saja tidak dapat membedakannya)","","","medium","","",""
"progressionTab.boostActivationFixed","progressionTab","ui","Fixed (blue) / evidence: {evidence}","Tetap (biru) / bukti: {evidence}","","","medium","","",""
"progressionTab.boostSourceWorld","progressionTab","ui","Source: individual player page on eFootball World (external community DB)","Sumber: halaman pemain individual di eFootball World (DB komunitas eksternal)","","","medium","","",""
"progressionTab.boostSourceEfscout","progressionTab","ui"," + definition from EFScout (external DB) (consistent across 2 external sources)"," + definisi dari EFScout (DB eksternal) (konsisten di 2 sumber eksternal)","","","medium","","",""
"progressionTab.boostSourceScreenshot","progressionTab","ui"," + saved screenshots"," + tangkapan layar tersimpan","","26","medium","","",""
"progressionTab.boostScreenshotNote","progressionTab","ui","Note: target abilities and increase confirmed on saved screenshots. Not confirmed on the KONAMI game client screen.","Catatan: atribut sasaran dan peningkatan dikonfirmasi pada tangkapan layar tersimpan. Belum dikonfirmasi pada layar klien game KONAMI.","","","medium","","",""
"progressionTab.boostConditionLine","progressionTab","ui","Activation condition: {text}","Syarat aktivasi: {text}","","","medium","","",""
"progressionTab.boostConditionalHeading","progressionTab","ui","Conditional booster (Power of Many)","Booster bersyarat (Power of Many)","","46","medium","","",""
"progressionTab.boostPomExplain","progressionTab","ui","{name} is a variable booster shown in gold on eFHUB. Under KONAMI's official ""The Power of Many"", its effect changes with the number of same-league players registered in the Game Plan. This app cannot check that number automatically, so it is not applied to the standard final value; choose the tier (+0/+1/+2/+3) below. Your choice is reflected only in the target abilities of {nameEn}.","{name} adalah booster variabel yang ditampilkan berwarna emas di eFHUB. Berdasarkan ""The Power of Many"" resmi KONAMI, efeknya berubah sesuai jumlah pemain dari liga yang sama yang terdaftar di Game Plan. Aplikasi ini tidak dapat memeriksa jumlah tersebut secara otomatis, jadi booster ini tidak diterapkan ke nilai akhir standar; pilih tingkatnya (+0/+1/+2/+3) di bawah. Pilihan Anda hanya tercermin pada atribut sasaran {nameEn}.","","","medium","","",""
"progressionTab.boostOverriddenNote","progressionTab","ui","* Overridden by an additional booster (B2) (this card booster is not included in the calculation)","* Digantikan oleh booster tambahan (B2) (booster kartu ini tidak termasuk dalam perhitungan)","","","medium","","",""
"progressionTab.boostUnresolvedNotAppliedNote","progressionTab","ui","The card booster is unresolved, so it is not applied to abilities. ","Booster kartu belum terselesaikan, jadi tidak diterapkan ke atribut. ","","","medium","","",""
"progressionTab.boostNoAttachedPlayer","progressionTab","ui","This card has no player booster.","Kartu ini tidak memiliki booster pemain.","","","medium","","",""
"progressionTab.boostFixedDialogTitle","progressionTab","ui","{name} (fixed) effect","Efek {name} (tetap)","","28","medium","","",""
"progressionTab.boostFixedIntro","progressionTab","ui","This is the card's own booster.","Ini adalah booster bawaan kartu.","","","medium","","",""
"progressionTab.boostFixedNoTierProvisional","progressionTab","ui"," Because it is assumed to be fixed, it is treated as having no tier changes from player-count conditions (unconfirmed)."," Karena diasumsikan tetap, booster ini dianggap tidak memiliki perubahan tingkat dari syarat jumlah pemain (belum dikonfirmasi).","","","medium","","",""
"progressionTab.boostFixedNoTier","progressionTab","ui"," It has no tier changes from player-count conditions."," Booster ini tidak memiliki perubahan tingkat dari syarat jumlah pemain.","","","medium","","",""
"progressionTab.boostFixedAppliedStandard","progressionTab","ui"," Applied to the standard final value."," Diterapkan ke nilai akhir standar.","","","medium","","",""
"progressionTab.boostFixedNotAppliedMode","progressionTab","ui"," Not applied to normal values in the current mode."," Tidak diterapkan ke nilai normal di mode saat ini.","","","medium","","",""
"progressionTab.boostFixedProvisionalPre","progressionTab","ui","The activation type is ","Tipe aktivasinya ","","30","medium","","",""
"progressionTab.boostFixedProvisionalBold","progressionTab","ui","assumed","diasumsikan","","12","medium","","",""
"progressionTab.boostFixedProvisionalPost","progressionTab","ui"," to be fixed (activation type unconfirmed). The effect (target abilities and increase) has been cross-checked externally, but the evidence for whether this booster is blue (fixed) or gold (Power of Many) (source data for the eFHUB hexagon colour, the raw eFootball World payload, in-game measurement) has not been confirmed. ScoreBar differences alone cannot tell ""fixed +N"" apart from ""Power of Many maximum +N"". As there is no concrete evidence that it is Power of Many (conditional), it is provisionally applied as fixed in standard mode."," tetap (tipe aktivasi belum dikonfirmasi). Efeknya (atribut sasaran dan peningkatan) sudah dicek silang secara eksternal, tetapi bukti apakah booster ini biru (tetap) atau emas (Power of Many) (data sumber warna heksagon eFHUB, payload mentah eFootball World, pengukuran di dalam game) belum dikonfirmasi. Perbedaan ScoreBar saja tidak dapat membedakan ""tetap +N"" dari ""Power of Many maksimum +N"". Karena tidak ada bukti konkret bahwa ini Power of Many (bersyarat), booster ini diterapkan sementara sebagai tetap di mode standar.","","","medium","","",""
"progressionTab.boostIncreasePerAbility","progressionTab","ui","Increase per target ability","Peningkatan per atribut sasaran","","","medium","","",""
"progressionTab.boostFixedSourceNote","progressionTab","ui","Name, level and effect are resolved from the individual player page on eFootball World (external community DB, not the official KONAMI site) and the definition in EFScout (external DB).","Nama, level, dan efek diselesaikan dari halaman pemain individual di eFootball World (DB komunitas eksternal, bukan situs resmi KONAMI) dan definisi di EFScout (DB eksternal).","","","medium","","",""
"progressionTab.boostUnsetNotApplied","progressionTab","ui","Not set (not applied to abilities)","Belum diatur (tidak diterapkan ke atribut)","","","medium","","",""
"progressionTab.boostUserSet","progressionTab","ui","User-set +{level}","Diatur pengguna +{level}","","23","medium","","",""
"progressionTab.boostGoldVariable","progressionTab","accessibility","Gold, variable (depends on Game Plan)","Emas, variabel (bergantung pada Game Plan)","","","high","","",""
"progressionTab.boostWorldId","progressionTab","ui","World booster ID {id}","ID booster World {id}","","28","medium","","",""
"progressionTab.boostMaxSummary","progressionTab","ui","Max shown +{max} / {count} target abilities ({names}{more}). ","Maks. ditampilkan +{max} / {count} atribut sasaran ({names}{more}). ","","","medium","","",""
"progressionTab.boostMoreStats","progressionTab","ui",", +{n} more",", +{n} lainnya","","15","medium","","",""
"progressionTab.boostCurrentValue","progressionTab","ui","Current: ","Saat ini: ","","12","medium","","",""
"progressionTab.boostSetTier","progressionTab","ui","Set tier ▾","Atur tingkat ▾","","13","medium","","",""
"progressionTab.boostClearSelection","progressionTab","ui","Clear selection","Hapus pilihan","","20","medium","","",""
"progressionTab.boostPomDialogTitle","progressionTab","ui","Set the tier for {name} (gold, variable)","Atur tingkat untuk {name} (emas, variabel)","","52","medium","","",""
"progressionTab.boostPomLegend","progressionTab","ui","Under KONAMI's official ""The Power of Many"", the effect changes with the number of players from the target league registered in the Game Plan (gold booster). Check your own Game Plan and choose the matching tier. It is reflected only in the {count} target abilities of {name}.","Berdasarkan ""The Power of Many"" resmi KONAMI, efeknya berubah sesuai jumlah pemain dari liga sasaran yang terdaftar di Game Plan (booster emas). Periksa Game Plan Anda sendiri dan pilih tingkat yang sesuai. Ini hanya tercermin pada {count} atribut sasaran dari {name}.","","","medium","","",""
"progressionTab.boostTierNone","progressionTab","ui","Not applied (+0)","Tidak diterapkan (+0)","","21","medium","","",""
"progressionTab.boostTierTargets","progressionTab","ui","{count} target abilities +{level}","{count} atribut sasaran +{level}","","","medium","","",""
"progressionTab.boostTierUserNote","progressionTab","ui"," (user-set, not detected automatically by the app)"," (diatur pengguna, tidak dideteksi otomatis oleh aplikasi)","","","medium","","",""
"progressionTab.boostPomFootnote","progressionTab","ui","Setting this does not change the ""standard final value"" (this gold booster is not applied to standard automatically). It is reflected only in the ""conditional final value"" and is not included in comparison rankings or normal team totals. Target abilities: {names}.","Pengaturan ini tidak mengubah ""nilai akhir standar"" (booster emas ini tidak diterapkan otomatis ke standar). Ini hanya tercermin di ""nilai akhir bersyarat"" dan tidak termasuk dalam peringkat perbandingan atau total tim normal. Atribut sasaran: {names}.","","","medium","","",""
"progressionTab.boostIconFixed","progressionTab","ui","Fixed booster","Booster tetap","","17","medium","","",""
"progressionTab.boostIconPom","progressionTab","ui","Power of Many (gold, variable) booster","Booster Power of Many (emas, variabel)","","","medium","","",""
"progressionTab.boostIconLiveUpdate","progressionTab","ui","Live Update-linked booster","Booster terkait Live Update","","","medium","","",""
"progressionTab.boostIconUnresolved","progressionTab","ui","Unresolved booster","Booster belum terselesaikan","","24","medium","","",""
"progressionTab.boostIconProvisional","progressionTab","ui","Booster under verification","Booster sedang diverifikasi","","","medium","","",""
"progressionTab.boostNoAttached","progressionTab","ui","This card has no booster.","Kartu ini tidak memiliki booster.","","","medium","","",""
"progressionTab.boostFixedProvisionalApplied","progressionTab","ui","Fixed (assumed), applied","Tetap (diasumsikan), diterapkan","","32","medium","","",""
"progressionTab.boostFixedApplied","progressionTab","ui","Fixed, applied","Tetap, diterapkan","","19","medium","","",""
"progressionTab.boostFixedVerifying","progressionTab","ui","Fixed, under verification","Tetap, sedang diverifikasi","","","medium","","",""
"progressionTab.boostViewEffect","progressionTab","ui","View effect ▸","Lihat efek ▸","","17","medium","","",""
"progressionTab.cmpOpenEditor","progressionTab","ui","Train from abilities","Progresi dari atribut","","26","medium","","",""
"progressionTab.cmpOpenEditorAria","progressionTab","accessibility","Train {name} from abilities","Progresi {name} dari atribut","","36","high","","",""
"progressionTab.cmpSheetTitle","progressionTab","ui","Training {name}","Progresi {name}","","20","medium","","",""
"progressionTab.cmpSheetSubtitle","progressionTab","ui","Player {index} in this comparison. Changes apply to this player only","Pemain {index} dalam perbandingan ini. Perubahan hanya berlaku untuk pemain ini","","","medium","","",""
"progressionTab.cmpClose","progressionTab","ui","Back to comparison","Kembali ke perbandingan","","24","medium","","",""
"progressionTab.cmpSwitchPlayer","progressionTab","ui","Player to edit","Pemain yang diedit","","19","medium","","",""
"progressionTab.cmpOthersHeading","progressionTab","ui","{ability} for the other players","{ability} untuk pemain lain","","41","medium","","",""
"progressionTab.cmpOthersHint","progressionTab","ui","Tap an ability to see the same ability for the other players","Ketuk atribut untuk melihat atribut yang sama pada pemain lain","","","medium","","",""
"progressionTab.ruB2LegacyPom","progressionTab","ui","{name} (Power of Many; no longer offered as a B2 option)","{name} (Power of Many; tidak lagi tersedia sebagai opsi B2)","","","medium","","",""
"progressionTab.ruB2LegacyUnconfirmed","progressionTab","ui","{name} (unconfirmed; trial only; previous selection)","{name} (belum dikonfirmasi; hanya uji coba; pilihan sebelumnya)","","","high","","",""
"progressionTab.ruB2KeepAttached","progressionTab","ui","— None (attached: {booster}) —","— Tidak ada (bawaan: {booster}) —","","","medium","","",""
"progressionTab.ruB2KeepUnresolved","progressionTab","ui","— None (attached booster unresolved) —","— Tidak ada (booster bawaan belum terselesaikan) —","","","medium","","",""
"progressionTab.ruB2KeepNone","progressionTab","ui","— None (no attached booster) —","— Tidak ada (tanpa booster bawaan) —","","","medium","","",""
"progressionTab.ruB2SlotLabel","progressionTab","ui","Slot {slot}","Slot {slot}","","15","medium","","",""
"progressionTab.ruB2SlotSelectAria","progressionTab","accessibility","Choose the additional booster (B2) for slot {slot}","Pilih booster tambahan (B2) untuk slot {slot}","","65","high","","",""
"progressionTab.ruB2LevelAria","progressionTab","accessibility","Level of the additional booster (B2) in slot {slot}","Level booster tambahan (B2) di slot {slot}","","67","high","","",""
"progressionTab.ruB2ConfirmedGroup","progressionTab","ui","Confirmed (applied normally)","Dikonfirmasi (diterapkan normal)","","","high","","",""
"progressionTab.ruB2Clear","progressionTab","ui","Remove B2","Hapus B2","","12","medium","","",""
"progressionTab.ruB2Active","progressionTab","ui","Currently applied","Sedang diterapkan","","23","medium","","",""
"progressionTab.ruB2LegacyNote","progressionTab","ui","Unconfirmed, so it is not reflected in the normal final value (trial final value only). Choose ""None"" or switch to a confirmed option.","Belum dikonfirmasi, jadi tidak tercermin di nilai akhir normal (hanya nilai akhir uji coba). Pilih ""Tidak ada"" atau beralih ke opsi yang dikonfirmasi.","","","medium","","",""
"progressionTab.ruB2AppliedConfirmed","progressionTab","ui","Confirmed; applied","Dikonfirmasi; diterapkan","","24","high","","",""
"progressionTab.ruB2AppliedTrial","progressionTab","ui","Trial only (unconfirmed)","Hanya uji coba (belum dikonfirmasi)","","32","medium","","",""
"progressionTab.ruB2AppliedEffect","progressionTab","ui","+{level} each to {stats}","Masing-masing +{level} untuk {stats}","","32","medium","","",""
"progressionTab.ruB2ClearAll","progressionTab","ui","Remove all additional boosters (B2)","Hapus semua booster tambahan (B2)","","","medium","","",""
"progressionTab.ruB2Footer","progressionTab","ui","Choosing a confirmed B2 immediately updates the affected stats, normal final values, comparison rankings and team totals.","Memilih B2 yang dikonfirmasi langsung memperbarui atribut terdampak, nilai akhir normal, peringkat perbandingan, dan total tim.","","","medium","","",""
"progressionTab.ruModeConfirmed","progressionTab","ui","Confirmed (base values only)","Dikonfirmasi (hanya nilai dasar)","","","high","","",""
"progressionTab.ruModeProvisional","progressionTab","ui","Under verification (using provisional rules)","Sedang diverifikasi (memakai aturan sementara)","","","medium","","",""
"progressionTab.ruModeUnsupported","progressionTab","ui","Unsupported","Tidak didukung","","15","medium","","",""
"progressionTab.ruRulesVersion","progressionTab","ui","Rules: {version}","Aturan: {version}","","21","medium","","",""
"progressionTab.ruLegacyMigrated","progressionTab","ui","Showing an allocation migrated from the old rules","Menampilkan alokasi yang dimigrasi dari aturan lama","","","medium","","",""
"progressionTab.ruCapsHeading","progressionTab","ui","Stat caps:","Batas atribut:","","13","medium","","",""
"progressionTab.ruCapBase","progressionTab","ui","Base {value} (","Dasar {value} (","","19","medium","","",""
"progressionTab.ruCapProgression","progressionTab","ui","After progression {value} (","Setelah progresi {value} (","","","medium","","",""
"progressionTab.ruCapBooster","progressionTab","ui","After boosters {value} (","Setelah booster {value} (","","32","medium","","",""
"progressionTab.ruCapFinal","progressionTab","ui","Final {value} (","Akhir {value} (","","20","medium","","",""
"progressionTab.ruCapClose","progressionTab","ui",")",")","","12","medium","","",""
"progressionTab.ruCapConfirmed","progressionTab","ui","confirmed","dikonfirmasi","","12","high","","",""
"progressionTab.ruCapUnconfirmed","progressionTab","ui","unconfirmed","belum dikonfirmasi","","15","high","","",""
"progressionTab.ruCapUnconfirmedClamp","progressionTab","ui","unconfirmed; provisional clamp","belum dikonfirmasi; pembatasan sementara","","","high","","",""
"progressionTab.ruShowRuleStatus","progressionTab","ui","Show rule confirmation status","Tampilkan status konfirmasi aturan","","","medium","","",""
"progressionTab.ruListConfirmed","progressionTab","ui","Confirmed","Dikonfirmasi","","12","high","","",""
"progressionTab.ruListProvisional","progressionTab","ui","Likely but not confirmed (under verification)","Kemungkinan benar tetapi belum dikonfirmasi (sedang diverifikasi)","","","medium","","",""
"progressionTab.ruListUnresolved","progressionTab","ui","Unconfirmed / under further investigation","Belum dikonfirmasi / sedang diselidiki lebih lanjut","","","medium","","",""
"progressionTab.ruPbHeading","progressionTab","ui","Player boosters","Booster pemain","","20","medium","","",""
"progressionTab.ruPbModeHeading","progressionTab","ui","Booster application mode","Mode penerapan booster","","32","medium","","",""
"progressionTab.ruPbModeStrictLabel","progressionTab","ui","Strict mode","Mode ketat","","15","medium","","",""
"progressionTab.ruPbModeStrictDesc","progressionTab","ui","Applies only boosters whose changes were confirmed directly from saved screenshots. This does not mean they were confirmed on KONAMI's official game screens. The criterion for applying is evidence of the effect (affected stats and increase); evidence of the activation type (fixed / Power of Many) is not required.","Hanya menerapkan booster yang perubahannya dikonfirmasi langsung dari tangkapan layar tersimpan. Ini tidak berarti sudah dikonfirmasi pada layar game resmi KONAMI. Kriteria penerapannya adalah bukti efek (atribut terdampak dan peningkatan); bukti tipe aktivasi (tetap / Power of Many) tidak diperlukan.","","","medium","","",""
"progressionTab.ruPbModeStandardLabel","progressionTab","ui","Standard mode (default)","Mode standar (bawaan)","","30","medium","","",""
"progressionTab.ruPbModeStandardDesc","progressionTab","ui","In addition to the above, applies boosters whose effects match across two external sources (eFootball World and EFScout) with no counterexamples across multiple cards. These are not values confirmed as KONAMI's official calculation results. The criterion for applying is cross-checking the effect, regardless of activation type. Boosters lacking evidence of their activation type are provisionally applied as fixed, since there is no concrete evidence that they are Power of Many (conditional) (""externally cross-checked; includes fixed-type estimates"").","Selain yang di atas, menerapkan booster yang efeknya cocok di dua sumber eksternal (eFootball World dan EFScout) tanpa contoh berlawanan di beberapa kartu. Ini bukan nilai yang dikonfirmasi sebagai hasil perhitungan resmi KONAMI. Kriteria penerapannya adalah pengecekan silang efek, terlepas dari tipe aktivasi. Booster tanpa bukti tipe aktivasi diterapkan sementara sebagai tetap, karena tidak ada bukti konkret bahwa booster tersebut Power of Many (bersyarat) (""dicek silang secara eksternal; termasuk estimasi tipe tetap"").","","","medium","","",""
"progressionTab.ruPbModeExperimentalLabel","progressionTab","ui","Experimental mode","Mode eksperimental","","23","medium","","",""
"progressionTab.ruPbModeExperimentalDesc","progressionTab","ui","In addition to standard mode, shows attached boosters under verification and manual trials separately as the ""trial final value"" (the normal final value does not change). You must accept a warning before enabling it.","Selain mode standar, menampilkan booster bawaan yang sedang diverifikasi dan uji coba manual secara terpisah sebagai ""nilai akhir uji coba"" (nilai akhir normal tidak berubah). Anda harus menyetujui peringatan sebelum mengaktifkannya.","","","medium","","",""
"progressionTab.ruPbStandardNote","progressionTab","ui","Standard mode: includes high-confidence values whose effects were cross-checked between external databases (""externally cross-checked; includes fixed-type estimates""). These are not values confirmed as KONAMI's official calculation results. The criterion for applying is cross-checking the effect, regardless of activation type. Boosters lacking evidence of their activation type are provisionally applied as fixed, since there is no concrete evidence that they are Power of Many (conditional).","Mode standar: termasuk nilai berkeyakinan tinggi yang efeknya dicek silang antar-database eksternal (""dicek silang secara eksternal; termasuk estimasi tipe tetap""). Ini bukan nilai yang dikonfirmasi sebagai hasil perhitungan resmi KONAMI. Kriteria penerapannya adalah pengecekan silang efek, terlepas dari tipe aktivasi. Booster tanpa bukti tipe aktivasi diterapkan sementara sebagai tetap, karena tidak ada bukti konkret bahwa booster tersebut Power of Many (bersyarat).","","","medium","","",""
"progressionTab.ruPbDetailsHeading","progressionTab","ui","Effect details and verification","Detail efek dan verifikasi","","41","medium","","",""
"progressionTab.ruPbDetailsBody","progressionTab","ui","Select or remove B1 (card-attached booster) and B2 (additional booster) as usual directly below the progression points display (this card's summary). Unconfirmed or past trial values and Power of Many (conditional booster) compatibility details are also shown there.","Pilih atau hapus B1 (booster bawaan kartu) dan B2 (booster tambahan) seperti biasa tepat di bawah tampilan poin progresi (ringkasan kartu ini). Nilai uji coba yang belum dikonfirmasi atau sebelumnya serta detail kompatibilitas Power of Many (booster bersyarat) juga ditampilkan di sana.","","","medium","","",""
"progressionTab.ruPbSourceNote","progressionTab","ui","Attached booster names, levels and effects come from individual player pages on eFootball World (an external community DB, not KONAMI's official site) and definitions from EFScout (an external DB). Only ball-carrying / attack starter had their affected stats and increases confirmed directly from user-saved screenshots. No fictional increases are generated from unconfirmed values.","Nama, level, dan efek booster bawaan berasal dari halaman pemain individual di eFootball World (DB komunitas eksternal, bukan situs resmi KONAMI) dan definisi dari EFScout (DB eksternal). Hanya ball-carrying / attack starter yang atribut terdampak dan peningkatannya dikonfirmasi langsung dari tangkapan layar tersimpan pengguna. Tidak ada peningkatan fiktif yang dibuat dari nilai yang belum dikonfirmasi.","","","medium","","",""
"progressionTab.ruExWarning","progressionTab","ui","Includes booster effects under verification in the trial. The stats shown are not official in-game values. They are kept separate from the confirmed values of the normal mode.","Termasuk efek booster yang sedang diverifikasi dalam uji coba. Atribut yang ditampilkan bukan nilai resmi di dalam game. Nilai ini dipisahkan dari nilai terkonfirmasi di mode normal.","","","high","","",""
"progressionTab.ruExActive","progressionTab","ui","Verification mode (experimental booster trial) is on.","Mode verifikasi (uji coba booster eksperimental) aktif.","","","medium","","",""
"progressionTab.ruExDisable","progressionTab","ui","Turn off verification mode","Matikan mode verifikasi","","","medium","","",""
"progressionTab.ruExOpen","progressionTab","ui","Open experimental booster trial (verification mode)","Buka uji coba booster eksperimental (mode verifikasi)","","","medium","","",""
"progressionTab.ruExModalTitle","progressionTab","ui","Enable verification mode?","Aktifkan mode verifikasi?","","33","medium","","",""
"progressionTab.ruExBullet1","progressionTab","ui","The normal-mode final values (confirmed values) do not change. Trial values are shown in a separate column (trial final).","Nilai akhir mode normal (nilai terkonfirmasi) tidak berubah. Nilai uji coba ditampilkan di kolom terpisah (akhir uji coba).","","","medium","","",""
"progressionTab.ruExBullet2","progressionTab","ui","Attached boosters under verification and manually chosen trial boosters are added to the trial.","Booster bawaan yang sedang diverifikasi dan booster uji coba yang dipilih manual ditambahkan ke uji coba.","","","medium","","",""
"progressionTab.ruExBullet3","progressionTab","ui","Reloading the page turns verification mode back OFF.","Memuat ulang halaman akan mengembalikan mode verifikasi ke OFF.","","","medium","","",""
"progressionTab.ruExBullet4","progressionTab","ui","It is not automatically applied to share URLs or the whole squad.","Tidak diterapkan otomatis ke URL berbagi atau seluruh skuad.","","","medium","","",""
"progressionTab.ruExCancel","progressionTab","ui","Cancel","Batal","","12","medium","","",""
"progressionTab.ruExAgree","progressionTab","ui","Agree and enable","Setuju dan aktifkan","","21","medium","","",""
"progressionTab.ruGrMax","progressionTab","ui","Max","Maks.","","12","medium","","",""
"progressionTab.ruGrNextCost","progressionTab","ui","Next +1: {cost}pt","+1 berikutnya: {cost}pt","","23","medium","","",""
"progressionTab.ruGrConfirmed","progressionTab","ui","confirmed","dikonfirmasi","","12","high","","",""
"progressionTab.ruGrStatsProvisional","progressionTab","ui","affected stats under verification","atribut terdampak sedang diverifikasi","","","medium","","",""
"progressionTab.ruGrTargets","progressionTab","ui","Affects: {stats}","Memengaruhi: {stats}","","21","medium","","",""
"progressionTab.ruGrDecAria","progressionTab","accessibility","Lower {name} level","Turunkan level {name}","","24","high","","",""
"progressionTab.ruGrIncAria","progressionTab","accessibility","Raise {name} level","Naikkan level {name}","","24","high","","",""
"progressionTab.ruGrConsumed","progressionTab","ui","Used: {points}pt","Terpakai: {points}pt","","21","medium","","",""
"progressionTab.ruGrMaxReached","progressionTab","ui","Max reached","Maks. tercapai","","15","medium","","",""
"progressionTab.ruGrMaxLevel","progressionTab","ui","Max Lv{level}","Lv maks. {level}","","17","medium","","",""
"managerDetail.unavailableTitle","managerDetail","ui","Manager data is unavailable","Data manajer tidak tersedia","","36","medium","","",""
"managerDetail.backToList","managerDetail","ui","Back to managers","Kembali ke manajer","","21","medium","","",""
"managerDetail.releaseBadgeTemplate","managerDetail","ui","Released {date}","Rilis {date}","","20","medium","","",""
"managerDetail.unknown","managerDetail","ui","Unknown","Tidak diketahui","","12","medium","","",""
"managerDetail.sourceBadgeTemplate","managerDetail","ui","Source {id}","Sumber {id}","","15","medium","","",""
"managerDetail.bestTactic","managerDetail","ui","Best tactic","Taktik terbaik","","15","medium","","",""
"managerDetail.proficiencyTitle","managerDetail","ui","Tactical proficiency","Kemahiran taktik","","26","medium","","",""
"managerDetail.proficiencyHint","managerDetail","ui","Values, bars and rank, not color alone","Nilai, bar, dan peringkat, bukan hanya warna","","","medium","","",""
"managerDetail.boosterTitle","managerDetail","ui","Manager boosters","Booster manajer","","21","medium","","",""
"managerDetail.boosterConfirmed","managerDetail","ui","Confirmed by multiple sources","Dikonfirmasi oleh beberapa sumber","","","high","","",""
"managerDetail.boosterUnconfirmed","managerDetail","ui","Effect unconfirmed","Efek belum dikonfirmasi","","24","high","","",""
"managerDetail.boosterUnconditional","managerDetail","ui","Unconditional","Tanpa syarat","","17","medium","","",""
"managerDetail.boosterKeyUnmapped","managerDetail","ui"," · key not mapped"," · kunci belum dipetakan","","23","medium","","",""
"managerDetail.boosterNone","managerDetail","ui","This manager has no ability boosters.","Manajer ini tidak memiliki booster atribut.","","","medium","","",""
"managerDetail.boosterNote","managerDetail","ui","Only confirmed boosters are applied to ability values in progression, comparison and squads. Whether they apply before or after progression is unconfirmed.","Hanya booster yang terkonfirmasi yang diterapkan pada nilai atribut di progresi, perbandingan, dan skuad. Apakah diterapkan sebelum atau sesudah progresi belum dikonfirmasi.","","","medium","","",""
"managerDetail.linkUpHint","managerDetail","ui","Activation conditions are being verified; not applied to ability values","Syarat aktivasi sedang diverifikasi; tidak diterapkan pada nilai atribut","","","medium","","",""
"managerDetail.centerPieceLabel","managerDetail","ui","Center Piece condition","Syarat Center Piece","","29","medium","","",""
"managerDetail.keyManLabel","managerDetail","ui","Key Man condition","Syarat Key Man","","23","medium","","",""
"managerDetail.linkUpNone","managerDetail","ui","This manager has no Link-Up Play.","Manajer ini tidak memiliki Link-Up Play.","","","medium","","",""
"managerDetail.notInSourceTitle","managerDetail","ui","Not in the source (under investigation)","Tidak ada di sumber (sedang diselidiki)","","51","medium","","",""
"managerDetail.notInSourceValue","managerDetail","ui","Under investigation","Sedang diselidiki","","25","medium","","",""
"managerDetail.labelAge","managerDetail","ui","Age","Usia","","12","medium","","",""
"managerDetail.labelNationality","managerDetail","ui","Nationality","Kebangsaan","","15","medium","","",""
"managerDetail.labelTeam","managerDetail","ui","Team","Tim","","12","medium","","",""
"managerDetail.labelRating","managerDetail","ui","Manager rating","Rating manajer","","19","medium","","",""
"managerDetail.labelFormation","managerDetail","ui","Formation","Formasi","","12","medium","","",""
"managerDetail.dataSourceTemplate","managerDetail","ui","Data: {source} / Fetched: {fetchedAt}","Data: {source} / Diambil: {fetchedAt}","","","medium","","",""
"managerDetail.openSource","managerDetail","ui","Open source","Buka sumber","","15","medium","","",""
"squadCompareBoard.pageTitle","squadCompareBoard","metadata","Squad comparison","Perbandingan skuad","","21","medium","","",""
"squadCompareBoard.pageDescription","squadCompareBoard","metadata","Choose 2 saved squads and compare their formation, placement, starters/bench, manager, captain, set pieces, saved builds, boosters, average abilities, shared skills and warnings side by side. This is read-only and does not change your squads. The pair is restored from the URL (?a=&b=).","Pilih 2 skuad tersimpan dan bandingkan formasi, penempatan, inti/cadangan, manajer, kapten, bola mati, build tersimpan, booster, rata-rata atribut, skill bersama, dan peringatan secara berdampingan. Ini hanya untuk dibaca dan tidak mengubah skuad Anda. Pasangan dipulihkan dari URL (?a=&b=).","","","medium","","",""
"squadCompareBoard.pageBackLabel","squadCompareBoard","ui","Squad list","Daftar skuad","","13","medium","","",""
"squadCompareBoard.pageLoading","squadCompareBoard","ui","Loading…","Memuat…","","12","medium","","",""
"squadCompareBoard.startersBenchValueTemplate","squadCompareBoard","ui","{starters}/11 · {bench}","{starters}/11 · {bench}","","30","medium","","",""
"squadCompareBoard.tabOverview","squadCompareBoard","ui","Overview","Ringkasan","","12","medium","","",""
"squadCompareBoard.tabShape","squadCompareBoard","ui","Placement","Penempatan","","12","medium","","",""
"squadCompareBoard.tabPlayers","squadCompareBoard","ui","Players","Pemain","","12","medium","","",""
"squadCompareBoard.tabMetrics","squadCompareBoard","ui","Abilities","Atribut","","12","medium","","",""
"squadCompareBoard.tabRoles","squadCompareBoard","ui","Roles","Peran","","12","medium","","",""
"squadCompareBoard.tabBoosters","squadCompareBoard","ui","Boosters","Booster","","12","medium","","",""
"squadCompareBoard.tabSkills","squadCompareBoard","ui","Skills / suitability","Skill / kecocokan","","26","medium","","",""
"squadCompareBoard.tabWarnings","squadCompareBoard","ui","Warnings","Peringatan","","12","high","","",""
"squadCompareBoard.cardFallbackTemplate","squadCompareBoard","ui","Card {id}","Kartu {id}","","12","medium","","",""
"squadCompareBoard.selectorAriaTemplate","squadCompareBoard","accessibility","Squad for {label}","Skuad untuk {label}","","23","high","","",""
"squadCompareBoard.selectPlaceholder","squadCompareBoard","ui","Select a squad…","Pilih skuad…","","20","medium","","",""
"squadCompareBoard.optionTemplate","squadCompareBoard","ui","{name} ({formation} / {starters} starters / {bench} bench / {manager}{custom})","{name} ({formation} / {starters} inti / {bench} cadangan / {manager}{custom})","","","medium","","",""
"squadCompareBoard.managerYes","squadCompareBoard","ui","with manager","dengan manajer","","16","medium","","",""
"squadCompareBoard.managerNo","squadCompareBoard","ui","no manager","tanpa manajer","","13","medium","","",""
"squadCompareBoard.customSuffix","squadCompareBoard","ui"," / custom placement"," / penempatan kustom","","25","medium","","",""
"squadCompareBoard.updatedTemplate","squadCompareBoard","ui","Updated {date}","Diperbarui {date}","","19","medium","","",""
"squadCompareBoard.open","squadCompareBoard","ui","Open","Buka","","12","medium","","",""
"squadCompareBoard.clearSelection","squadCompareBoard","ui","Clear selection","Hapus pilihan","","20","medium","","",""
"squadCompareBoard.backToList","squadCompareBoard","ui","← Back to squads","← Kembali ke skuad","","21","medium","","",""
"squadCompareBoard.storageUnavailable","squadCompareBoard","ui","Squads cannot be saved or compared in this environment (localStorage unavailable, private mode, etc.).","Skuad tidak dapat disimpan atau dibandingkan di lingkungan ini (localStorage tidak tersedia, mode pribadi, dll.).","","","medium","","",""
"squadCompareBoard.sideA","squadCompareBoard","ui","Squad A","Skuad A","","12","medium","","",""
"squadCompareBoard.sideB","squadCompareBoard","ui","Squad B","Skuad B","","12","medium","","",""
"squadCompareBoard.swapAria","squadCompareBoard","accessibility","Swap squads A and B","Tukar skuad A dan B","","25","high","","",""
"squadCompareBoard.swap","squadCompareBoard","ui","⇄ Swap","⇄ Tukar","","12","medium","","",""
"squadCompareBoard.clearComparison","squadCompareBoard","ui","Clear comparison","Hapus perbandingan","","21","medium","","",""
"squadCompareBoard.urlNote","squadCompareBoard","ui","The comparison URL refers to squads saved in this browser. Other devices may not show the same squads.","URL perbandingan merujuk ke skuad yang disimpan di browser ini. Perangkat lain mungkin tidak menampilkan skuad yang sama.","","","medium","","",""
"squadCompareBoard.dupParams","squadCompareBoard","ui","The URL repeats a parameter. Only the first value is used.","URL mengulang sebuah parameter. Hanya nilai pertama yang digunakan.","","","medium","","",""
"squadCompareBoard.needTwo","squadCompareBoard","ui","You need at least 2 saved squads to compare.","Anda memerlukan minimal 2 skuad tersimpan untuk membandingkan.","","","medium","","",""
"squadCompareBoard.createNew","squadCompareBoard","ui","Create a new squad","Buat skuad baru","","24","medium","","",""
"squadCompareBoard.createFromTemplate","squadCompareBoard","ui","Create from a template","Buat dari templat","","29","medium","","",""
"squadCompareBoard.toList","squadCompareBoard","ui","Squad list","Daftar skuad","","13","medium","","",""
"squadCompareBoard.sameSquad","squadCompareBoard","ui","A squad cannot be compared with itself.","Skuad tidak dapat dibandingkan dengan dirinya sendiri.","","","medium","","",""
"squadCompareBoard.notFound","squadCompareBoard","ui","The selected squad was not found (deleted or an unknown ID).","Skuad yang dipilih tidak ditemukan (dihapus atau ID tidak dikenal).","","","medium","","",""
"squadCompareBoard.andSeparator","squadCompareBoard","ui"," and "," dan ","","12","medium","","",""
"squadCompareBoard.reselectTemplate","squadCompareBoard","ui","Please select {sides} again.","Silakan pilih {sides} lagi.","","","medium","","",""
"squadCompareBoard.selectTwo","squadCompareBoard","ui","Select 2 squads to compare.","Pilih 2 skuad untuk dibandingkan.","","","medium","","",""
"squadCompareBoard.selectOther","squadCompareBoard","ui","Select one more squad.","Pilih satu skuad lagi.","","29","medium","","",""
"squadCompareBoard.loadingAll","squadCompareBoard","ui","Loading squads and player data…","Memuat skuad dan data pemain…","","","medium","","",""
"squadCompareBoard.externalUpdate","squadCompareBoard","ui","A squad was updated in another tab. The comparison may be out of date.","Sebuah skuad diperbarui di tab lain. Perbandingan mungkin sudah tidak terbaru.","","","medium","","",""
"squadCompareBoard.reload","squadCompareBoard","ui","Reload","Muat ulang","","12","medium","","",""
"squadCompareBoard.loadingCards","squadCompareBoard","ui","Loading player data…","Memuat data pemain…","","26","medium","","",""
"squadCompareBoard.diffOnly","squadCompareBoard","ui","Show differences only","Tampilkan perbedaan saja","","28","medium","","",""
"squadCompareBoard.retryLater","squadCompareBoard","ui","Please reload later.","Silakan muat ulang nanti.","","26","medium","","",""
"squadCompareBoard.commonCards","squadCompareBoard","ui","Common cards","Kartu yang sama","","16","medium","","",""
"squadCompareBoard.onlyATemplate","squadCompareBoard","ui","Only A {n}","Hanya A {n}","","13","medium","","",""
"squadCompareBoard.onlyBTemplate","squadCompareBoard","ui","Only B {n}","Hanya B {n}","","13","medium","","",""
"squadCompareBoard.noAutoVerdict","squadCompareBoard","ui","Squads are not ranked automatically. Values are listed as A / B / difference.","Skuad tidak diperingkat secara otomatis. Nilai ditampilkan sebagai A / B / selisih.","","","medium","","",""
"squadCompareBoard.formation","squadCompareBoard","ui","Formation","Formasi","","12","medium","","",""
"squadCompareBoard.customParen","squadCompareBoard","ui"," (custom placement)"," (penempatan kustom)","","25","medium","","",""
"squadCompareBoard.startersBench","squadCompareBoard","ui","Starters / bench","Inti / cadangan","","21","medium","","",""
"squadCompareBoard.manager","squadCompareBoard","ui","Manager","Manajer","","12","medium","","",""
"squadCompareBoard.loadingParen","squadCompareBoard","ui","(loading)","(memuat)","","12","medium","","",""
"squadCompareBoard.none","squadCompareBoard","ui","None","Tidak ada","","12","medium","","",""
"squadCompareBoard.captain","squadCompareBoard","ui","Captain","Kapten","","12","medium","","",""
"squadCompareBoard.notSet","squadCompareBoard","ui","Not set","Belum diatur","","12","medium","","",""
"squadCompareBoard.parenTemplate","squadCompareBoard","ui"," ({v})"," ({v})","","12","medium","","",""
"squadCompareBoard.updated","squadCompareBoard","ui","Updated","Diperbarui","","12","medium","","",""
"squadCompareBoard.warningCount","squadCompareBoard","ui","Warnings","Peringatan","","12","high","","",""
"squadCompareBoard.zonesTemplate","squadCompareBoard","ui","Left {left} / Center {center} / Right {right}","Kiri {left} / Tengah {center} / Kanan {right}","","","medium","","",""
"squadCompareBoard.customYes","squadCompareBoard","ui","Custom placement","Penempatan kustom","","21","medium","","",""
"squadCompareBoard.presetPlacement","squadCompareBoard","ui","Preset placement","Penempatan preset","","21","medium","","",""
"squadCompareBoard.sameFormation","squadCompareBoard","ui","Same formation ID.","ID formasi sama.","","24","medium","","",""
"squadCompareBoard.differentFormation","squadCompareBoard","ui","Different formation IDs.","ID formasi berbeda.","","32","medium","","",""
"squadCompareBoard.roleBreakdownSame","squadCompareBoard","ui"," The FW/MF/DF/GK counts are the same (see the mini pitches for coordinates)."," Jumlah FW/MF/DF/GK sama (lihat lapangan mini untuk koordinat).","","","medium","","",""
"squadCompareBoard.zonesFact","squadCompareBoard","ui"," Left/right balance and central counts are listed as facts (not evaluated)."," Keseimbangan kiri/kanan dan jumlah di tengah dicantumkan sebagai fakta (tidak dinilai).","","","medium","","",""
"squadCompareBoard.keyMetrics","squadCompareBoard","ui","Key metrics","Metrik utama","","15","medium","","",""
"squadCompareBoard.noMetricDiff","squadCompareBoard","ui","No metrics differ.","Tidak ada metrik yang berbeda.","","24","medium","","",""
"squadCompareBoard.metric","squadCompareBoard","ui","Metric","Metrik","","12","medium","","",""
"squadCompareBoard.diffHeader","squadCompareBoard","ui","Diff (A−B)","Selisih (A−B)","","13","medium","","",""
"squadCompareBoard.lowerIsCalmer","squadCompareBoard","ui","(lower is safer)","(lebih rendah lebih aman)","","21","medium","","",""
"squadCompareBoard.notesSummary","squadCompareBoard","ui","Notes on averages and comparison","Catatan tentang rata-rata dan perbandingan","","","medium","","",""
"squadCompareBoard.placementDiffTitle","squadCompareBoard","ui","Placement differences of common cards (starters)","Perbedaan penempatan kartu yang sama (inti)","","63","medium","","",""
"squadCompareBoard.noPlacementDiff","squadCompareBoard","ui","No placement differences among common starters.","Tidak ada perbedaan penempatan di antara pemain inti yang sama.","","","medium","","",""
"squadCompareBoard.roleChangeTemplate","squadCompareBoard","ui","Changed: {a} → {b} · ","Berubah: {a} → {b} · ","","28","medium","","",""
"squadCompareBoard.coordDiffTemplate","squadCompareBoard","ui","x diff {dx} / y diff {dy} (normalized coordinates)","selisih x {dx} / selisih y {dy} (koordinat ternormalisasi)","","","medium","","",""
"squadCompareBoard.noAreaChange","squadCompareBoard","ui","No starter/bench swaps.","Tidak ada pertukaran inti/cadangan.","","30","medium","","",""
"squadCompareBoard.areaChangeTitle","squadCompareBoard","ui","Starter / bench changes (common cards)","Perubahan inti / cadangan (kartu yang sama)","","50","medium","","",""
"squadCompareBoard.fetchFailed","squadCompareBoard","ui","Failed to load","Gagal memuat","","19","high","","",""
"squadCompareBoard.registeredTemplate","squadCompareBoard","ui","Registered {pos}","Terdaftar {pos}","","21","medium","","",""
"squadCompareBoard.placementSuffixTemplate","squadCompareBoard","ui"," / placement {role}"," / penempatan {role}","","25","medium","","",""
"squadCompareBoard.benchSuffix","squadCompareBoard","ui"," / bench"," / cadangan","","12","medium","","",""
"squadCompareBoard.ovrTemplate","squadCompareBoard","ui","Displayed OVR {shown} / base OVR {base}","OVR ditampilkan {shown} / OVR dasar {base}","","","medium","","",""
"squadCompareBoard.buildSuffixTemplate","squadCompareBoard","ui"," / build “{name}”"," / build “{name}”","","23","medium","","",""
"squadCompareBoard.pomConditional","squadCompareBoard","ui","PoM/condition set","PoM/syarat diatur","","23","medium","","",""
"squadCompareBoard.playerDetail","squadCompareBoard","ui","Player details","Detail pemain","","19","medium","","",""
"squadCompareBoard.progression","squadCompareBoard","ui","Progression","Progresi","","15","medium","","",""
"squadCompareBoard.startersBothTemplate","squadCompareBoard","ui","Starters — in both ({n})","Inti — di keduanya ({n})","","32","medium","","",""
"squadCompareBoard.noStarterSettingDiff","squadCompareBoard","ui","No common starters with different settings.","Tidak ada pemain inti yang sama dengan pengaturan berbeda.","","","medium","","",""
"squadCompareBoard.noCommonStarters","squadCompareBoard","ui","No common starters.","Tidak ada pemain inti yang sama.","","25","medium","","",""
"squadCompareBoard.notePlacementTemplate","squadCompareBoard","ui","Placement {a}→{b}","Penempatan {a}→{b}","","23","medium","","",""
"squadCompareBoard.noteArea","squadCompareBoard","ui","Starter↔bench","Inti↔cadangan","","17","medium","","",""
"squadCompareBoard.noteBuildMode","squadCompareBoard","ui","Different build mode","Mode build berbeda","","26","medium","","",""
"squadCompareBoard.noteSavedBuild","squadCompareBoard","ui","Different saved build","Build tersimpan berbeda","","28","medium","","",""
"squadCompareBoard.noteCaptain","squadCompareBoard","ui","Different captain","Kapten berbeda","","23","medium","","",""
"squadCompareBoard.noteSetPiece","squadCompareBoard","ui","Different set pieces","Bola mati berbeda","","26","medium","","",""
"squadCompareBoard.notePom","squadCompareBoard","ui","Different Power of Many selection","Pilihan Power of Many berbeda","","","medium","","",""
"squadCompareBoard.startersOnlyATemplate","squadCompareBoard","ui","Starters — only A ({n})","Inti — hanya A ({n})","","30","medium","","",""
"squadCompareBoard.startersOnlyBTemplate","squadCompareBoard","ui","Starters — only B ({n})","Inti — hanya B ({n})","","30","medium","","",""
"squadCompareBoard.sameNameTitle","squadCompareBoard","ui","Same name, different card","Nama sama, kartu berbeda","","33","medium","","",""
"squadCompareBoard.sameNameNote","squadCompareBoard","ui","Different worldCardIds are not treated as common cards (there is no confirmed player identifier, so they are listed as same name, different card).","worldCardId yang berbeda tidak dianggap sebagai kartu yang sama (tidak ada pengenal pemain yang terkonfirmasi, jadi dicantumkan sebagai nama sama, kartu berbeda).","","","medium","","",""
"squadCompareBoard.cardOfA","squadCompareBoard","ui","Card in A","Kartu di A","","12","medium","","",""
"squadCompareBoard.cardOfB","squadCompareBoard","ui","Card in B","Kartu di B","","12","medium","","",""
"squadCompareBoard.benchTitleTemplate","squadCompareBoard","ui","Bench (A {a} / B {b})","Cadangan (A {a} / B {b})","","28","medium","","",""
"squadCompareBoard.benchOrderNote","squadCompareBoard","ui","The bench order differs (order is not a ranking).","Urutan cadangan berbeda (urutan bukan peringkat).","","","medium","","",""
"squadCompareBoard.commonWithB","squadCompareBoard","ui","Shared with B","Sama dengan B","","17","medium","","",""
"squadCompareBoard.onlyABench","squadCompareBoard","ui","Only on A's bench","Hanya di cadangan A","","23","medium","","",""
"squadCompareBoard.onlyBBench","squadCompareBoard","ui","Only on B's bench","Hanya di cadangan B","","23","medium","","",""
"squadCompareBoard.starterBenchChange","squadCompareBoard","ui","Starter↔bench changes","Perubahan inti↔cadangan","","28","medium","","",""
"squadCompareBoard.partialFetchFail","squadCompareBoard","ui","Some player data could not be retrieved (listed in the Warnings tab). Saved worldCardIds are kept.","Sebagian data pemain tidak dapat diambil (tercantum di tab Peringatan). worldCardId yang tersimpan tetap dipertahankan.","","","medium","","",""
"squadCompareBoard.avgMetrics","squadCompareBoard","ui","Averages and metrics","Rata-rata dan metrik","","26","medium","","",""
"squadCompareBoard.categoryAvgTitle","squadCompareBoard","ui","Category averages (simple averages)","Rata-rata kategori (rata-rata sederhana)","","46","medium","","",""
"squadCompareBoard.noCategoryDiff","squadCompareBoard","ui","No categories differ.","Tidak ada kategori yang berbeda.","","28","medium","","",""
"squadCompareBoard.diff","squadCompareBoard","ui","Diff","Selisih","","12","medium","","",""
"squadCompareBoard.suitability","squadCompareBoard","ui","Suitability","Kecocokan","","15","medium","","",""
"squadCompareBoard.exactTemplate","squadCompareBoard","ui","Matches registered position {n}","Sesuai posisi terdaftar {n}","","","medium","","",""
"squadCompareBoard.unresolvedTemplate","squadCompareBoard","ui","Suitability unconfirmed {n}","Kecocokan belum dikonfirmasi {n}","","","medium","","",""
"squadCompareBoard.mismatchTemplate","squadCompareBoard","ui","Possibly unsuited {n}","Mungkin tidak cocok {n}","","28","medium","","",""
"squadCompareBoard.suitabilityNote","squadCompareBoard","ui","Secondary-position suitability data is not included. More suitability is not judged better automatically. Position-specific OVR is not estimated.","Data kecocokan posisi sekunder tidak disertakan. Kecocokan lebih banyak tidak otomatis dinilai lebih baik. OVR per posisi tidak diestimasi.","","","medium","","",""
"squadCompareBoard.stateSame","squadCompareBoard","ui","Same","Sama","","12","medium","","",""
"squadCompareBoard.stateDifferent","squadCompareBoard","ui","Different","Berbeda","","12","medium","","",""
"squadCompareBoard.stateOnlyA","squadCompareBoard","ui","Only A","Hanya A","","12","medium","","",""
"squadCompareBoard.stateOnlyB","squadCompareBoard","ui","Only B","Hanya B","","12","medium","","",""
"squadCompareBoard.stateNeither","squadCompareBoard","ui","Neither","Tidak keduanya","","12","medium","","",""
"squadCompareBoard.managerTitleTemplate","squadCompareBoard","ui","Manager ({state})","Manajer ({state})","","23","medium","","",""
"squadCompareBoard.boosterDeltaTemplate","squadCompareBoard","ui","managerBoosterDelta total {n}","Total managerBoosterDelta {n}","","","medium","","",""
"squadCompareBoard.confirmedTemplate","squadCompareBoard","ui","Confirmed: {list}","Terkonfirmasi: {list}","","23","high","","",""
"squadCompareBoard.noConfirmedManagerBoosters","squadCompareBoard","ui","No confirmed manager boosters","Tidak ada booster manajer yang terkonfirmasi","","","high","","",""
"squadCompareBoard.noManagerImage","squadCompareBoard","ui","Manager images are not shown.","Gambar manajer tidak ditampilkan.","","","medium","","",""
"squadCompareBoard.captainTitleTemplate","squadCompareBoard","ui","Captain ({state})","Kapten ({state})","","23","medium","","",""
"squadCompareBoard.nameRoleTemplate","squadCompareBoard","ui","{name} ({role})","{name} ({role})","","20","medium","","",""
"squadCompareBoard.captainNote","squadCompareBoard","ui","The captain is compared as role information (no ability effect is added).","Kapten dibandingkan sebagai informasi peran (tidak ada efek atribut yang ditambahkan).","","","medium","","",""
"squadCompareBoard.setPieceTitle","squadCompareBoard","ui","Set-piece takers","Penendang bola mati","","21","medium","","",""
"squadCompareBoard.kind","squadCompareBoard","ui","Type","Jenis","","12","medium","","",""
"squadCompareBoard.verdict","squadCompareBoard","ui","Status","Status","","12","medium","","",""
"squadCompareBoard.setPieceNote","squadCompareBoard","ui","Only the existing keys (CK / FK / PK) are compared. Left/right FK and short FK are not handled.","Hanya kunci yang ada (CK / FK / PK) yang dibandingkan. FK kiri/kanan dan FK pendek tidak ditangani.","","","medium","","",""
"squadCompareBoard.linkUpTitleTemplate","squadCompareBoard","ui","Link-Up ({state})","Link-Up ({state})","","23","medium","","",""
"squadCompareBoard.linkUpSet","squadCompareBoard","ui","Link-Up set","Link-Up diatur","","15","medium","","",""
"squadCompareBoard.notConfigured","squadCompareBoard","ui","Not set","Belum diatur","","12","medium","","",""
"squadCompareBoard.statusTemplate","squadCompareBoard","ui","{name}: {status} ({conf})","{name}: {status} ({conf})","","","medium","","",""
"squadCompareBoard.kindFixed","squadCompareBoard","ui","Fixed","Tetap","","12","medium","","",""
"squadCompareBoard.kindFixedProvisional","squadCompareBoard","ui","Fixed (estimated)","Tetap (estimasi)","","23","medium","","",""
"squadCompareBoard.kindConditional","squadCompareBoard","ui","Conditional (Total Package)","Bersyarat (Total Package)","","","medium","","",""
"squadCompareBoard.kindUnresolved","squadCompareBoard","ui","Unresolved","Belum ditentukan","","13","medium","","",""
"squadCompareBoard.kindOther","squadCompareBoard","ui","Other","Lainnya","","12","medium","","",""
"squadCompareBoard.boostersTitle","squadCompareBoard","ui","Fixed boosters / Power of Many (common cards)","Booster tetap / Power of Many (kartu yang sama)","","59","medium","","",""
"squadCompareBoard.boostersNote","squadCompareBoard","ui","Attached booster effects are the same for the same card. This mainly compares the user-selected levels of Power of Many (gold) and Total Package. User-selected values are not treated as standard values.","Efek booster terpasang sama untuk kartu yang sama. Ini terutama membandingkan level Power of Many (emas) dan Total Package yang dipilih pengguna. Nilai pilihan pengguna tidak dianggap sebagai nilai standar.","","","medium","","",""
"squadCompareBoard.noBoosterDiff","squadCompareBoard","ui","No boosters with different selections.","Tidak ada booster dengan pilihan berbeda.","","","medium","","",""
"squadCompareBoard.noTargetCommonCards","squadCompareBoard","ui","No common cards to compare.","Tidak ada kartu yang sama untuk dibandingkan.","","","medium","","",""
"squadCompareBoard.selectionTemplate","squadCompareBoard","ui"," · selected {v}"," · dipilih {v}","","20","medium","","",""
"squadCompareBoard.notSelected","squadCompareBoard","ui","not selected","tidak dipilih","","16","medium","","",""
"squadCompareBoard.standardApplied","squadCompareBoard","ui"," · applied as standard"," · diterapkan sebagai standar","","29","medium","","",""
"squadCompareBoard.provisionalNote","squadCompareBoard","ui","“Fixed (estimated)” = the effect is verified against external sources, but there is no specific evidence that it is Power of Many, so it is estimated as fixed and provisionally applied to standard values (not a confirmed fixed booster).","“Tetap (estimasi)” = efeknya diverifikasi dengan sumber eksternal, tetapi tidak ada bukti spesifik bahwa itu Power of Many, sehingga diestimasi sebagai tetap dan untuk sementara diterapkan ke nilai standar (bukan booster tetap yang terkonfirmasi).","","","medium","","",""
"squadCompareBoard.savedBuildsTitle","squadCompareBoard","ui","Saved builds (common cards)","Build tersimpan (kartu yang sama)","","36","medium","","",""
"squadCompareBoard.noBuildDiff","squadCompareBoard","ui","No common cards with different builds.","Tidak ada kartu yang sama dengan build berbeda.","","","medium","","",""
"squadCompareBoard.policyTemplate","squadCompareBoard","ui","Mode {v}","Mode {v}","","12","medium","","",""
"squadCompareBoard.buildNameTemplate","squadCompareBoard","ui","Build “{name}”","Build “{name}”","","19","medium","","",""
"squadCompareBoard.noSavedBuild","squadCompareBoard","ui","No saved build","Tidak ada build tersimpan","","19","medium","","",""
"squadCompareBoard.rulesTemplate","squadCompareBoard","ui","Rules {v}","Aturan {v}","","12","medium","","",""
"squadCompareBoard.deletedRef","squadCompareBoard","ui","The referenced build was deleted (calculated from the mode only).","Build yang dirujuk telah dihapus (dihitung dari mode saja).","","","high","","",""
"squadCompareBoard.staleBuild","squadCompareBoard","ui","Old-rules build (recalculated with current rules)","Build aturan lama (dihitung ulang dengan aturan saat ini)","","","medium","","",""
"squadCompareBoard.conditionalTrial","squadCompareBoard","ui","Condition level selected (trial)","Level syarat dipilih (uji coba)","","","medium","","",""
"squadCompareBoard.standardOvrTemplate","squadCompareBoard","ui","Standard displayed OVR {v}","OVR ditampilkan standar {v}","","","medium","","",""
"squadCompareBoard.sharedSkillsTitle","squadCompareBoard","ui","Skills held by every starter","Skill yang dimiliki semua pemain inti","","37","medium","","",""
"squadCompareBoard.skillKindsTemplate","squadCompareBoard","ui","{name}: {n} skills","{name}: {n} skill","","24","medium","","",""
"squadCompareBoard.bothListTemplate","squadCompareBoard","ui","Both: {list}","Keduanya: {list}","","16","medium","","",""
"squadCompareBoard.onlyAAllTemplate","squadCompareBoard","ui","Only A (all starters): {list}","Hanya A (semua inti): {list}","","","medium","","",""
"squadCompareBoard.onlyBAllTemplate","squadCompareBoard","ui","Only B (all starters): {list}","Hanya B (semua inti): {list}","","","medium","","",""
"squadCompareBoard.skillHoldersTitle","squadCompareBoard","ui","Skill holders (starters)","Pemilik skill (inti)","","32","medium","","",""
"squadCompareBoard.skill","squadCompareBoard","ui","Skill","Skill","","12","medium","","",""
"squadCompareBoard.allStarters","squadCompareBoard","ui","All starters","Semua inti","","16","medium","","",""
"squadCompareBoard.skillsNote","squadCompareBoard","ui","A card's own skills are treated as identical for the same worldCardId. Squads are not ranked by skill effects.","Skill bawaan kartu dianggap identik untuk worldCardId yang sama. Skuad tidak diperingkat berdasarkan efek skill.","","","medium","","",""
"squadCompareBoard.commonSuitabilityTitle","squadCompareBoard","ui","Suitability of common cards","Kecocokan kartu yang sama","","36","medium","","",""
"squadCompareBoard.warningsTitleTemplate","squadCompareBoard","ui","Warnings (A {a} / B {b})","Peringatan (A {a} / B {b})","","32","high","","",""
"squadCompareBoard.noWinByWarnings","squadCompareBoard","ui","Fewer warnings is not automatically treated as winning.","Peringatan yang lebih sedikit tidak otomatis dianggap menang.","","","high","","",""
"squadCompareBoard.both","squadCompareBoard","ui","Both","Keduanya","","12","medium","","",""
"squadCompareBoard.onlyAShort","squadCompareBoard","ui","Only A","Hanya A","","12","medium","","",""
"squadCompareBoard.onlyBShort","squadCompareBoard","ui","Only B","Hanya B","","12","medium","","",""
"squadCompareBoard.fetchFailedTitle","squadCompareBoard","ui","Cards whose player data could not be retrieved","Kartu yang data pemainnya tidak dapat diambil","","60","high","","",""
"squadCompareBoard.starterTemplate","squadCompareBoard","ui","Starter {v}","Inti {v}","","15","medium","","",""
"squadCompareBoard.benchNumberTemplate","squadCompareBoard","ui","Bench #{n}","Cadangan #{n}","","13","medium","","",""
"squadCompareBoard.failedNote","squadCompareBoard","ui","Excluded from averages and skill counts. Reload later to retry. Saved worldCardIds are not deleted.","Dikecualikan dari rata-rata dan hitungan skill. Muat ulang nanti untuk mencoba lagi. worldCardId yang tersimpan tidak dihapus.","","","high","","",""
"squadCompareBoard.miniTitleTemplate","squadCompareBoard","ui","Squad {side}: {name}","Skuad {side}: {name}","","26","medium","","",""
"squadCompareBoard.miniStartersTemplate","squadCompareBoard","ui","Starters {n}/11","Inti {n}/11","","20","medium","","",""
"squadCompareBoard.miniAriaTemplate","squadCompareBoard","accessibility","Placement of squad {side} ({name}). {n} starters. {list}","Penempatan skuad {side} ({name}). {n} pemain inti. {list}","","","high","","",""
"squadCompareBoard.miniCaptainSuffix","squadCompareBoard","ui"," · captain"," · kapten","","13","medium","","",""
"squadCompareBoard.miniCommonSuffix","squadCompareBoard","ui"," · common card"," · kartu yang sama","","19","medium","","",""
"squadCompareBoard.miniOnlyThisSuffix","squadCompareBoard","ui"," · only this side"," · hanya sisi ini","","23","medium","","",""
"squadCompareBoard.miniLegendCommon","squadCompareBoard","ui","common card","kartu yang sama","","15","medium","","",""
"squadCompareBoard.miniLegendOnlyThis","squadCompareBoard","ui","only this side","hanya sisi ini","","19","medium","","",""
"squadCompareBoard.miniLegendNote","squadCompareBoard","ui","“C” = captain. Coordinates are normalized (0–100 of the pitch width).","“C” = kapten. Koordinat dinormalisasi (0–100 dari lebar lapangan).","","","medium","","",""
"generated.libText.fixed","generated:libText","generated","(source: 基礎)","Dasar","","","high","","",""
"generated.libText.fixed","generated:libText","generated","(source: 育成後)","Setelah progresi","","","high","","",""
"generated.libText.fixed","generated:libText","generated","(source: 標準)","Standar","","","high","","",""
"generated.libText.fixed","generated:libText","generated","(source: 条件反映後)","Dengan kondisi diterapkan","","","high","","",""
"generated.libText.fixed","generated:libText","generated","(source: 実験)","Eksperimental","","","high","","",""
"generated.libText.fixed","generated:libText","generated","(source: 一部カテゴリの能力値を取得できませんでした（該当軸は代替表で「—」・グラフは 0 として描画）。)","Sebagian nilai kategori tidak dapat diambil (ditampilkan sebagai “—” di tabel alternatif dan digambar sebagai 0 di grafik).","","","high","","",""
"generated.libText.fixed","generated:libText","generated","(source: ゲーム公式の総合値、ポジション別 OVR、AI 評価ではありません。)","Ini bukan rating keseluruhan resmi game, OVR per posisi, ataupun rating AI.","","","high","","",""
"generated.libText.fixed","generated:libText","generated","(source: 正確な各能力値は下の 26 能力値表で確認できます。)","Lihat tabel 26 atribut di bawah untuk nilai yang tepat.","","","high","","",""
"generated.libText.fixed","generated:libText","generated","(source: カテゴリ合計・平均・総合は単純計算です（eFootball の公式カテゴリ重み・総合評価とは異なります）。)","Total, rata-rata, dan nilai keseluruhan per kategori adalah perhitungan sederhana (berbeda dari bobot kategori dan rating keseluruhan resmi eFootball).","","","high","","",""
"generated.libText.fixed","generated:libText","generated","(source: カードタイプ)","Jenis kartu","","","high","","",""
"generated.libText.fixed","generated:libText","generated","(source: 登録ポジション)","Posisi terdaftar","","","high","","",""
"generated.libText.fixed","generated:libText","generated","(source: 基礎OVR)","OVR dasar","","","high","","",""
"generated.libText.fixed","generated:libText","generated","(source: 最大OVR)","OVR maksimum","","","high","","",""
"generated.libText.fixed","generated:libText","generated","(source: 最大レベル)","Level maksimum","","","high","","",""
"generated.libText.fixed","generated:libText","generated","(source: 攻撃プレースタイル)","Gaya bermain menyerang","","","high","","",""
"generated.libText.fixed","generated:libText","generated","(source: 守備プレースタイル)","Gaya bermain bertahan","","","high","","",""
"generated.libText.fixed","generated:libText","generated","(source: 国籍)","Kewarganegaraan","","","high","","",""
"generated.libText.fixed","generated:libText","generated","(source: 地域)","Wilayah","","","high","","",""
"generated.libText.fixed","generated:libText","generated","(source: リーグ)","Liga","","","high","","",""
"generated.libText.fixed","generated:libText","generated","(source: チーム)","Tim","","","high","","",""
"generated.libText.fixed","generated:libText","generated","(source: 年齢)","Usia","","","high","","",""
"generated.libText.fixed","generated:libText","generated","(source: 身長)","Tinggi","","","high","","",""
"generated.libText.fixed","generated:libText","generated","(source: 体重)","Berat","","","high","","",""
"generated.libText.fixed","generated:libText","generated","(source: 利き足)","Kaki dominan","","","high","","",""
"generated.libText.fixed","generated:libText","generated","(source: このカードの数値IDは付属ブースター対応表（eFootball World の個別選手ページ由来）に含まれていません。名称を解決できないため能力値へは適用していません。)","ID numerik kartu ini tidak ada di tabel booster bawaan (dari halaman pemain eFootball World). Namanya tidak dapat ditentukan, jadi tidak diterapkan ke atribut.","","","high","","",""
"generated.libText.fixed","generated:libText","generated","(source: 発動条件付き（内容未確認）)","Bersyarat (syarat belum dikonfirmasi)","","","high","","",""
"generated.libText.fixed","generated:libText","generated","(source: B2 ブースターは指定されていません。)","Tidak ada booster B2 yang dipilih.","","","high","","",""
"generated.libText.fixed","generated:libText","generated","(source: 選択した B2 ブースターは、対象能力の通常の最終値・比較の順位・チーム集計に反映します。)","Booster B2 yang dipilih diterapkan ke nilai akhir normal atribut targetnya, peringkat perbandingan, dan total tim.","","","high","","",""
"generated.libText.fixed","generated:libText","generated","(source: 手動試算ブースターは「試算最終値」にのみ反映します（通常の最終値・比較の順位・チーム集計には含めません）。)","Booster uji coba manual hanya memengaruhi nilai akhir uji coba (bukan nilai akhir normal, peringkat perbandingan, atau total tim).","","","high","","",""
"generated.libText.fixed","generated:libText","generated","(source: 選択した B2 ブースターのうち確認済みの分は通常の最終値へ反映し、未確認の分は「試算最終値」にのみ反映します（通常の最終値・比較の順位・チーム集計には含めません）。)","Bagian yang sudah dikonfirmasi dari booster B2 yang dipilih diterapkan ke nilai akhir normal; bagian yang belum dikonfirmasi hanya memengaruhi nilai akhir uji coba (bukan nilai akhir normal, peringkat perbandingan, atau total tim).","","","high","","",""
"generated.libText.fixed","generated:libText","generated","(source: このカードに付属する選手ブースターはありません。)","Kartu ini tidak memiliki booster pemain bawaan.","","","high","","",""
"generated.libText.fixed","generated:libText","generated","(source: スクリーンショットで実測済みの付属ブースターを通常の最終値へ適用しています（厳密モード）。適用の基準は効果内容の証拠で、発動方式（固定型 / Power of Many）は問いません。)","Booster bawaan yang diukur dari tangkapan layar diterapkan ke nilai akhir normal (mode ketat). Penerapan didasarkan pada bukti efeknya, terlepas dari jenis aktivasinya (tetap / Power of Many).","","","high","","",""
"generated.libText.fixed","generated:libText","generated","(source: 効果内容を外部2ソースで照合した付属ブースターを通常の最終値へ適用しています（標準モード）。KONAMI 公式の確定値ではありません。発動方式の証拠が不足するものは、Power of Many（条件型）である具体的証拠がないため固定型と推定して暫定適用しています。)","Booster bawaan yang efeknya cocok di dua sumber eksternal diterapkan ke nilai akhir normal (mode standar). Ini bukan nilai resmi KONAMI. Jika jenis aktivasinya belum memiliki bukti, tidak ada bukti konkret Power of Many (bersyarat), sehingga dianggap tetap dan diterapkan sementara.","","","high","","",""
"generated.libText.fixed","generated:libText","generated","(source: 編成条件付き付属ブースターの段階をユーザーが手動指定しています。標準最終値は変えず「条件反映後値」にのみ反映します。アプリが編成人数を自動検証した値ではありません。)","Anda mengatur tingkat booster bawaan yang bersyarat skuad secara manual. Ini hanya memengaruhi nilai akhir bersyarat, bukan nilai akhir standar. Aplikasi belum memverifikasi jumlah pemain di skuad Anda.","","","high","","",""
"generated.libText.fixed","generated:libText","generated","(source: 付属ブースターの名称は確認できましたが、現在のモードでは通常の最終値へ適用していません（実験モードで試算できます）。)","Nama booster bawaan sudah dikonfirmasi, tetapi tidak diterapkan ke nilai akhir normal dalam mode saat ini (Anda dapat mencobanya di mode eksperimental).","","","high","","",""
"generated.libText.fixed","generated:libText","generated","(source: 付属ブースターの数値IDを対応表で解決できませんでした。能力値へは適用していません。)","ID numerik booster bawaan tidak dapat ditentukan dari tabel. Booster ini tidak diterapkan ke atribut.","","","high","","",""
"generated.libText.fixed","generated:libText","generated","(source: 未指定)","Belum diatur","","","high","","",""
"generated.libText.fixed","generated:libText","generated","(source: 適用なし（+0）)","Tidak diterapkan (+0)","","","high","","",""
"generated.libText.fixed","generated:libText","generated","(source: 対象リーグ 1〜13 人)","1–13 pemain dari liga","","","high","","",""
"generated.libText.fixed","generated:libText","generated","(source: 対象リーグ 1〜13 人相当、対象能力 +1)","1–13 pemain dari liga, atribut target +1","","","high","","",""
"generated.libText.fixed","generated:libText","generated","(source: 対象リーグ 14〜19 人)","14–19 pemain dari liga","","","high","","",""
"generated.libText.fixed","generated:libText","generated","(source: 対象リーグ 14〜19 人相当、対象能力 +2)","14–19 pemain dari liga, atribut target +2","","","high","","",""
"generated.libText.fixed","generated:libText","generated","(source: 対象リーグ 20 人以上)","20+ pemain dari liga","","","high","","",""
"generated.libText.fixed","generated:libText","generated","(source: 対象リーグ 20 人以上相当、対象能力 +3)","20+ pemain dari liga, atribut target +3","","","high","","",""
"generated.libText.fixed","generated:libText","generated","(source: この値はユーザーが自身の Game Plan を確認して指定したものです。アプリが編成人数を自動検証した値ではありません。)","Anda mengatur nilai ini setelah memeriksa Game Plan Anda sendiri. Aplikasi belum memverifikasi jumlah pemain di skuad Anda.","","","high","","",""
"generated.libText.fixed","generated:libText","generated","(source: Game Plan 依存の可変ブースター（金色）です。現在のアプリでは対象リーグ人数を自動判定できないため、能力値へ未適用です。)","Booster variabel (emas) yang bergantung pada Game Plan Anda. Aplikasi belum dapat mendeteksi jumlah pemain dari liga tersebut, jadi tidak diterapkan ke atribut.","","","high","","",""
"generated.libText.fixed","generated:libText","generated","(source: 監督は未選択。)","Tidak ada manajer yang dipilih.","","","high","","",""
"generated.libText.fixed","generated:libText","generated","(source: このビルドは旧規則で作成されています。現行規則で再計算すると配分の解釈が変わります。)","Build ini dibuat dengan aturan lama. Menghitung ulang dengan aturan saat ini akan mengubah cara alokasi ditafsirkan.","","","high","","",""
"generated.libText.fixed","generated:libText","generated","(source: Total Package の条件段階はユーザーが手動指定した試算値です（アプリが Game Plan の対象リーグ人数を自動検証した値ではありません）。標準最終値・比較の順位・チーム集計には含めていません。)","Tingkat Total Package adalah nilai uji coba yang Anda atur secara manual (aplikasi belum memverifikasi jumlah pemain liga di Game Plan Anda). Nilai ini tidak termasuk dalam nilai akhir standar, peringkat perbandingan, atau total tim.","","","high","","",""
"generated.libText.fixed","generated:libText","generated","(source: 一部の能力値が99上限に達しています（超過分は無効）。ただし育成・ブースター・監督補正込みの最終上限が99である確証はまだありません（暫定処理）。)","Beberapa atribut mencapai batas 99 (kelebihannya diabaikan). Belum dikonfirmasi bahwa 99 adalah batas akhir termasuk progresi, booster, dan koreksi manajer (penanganan sementara).","","","high","","",""
"generated.libText.fixed","generated:libText","generated","(source: 厳密モード: ユーザー保存済みスクリーンショットで実測できた付属ブースターだけを通常の最終値へ適用しています。適用の基準は効果内容の証拠で、発動方式（固定型 / Power of Many）は問いません。)","Mode ketat: hanya booster bawaan yang diukur dari tangkapan layar yang disimpan pengguna yang diterapkan ke nilai akhir normal. Penerapan didasarkan pada bukti efeknya, terlepas dari jenis aktivasinya (tetap / Power of Many).","","","high","","",""
"generated.libText.fixed","generated:libText","generated","(source: 標準モード: 効果内容を外部データベース間で照合した高信頼値を含みます。KONAMI 公式の計算結果として確認された値ではありません。発動方式の証拠が不足するブースターは、Power of Many（条件型）である具体的証拠がないため固定型と推定して暫定適用しています（「外部照合済み・固定型推定を含む」）。)","Mode standar: mencakup nilai dengan keyakinan tinggi yang dicocokkan silang antar-database eksternal. Ini bukan hasil perhitungan KONAMI yang terkonfirmasi. Booster yang belum memiliki bukti jenis aktivasi tidak memiliki bukti konkret Power of Many (bersyarat), sehingga dianggap tetap dan diterapkan sementara (""dicocokkan silang secara eksternal, termasuk yang dianggap tetap"").","","","high","","",""
"generated.libText.fixed","generated:libText","generated","(source: 通常の最終値には外部2ソース照合済み（KONAMI 公式未確認）のブースター効果が含まれています。発動方式が固定型と推定されたもの（Power of Many である具体的証拠がないため暫定適用）を含みます。)","Nilai akhir normal mencakup efek booster yang dicocokkan silang di dua sumber eksternal (belum dikonfirmasi oleh KONAMI), termasuk yang dianggap tetap (diterapkan sementara karena tidak ada bukti konkret Power of Many).","","","high","","",""
"generated.libText.fixed","generated:libText","generated","(source: TRENDING カード（POTW 等）は育成できません。)","Kartu TRENDING (POTW, dll.) tidak dapat diprogresi.","","","high","","",""
"generated.libText.fixed","generated:libText","generated","(source: 最大レベルが1のため育成ポイントがありません。)","Kartu ini tidak memiliki poin progresi karena level maksimumnya 1.","","","high","","",""
"generated.libText.fixed","generated:libText","generated","(source: EFScout（外部コミュニティDB）boot.json referenceData.allBoosters の定義のみ)","Hanya definisi boot.json referenceData.allBoosters dari EFScout (DB komunitas eksternal)","","","high","","",""
"generated.libText.fixed","generated:libText","generated","(source: 発動条件付き（KONAMI 公式「The Power of Many」）: このカードの対象リーグ（例: MEIJI YASUDA J1 LEAGUE / Trendyol Süper Lig / Brasileirão など、カードのリーグに対応）の選手を Game Plan に登録した人数で効果が変化する。1〜13 人で全対象能力 +1、14〜19 人で +2、20 人以上で +3。eFootball World の ScoreBar は条件を無視して最大（+3）を表示している。試合／Game Plan 構成に依存する効果のため、静的な育成画面や現状のスカッド機能では評価せず、通常の最終値へは加算しない。)","Bersyarat (""The Power of Many"" dari KONAMI): efeknya bergantung pada berapa banyak pemain dari liga kartu ini (mis. MEIJI YASUDA J1 LEAGUE / Trendyol Süper Lig / Brasileirão, sesuai liga kartu) yang terdaftar di Game Plan Anda: 1–13 pemain memberi +1 ke semua atribut target, 14–19 memberi +2, dan 20+ memberi +3. ScoreBar eFootball World mengabaikan syarat ini dan menampilkan nilai maksimum (+3). Karena efeknya bergantung pada pertandingan / pengaturan Game Plan, efek ini tidak dievaluasi di layar progresi statis maupun fitur skuad saat ini, dan tidak ditambahkan ke nilai akhir normal.","","","high","","",""
"generated.libText.fixed","generated:libText","generated","(source: eFootball World（外部コミュニティDB）の個別選手ページ: ScoreBar(ブースターON) − RSC baseAbilities(OFF) の差分 と EFScout（外部DB）の定義が一致（別カード2枚以上・delta==level・デュアル加算一致・反例0）。外部2ソースで整合。KONAMI のゲームクライアント画面での確認ではない。)","Halaman pemain eFootball World (DB komunitas eksternal): selisih ScoreBar (booster aktif) − RSC baseAbilities (nonaktif) cocok dengan definisi EFScout (DB eksternal) (2+ kartu berbeda, delta == level, penambahan ganda cocok, 0 contoh tandingan). Konsisten di dua sumber eksternal. Belum dikonfirmasi di klien game KONAMI.","","","high","","",""
"generated.libText.fixed","generated:libText","generated","(source: screenshots/スクリーンショット 2026-08-28 020026.png（eFHUB ビルドツール・ユーザー保存）で「ボールキャリー +5」選択時に ドリブル/ボールキープ/スピード/ボディバランス へ緑の +5 を確認。KONAMI のゲームクライアント画面での確認ではない。+ eFootball World ScoreBar 差分 と EFScout 定義も一致。)","Tangkapan layar yang disimpan pengguna (alat build eFHUB, 2026-08-28) menunjukkan +5 hijau pada Dribel / Kontrol rapat / Kecepatan / Keseimbangan saat ""Pembawa bola +5"" dipilih. Belum dikonfirmasi di klien game KONAMI. Selisih ScoreBar eFootball World dan definisi EFScout juga cocok.","","","high","","",""
"generated.libText.fixed","generated:libText","generated","(source: screenshots/image.png・image (1).png（eFHUB ビルドツール・ユーザー保存）で「攻撃の起点 +4」選択時に オフェンスセンス/ボールコントロール/グラウンダーパス/キック力 へ緑の +4 を確認。KONAMI のゲームクライアント画面での確認ではない。+ eFootball World ScoreBar 差分 と EFScout 定義も一致。)","Tangkapan layar yang disimpan pengguna (alat build eFHUB) menunjukkan +4 hijau pada Kesadaran menyerang / Kontrol bola / Umpan datar / Kekuatan tendangan saat ""Poros serangan +4"" dipilih. Belum dikonfirmasi di klien game KONAMI. Selisih ScoreBar eFootball World dan definisi EFScout juga cocok.","","","high","","",""
"generated.libText.fixed","generated:libText","generated","(source:  ＋ デュアルカード1枚の ScoreBar 差分（検証例が不足）)"," + selisih ScoreBar pada satu kartu ganda (contoh terverifikasi belum cukup)","","","high","","",""
"generated.libText.fixed","generated:libText","generated","(source: 効果候補（全26能力へ +level）は eFootball World の ScoreBar 差分 と EFScout 定義で整合。発動条件の内容は KONAMI 公式「The Power of Many」で判明（Game Plan の同一リーグ登録人数で +1/+2/+3）。ただし条件を静的データ・現状のスカッドでは評価できないため通常の最終値へは未適用。)","Efek kandidat (+level ke semua 26 atribut) cocok dengan selisih ScoreBar eFootball World dan definisi EFScout. Syaratnya diketahui dari ""The Power of Many"" KONAMI (+1/+2/+3 sesuai jumlah pemain dari liga yang sama di Game Plan Anda). Syarat ini tidak dapat dievaluasi dari data statis atau skuad saat ini, jadi tidak diterapkan ke nilai akhir normal.","","","high","","",""
"generated.libText.fixed","generated:libText","generated","(source: （カード付属として未観測）)","(tidak teramati sebagai booster bawaan)","","","high","","",""
"generated.libText.fixed","generated:libText","generated","(source: ボールキャリー)","Pembawa bola","","","high","","",""
"generated.libText.fixed","generated:libText","generated","(source: 攻撃の起点)","Poros serangan","","","high","","",""
"generated.libText.fixed","generated:libText","generated","(source: ファンタジスタ)","Fantasista","","","high","","",""
"generated.libText.fixed","generated:libText","generated","(source: 公式のOVR計算式・ポジション別OVRの正確な重み)","Rumus OVR resmi dan bobot OVR per posisi yang tepat","","","high","","",""
"generated.libText.fixed","generated:libText","generated","(source: Max Level Stats（最大レベル時の各能力値）の内訳)","Rincian Max Level Stats (setiap atribut di level maksimum)","","","high","","",""
"generated.libText.fixed","generated:libText","generated","(source: グループ配分1段階あたりの能力別の正確な上昇量（重み付き/上限）)","Kenaikan per atribut yang tepat untuk setiap level alokasi grup (pembobotan / batas)","","","high","","",""
"generated.libText.fixed","generated:libText","generated","(source: 段階コストの9段階/13段階以降の正確な値（外挿・confirmed ではない）)","Biaya bertahap yang tepat mulai level 9 / level 13 (diekstrapolasi; belum dikonfirmasi)","","","high","","",""
"generated.libText.fixed","generated:libText","generated","(source: 育成・選手ブースター・監督補正を含む最終能力値の上限（暫定で99にクランプ）)","Batas atribut akhir termasuk progresi, booster pemain, dan bonus manajer (sementara dibatasi ke 99)","","","high","","",""
"generated.libText:5c479e96","generated:libText","generated","(template; tokens {N} etc. must stay)","Grafik atribut menampilkan rata-rata sederhana per kategori untuk mode atribut yang dipilih ({fixed:1}).","","","high","","",""
"generated.libText:831535fc","generated:libText","generated","(template; tokens {N} etc. must stay)","Beberapa seri melebihi 99 (skala diperluas hingga {1}; lihat tabel alternatif dan tabel 26 atribut untuk nilai yang tepat).","","","high","","",""
"generated.libText:8fb3c1c5","generated:libText","generated","(template; tokens {N} etc. must stay)","Booster manajer ""{1}"" diterapkan (+N ke atribut target, dikonfirmasi di beberapa sumber).","","","high","","",""
"generated.libText:d050ea19","generated:libText","generated","(template; tokens {N} etc. must stay)","Hanya sebagian booster manajer ""{1}"" yang diterapkan (efek yang belum dikonfirmasi tidak diterapkan).","","","high","","",""
"generated.libText:d7f52a30","generated:libText","generated","(template; tokens {N} etc. must stay)","Efek booster manajer ""{1}"" belum dikonfirmasi, jadi tidak diterapkan.","","","high","","",""
"generated.libText:d9a1a66e","generated:libText","generated","(template; tokens {N} etc. must stay)","Syarat yang ditentukan pengguna: {loc:1}","","","high","","",""
"generated.libText:25b136e4","generated:libText","generated","(template; tokens {N} etc. must stay)","Alokasi disesuaikan: {loc:1}","","","high","","",""
"generated.libText:516e1786","generated:libText","generated","(template; tokens {N} etc. must stay)","Poin progresi yang digunakan terlalu banyak: {1} / {2}","","","high","","",""
"generated.libText:da9ae789","generated:libText","generated","(template; tokens {N} etc. must stay)","{1}: ID grup tidak dikenal","","","high","","",""
"generated.libText:a087cc98","generated:libText","generated","(template; tokens {N} etc. must stay)","{1}: bukan angka ({2})","","","high","","",""
"generated.libText:dba23d45","generated:libText","generated","(template; tokens {N} etc. must stay)","{1}: negatif ({2})","","","high","","",""
"generated.libText:ae357c36","generated:libText","generated","(template; tokens {N} etc. must stay)","{1}: bukan bilangan bulat ({2})","","","high","","",""
"generated.libText:f81f6d9a","generated:libText","generated","(template; tokens {N} etc. must stay)","{1}: terlalu besar secara tidak wajar ({2})","","","high","","",""
"generated.libText:9bfe2ba4","generated:libText","generated","(template; tokens {N} etc. must stay)","{1}: dibatasi ({2} → {3})","","","high","","",""
"generated.buildsText.fixed","generated:buildsText","generated","(source: 現行規則)","Aturan saat ini","","","high","","",""
"generated.buildsText.fixed","generated:buildsText","generated","(source: 旧規則)","Aturan lama","","","high","","",""
"generated.buildsText.fixed","generated:buildsText","generated","(source: 規則不明)","Aturan tidak dikenal","","","high","","",""
"generated.buildsText.fixed","generated:buildsText","generated","(source: 指定あり)","Diatur","","","high","","",""
"generated.buildsText.fixed","generated:buildsText","generated","(source: 名前が不正です)","Nama tidak valid","","","high","","",""
"generated.buildsText.fixed","generated:buildsText","generated","(source: 改行は使えません)","Baris baru tidak diizinkan","","","high","","",""
"generated.buildsText.fixed","generated:buildsText","generated","(source: ビルド名を入力してください（1〜60文字）)","Masukkan nama build (1–60 karakter)","","","high","","",""
"generated.buildsText.fixed","generated:buildsText","generated","(source: ビルド名は60文字までです)","Nama build maksimal 60 karakter","","","high","","",""
"generated.buildsText.fixed","generated:buildsText","generated","(source: ベンチ)","Cadangan","","","high","","",""
"generated.buildsText.fixed","generated:buildsText","generated","(source: 先発)","Pemain inti","","","high","","",""
"generated.buildsText.fixed","generated:buildsText","generated","(source: このブラウザでは保存できません（localStorage 不可）)","Browser ini tidak dapat menyimpan (localStorage tidak tersedia)","","","high","","",""
"generated.buildsText.fixed","generated:buildsText","generated","(source: カード ID が不正です)","ID kartu tidak valid","","","high","","",""
"generated.buildsText.fixed","generated:buildsText","generated","(source: ビルド ID が不正です)","ID build tidak valid","","","high","","",""
"generated.buildsText.fixed","generated:buildsText","generated","(source: このカードは My Team に登録されていません)","Kartu ini tidak ada di Tim Saya","","","high","","",""
"generated.buildsText.fixed","generated:buildsText","generated","(source: 別のタブでデータが変更されました。再読込してください。)","Data diubah di tab lain. Muat ulang halaman.","","","high","","",""
"generated.buildsText.fixed","generated:buildsText","generated","(source: 対象の保存ビルドが見つかりません（削除された可能性があります）)","Build tersimpan tidak ditemukan (mungkin sudah dihapus)","","","high","","",""
"generated.buildsText.fixed","generated:buildsText","generated","(source: お気に入りビルドの状態が変更されています。再読込してください。)","Build favorit telah berubah. Muat ulang halaman.","","","high","","",""
"generated.buildsText.fixed","generated:buildsText","generated","(source: 保存ビルドが別のタブで削除されました。再読込してください。)","Build tersimpan dihapus di tab lain. Muat ulang halaman.","","","high","","",""
"generated.buildsText.fixed","generated:buildsText","generated","(source: このカードは既に My Team へ登録されています。再読込してください。)","Kartu ini sudah ada di Tim Saya. Muat ulang halaman.","","","high","","",""
"generated.buildsText.fixed","generated:buildsText","generated","(source: 所有状態が不正です)","Status kepemilikan tidak valid","","","high","","",""
"generated.buildsText.fixed","generated:buildsText","generated","(source: 使用状態が不正です)","Status penggunaan tidak valid","","","high","","",""
"generated.buildsText.fixed","generated:buildsText","generated","(source: 既に解除されています。再読込してください。)","Sudah dihapus sebelumnya. Muat ulang halaman.","","","high","","",""
"generated.buildsText.fixed","generated:buildsText","generated","(source: 設定が別のタブで変更されています。再読込してください。)","Pengaturan diubah di tab lain. Muat ulang halaman.","","","high","","",""
"generated.buildsText.fixed","generated:buildsText","generated","(source: 対象の枠が見つかりません（別のタブで変更された可能性があります）。再読込してください。)","Slot tidak ditemukan (mungkin diubah di tab lain). Muat ulang halaman.","","","high","","",""
"generated.buildsText.fixed","generated:buildsText","generated","(source: 枠のカードが別のタブで変更されています。パネルを開き直してください。)","Kartu di slot ini diubah di tab lain. Buka kembali panelnya.","","","high","","",""
"generated.buildsText.fixed","generated:buildsText","generated","(source: 対象の保存ビルドが見つかりません（削除された可能性があります）。再読込してください。)","Build tersimpan tidak ditemukan (mungkin sudah dihapus). Muat ulang halaman.","","","high","","",""
"generated.buildsText.fixed","generated:buildsText","generated","(source: 保存データの検証に失敗（スキーマ不一致）)","Data tersimpan gagal divalidasi (skema tidak cocok)","","","high","","",""
"generated.buildsText.fixed","generated:buildsText","generated","(source: 規則バージョンが不明（rulesVersion が空）で同一性を安全に判定できません)","Versi aturan tidak diketahui (rulesVersion kosong), jadi kesamaan tidak dapat dinilai dengan aman","","","high","","",""
"generated.buildsText.fixed","generated:buildsText","generated","(source: 配分が 1 カテゴリだけ異なる)","Alokasi hanya berbeda di satu kategori","","","high","","",""
"generated.buildsText.fixed","generated:buildsText","generated","(source: 選手ブースター試算 / Power of Many 指定だけが異なる)","Hanya pengaturan uji coba booster pemain / Power of Many yang berbeda","","","high","","",""
"generated.buildsText.fixed","generated:buildsText","generated","(source: 育成配分)","Alokasi progresi","","","high","","",""
"generated.buildsText.fixed","generated:buildsText","generated","(source: 選手ブースター試算)","Uji coba booster pemain","","","high","","",""
"generated.buildsText.fixed","generated:buildsText","generated","(source: Power of Many 指定)","Pengaturan Power of Many","","","high","","",""
"generated.buildsText.fixed","generated:buildsText","generated","(source: ビルド名)","Nama build","","","high","","",""
"generated.buildsText.fixed","generated:buildsText","generated","(source: 作成日時)","Dibuat","","","high","","",""
"generated.buildsText.fixed","generated:buildsText","generated","(source: 更新日時)","Diperbarui","","","high","","",""
"generated.buildsText.fixed","generated:buildsText","generated","(source: 保存時の推定OVR)","Perkiraan OVR saat disimpan","","","high","","",""
"generated.buildsText.fixed","generated:buildsText","generated","(source: 計算モード)","Mode perhitungan","","","high","","",""
"generated.buildsText.fixed","generated:buildsText","generated","(source: 未指定)","Belum diatur","","","high","","",""
"generated.buildsText.fixed","generated:buildsText","generated","(source: 未配分)","Belum dialokasikan","","","high","","",""
"generated.buildsText.fixed","generated:buildsText","generated","(source: My Team の選択中ビルド)","Build pilihan Tim Saya","","","high","","",""
"generated.buildsText.fixed","generated:buildsText","generated","(source: My Team のお気に入りビルド)","Build favorit Tim Saya","","","high","","",""
"generated.buildsText.fixed","generated:buildsText","generated","(source: スカッド（先発）)","Skuad (pemain inti)","","","high","","",""
"generated.buildsText.fixed","generated:buildsText","generated","(source: スカッド（ベンチ）)","Skuad (cadangan)","","","high","","",""
"generated.buildsText.fixed","generated:buildsText","generated","(source: ファイルが空です。)","File kosong.","","","high","","",""
"generated.buildsText.fixed","generated:buildsText","generated","(source: JSON として読み取れません。正式なエクスポートファイルを選んでください。)","Tidak dapat dibaca sebagai JSON. Pilih file ekspor resmi.","","","high","","",""
"generated.buildsText.fixed","generated:buildsText","generated","(source: エクスポートファイルの形式ではありません（トップレベルがオブジェクトではありません）。)","Ini bukan file ekspor (tingkat teratasnya bukan objek).","","","high","","",""
"generated.buildsText.fixed","generated:buildsText","generated","(source: 安全でないキーを含むため読み込めません。)","Tidak dapat diimpor karena berisi kunci yang tidak aman.","","","high","","",""
"generated.buildsText.fixed","generated:buildsText","generated","(source: 未知の項目を含むため読み込めません。正式なエクスポートファイルを選んでください。)","Tidak dapat diimpor karena berisi field yang tidak dikenal. Pilih file ekspor resmi.","","","high","","",""
"generated.buildsText.fixed","generated:buildsText","generated","(source: このアプリの保存ビルドエクスポートファイルではありません。)","Ini bukan file ekspor build tersimpan dari aplikasi ini.","","","high","","",""
"generated.buildsText.fixed","generated:buildsText","generated","(source: formatVersion の形式が不正です。)","formatVersion tidak valid.","","","high","","",""
"generated.buildsText.fixed","generated:buildsText","generated","(source: exportedAt が妥当な ISO 8601 日時ではありません。)","exportedAt bukan tanggal-waktu ISO 8601 yang valid.","","","high","","",""
"generated.buildsText.fixed","generated:buildsText","generated","(source: itemCount が非負整数ではありません。)","itemCount bukan bilangan bulat non-negatif.","","","high","","",""
"generated.buildsText.fixed","generated:buildsText","generated","(source: builds が配列ではありません。)","builds bukan array.","","","high","","",""
"generated.buildsText.fixed","generated:buildsText","generated","(source: itemCount と builds の件数が一致しません。)","itemCount tidak sesuai dengan jumlah build.","","","high","","",""
"generated.buildsText.fixed","generated:buildsText","generated","(source: ファイルまたはビルド件数が大きすぎます。)","File atau jumlah build terlalu besar.","","","high","","",""
"generated.buildsText.fixed","generated:buildsText","generated","(source: JSON として読み取れません。)","Tidak dapat dibaca sebagai JSON.","","","high","","",""
"generated.buildsText.fixed","generated:buildsText","generated","(source: エクスポートファイルの構造ではありません。)","Ini tidak memiliki struktur file ekspor.","","","high","","",""
"generated.buildsText.fixed","generated:buildsText","generated","(source: 未知または安全でない項目を含むため読み込めません。)","Tidak dapat diimpor karena berisi field yang tidak dikenal atau tidak aman.","","","high","","",""
"generated.buildsText.fixed","generated:buildsText","generated","(source: 未対応の formatVersion です。アプリの更新が必要です。)","formatVersion tidak didukung. Aplikasi perlu diperbarui.","","","high","","",""
"generated.buildsText.fixed","generated:buildsText","generated","(source: exportedAt の日時が不正です。)","Tanggal-waktu exportedAt tidak valid.","","","high","","",""
"generated.buildsText.fixed","generated:buildsText","generated","(source: itemCount が不正です。)","itemCount tidak valid.","","","high","","",""
"generated.buildsText.fixed","generated:buildsText","generated","(source: itemCount と実際の件数が一致しません。)","itemCount tidak sesuai dengan jumlah sebenarnya.","","","high","","",""
"generated.buildsText.fixed","generated:buildsText","generated","(source: ファイルを読み込めません。)","File tidak dapat dibaca.","","","high","","",""
"generated.buildsText.fixed","generated:buildsText","generated","(source: worldCardId が不正です)","ID kartu tidak valid","","","high","","",""
"generated.buildsText.fixed","generated:buildsText","generated","(source: ビルド名を入力してください)","Masukkan nama build","","","high","","",""
"generated.buildsText.fixed","generated:buildsText","generated","(source: 対象のビルドが見つかりません)","Build tidak ditemukan","","","high","","",""
"generated.buildsText.fixed","generated:buildsText","generated","(source: 保存データの形式が不正です)","Data tersimpan tidak dalam format yang valid","","","high","","",""
"generated.buildsText.fixed","generated:buildsText","generated","(source: この環境ではビルドを保存できません（localStorage 不可）)","Build tidak dapat disimpan di sini (localStorage tidak tersedia)","","","high","","",""
"generated.buildsText.fixed","generated:buildsText","generated","(source: この環境ではビルドを更新できません（localStorage 不可）)","Build tidak dapat diperbarui di sini (localStorage tidak tersedia)","","","high","","",""
"generated.buildsText.fixed","generated:buildsText","generated","(source: この環境ではビルドを更新できません)","Build tidak dapat diperbarui di sini","","","high","","",""
"generated.buildsText.fixed","generated:buildsText","generated","(source: buildId が衝突しています)","ID build bentrok dengan build yang sudah ada","","","high","","",""
"generated.buildsText.fixed","generated:buildsText","generated","(source: インポートデータの形式が不正です)","Data impor tidak dalam format yang valid","","","high","","",""
"generated.buildsText.fixed","generated:buildsText","generated","(source: この環境では保存できません（localStorage 不可）)","Tidak dapat menyimpan di sini (localStorage tidak tersedia)","","","high","","",""
"generated.buildsText.fixed","generated:buildsText","generated","(source: この環境では更新できません)","Tidak dapat memperbarui di sini","","","high","","",""
"generated.buildsText.fixed","generated:buildsText","generated","(source: この環境では更新できません（localStorage 不可）)","Tidak dapat memperbarui di sini (localStorage tidak tersedia)","","","high","","",""
"generated.buildsText.fixed","generated:buildsText","generated","(source: 保存できませんでした（保存容量が不足している可能性があります）)","Gagal menyimpan (penyimpanan mungkin penuh)","","","high","","",""
"generated.buildsText.fixed","generated:buildsText","generated","(source: 既存の保存ビルドが変更されています。再読込してください。)","Build tersimpan telah berubah. Muat ulang halaman.","","","high","","",""
"generated.buildsText.fixed","generated:buildsText","generated","(source: 未対応のスキーマバージョンです)","Versi skema tidak didukung","","","high","","",""
"generated.buildsText.fixed","generated:buildsText","generated","(source: 追加するビルドがありません)","Tidak ada build untuk ditambahkan","","","high","","",""
"generated.buildsText:95296a77","generated:buildsText","generated","(template; tokens {N} etc. must stay)","Salinan {1}","","","high","","",""
"generated.buildsText:ec1cff8f","generated:buildsText","generated","(template; tokens {N} etc. must stay)","Pemain inti ({1})","","","high","","",""
"generated.buildsText:b0467c8c","generated:buildsText","generated","(template; tokens {N} etc. must stay)","Cadangan {1}","","","high","","",""
"generated.buildsText:acada59a","generated:buildsText","generated","(template; tokens {N} etc. must stay)","Diatur ({1})","","","high","","",""
"generated.buildsText:77c1969e","generated:buildsText","generated","(template; tokens {N} etc. must stay)","Alokasi: {group:1} ({loc:2} → {loc:3})","","","high","","",""
"generated.buildsText:aa11c4cf","generated:buildsText","generated","(template; tokens {N} etc. must stay)","Uji coba booster pemain: {loc:1} → {loc:2}","","","high","","",""
"generated.buildsText:d996c60a","generated:buildsText","generated","(template; tokens {N} etc. must stay)","{loc:1} merujuk ke build tersimpan yang tidak ada (buildId {2}).","","","high","","",""
"generated.buildsText:bb8e8cb0","generated:buildsText","generated","(template; tokens {N} etc. must stay)","worldCardId ({2}) dari build tersimpan yang dirujuk oleh {loc:1} tidak cocok dengan kartu yang merujuknya ({3}).","","","high","","",""
"generated.buildsText:8c2e4dce","generated:buildsText","generated","(template; tokens {N} etc. must stay)","ID build tersimpan ({2}) yang dimiliki {loc:1} formatnya salah.","","","high","","",""
"generated.buildsText:754b9672","generated:buildsText","generated","(template; tokens {N} etc. must stay)","Rujukan dari {loc:1} tidak dapat diklasifikasikan dengan aman (worldCardId perujuk {2}).","","","high","","",""
"generated.buildsText:17ab7964","generated:buildsText","generated","(template; tokens {N} etc. must stay)","{1}: status tidak valid, dikembalikan ke default (normal)","","","high","","",""
"generated.buildsText:49fe4166","generated:buildsText","generated","(template; tokens {N} etc. must stay)","{1}: ID area atribut tidak dikenal, diabaikan","","","high","","",""
"generated.buildsText:6fc1ca12","generated:buildsText","generated","(template; tokens {N} etc. must stay)","freeText: dipotong menjadi {1} karakter","","","high","","",""
"generated.buildsText:ba848216","generated:buildsText","generated","(template; tokens {N} etc. must stay)","File terlalu besar (batas {1} MB).","","","high","","",""
"generated.buildsText:d8b0ec76","generated:buildsText","generated","(template; tokens {N} etc. must stay)","formatVersion tidak didukung ({1}). Aplikasi perlu diperbarui; format masa depan tidak pernah dibaca sebagai format saat ini.","","","high","","",""
"generated.buildsText:04ca5da5","generated:buildsText","generated","(template; tokens {N} etc. must stay)","Terlalu banyak build (batas {1}).","","","high","","",""
"generated.squadCompare.fixed","generated:squadCompare","generated","(source: 同名の別カード)","Nama sama, kartu berbeda","","","high","","",""
"generated.squadCompare.fixed","generated:squadCompare","generated","(source: 登録ポジションと一致)","Sesuai posisi terdaftar","","","high","","",""
"generated.squadCompare.fixed","generated:squadCompare","generated","(source: 不適性の可能性)","Mungkin tidak cocok","","","high","","",""
"generated.squadCompare.fixed","generated:squadCompare","generated","(source: 適性未確認（近いポジション）)","Kecocokan belum dikonfirmasi (posisi berdekatan)","","","high","","",""
"generated.squadCompare.fixed","generated:squadCompare","generated","(source: 適性未確認)","Kecocokan belum dikonfirmasi","","","high","","",""
"generated.squadCompare.fixed","generated:squadCompare","generated","(source: 未配置)","Belum ditempatkan","","","high","","",""
"generated.squadCompare.fixed","generated:squadCompare","generated","(source: 一部の選手情報を取得できませんでした。)","Sebagian data pemain tidak dapat diambil.","","","high","","",""
"generated.squadCompare.fixed","generated:squadCompare","generated","(source: なし)","Tidak ada","","","high","","",""
"generated.squadCompare.fixed","generated:squadCompare","generated","(source: 監督ブースターの適用順序（育成前 / 育成後）は未確認です。)","Belum dikonfirmasi apakah booster manajer diterapkan sebelum atau sesudah progresi.","","","high","","",""
"generated.squadCompare.fixed","generated:squadCompare","generated","(source: 先発人数)","Pemain inti","","","high","","",""
"generated.squadCompare.fixed","generated:squadCompare","generated","(source: ベンチ人数)","Pemain cadangan","","","high","","",""
"generated.squadCompare.fixed","generated:squadCompare","generated","(source: 平均基礎OVR)","Rata-rata OVR dasar","","","high","","",""
"generated.squadCompare.fixed","generated:squadCompare","generated","(source: 平均表示OVR)","Rata-rata OVR yang ditampilkan","","","high","","",""
"generated.squadCompare.fixed","generated:squadCompare","generated","(source: 共通スキル数)","Skill yang sama","","","high","","",""
"generated.squadCompare.fixed","generated:squadCompare","generated","(source: 監督補正が乗る先発数)","Pemain inti yang diperkuat manajer","","","high","","",""
"generated.squadCompare.fixed","generated:squadCompare","generated","(source: 適性未確認の先発数)","Pemain inti dengan kecocokan belum dikonfirmasi","","","high","","",""
"generated.squadCompare.fixed","generated:squadCompare","generated","(source: 不適性の可能性がある先発数)","Pemain inti yang mungkin tidak cocok","","","high","","",""
"generated.squadCompare.fixed","generated:squadCompare","generated","(source: 警告数)","Peringatan","","","high","","",""
"generated.squadCompare.fixed","generated:squadCompare","generated","(source: カテゴリ平均・平均OVR は単純平均です（加重平均ではありません）。)","Rata-rata kategori dan rata-rata OVR adalah rata-rata sederhana (tanpa bobot).","","","high","","",""
"generated.squadCompare.fixed","generated:squadCompare","generated","(source: eFootball の公式チームパワー・カテゴリ重みとは異なります。)","Nilai ini berbeda dari kekuatan tim dan bobot kategori resmi eFootball.","","","high","","",""
"generated.squadCompare.fixed","generated:squadCompare","generated","(source: ポジション別 OVR ではありません（配置ロールを変えても表示OVRは変わりません）。)","Ini bukan OVR per posisi (mengubah peran penempatan tidak mengubah OVR yang ditampilkan).","","","high","","",""
"generated.squadCompare.fixed","generated:squadCompare","generated","(source: Power of Many（金色）のユーザー指定値は標準平均に含めていません（別枠表示のみ）。)","Nilai Power of Many (emas) yang dipilih pengguna tidak termasuk dalam rata-rata standar (hanya ditampilkan terpisah).","","","high","","",""
"generated.squadCompare.fixed","generated:squadCompare","generated","(source: 外部照合済み・固定型推定のブースターは「固定型と推定して」標準値へ暫定適用しています（確認済み固定型ではありません）。)","Booster yang diverifikasi dengan sumber eksternal dan diperkirakan tetap diterapkan sementara ke nilai standar sebagai booster tetap (bukan booster tetap yang terkonfirmasi).","","","high","","",""
"generated.squadCompare.fixed","generated:squadCompare","generated","(source: 未解決ブースター（対応表に無い ID）は能力値へ加算していません。)","Booster yang belum teridentifikasi (ID tidak ada di tabel) tidak ditambahkan ke atribut.","","","high","","",""
"generated.squadCompare.fixed","generated:squadCompare","generated","(source: 選手情報を取得できなかったカードは平均・スキル集計から除外されます。)","Kartu yang data pemainnya tidak dapat diambil dikecualikan dari rata-rata dan jumlah skill.","","","high","","",""
"generated.squadCompare:8f9ea33b","generated:squadCompare","generated","(template; tokens {N} etc. must stay)","Kartu {1}","","","high","","",""
"generated.squadCompare:8efe3819","generated:squadCompare","generated","(template; tokens {N} etc. must stay)","Pemain inti {1}","","","high","","",""
"generated.squadCompare:1d0af8ee","generated:squadCompare","generated","(template; tokens {N} etc. must stay)","Cadangan #{1}","","","high","","",""
"generated.squadText.fixed","generated:squadText","generated","(source: このスカッドは旧い規則バージョンで保存されています。現行規則で再計算して表示しています。)","Skuad ini disimpan dengan versi aturan lama. Skuad dihitung ulang dan ditampilkan dengan aturan saat ini.","","","high","","",""
"generated.squadText.fixed","generated:squadText","generated","(source: カテゴリ平均・チーム評価は単純計算です（eFootball の公式チームパワー・カテゴリ重みとは異なります）。)","Rata-rata kategori dan rating tim adalah perhitungan sederhana (berbeda dari kekuatan tim dan bobot kategori resmi eFootball).","","","high","","",""
"generated.squadText.fixed","generated:squadText","generated","(source: 監督ブースターの適用順序（育成前 / 育成後）は未確認です。)","Belum dikonfirmasi apakah booster manajer diterapkan sebelum atau sesudah progresi.","","","high","","",""
"generated.squadText.fixed","generated:squadText","generated","(source: 監督は未選択（managerBoosterDelta = 0）。)","Tidak ada manajer yang dipilih (managerBoosterDelta = 0).","","","high","","",""
"generated.squadText.fixed","generated:squadText","generated","(source: 適性未確認)","Kecocokan belum dikonfirmasi","","","high","","",""
"generated.squadText.fixed","generated:squadText","generated","(source: 登録ポジションのデータがありません。)","Tidak ada data posisi terdaftar.","","","high","","",""
"generated.squadText.fixed","generated:squadText","generated","(source: 登録ポジションと一致)","Sesuai posisi terdaftar","","","high","","",""
"generated.squadText.fixed","generated:squadText","generated","(source: 不適性の可能性)","Mungkin tidak cocok","","","high","","",""
"generated.squadText.fixed","generated:squadText","generated","(source: GK とフィールドプレーヤーの組み合わせです。)","Ketidakcocokan antara kiper dan pemain lapangan.","","","high","","",""
"generated.squadText.fixed","generated:squadText","generated","(source: 適性未確認（近いポジション）)","Kecocokan belum dikonfirmasi (posisi berdekatan)","","","high","","",""
"generated.squadText.fixed","generated:squadText","generated","(source: 同じ系統のポジションですが、副ポジション適性は未確認です。)","Grup posisi sama, tetapi kecocokan posisi sekunder belum dikonfirmasi.","","","high","","",""
"generated.squadText.fixed","generated:squadText","generated","(source: 副ポジション適性のデータがありません。能力値は下げていません。)","Tidak ada data kecocokan posisi sekunder. Atribut tidak dikurangi.","","","high","","",""
"generated.squadText.fixed","generated:squadText","generated","(source: 未配置)","Belum ditempatkan","","","high","","",""
"generated.squadText.fixed","generated:squadText","generated","(source: 発動条件の照合のみ対応。ゲーム内効果は追加検証中です。)","Hanya syarat aktivasi yang diperiksa. Efek di dalam game masih diverifikasi.","","","high","","",""
"generated.squadText.fixed","generated:squadText","generated","(source: キャプテン)","kapten","","","high","","",""
"generated.squadText.fixed","generated:squadText","generated","(source: 左右CK担当)","penendang sepak pojok","","","high","","",""
"generated.squadText.fixed","generated:squadText","generated","(source: FK担当)","penendang tendangan bebas","","","high","","",""
"generated.squadText.fixed","generated:squadText","generated","(source: PK担当)","penendang penalti","","","high","","",""
"generated.squadText.fixed","generated:squadText","generated","(source: Link-Up 中心選手)","pusat Link-Up","","","high","","",""
"generated.squadText.fixed","generated:squadText","generated","(source: Link-Up キーマン)","pemain kunci Link-Up","","","high","","",""
"generated.squadText.fixed","generated:squadText","generated","(source: 先発を入れ替えました)","Pemain inti ditukar","","","high","","",""
"generated.squadText.fixed","generated:squadText","generated","(source: 選手を移動しました)","Pemain dipindahkan","","","high","","",""
"generated.squadText.fixed","generated:squadText","generated","(source: 先発をベンチへ移動しました)","Pemain inti dipindahkan ke cadangan","","","high","","",""
"generated.squadText.fixed","generated:squadText","generated","(source: 先発とベンチを交代しました)","Pemain inti ditukar dengan pemain cadangan","","","high","","",""
"generated.squadText.fixed","generated:squadText","generated","(source: ベンチと先発を交代しました)","Pemain cadangan ditukar dengan pemain inti","","","high","","",""
"generated.squadText.fixed","generated:squadText","generated","(source: ベンチ選手を先発へ移動しました)","Pemain cadangan dipindahkan ke starting XI","","","high","","",""
"generated.squadText.fixed","generated:squadText","generated","(source: ベンチの順番を変更しました)","Urutan cadangan diubah","","","high","","",""
"generated.squadText.fixed","generated:squadText","generated","(source: 配置を左右反転しました)","Penempatan dicerminkan","","","high","","",""
"generated.squadText.fixed","generated:squadText","generated","(source: 先発から外しました)","Dikeluarkan dari starting XI","","","high","","",""
"generated.squadText.fixed","generated:squadText","generated","(source: ベンチから外しました)","Dikeluarkan dari cadangan","","","high","","",""
"generated.squadText.fixed","generated:squadText","generated","(source: 新しいスカッド)","Skuad baru","","","high","","",""
"generated.squadText.fixed","generated:squadText","generated","(source: スカッド名を入力してください（1〜50文字）)","Masukkan nama skuad (1–50 karakter).","","","high","","",""
"generated.squadText.fixed","generated:squadText","generated","(source: スカッドIDが不正です)","ID skuad tidak valid.","","","high","","",""
"generated.squadText.fixed","generated:squadText","generated","(source: スカッドの形式が不正です)","Format skuad tidak valid.","","","high","","",""
"generated.squadText.fixed","generated:squadText","generated","(source: この環境ではスカッドを保存できません（localStorage 不可）)","Skuad tidak dapat disimpan di lingkungan ini (localStorage tidak tersedia).","","","high","","",""
"generated.squadText.fixed","generated:squadText","generated","(source: 対象のスカッドが見つかりません)","Skuad tidak ditemukan.","","","high","","",""
"generated.squadText.fixed","generated:squadText","generated","(source: この環境ではスカッドを更新できません（localStorage 不可）)","Skuad tidak dapat diperbarui di lingkungan ini (localStorage tidak tersedia).","","","high","","",""
"generated.squadText.fixed","generated:squadText","generated","(source: この環境ではスカッドを更新できません)","Skuad tidak dapat diperbarui di lingkungan ini.","","","high","","",""
"generated.squadText.fixed","generated:squadText","generated","(source: テンプレートの保存データが壊れていたため空にしました。)","Data templat tersimpan rusak, jadi telah dihapus.","","","high","","",""
"generated.squadText.fixed","generated:squadText","generated","(source: テンプレート名を入力してください)","Masukkan nama templat.","","","high","","",""
"generated.squadText.fixed","generated:squadText","generated","(source: この環境ではテンプレートを保存できません)","Templat tidak dapat disimpan di lingkungan ini.","","","high","","",""
"generated.squadText.fixed","generated:squadText","generated","(source: テンプレートが見つかりません)","Templat tidak ditemukan.","","","high","","",""
"generated.squadText.fixed","generated:squadText","generated","(source: この環境ではテンプレートを更新できません)","Templat tidak dapat diperbarui di lingkungan ini.","","","high","","",""
"generated.squadText:cac96335","generated:squadText","generated","(template; tokens {N} etc. must stay)","{1}: build tersimpan menggunakan aturan lama (dihitung ulang dengan aturan saat ini; alokasi mungkin ditafsirkan berbeda).","","","high","","",""
"generated.squadText:3a41a3d6","generated:squadText","generated","(template; tokens {N} etc. must stay)","{1}: {2} mungkin tidak cocok (atribut tidak dikurangi).","","","high","","",""
"generated.squadText:b91c465e","generated:squadText","generated","(template; tokens {N} etc. must stay)","{1}/11 pemain inti.","","","high","","",""
"generated.squadText:0070c291","generated:squadText","generated","(template; tokens {N} etc. must stay)","Booster manajer ""{1}"" yang terkonfirmasi diterapkan ke semua pemain.","","","high","","",""
"generated.squadText:50f95a08","generated:squadText","generated","(template; tokens {N} etc. must stay)","Efek booster manajer ""{1}"" belum dikonfirmasi, jadi tidak diterapkan (hanya ditampilkan).","","","high","","",""
"generated.squadText:7af134e0","generated:squadText","generated","(template; tokens {N} etc. must stay)","Peran {roles:1} dihapus karena pemain keluar dari starting XI.","","","high","","",""
"generated.squadText:662dc1f7","generated:squadText","generated","(template; tokens {N} etc. must stay)","Peran {roles:1} dihapus.","","","high","","",""
"generated.squadText:f6f91957","generated:squadText","generated","(template; tokens {N} etc. must stay)","Anda dapat menyimpan hingga {1} skuad.","","","high","","",""
"generated.squadText:141eb4d6","generated:squadText","generated","(template; tokens {N} etc. must stay)","Salinan {1}","","","high","","",""
"generated.squadText:4cc9279b","generated:squadText","generated","(template; tokens {N} etc. must stay)","Dihapus karena versi penyimpanan tidak dikenal ({1}).","","","high","","",""
"generated.squadText:b4104aeb","generated:squadText","generated","(template; tokens {N} etc. must stay)","Anda dapat menyimpan hingga {1} templat.","","","high","","",""
"generated.squadDiagnosis.fixed","generated:squadDiagnosis","generated","(source: 攻撃)","Serangan","","","high","","",""
"generated.squadDiagnosis.fixed","generated:squadDiagnosis","generated","(source: 守備)","Pertahanan","","","high","","",""
"generated.squadDiagnosis.fixed","generated:squadDiagnosis","generated","(source: 空中戦)","Duel udara","","","high","","",""
"generated.squadDiagnosis.fixed","generated:squadDiagnosis","generated","(source: スピード)","Kecepatan","","","high","","",""
"generated.squadDiagnosis.fixed","generated:squadDiagnosis","generated","(source: パス・ビルドアップ)","Umpan & build-up","","","high","","",""
"generated.squadDiagnosis.fixed","generated:squadDiagnosis","generated","(source: ドリブル・ボール保持)","Dribel & penguasaan bola","","","high","","",""
"generated.squadDiagnosis.fixed","generated:squadDiagnosis","generated","(source: プレス適性)","Pressing","","","high","","",""
"generated.squadDiagnosis.fixed","generated:squadDiagnosis","generated","(source: カウンター適性)","Serangan balik","","","high","","",""
"generated.squadDiagnosis.fixed","generated:squadDiagnosis","generated","(source: 選手配置の充足状況)","Kelengkapan skuad","","","high","","",""
"generated.squadDiagnosis.fixed","generated:squadDiagnosis","generated","(source: この評価は、登録された選手能力・育成・配置にもとづくスカッド構成評価です。試合結果やプレイヤースキル、全国順位・勝率を保証するものではありません。)","Ini adalah penilaian komposisi skuad berdasarkan atribut pemain yang terdaftar, progresi, dan penempatan. Ini tidak menjamin hasil pertandingan, kemampuan bermain, peringkat, atau tingkat kemenangan.","","","high","","",""
"generated.squadDiagnosis.fixed","generated:squadDiagnosis","generated","(source: 既存の比較カテゴリ定義（COMPARE_CATEGORIES.attack）と同一の能力集合を採用)","Set atribut yang sama dengan kategori perbandingan yang sudah ada (COMPARE_CATEGORIES.attack)","","","high","","",""
"generated.squadDiagnosis.fixed","generated:squadDiagnosis","generated","(source: 既存の比較カテゴリ定義（COMPARE_CATEGORIES.defense）と同一の能力集合を採用)","Set atribut yang sama dengan kategori perbandingan yang sudah ada (COMPARE_CATEGORIES.defense)","","","high","","",""
"generated.squadDiagnosis.fixed","generated:squadDiagnosis","generated","(source: 既存の育成カテゴリ定義（stat-groups.ts の aerialStrength）と同一の能力集合を採用)","Set atribut yang sama dengan kategori progresi yang sudah ada (aerialStrength di stat-groups.ts)","","","high","","",""
"generated.squadDiagnosis.fixed","generated:squadDiagnosis","generated","(source: 既存の比較カテゴリ定義（COMPARE_CATEGORIES.speed）と同一の能力集合を採用)","Set atribut yang sama dengan kategori perbandingan yang sudah ada (COMPARE_CATEGORIES.speed)","","","high","","",""
"generated.squadDiagnosis.fixed","generated:squadDiagnosis","generated","(source: グラウンダーパス・フライパスに、パス精度を支えるボールコントロールを加えた集合)","Umpan datar dan Umpan lambung ditambah Kontrol bola, yang mendukung akurasi umpan","","","high","","",""
"generated.squadDiagnosis.fixed","generated:squadDiagnosis","generated","(source: 既存の比較カテゴリ定義（COMPARE_CATEGORIES.dribble）と同一の能力集合を採用)","Set atribut yang sama dengan kategori perbandingan yang sudah ada (COMPARE_CATEGORIES.dribble)","","","high","","",""
"generated.squadDiagnosis.fixed","generated:squadDiagnosis","generated","(source: プレッシングに関与する運動量・寄せの速さに関する能力の集合)","Atribut yang berkaitan dengan etos kerja dan kecepatan menutup ruang saat pressing","","","high","","",""
"generated.squadDiagnosis.fixed","generated:squadDiagnosis","generated","(source: 速攻の推進力（スピード）と飛び出しの判断（オフェンスセンス）に関する能力の集合)","Atribut yang berkaitan dengan dorongan serangan balik (Kecepatan) dan waktu berlari (Kesadaran menyerang)","","","high","","",""
"generated.squadDiagnosis.fixed","generated:squadDiagnosis","generated","(source: 判定対象外（対象となるフィールドプレイヤーが先発にいません）)","Tidak dinilai (tidak ada pemain lapangan yang memenuhi syarat di starting XI)","","","high","","",""
"generated.squadDiagnosis.fixed","generated:squadDiagnosis","generated","(source: 対象能力)","Atribut target","","","high","","",""
"generated.squadDiagnosis.fixed","generated:squadDiagnosis","generated","(source: 採用理由)","Alasan set ini","","","high","","",""
"generated.squadDiagnosis.fixed","generated:squadDiagnosis","generated","(source: 対象選手数)","Pemain yang dihitung","","","high","","",""
"generated.squadDiagnosis.fixed","generated:squadDiagnosis","generated","(source: 使用した能力)","Atribut yang digunakan","","","high","","",""
"generated.squadDiagnosis.fixed","generated:squadDiagnosis","generated","(source: 平均値)","Rata-rata","","","high","","",""
"generated.squadDiagnosis.fixed","generated:squadDiagnosis","generated","(source: 最高)","Tertinggi","","","high","","",""
"generated.squadDiagnosis.fixed","generated:squadDiagnosis","generated","(source: 最低)","Terendah","","","high","","",""
"generated.squadDiagnosis.fixed","generated:squadDiagnosis","generated","(source: 先発の配置人数・適性・ベンチ人数から減点方式で算出（能力値は使用しない）)","Dihitung dengan pengurangan berdasarkan penempatan pemain inti, kecocokan, dan jumlah cadangan (atribut tidak digunakan)","","","high","","",""
"generated.squadDiagnosis.fixed","generated:squadDiagnosis","generated","(source: 先発配置)","Pemain inti ditempatkan","","","high","","",""
"generated.squadDiagnosis.fixed","generated:squadDiagnosis","generated","(source: ベンチ人数)","Pemain cadangan","","","high","","",""
"generated.squadDiagnosis.fixed","generated:squadDiagnosis","generated","(source: 適性未確認)","Kecocokan belum dikonfirmasi","","","high","","",""
"generated.squadDiagnosis.fixed","generated:squadDiagnosis","generated","(source: 不適性の可能性)","Mungkin tidak cocok","","","high","","",""
"generated.squadDiagnosis.fixed","generated:squadDiagnosis","generated","(source: 減点重み)","Bobot pengurangan","","","high","","",""
"generated.squadDiagnosis.fixed","generated:squadDiagnosis","generated","(source: 不明)","Tidak diketahui","","","high","","",""
"generated.squadDiagnosis.fixed","generated:squadDiagnosis","generated","(source: 保存ビルド参照の見直し)","Tinjau rujukan build tersimpan","","","high","","",""
"generated.squadDiagnosis.fixed","generated:squadDiagnosis","generated","(source: 保存ビルドの設定)","Atur build tersimpan","","","high","","",""
"generated.squadDiagnosis.fixed","generated:squadDiagnosis","generated","(source: 配置の見直し)","Tinjau penempatan","","","high","","",""
"generated.squadDiagnosis.fixed","generated:squadDiagnosis","generated","(source: 先発の空き枠)","Slot inti kosong","","","high","","",""
"generated.squadDiagnosis.fixed","generated:squadDiagnosis","generated","(source: ベンチ入れ替え候補)","Kandidat pertukaran dari cadangan","","","high","","",""
"generated.squadDiagnosis.fixed","generated:squadDiagnosis","generated","(source: 判定対象外（有効な評価項目がありません。先発にフィールドプレイヤーを配置してください）)","Tidak dinilai (tidak ada kategori yang valid; tempatkan pemain lapangan di starting XI)","","","high","","",""
"generated.squadDiagnosis:3fdd331e","generated:squadDiagnosis","generated","(template; tokens {N} etc. must stay)","Rata-rata atribut target (nilai akhir standar) untuk {1} pemain lapangan inti (tanpa GK)","","","high","","",""
"generated.squadDiagnosis:67568b8d","generated:squadDiagnosis","generated","(template; tokens {N} etc. must stay)","{1}","","","high","","",""
"generated.squadDiagnosis:3c8935ee","generated:squadDiagnosis","generated","(template; tokens {N} etc. must stay)","{1} / {2}","","","high","","",""
"generated.squadDiagnosis:ef47a0c7","generated:squadDiagnosis","generated","(template; tokens {N} etc. must stay)","{1}","","","high","","",""
"generated.squadDiagnosis:eec6521b","generated:squadDiagnosis","generated","(template; tokens {N} etc. must stay)","{1}","","","high","","",""
"generated.squadDiagnosis:fc30964a","generated:squadDiagnosis","generated","(template; tokens {N} etc. must stay)","Slot kosong ×{1} / Kecocokan belum dikonfirmasi ×{2} / Tidak cocok ×{3} / Cadangan kosong ×{4}","","","high","","",""
"generated.squadDiagnosis:064944c7","generated:squadDiagnosis","generated","(template; tokens {N} etc. must stay)","{cat:1} dinilai tinggi (peringkat {2}, {3} poin).","","","high","","",""
"generated.squadDiagnosis:b3f49da1","generated:squadDiagnosis","generated","(template; tokens {N} etc. must stay)","{cat:1} dinilai rendah (peringkat {2}, {3} poin).","","","high","","",""
"generated.squadDiagnosis:b3e379dc","generated:squadDiagnosis","generated","(template; tokens {N} etc. must stay)","Rujukan build tersimpan untuk {1}","","","high","","",""
"generated.squadDiagnosis:d16d688c","generated:squadDiagnosis","generated","(template; tokens {N} etc. must stay)","Rujukan build tersimpan tidak dapat ditemukan (status: {1}). Ini bukan kesalahan data; rujukan mungkin sudah usang setelah penghapusan atau penetapan ulang.","","","high","","",""
"generated.squadDiagnosis:310a9e74","generated:squadDiagnosis","generated","(template; tokens {N} etc. must stay)","Kecocokan penempatan {1}","","","high","","",""
"generated.squadDiagnosis:32a083c3","generated:squadDiagnosis","generated","(template; tokens {N} etc. must stay)","Posisi terdaftar ({pos:1}) dan penempatan ({2}) mungkin sangat berbeda (atribut tidak diubah).","","","high","","",""
"generated.squadDiagnosis:22dd510e","generated:squadDiagnosis","generated","(template; tokens {N} etc. must stay)","Penempatan pemain inti dan kecocokan dapat ditingkatkan ({1} poin). Lihat bukti untuk detailnya.","","","high","","",""
"generated.squadDiagnosis:c11ba0c6","generated:squadDiagnosis","generated","(template; tokens {N} etc. must stay)","Rujukan build tersimpan untuk {1} tidak dapat ditemukan. Pilih ulang build tersimpan (tidak diperbaiki secara otomatis).","","","high","","",""
"generated.squadDiagnosis:d20fa24f","generated:squadDiagnosis","generated","(template; tokens {N} etc. must stay)","{1} belum memiliki build tersimpan, sehingga progresi yang sudah selesai belum tercermin sepenuhnya. Mengatur build tersimpan dengan progresi dan booster akan memberikan penilaian yang lebih realistis.","","","high","","",""
"generated.squadDiagnosis:0ad10858","generated:squadDiagnosis","generated","(template; tokens {N} etc. must stay)","Periksa kecocokan penempatan {1}.","","","high","","",""
"generated.squadDiagnosis:84c4854e","generated:squadDiagnosis","generated","(template; tokens {N} etc. must stay)","{1}/{2} pemain inti. Mengisi slot kosong membuat penilaian lebih akurat.","","","high","","",""
"generated.squadDiagnosis:d13a5c47","generated:squadDiagnosis","generated","(template; tokens {N} etc. must stay)","Untuk {cat:1}, {2} di cadangan ({3}) lebih tinggi daripada pemain inti {4} ({5}). Anda dapat mempertimbangkan untuk menukar mereka (tidak diterapkan secara otomatis).","","","high","","",""
"generated.squadDiagnosis:ad516d61","generated:squadDiagnosis","generated","(template; tokens {N} etc. must stay)","Rata-rata sederhana dari {1}/{2} kategori yang dapat dinilai","","","high","","",""
"generated.perspectives.fixed","generated:perspectives","generated","(source: 控えの厚み)","Kedalaman cadangan","","","high","","",""
"generated.perspectives.fixed","generated:perspectives","generated","(source: 控えがいるライン数)","Lini yang memiliki pemain pengganti","","","high","","",""
"generated.perspectives.fixed","generated:perspectives","generated","(source: GK・DF・MF・FW のうち控えが 1 人以上いるライン数)","Jumlah lini (GK, DF, MF, FW) yang memiliki setidaknya satu pemain pengganti","","","high","","",""
"generated.perspectives.fixed","generated:perspectives","generated","(source: 控えと先発の能力差の平均)","Rata-rata selisih atribut antara cadangan dan pemain inti","","","high","","",""
"generated.perspectives.fixed","generated:perspectives","generated","(source: ラインごとに（控えの全能力平均 − 先発の全能力平均）を出し、その平均。GK 能力も含むため値の意味は暫定)","Per lini (rata-rata semua atribut cadangan − rata-rata semua atribut pemain inti), lalu dirata-ratakan. Termasuk atribut GK, jadi maknanya masih sementara","","","high","","",""
"generated.perspectives.fixed","generated:perspectives","generated","(source: 控えがいない)","Tidak ada pemain pengganti","","","high","","",""
"generated.perspectives.fixed","generated:perspectives","generated","(source: カードを解決できない控えがいる（能力差の計算から除外）)","Kartu sebagian pemain pengganti tidak dapat ditentukan (dikecualikan dari selisih)","","","high","","",""
"generated.perspectives.fixed","generated:perspectives","generated","(source: 左)","Kiri","","","high","","",""
"generated.perspectives.fixed","generated:perspectives","generated","(source: 右)","Kanan","","","high","","",""
"generated.perspectives.fixed","generated:perspectives","generated","(source: 左右バランス)","Keseimbangan kiri/kanan","","","high","","",""
"generated.perspectives.fixed","generated:perspectives","generated","(source: 左右の人数の差)","Selisih pemain kiri/kanan","","","high","","",""
"generated.perspectives.fixed","generated:perspectives","generated","(source: 人)","","","","high","","",""
"generated.perspectives.fixed","generated:perspectives","generated","(source: 左右の外側のレーンにいるフィールドプレーヤーの人数の差（評価しない）)","Selisih jumlah pemain lapangan di jalur luar kiri dan kanan (tidak dievaluasi)","","","high","","",""
"generated.perspectives.fixed","generated:perspectives","generated","(source: 左右の攻守能力の差)","Selisih atribut serang-bertahan kiri/kanan","","","high","","",""
"generated.perspectives.fixed","generated:perspectives","generated","(source: サイドごとの（攻撃平均と守備平均の平均）の差。重みは暫定。差が大きい＝弱いとは限らない)","Selisih per sisi dari (rata-rata dari rata-rata serangan dan pertahanan). Bobotnya sementara. Selisih yang lebih besar belum tentu berarti lebih lemah","","","high","","",""
"generated.perspectives.fixed","generated:perspectives","generated","(source: 外側のレーンに選手がいない)","Tidak ada pemain di jalur luar","","","high","","",""
"generated.perspectives.fixed","generated:perspectives","generated","(source: 配置座標が無い選手がいる)","Sebagian pemain tidak memiliki koordinat penempatan","","","high","","",""
"generated.perspectives.fixed","generated:perspectives","generated","(source: 役割の重複（控えを含む）)","Tumpang tindih peran (termasuk pemain pengganti)","","","high","","",""
"generated.perspectives.fixed","generated:perspectives","generated","(source: 同じプレースタイルの選手は 2 人以上いない)","Tidak ada gaya bermain yang dimiliki 2 pemain atau lebih","","","high","","",""
"generated.perspectives.fixed","generated:perspectives","generated","(source: 先発で重複するプレースタイル数)","Gaya bermain yang sama di antara pemain inti","","","high","","",""
"generated.perspectives.fixed","generated:perspectives","generated","(source: 種類)"," jenis","","","high","","",""
"generated.perspectives.fixed","generated:perspectives","generated","(source: 先発 11 人で 2 人以上いるプレースタイルの種類数（basic を除く）)","Jumlah gaya bermain yang dimiliki 2 pemain atau lebih dari 11 pemain inti (tidak termasuk gaya dasar)","","","high","","",""
"generated.perspectives.fixed","generated:perspectives","generated","(source: 控えを含めた重複数)","Tumpang tindih termasuk pemain pengganti","","","high","","",""
"generated.perspectives.fixed","generated:perspectives","generated","(source: 先発と控えを合わせた重複の種類数。重複が悪いとは言えない（控えは同じ役割の交代要員でもある）)","Jumlah gaya yang sama di antara pemain inti dan pemain pengganti. Tumpang tindih belum tentu buruk (pemain pengganti dapat mengisi peran yang sama)","","","high","","",""
"generated.perspectives.fixed","generated:perspectives","generated","(source: プレースタイルが不明な選手がいる)","Gaya bermain sebagian pemain tidak diketahui","","","high","","",""
"generated.perspectives.fixed","generated:perspectives","generated","(source: 監督適合)","Kecocokan manajer","","","high","","",""
"generated.perspectives.fixed","generated:perspectives","generated","(source: 監督が設定されていないか、戦術適性を読めない)","Manajer belum diatur, atau kemahiran taktiknya tidak dapat dibaca","","","high","","",""
"generated.perspectives.fixed","generated:perspectives","generated","(source: 得意戦術と一致するプレースタイルの人数)","Pemain yang gayanya cocok dengan taktik terbaik","","","high","","",""
"generated.perspectives.fixed","generated:perspectives","generated","(source: 監督の最も高い戦術適性に対応するプレースタイルの先発人数（対応表は暫定）)","Pemain inti dengan gaya bermain yang cocok dengan taktik terbaik manajer (pemetaan sementara)","","","high","","",""
"generated.perspectives.fixed","generated:perspectives","generated","(source: 公式の補正量で補正)","Disesuaikan dengan bonus resmi","","","high","","",""
"generated.perspectives.fixed","generated:perspectives","generated","(source: 公式の補正量は未確認のため計算しない)","Tidak dihitung karena bonus resmi belum dikonfirmasi","","","high","","",""
"generated.perspectives.fixed","generated:perspectives","generated","(source: 監督の戦術適性)","Kemahiran taktik manajer","","","high","","",""
"generated.perspectives.fixed","generated:perspectives","generated","(source: 戦術ごとの公式の補正量（未確認）)","Bonus resmi per taktik (belum dikonfirmasi)","","","high","","",""
"generated.perspectives.fixed","generated:perspectives","generated","(source: 暫定の対応表（PROVISIONAL_TACTIC_STYLES）による一致数。公式の根拠はない)","Kecocokan berdasarkan pemetaan sementara (PROVISIONAL_TACTIC_STYLES). Tanpa dasar resmi","","","high","","",""
"generated.perspectives.fixed","generated:perspectives","generated","(source: プレースタイルが不明な先発がいる)","Gaya bermain sebagian pemain inti tidak diketahui","","","high","","",""
"generated.perspectives.fixed","generated:perspectives","generated","(source: フォーメーション適合)","Kecocokan formasi","","","high","","",""
"generated.perspectives.fixed","generated:perspectives","generated","(source: 本職の人数)","Pemain di posisi aslinya","","","high","","",""
"generated.perspectives.fixed","generated:perspectives","generated","(source: 登録ポジションと配置ポジションが一致する先発の人数)","Pemain inti yang penempatannya sesuai dengan posisi terdaftar","","","high","","",""
"generated.perspectives.fixed","generated:perspectives","generated","(source: 適性の段階の重み付き)","Dibobot menurut tingkat kecocokan","","","high","","",""
"generated.perspectives.fixed","generated:perspectives","generated","(source: 本職 1・近いポジション 0.5・適性外 0 の平均（重み 0.5 は暫定）)","Rata-rata dengan posisi asli 1, posisi berdekatan 0,5, di luar posisi 0 (bobot 0,5 masih sementara)","","","high","","",""
"generated.perspectives.fixed","generated:perspectives","generated","(source: 配置ポジションへの適性が確認できない)","Kecocokan untuk penempatan tidak dapat dikonfirmasi","","","high","","",""
"generated.perspectives.fixed","generated:perspectives","generated","(source: 副ポジションの適性の段階（一部しか無い）)","Tingkat kecocokan posisi sekunder (hanya tersedia sebagian)","","","high","","",""
"generated.perspectives.fixed","generated:perspectives","generated","(source: 先発 GK がいない)","Tidak ada GK inti","","","high","","",""
"generated.perspectives.fixed","generated:perspectives","generated","(source: GK 能力の平均)","Rata-rata atribut GK","","","high","","",""
"generated.perspectives.fixed","generated:perspectives","generated","(source: GK 専用 5 能力の平均（フィールドの能力は含めない）)","Rata-rata 5 atribut khusus GK (atribut pemain lapangan tidak termasuk)","","","high","","",""
"generated.perspectives.fixed","generated:perspectives","generated","(source: GK 能力の最小値)","Atribut GK terendah","","","high","","",""
"generated.perspectives.fixed","generated:perspectives","generated","(source: 最も低い GK 能力（弱点の大きさとして使えるかは比較で判断）)","Atribut GK terendah (apakah ini menunjukkan kelemahan dinilai lewat perbandingan)","","","high","","",""
"generated.perspectives.fixed","generated:perspectives","generated","(source: F-071 の GK 能力分布での位置（未接続）)","Posisi dalam distribusi atribut GK F-071 (tidak terhubung)","","","high","","",""
"generated.perspectives.fixed","generated:perspectives","generated","(source: GK のカードを解決できない)","Kartu GK tidak dapat ditentukan","","","high","","",""
"generated.perspectives.fixed","generated:perspectives","generated","(source: 空中戦（身長の補正）)","Duel udara (penyesuaian tinggi badan)","","","high","","",""
"generated.perspectives.fixed","generated:perspectives","generated","(source: 補正なし（現状）)","Tanpa penyesuaian (saat ini)","","","high","","",""
"generated.perspectives.fixed","generated:perspectives","generated","(source: ヘディング・ジャンプ・フィジカルコンタクトの平均（既存の空中戦と同じ能力集合）)","Rata-rata Sundulan, Lompatan, dan Kontak fisik (set yang sama dengan Duel udara yang sudah ada)","","","high","","",""
"generated.perspectives.fixed","generated:perspectives","generated","(source: 身長の段階で加点)","Bonus berdasarkan tinggi badan","","","high","","",""
"generated.perspectives.fixed","generated:perspectives","generated","(source: 190cm 以上 +3・185 以上 +2・180 以上 +1・175 未満 −1（公式の根拠なし）)","190 cm+ +3, 185+ +2, 180+ +1, di bawah 175 −1 (tanpa dasar resmi)","","","high","","",""
"generated.perspectives.fixed","generated:perspectives","generated","(source: 身長が空中戦に与える公式の影響（根拠なし）)","Efek resmi tinggi badan terhadap kemampuan duel udara (tanpa dasar)","","","high","","",""
"generated.perspectives.fixed","generated:perspectives","generated","(source: 身長が分からない選手がいる（B は計算しない）)","Tinggi badan sebagian pemain tidak diketahui (B tidak dihitung)","","","high","","",""
"generated.perspectives.fixed","generated:perspectives","generated","(source: 空中戦（ポジション・利き足の補正）)","Duel udara (penyesuaian posisi dan kaki dominan)","","","high","","",""
"generated.perspectives.fixed","generated:perspectives","generated","(source: 先発フィールドプレーヤーの空中戦の能力の単純平均（空中戦（身長の補正）の A と同じ値）)","Rata-rata sederhana atribut duel udara pemain lapangan inti (nilai yang sama dengan A di Duel udara (penyesuaian tinggi badan))","","","high","","",""
"generated.perspectives.fixed","generated:perspectives","generated","(source: ポジションの重み付き)","Dibobot menurut posisi","","","high","","",""
"generated.perspectives.fixed","generated:perspectives","generated","(source: CB・CF の重み 1、その他 0.5 の加重平均（重みは暫定）)","Rata-rata berbobot dengan CB dan CF bernilai 1 dan lainnya 0,5 (bobot sementara)","","","high","","",""
"generated.perspectives.fixed","generated:perspectives","generated","(source: 利き足の補正)","Penyesuaian kaki dominan","","","high","","",""
"generated.perspectives.fixed","generated:perspectives","generated","(source: 利き足と空中戦の関係に公式の根拠が無いため計算しない)","Tidak dihitung karena tidak ada dasar resmi untuk kaki dominan dan kemampuan duel udara","","","high","","",""
"generated.perspectives.fixed","generated:perspectives","generated","(source: 空中戦の比重が大きい配置で空中戦の能力が 70 未満)","Atribut duel udara di bawah 70 pada penempatan yang banyak duel udara","","","high","","",""
"generated.perspectives.fixed","generated:perspectives","generated","(source: 利き足と空中戦の公式の関係（根拠なし）)","Hubungan resmi antara kaki dominan dan kemampuan duel udara (tanpa dasar)","","","high","","",""
"generated.perspectives.fixed","generated:perspectives","generated","(source: 利き足が分からない選手がいる)","Kaki dominan sebagian pemain tidak diketahui","","","high","","",""
"generated.perspectives.fixed","generated:perspectives","generated","(source: なし)","Tidak ada","","","high","","",""
"generated.perspectives:c9e8ae9e","generated:perspectives","generated","(template; tokens {N} etc. must stay)","Cadangan {1}","","","high","","",""
"generated.perspectives:5dd4237d","generated:perspectives","generated","(template; tokens {N} etc. must stay)","{1}: {2} pemain inti, {3} pemain pengganti","","","high","","",""
"generated.perspectives:53812a09","generated:perspectives","generated","(template; tokens {N} etc. must stay)","Menambah satu pemain pengganti {1} membuat A menjadi {2}","","","high","","",""
"generated.perspectives:ca025a5d","generated:perspectives","generated","(template; tokens {N} etc. must stay)","Kiri {1}, kanan {2} (tengah {3})","","","high","","",""
"generated.perspectives:4d3aa439","generated:perspectives","generated","(template; tokens {N} etc. must stay)","Sisi {side:1}","","","high","","",""
"generated.perspectives:ab775b86","generated:perspectives","generated","(template; tokens {N} etc. must stay)","Pemain di sisi {side:1}","","","high","","",""
"generated.perspectives:7216a5d0","generated:perspectives","generated","(template; tokens {N} etc. must stay)","Memindahkan satu pemain ke sisi {side:1} membuat A menjadi {2} (tidak perlu diubah jika itu pilihan taktis)","","","high","","",""
"generated.perspectives:9cfc1aac","generated:perspectives","generated","(template; tokens {N} etc. must stay)","{1}: {2} (pemain inti {3})","","","high","","",""
"generated.perspectives:448df7d1","generated:perspectives","generated","(template; tokens {N} etc. must stay)","Gaya bermain {1} dimiliki lebih dari satu pemain","","","high","","",""
"generated.perspectives:3e6f5751","generated:perspectives","generated","(template; tokens {N} etc. must stay)","Taktik terbaik manajer: {1} ({2})","","","high","","",""
"generated.perspectives:03fcab53","generated:perspectives","generated","(template; tokens {N} etc. must stay)","Gaya bermain yang dianggap cocok (sementara): {fixed:1}","","","high","","",""
"generated.perspectives:58058d21","generated:perspectives","generated","(template; tokens {N} etc. must stay)","{1} cocok dengan {2} (sementara)","","","high","","",""
"generated.perspectives:db62ef98","generated:perspectives","generated","(template; tokens {N} etc. must stay)","Posisi asli {1}, berdekatan {2}, di luar posisi {3} (ditempatkan {4}/{5})","","","high","","",""
"generated.perspectives:7d9933e0","generated:perspectives","generated","(template; tokens {N} etc. must stay)","Mengganti {1} pemain di luar posisi dengan pemain di posisi aslinya membuat A menjadi {2}","","","high","","",""
"generated.perspectives:e3f2e451","generated:perspectives","generated","(template; tokens {N} etc. must stay)","GK inti: {1}","","","high","","",""
"generated.perspectives:c2186bb5","generated:perspectives","generated","(template; tokens {N} etc. must stay)","Atribut GK terendah: {stat:1}","","","high","","",""
"generated.perspectives:f1fe8ff6","generated:perspectives","generated","(template; tokens {N} etc. must stay)","Pemain inti dengan tinggi badan diketahui: {1}/{2}","","","high","","",""
"generated.perspectives:ddd4c9e0","generated:perspectives","generated","(template; tokens {N} etc. must stay)","{1}, tinggi {2} cm","","","high","","",""
"generated.perspectives:40adf83a","generated:perspectives","generated","(template; tokens {N} etc. must stay)","Penempatan yang banyak duel udara (CB, CF): {1}","","","high","","",""
"generated.perspectives:8d6fa3cd","generated:perspectives","generated","(template; tokens {N} etc. must stay)","Pemain inti dengan kaki dominan diketahui: {1}/{2}","","","high","","",""
